ArrestID,CaseMasterID,AccusedMasterID,AccusedName,ArrestType,ArrestDate,DistrictName,IOName
1,1,0,Joseph Shetty,Arrest,2024-01-01,Mysuru,Manjunath Murthy
2,5,0,Yashwanth Gowda,Arrest,2024-01-01,Mangaluru (DK),Basavaraj Nayak
5,9,0,Joseph Patil,Surrender,2024-01-01,Bengaluru Rural,Prakash Shetty
7,17,0,Joseph Kulkarni,Arrest,2024-01-01,Bengaluru City,Deepak Prasad
9,19,0,Shivakumar Hegde,Arrest,2024-01-01,Mysuru,Shivakumar Naik
11,21,0,Fatima Desai,Arrest,2024-01-01,Bengaluru City,Deepak Iyengar
12,23,0,Lakshmi Kulkarni,Arrest,2024-01-02,Vijayapura,Ravi Murthy
13,25,0,Imran Murthy,Arrest,2024-01-02,Bengaluru City,Chetan Shetty
15,27,0,Vinutha Prasad,Surrender,2024-01-02,Bengaluru Rural,Ashwini Kulkarni
17,29,0,Shivakumar Prasad,Arrest,2024-01-02,Udupi,Mary Shetty
18,31,0,Rekha Nayak,Arrest,2024-01-02,Hassan,Chetan Shetty
19,33,0,Yashwanth Rao,Surrender,2024-01-02,Davanagere,Shivakumar Shetty
22,41,0,Chetan Shetty,Arrest,2024-01-02,Mangaluru (DK),Anitha Gowda
24,49,0,Imran Desai,Surrender,2024-01-03,Hassan,Ravi Kulkarni
27,53,0,Ashwini Patil,Arrest,2024-01-03,Shivamogga,Suresh Hegde
29,55,0,Pooja Naik,Arrest,2024-01-03,Mysuru,Imran Murthy
33,67,0,Bhavana Prasad,Arrest,2024-01-03,Mysuru,Shivakumar Shetty
36,73,0,Girish Nayak,Arrest,2024-01-03,Ballari,Ashwini Gowda
39,77,0,Shivakumar Iyengar,Arrest,2024-01-04,Bengaluru City,Ravi Iyengar
42,83,0,Vinutha Shetty,Arrest,2024-01-04,Bengaluru City,Vinutha Rao
44,85,0,Yashwanth Rao,Arrest,2024-01-04,Bengaluru Rural,Basavaraj Murthy
47,89,0,Rekha Bhat,Arrest,2024-01-04,Mangaluru (DK),Joseph Bhat
48,91,0,Lakshmi Shetty,Arrest,2024-01-04,Mangaluru (DK),Fatima Hegde
50,93,0,Yashwanth Desai,Surrender,2024-01-04,Tumakuru,Imran Prasad
55,105,0,Basavaraj Kulkarni,Arrest,2024-01-05,Kalaburagi,Vinutha Shetty
56,107,0,Chetan Bhat,Arrest,2024-01-05,Mysuru,Pooja Rao
57,109,0,Basavaraj Shetty,Arrest,2024-01-05,Bengaluru City,Suresh Kumar
59,111,0,Mary Gowda,Arrest,2024-01-05,Mysuru,Vinutha Shetty
60,115,0,Pooja Kulkarni,Arrest,2024-01-05,Mysuru,Basavaraj Nayak
61,117,0,Yashwanth Nayak,Arrest,2024-01-05,Hassan,Deepak Gowda
63,121,0,Bhavana Rao,Arrest,2024-01-05,Mangaluru (DK),Pooja Murthy
65,123,0,Manjunath Iyengar,Surrender,2024-01-05,Bengaluru City,Imran Desai
69,129,0,Fatima Rao,Surrender,2024-01-05,Bengaluru City,Anitha Naik
71,131,0,Anitha Desai,Surrender,2024-01-05,Kalaburagi,Girish Gowda
72,133,0,Nagaraj Reddy,Arrest,2024-01-05,Shivamogga,Ravi Patil
73,135,0,Mary Nayak,Arrest,2024-01-05,Bengaluru City,Shivakumar Hegde
75,137,0,Suresh Prasad,Surrender,2024-01-05,Hassan,Bhavana Kumar
76,139,0,Vinutha Gowda,Arrest,2024-01-06,Bengaluru City,Mary Desai
78,141,0,Vinutha Nayak,Arrest,2024-01-06,Hassan,Suresh Naik
79,143,0,Anitha Iyengar,Arrest,2024-01-06,Mangaluru (DK),Ashwini Bhat
81,147,0,Vinutha Bhat,Arrest,2024-01-06,Kalaburagi,Yashwanth Kumar
83,149,0,Anitha Kumar,Arrest,2024-01-06,Bengaluru Rural,Deepak Iyengar
84,151,0,Mary Bhat,Arrest,2024-01-06,Kalaburagi,Rekha Desai
86,153,0,Girish Hegde,Arrest,2024-01-06,Bengaluru Rural,Joseph Gowda
88,157,0,Deepak Kumar,Arrest,2024-01-06,Tumakuru,Ravi Kulkarni
89,159,0,Nagaraj Naik,Arrest,2024-01-06,Ballari,Deepak Patil
91,161,0,Mary Kumar,Arrest,2024-01-06,Bengaluru City,Imran Kumar
93,163,0,Bhavana Naik,Arrest,2024-01-06,Shivamogga,Yashwanth Hegde
95,165,0,Shivakumar Hegde,Arrest,2024-01-07,Hassan,Rekha Kumar
97,167,0,Ravi Prasad,Arrest,2024-01-07,Mangaluru (DK),Vinutha Desai
99,173,0,Prakash Rao,Arrest,2024-01-07,Vijayapura,Anitha Gowda
101,175,0,Ravi Murthy,Arrest,2024-01-07,Bengaluru City,Joseph Iyengar
103,179,0,Kiran Kumar,Arrest,2024-01-07,Kalaburagi,Pooja Nayak
107,185,0,Basavaraj Kulkarni,Arrest,2024-01-07,Hassan,Mary Naik
109,191,0,Rekha Naik,Arrest,2024-01-08,Hubballi-Dharwad,Kiran Desai
110,193,0,Vinutha Rao,Arrest,2024-01-08,Bengaluru City,Vinutha Bhat
112,195,0,Lakshmi Murthy,Arrest,2024-01-08,Hassan,Kiran Hegde
114,199,0,Anitha Kumar,Arrest,2024-01-08,Belagavi,Suresh Rao
116,201,0,Anitha Prasad,Surrender,2024-01-08,Hubballi-Dharwad,Bhavana Shetty
119,205,0,Shivakumar Hegde,Surrender,2024-01-08,Bengaluru City,Imran Patil
120,207,0,Girish Rao,Arrest,2024-01-08,Bengaluru City,Prakash Desai
122,209,0,Mary Naik,Arrest,2024-01-08,Bengaluru Rural,Basavaraj Rao
127,217,0,Deepak Rao,Arrest,2024-01-09,Bengaluru City,Kiran Hegde
129,219,0,Joseph Naik,Arrest,2024-01-09,Belagavi,Manjunath Iyengar
131,221,0,Basavaraj Hegde,Arrest,2024-01-09,Kalaburagi,Girish Gowda
133,223,0,Joseph Prasad,Arrest,2024-01-09,Bengaluru City,Shivakumar Kumar
134,227,0,Deepak Naik,Arrest,2024-01-09,Belagavi,Nagaraj Murthy
136,229,0,Suresh Gowda,Arrest,2024-01-09,Bengaluru Rural,Lakshmi Shetty
137,231,0,Pooja Prasad,Arrest,2024-01-10,Hubballi-Dharwad,Joseph Iyengar
142,243,0,Prakash Patil,Arrest,2024-01-10,Hassan,Manjunath Nayak
144,245,0,Lakshmi Nayak,Arrest,2024-01-10,Hubballi-Dharwad,Suresh Kulkarni
147,249,0,Nagaraj Patil,Arrest,2024-01-10,Tumakuru,Girish Kumar
149,251,0,Rekha Kulkarni,Arrest,2024-01-10,Hubballi-Dharwad,Nagaraj Reddy
152,255,0,Manjunath Iyengar,Arrest,2024-01-11,Belagavi,Vinutha Patil
157,267,0,Ravi Kulkarni,Arrest,2024-01-11,Mangaluru (DK),Nagaraj Murthy
159,271,0,Ashwini Kulkarni,Surrender,2024-01-11,Bengaluru City,Yashwanth Reddy
161,275,0,Basavaraj Naik,Arrest,2024-01-11,Bengaluru City,Vinutha Nayak
163,281,0,Bhavana Gowda,Surrender,2024-01-11,Bengaluru City,Bhavana Reddy
164,283,0,Bhavana Murthy,Arrest,2024-01-11,Mangaluru (DK),Deepak Iyengar
167,289,0,Joseph Naik,Arrest,2024-01-11,Davanagere,Mary Desai
169,291,0,Deepak Desai,Arrest,2024-01-11,Bengaluru City,Yashwanth Iyengar
171,293,0,Joseph Prasad,Arrest,2024-01-11,Bengaluru City,Lakshmi Naik
172,295,0,Fatima Nayak,Arrest,2024-01-11,Hubballi-Dharwad,Prakash Shetty
176,303,0,Manjunath Iyengar,Surrender,2024-01-12,Kalaburagi,Mary Murthy
177,305,0,Imran Patil,Surrender,2024-01-12,Bengaluru City,Imran Hegde
178,307,0,Kiran Desai,Arrest,2024-01-12,Bengaluru City,Suresh Kumar
180,309,0,Imran Nayak,Arrest,2024-01-12,Bengaluru City,Girish Iyengar
182,311,0,Ravi Gowda,Arrest,2024-01-12,Hubballi-Dharwad,Lakshmi Iyengar
185,315,0,Deepak Gowda,Surrender,2024-01-12,Belagavi,Deepak Patil
188,321,0,Pooja Prasad,Arrest,2024-01-12,Davanagere,Prakash Bhat
190,323,0,Shivakumar Prasad,Arrest,2024-01-12,Hubballi-Dharwad,Chetan Reddy
191,325,0,Manjunath Nayak,Arrest,2024-01-12,Belagavi,Suresh Murthy
193,329,0,Yashwanth Bhat,Surrender,2024-01-12,Vijayapura,Kiran Gowda
195,333,0,Bhavana Prasad,Arrest,2024-01-12,Shivamogga,Fatima Iyengar
197,335,0,Imran Shetty,Arrest,2024-01-12,Mysuru,Vinutha Rao
198,337,0,Mary Murthy,Arrest,2024-01-12,Bengaluru City,Rekha Gowda
200,339,0,Prakash Prasad,Arrest,2024-01-13,Belagavi,Suresh Reddy
201,341,0,Joseph Gowda,Arrest,2024-01-13,Udupi,Joseph Rao
203,345,0,Rekha Desai,Arrest,2024-01-13,Raichur,Yashwanth Patil
205,347,0,Joseph Shetty,Arrest,2024-01-13,Belagavi,Basavaraj Hegde
206,349,0,Basavaraj Reddy,Surrender,2024-01-13,Kalaburagi,Deepak Rao
208,351,0,Fatima Kulkarni,Arrest,2024-01-13,Kalaburagi,Manjunath Patil
210,353,0,Shivakumar Desai,Arrest,2024-01-13,Belagavi,Vinutha Gowda
213,357,0,Pooja Murthy,Arrest,2024-01-13,Hassan,Chetan Reddy
214,359,0,Manjunath Shetty,Arrest,2024-01-13,Bengaluru City,Lakshmi Gowda
216,361,0,Prakash Kulkarni,Arrest,2024-01-13,Hassan,Yashwanth Rao
217,363,0,Pooja Desai,Arrest,2024-01-13,Bengaluru Rural,Deepak Prasad
219,365,0,Anitha Nayak,Arrest,2024-01-13,Bengaluru City,Vinutha Kulkarni
221,367,0,Girish Murthy,Arrest,2024-01-14,Bengaluru City,Girish Patil
222,371,0,Manjunath Iyengar,Arrest,2024-01-14,Belagavi,Deepak Kumar
224,373,0,Girish Reddy,Arrest,2024-01-14,Bengaluru City,Vinutha Bhat
225,377,0,Imran Hegde,Arrest,2024-01-14,Bengaluru City,Ashwini Murthy
226,379,0,Deepak Kumar,Arrest,2024-01-14,Tumakuru,Girish Rao
229,385,0,Nagaraj Desai,Arrest,2024-01-14,Udupi,Basavaraj Iyengar
232,391,0,Girish Iyengar,Arrest,2024-01-14,Bengaluru City,Anitha Rao
234,393,0,Nagaraj Murthy,Arrest,2024-01-14,Bengaluru City,Fatima Naik
235,395,0,Lakshmi Nayak,Arrest,2024-01-14,Kalaburagi,Lakshmi Murthy
237,399,0,Kiran Murthy,Arrest,2024-01-14,Bengaluru City,Rekha Reddy
239,401,0,Shivakumar Naik,Arrest,2024-01-14,Bengaluru City,Yashwanth Prasad
242,405,0,Anitha Rao,Arrest,2024-01-15,Belagavi,Pooja Murthy
247,415,0,Anitha Nayak,Arrest,2024-01-15,Udupi,Suresh Iyengar
249,417,0,Rekha Kumar,Arrest,2024-01-15,Bengaluru City,Basavaraj Rao
250,421,0,Ashwini Hegde,Arrest,2024-01-15,Bengaluru City,Mary Kulkarni
251,423,0,Fatima Rao,Surrender,2024-01-15,Hubballi-Dharwad,Ravi Desai
253,427,0,Anitha Nayak,Arrest,2024-01-15,Hassan,Imran Patil
255,429,0,Anitha Kulkarni,Arrest,2024-01-15,Bengaluru City,Joseph Murthy
257,431,0,Kiran Shetty,Arrest,2024-01-15,Belagavi,Pooja Gowda
259,433,0,Vinutha Kulkarni,Arrest,2024-01-16,Mysuru,Ravi Shetty
260,439,0,Prakash Hegde,Arrest,2024-01-16,Bengaluru City,Yashwanth Murthy
262,441,0,Deepak Prasad,Arrest,2024-01-16,Mangaluru (DK),Anitha Desai
264,443,0,Imran Iyengar,Arrest,2024-01-16,Bengaluru City,Ashwini Nayak
266,445,0,Imran Murthy,Arrest,2024-01-16,Bengaluru City,Rekha Shetty
269,453,0,Ashwini Iyengar,Arrest,2024-01-16,Raichur,Rekha Murthy
270,455,0,Ashwini Iyengar,Arrest,2024-01-16,Mysuru,Anitha Desai
272,457,0,Prakash Hegde,Arrest,2024-01-16,Belagavi,Joseph Bhat
274,459,0,Yashwanth Rao,Arrest,2024-01-16,Bengaluru Rural,Mary Kumar
275,465,0,Manjunath Shetty,Arrest,2024-01-16,Belagavi,Lakshmi Murthy
276,467,0,Lakshmi Patil,Arrest,2024-01-16,Vijayapura,Nagaraj Gowda
279,471,0,Girish Prasad,Arrest,2024-01-17,Bengaluru Rural,Suresh Iyengar
281,473,0,Imran Nayak,Arrest,2024-01-17,Bengaluru City,Chetan Prasad
283,475,0,Anitha Nayak,Arrest,2024-01-17,Bengaluru Rural,Kiran Reddy
285,477,0,Kiran Bhat,Arrest,2024-01-17,Shivamogga,Ravi Murthy
287,479,0,Pooja Kumar,Arrest,2024-01-17,Bengaluru City,Ravi Kulkarni
288,481,0,Shivakumar Rao,Arrest,2024-01-17,Hassan,Mary Murthy
290,483,0,Rekha Naik,Arrest,2024-01-17,Shivamogga,Shivakumar Shetty
291,485,0,Prakash Nayak,Arrest,2024-01-17,Kalaburagi,Rekha Rao
293,487,0,Suresh Shetty,Surrender,2024-01-17,Mysuru,Kiran Hegde
295,489,0,Shivakumar Nayak,Arrest,2024-01-17,Belagavi,Joseph Gowda
296,491,0,Bhavana Nayak,Arrest,2024-01-17,Ballari,Ashwini Gowda
298,495,0,Joseph Rao,Arrest,2024-01-17,Kalaburagi,Yashwanth Kulkarni
299,499,0,Pooja Hegde,Arrest,2024-01-17,Belagavi,Shivakumar Reddy
300,501,0,Basavaraj Rao,Surrender,2024-01-18,Bengaluru Rural,Rekha Hegde
302,503,0,Shivakumar Naik,Arrest,2024-01-18,Hubballi-Dharwad,Shivakumar Patil
303,505,0,Rekha Reddy,Arrest,2024-01-18,Bengaluru City,Kiran Iyengar
307,511,0,Imran Rao,Arrest,2024-01-18,Bengaluru City,Ravi Gowda
308,513,0,Rekha Hegde,Arrest,2024-01-18,Bengaluru City,Fatima Nayak
309,515,0,Ravi Nayak,Arrest,2024-01-18,Ballari,Anitha Shetty
311,519,0,Ashwini Kulkarni,Surrender,2024-01-18,Hubballi-Dharwad,Pooja Kumar
313,523,0,Imran Kumar,Arrest,2024-01-18,Ballari,Ashwini Gowda
314,525,0,Joseph Naik,Surrender,2024-01-18,Vijayapura,Prakash Murthy
315,527,0,Fatima Kulkarni,Surrender,2024-01-18,Hassan,Lakshmi Bhat
317,529,0,Chetan Iyengar,Arrest,2024-01-18,Tumakuru,Bhavana Hegde
319,531,0,Girish Bhat,Arrest,2024-01-18,Hassan,Deepak Kumar
321,533,0,Joseph Hegde,Arrest,2024-01-18,Raichur,Mary Shetty
323,535,0,Rekha Iyengar,Arrest,2024-01-19,Bengaluru City,Manjunath Rao
324,537,0,Girish Kulkarni,Arrest,2024-01-19,Bengaluru City,Ashwini Naik
326,541,0,Fatima Prasad,Arrest,2024-01-19,Hubballi-Dharwad,Suresh Shetty
328,543,0,Fatima Kumar,Surrender,2024-01-19,Hassan,Shivakumar Shetty
331,547,0,Vinutha Shetty,Arrest,2024-01-19,Bengaluru City,Vinutha Hegde
332,549,0,Imran Naik,Arrest,2024-01-19,Belagavi,Manjunath Iyengar
333,551,0,Basavaraj Desai,Arrest,2024-01-19,Belagavi,Joseph Gowda
335,553,0,Ravi Shetty,Arrest,2024-01-19,Hassan,Bhavana Nayak
336,555,0,Joseph Patil,Arrest,2024-01-19,Hubballi-Dharwad,Girish Murthy
338,557,0,Girish Gowda,Arrest,2024-01-19,Ballari,Pooja Kumar
340,559,0,Basavaraj Reddy,Arrest,2024-01-19,Tumakuru,Joseph Shetty
341,561,0,Prakash Kulkarni,Arrest,2024-01-19,Belagavi,Suresh Patil
344,565,0,Prakash Bhat,Arrest,2024-01-19,Belagavi,Rekha Bhat
346,567,0,Ashwini Prasad,Surrender,2024-01-19,Bengaluru City,Yashwanth Patil
347,569,0,Ravi Nayak,Arrest,2024-01-19,Hassan,Vinutha Hegde
352,579,0,Ravi Hegde,Arrest,2024-01-20,Shivamogga,Ashwini Reddy
354,585,0,Nagaraj Gowda,Arrest,2024-01-20,Ballari,Joseph Gowda
356,589,0,Chetan Murthy,Arrest,2024-01-20,Bengaluru City,Suresh Naik
358,591,0,Prakash Shetty,Arrest,2024-01-20,Bengaluru City,Ashwini Gowda
359,593,0,Kiran Gowda,Arrest,2024-01-20,Mysuru,Deepak Bhat
360,597,0,Basavaraj Shetty,Arrest,2024-01-20,Bengaluru City,Suresh Reddy
361,601,0,Basavaraj Naik,Arrest,2024-01-20,Bengaluru City,Deepak Kumar
363,603,0,Girish Patil,Arrest,2024-01-20,Hassan,Anitha Reddy
364,605,0,Anitha Murthy,Arrest,2024-01-20,Kalaburagi,Ashwini Shetty
366,607,0,Anitha Murthy,Arrest,2024-01-20,Belagavi,Joseph Reddy
368,611,0,Rekha Naik,Arrest,2024-01-20,Ballari,Yashwanth Rao
370,613,0,Suresh Patil,Arrest,2024-01-20,Hassan,Imran Gowda
371,615,0,Manjunath Murthy,Surrender,2024-01-21,Bengaluru City,Yashwanth Iyengar
372,617,0,Girish Bhat,Arrest,2024-01-21,Belagavi,Girish Rao
374,619,0,Imran Desai,Surrender,2024-01-21,Bengaluru City,Kiran Rao
376,621,0,Kiran Hegde,Arrest,2024-01-21,Mysuru,Basavaraj Rao
377,623,0,Ravi Murthy,Arrest,2024-01-21,Bengaluru City,Fatima Nayak
379,625,0,Chetan Reddy,Surrender,2024-01-21,Bengaluru City,Girish Murthy
380,627,0,Ravi Nayak,Arrest,2024-01-21,Bengaluru City,Kiran Prasad
382,631,0,Mary Bhat,Arrest,2024-01-21,Hassan,Chetan Hegde
383,633,0,Lakshmi Patil,Surrender,2024-01-21,Belagavi,Girish Patil
385,637,0,Ashwini Nayak,Arrest,2024-01-21,Bengaluru City,Ravi Desai
387,639,0,Lakshmi Iyengar,Surrender,2024-01-21,Mysuru,Kiran Prasad
388,641,0,Fatima Shetty,Surrender,2024-01-21,Bengaluru City,Mary Hegde
391,645,0,Ashwini Rao,Arrest,2024-01-21,Hubballi-Dharwad,Chetan Shetty
393,649,0,Ravi Iyengar,Arrest,2024-01-22,Belagavi,Suresh Kumar
395,651,0,Suresh Gowda,Surrender,2024-01-22,Shivamogga,Vinutha Desai
396,653,0,Basavaraj Kumar,Arrest,2024-01-22,Bengaluru City,Prakash Desai
397,655,0,Vinutha Kulkarni,Arrest,2024-01-22,Bengaluru City,Basavaraj Kulkarni
399,657,0,Anitha Naik,Surrender,2024-01-22,Mysuru,Ravi Nayak
402,661,0,Deepak Rao,Arrest,2024-01-22,Davanagere,Manjunath Kumar
403,665,0,Anitha Shetty,Arrest,2024-01-22,Hassan,Yashwanth Murthy
405,667,0,Nagaraj Prasad,Arrest,2024-01-22,Ballari,Ashwini Shetty
406,669,0,Basavaraj Kumar,Arrest,2024-01-22,Raichur,Pooja Desai
408,671,0,Lakshmi Kulkarni,Arrest,2024-01-22,Mysuru,Ashwini Shetty
409,673,0,Prakash Rao,Arrest,2024-01-22,Mangaluru (DK),Fatima Shetty
411,675,0,Nagaraj Bhat,Surrender,2024-01-22,Hubballi-Dharwad,Bhavana Iyengar
412,677,0,Girish Patil,Arrest,2024-01-22,Mysuru,Yashwanth Murthy
415,681,0,Suresh Hegde,Arrest,2024-01-23,Bengaluru City,Suresh Hegde
417,683,0,Basavaraj Murthy,Arrest,2024-01-23,Bengaluru City,Mary Rao
418,685,0,Vinutha Bhat,Surrender,2024-01-23,Vijayapura,Suresh Desai
422,695,0,Manjunath Shetty,Surrender,2024-01-23,Raichur,Shivakumar Patil
426,701,0,Lakshmi Hegde,Arrest,2024-01-23,Bengaluru City,Basavaraj Prasad
428,703,0,Anitha Reddy,Arrest,2024-01-23,Bengaluru City,Suresh Patil
429,705,0,Suresh Bhat,Arrest,2024-01-23,Tumakuru,Anitha Prasad
431,707,0,Ravi Iyengar,Arrest,2024-01-23,Bengaluru City,Shivakumar Patil
433,709,0,Lakshmi Kulkarni,Arrest,2024-01-23,Vijayapura,Basavaraj Nayak
435,713,0,Mary Hegde,Arrest,2024-01-23,Belagavi,Nagaraj Iyengar
437,715,0,Imran Murthy,Arrest,2024-01-23,Ballari,Deepak Patil
439,719,0,Vinutha Kumar,Arrest,2024-01-23,Shivamogga,Joseph Prasad
440,723,0,Vinutha Murthy,Surrender,2024-01-23,Tumakuru,Joseph Gowda
442,725,0,Anitha Patil,Arrest,2024-01-24,Tumakuru,Anitha Kulkarni
445,729,0,Anitha Reddy,Arrest,2024-01-24,Davanagere,Joseph Hegde
447,731,0,Mary Patil,Surrender,2024-01-24,Hubballi-Dharwad,Ravi Nayak
448,733,0,Prakash Prasad,Arrest,2024-01-24,Shivamogga,Basavaraj Desai
450,735,0,Kiran Desai,Arrest,2024-01-24,Hubballi-Dharwad,Pooja Naik
452,737,0,Suresh Patil,Arrest,2024-01-24,Hubballi-Dharwad,Nagaraj Bhat
453,739,0,Ashwini Kumar,Arrest,2024-01-24,Hubballi-Dharwad,Fatima Rao
454,741,0,Yashwanth Iyengar,Arrest,2024-01-24,Ballari,Basavaraj Rao
456,743,0,Anitha Reddy,Arrest,2024-01-24,Ballari,Shivakumar Prasad
457,745,0,Basavaraj Bhat,Arrest,2024-01-24,Hubballi-Dharwad,Deepak Gowda
458,747,0,Nagaraj Kulkarni,Arrest,2024-01-24,Bengaluru City,Mary Rao
460,749,0,Fatima Shetty,Arrest,2024-01-24,Raichur,Ashwini Naik
462,751,0,Ashwini Gowda,Arrest,2024-01-24,Bengaluru Rural,Girish Murthy
463,753,0,Kiran Bhat,Arrest,2024-01-24,Bengaluru Rural,Suresh Iyengar
465,755,0,Basavaraj Shetty,Surrender,2024-01-24,Mangaluru (DK),Mary Shetty
467,757,0,Suresh Gowda,Arrest,2024-01-24,Bengaluru City,Anitha Kulkarni
468,759,0,Shivakumar Kulkarni,Arrest,2024-01-24,Belagavi,Shivakumar Murthy
470,761,0,Mary Prasad,Arrest,2024-01-25,Belagavi,Girish Rao
471,763,0,Nagaraj Shetty,Arrest,2024-01-25,Bengaluru City,Suresh Patil
473,765,0,Prakash Prasad,Arrest,2024-01-25,Davanagere,Pooja Murthy
474,769,0,Prakash Shetty,Arrest,2024-01-25,Belagavi,Ashwini Gowda
476,773,0,Lakshmi Rao,Arrest,2024-01-25,Bengaluru City,Anitha Reddy
477,775,0,Vinutha Patil,Arrest,2024-01-25,Bengaluru City,Chetan Hegde
481,783,0,Anitha Nayak,Arrest,2024-01-25,Kalaburagi,Pooja Kulkarni
482,785,0,Bhavana Gowda,Arrest,2024-01-25,Mangaluru (DK),Lakshmi Gowda
484,787,0,Mary Reddy,Arrest,2024-01-25,Bengaluru City,Lakshmi Prasad
485,789,0,Anitha Rao,Surrender,2024-01-25,Kalaburagi,Suresh Reddy
486,791,0,Imran Naik,Arrest,2024-01-25,Kalaburagi,Ravi Kumar
488,793,0,Basavaraj Desai,Arrest,2024-01-25,Ballari,Joseph Kulkarni
489,795,0,Chetan Nayak,Arrest,2024-01-25,Davanagere,Prakash Iyengar
491,797,0,Basavaraj Rao,Arrest,2024-01-25,Kalaburagi,Chetan Naik
493,799,0,Ashwini Bhat,Arrest,2024-01-25,Belagavi,Bhavana Kumar
495,801,0,Nagaraj Rao,Arrest,2024-01-25,Raichur,Shivakumar Murthy
498,809,0,Girish Kumar,Arrest,2024-01-26,Mysuru,Shivakumar Nayak
500,811,0,Basavaraj Bhat,Arrest,2024-01-26,Bengaluru Rural,Suresh Naik
502,815,0,Chetan Iyengar,Arrest,2024-01-26,Mangaluru (DK),Mary Bhat
503,817,0,Deepak Nayak,Arrest,2024-01-26,Hassan,Joseph Prasad
505,821,0,Vinutha Rao,Arrest,2024-01-26,Mangaluru (DK),Shivakumar Gowda
506,823,0,Deepak Hegde,Arrest,2024-01-26,Mangaluru (DK),Fatima Patil
507,825,0,Yashwanth Rao,Arrest,2024-01-26,Bengaluru City,Joseph Prasad
510,829,0,Yashwanth Gowda,Arrest,2024-01-26,Ballari,Lakshmi Naik
512,831,0,Rekha Hegde,Arrest,2024-01-26,Hubballi-Dharwad,Suresh Murthy
513,835,0,Lakshmi Shetty,Surrender,2024-01-26,Kalaburagi,Prakash Reddy
515,841,0,Basavaraj Shetty,Arrest,2024-01-26,Hubballi-Dharwad,Ravi Hegde
517,843,0,Chetan Iyengar,Arrest,2024-01-26,Bengaluru City,Lakshmi Nayak
519,845,0,Manjunath Kumar,Arrest,2024-01-27,Bengaluru City,Chetan Hegde
520,849,0,Anitha Gowda,Arrest,2024-01-27,Tumakuru,Fatima Desai
522,851,0,Yashwanth Naik,Arrest,2024-01-27,Belagavi,Fatima Patil
524,853,0,Imran Rao,Surrender,2024-01-27,Hubballi-Dharwad,Basavaraj Bhat
528,861,0,Prakash Kulkarni,Arrest,2024-01-27,Mysuru,Fatima Patil
530,863,0,Shivakumar Kulkarni,Arrest,2024-01-27,Bengaluru City,Suresh Patil
533,869,0,Ravi Shetty,Arrest,2024-01-27,Mangaluru (DK),Anitha Prasad
534,871,0,Pooja Naik,Arrest,2024-01-27,Udupi,Fatima Iyengar
536,873,0,Mary Shetty,Surrender,2024-01-27,Bengaluru City,Bhavana Prasad
538,875,0,Prakash Bhat,Surrender,2024-01-27,Bengaluru City,Bhavana Naik
543,883,0,Nagaraj Reddy,Arrest,2024-01-28,Hassan,Fatima Rao
544,887,0,Ravi Kumar,Arrest,2024-01-28,Bengaluru Rural,Nagaraj Nayak
548,893,0,Joseph Kulkarni,Surrender,2024-01-28,Hassan,Ashwini Rao
549,895,0,Pooja Kumar,Surrender,2024-01-28,Shivamogga,Deepak Patil
551,897,0,Prakash Patil,Arrest,2024-01-28,Kalaburagi,Prakash Hegde
555,907,0,Manjunath Bhat,Arrest,2024-01-28,Belagavi,Chetan Kulkarni
558,911,0,Basavaraj Prasad,Surrender,2024-01-28,Belagavi,Basavaraj Reddy
559,913,0,Girish Rao,Arrest,2024-01-28,Kalaburagi,Manjunath Desai
560,915,0,Mary Kulkarni,Arrest,2024-01-28,Mysuru,Bhavana Gowda
561,917,0,Fatima Bhat,Surrender,2024-01-29,Bengaluru City,Manjunath Kumar
563,919,0,Vinutha Gowda,Arrest,2024-01-29,Bengaluru City,Mary Shetty
564,923,0,Vinutha Murthy,Arrest,2024-01-29,Ballari,Pooja Reddy
566,927,0,Mary Shetty,Arrest,2024-01-29,Kalaburagi,Kiran Rao
568,931,0,Bhavana Hegde,Arrest,2024-01-29,Bengaluru City,Yashwanth Hegde
571,935,0,Suresh Rao,Arrest,2024-01-29,Kalaburagi,Mary Desai
573,937,0,Bhavana Gowda,Arrest,2024-01-29,Hassan,Mary Bhat
576,943,0,Deepak Reddy,Arrest,2024-01-29,Mangaluru (DK),Yashwanth Rao
578,945,0,Lakshmi Gowda,Arrest,2024-01-29,Belagavi,Prakash Patil
579,949,0,Mary Prasad,Arrest,2024-01-29,Kalaburagi,Ashwini Murthy
580,951,0,Nagaraj Kumar,Arrest,2024-01-29,Hubballi-Dharwad,Ashwini Shetty
581,953,0,Imran Desai,Arrest,2024-01-29,Hassan,Prakash Iyengar
583,955,0,Kiran Patil,Arrest,2024-01-30,Raichur,Ravi Reddy
586,963,0,Bhavana Shetty,Arrest,2024-01-30,Hassan,Ashwini Iyengar
588,969,0,Prakash Murthy,Surrender,2024-01-30,Davanagere,Fatima Kulkarni
590,971,0,Prakash Bhat,Arrest,2024-01-30,Mangaluru (DK),Imran Reddy
591,973,0,Deepak Rao,Surrender,2024-01-30,Bengaluru City,Imran Kumar
592,979,0,Basavaraj Iyengar,Surrender,2024-01-30,Hubballi-Dharwad,Imran Murthy
594,983,0,Fatima Hegde,Arrest,2024-01-31,Mysuru,Yashwanth Desai
595,985,0,Lakshmi Iyengar,Arrest,2024-01-31,Bengaluru City,Girish Rao
597,989,0,Yashwanth Naik,Surrender,2024-01-31,Mysuru,Fatima Kumar
601,999,0,Manjunath Shetty,Arrest,2024-01-31,Hassan,Manjunath Nayak
603,1001,0,Bhavana Naik,Arrest,2024-01-31,Bengaluru City,Vinutha Shetty
606,1007,0,Girish Bhat,Arrest,2024-01-31,Bengaluru Rural,Manjunath Reddy
607,1009,0,Ravi Bhat,Arrest,2024-01-31,Kalaburagi,Kiran Kulkarni
608,1011,0,Girish Rao,Arrest,2024-01-31,Ballari,Mary Gowda
613,1023,0,Kiran Desai,Arrest,2024-02-01,Raichur,Ravi Patil
615,1025,0,Lakshmi Iyengar,Arrest,2024-02-01,Bengaluru City,Pooja Reddy
616,1027,0,Lakshmi Nayak,Arrest,2024-02-01,Shivamogga,Shivakumar Reddy
621,1035,0,Rekha Reddy,Arrest,2024-02-01,Shivamogga,Basavaraj Hegde
622,1037,0,Chetan Kulkarni,Arrest,2024-02-01,Mangaluru (DK),Lakshmi Naik
623,1039,0,Chetan Patil,Arrest,2024-02-01,Mysuru,Lakshmi Shetty
624,1041,0,Nagaraj Naik,Arrest,2024-02-01,Mangaluru (DK),Deepak Nayak
625,1045,0,Pooja Iyengar,Arrest,2024-02-01,Belagavi,Yashwanth Hegde
626,1047,0,Manjunath Desai,Arrest,2024-02-01,Belagavi,Fatima Nayak
628,1049,0,Nagaraj Gowda,Surrender,2024-02-01,Hassan,Ravi Naik
630,1055,0,Kiran Prasad,Arrest,2024-02-01,Belagavi,Ravi Iyengar
633,1067,0,Chetan Naik,Arrest,2024-02-02,Bengaluru City,Bhavana Rao
636,1071,0,Girish Kumar,Arrest,2024-02-02,Belagavi,Joseph Patil
638,1073,0,Joseph Naik,Arrest,2024-02-02,Kalaburagi,Nagaraj Iyengar
639,1077,0,Imran Desai,Arrest,2024-02-02,Udupi,Fatima Reddy
641,1079,0,Joseph Rao,Arrest,2024-02-02,Tumakuru,Vinutha Reddy
642,1083,0,Yashwanth Kulkarni,Arrest,2024-02-02,Belagavi,Chetan Bhat
644,1085,0,Ravi Desai,Arrest,2024-02-02,Bengaluru City,Chetan Desai
646,1087,0,Nagaraj Desai,Arrest,2024-02-02,Hubballi-Dharwad,Shivakumar Hegde
648,1089,0,Suresh Gowda,Arrest,2024-02-02,Bengaluru City,Mary Kumar
649,1091,0,Girish Patil,Arrest,2024-02-02,Bengaluru City,Imran Hegde
651,1095,0,Basavaraj Kulkarni,Arrest,2024-02-02,Bengaluru City,Vinutha Kumar
652,1097,0,Fatima Bhat,Surrender,2024-02-02,Shivamogga,Lakshmi Bhat
654,1099,0,Joseph Prasad,Arrest,2024-02-02,Mysuru,Nagaraj Naik
656,1101,0,Anitha Kulkarni,Arrest,2024-02-03,Mysuru,Deepak Rao
658,1105,0,Bhavana Gowda,Surrender,2024-02-03,Tumakuru,Basavaraj Kumar
660,1109,0,Mary Hegde,Arrest,2024-02-03,Shivamogga,Nagaraj Kulkarni
662,1111,0,Bhavana Murthy,Arrest,2024-02-03,Davanagere,Lakshmi Murthy
665,1115,0,Ravi Reddy,Surrender,2024-02-03,Hubballi-Dharwad,Anitha Nayak
669,1125,0,Suresh Iyengar,Arrest,2024-02-03,Bengaluru City,Imran Rao
672,1129,0,Yashwanth Shetty,Arrest,2024-02-03,Hubballi-Dharwad,Deepak Hegde
674,1133,0,Rekha Reddy,Arrest,2024-02-03,Bengaluru Rural,Anitha Iyengar
675,1135,0,Girish Iyengar,Surrender,2024-02-03,Bengaluru City,Fatima Gowda
677,1137,0,Prakash Bhat,Arrest,2024-02-03,Hassan,Imran Prasad
678,1139,0,Bhavana Desai,Arrest,2024-02-03,Hubballi-Dharwad,Anitha Reddy
680,1143,0,Ravi Gowda,Arrest,2024-02-04,Mangaluru (DK),Imran Naik
683,1147,0,Kiran Murthy,Arrest,2024-02-04,Mysuru,Nagaraj Prasad
685,1153,0,Bhavana Hegde,Arrest,2024-02-04,Hubballi-Dharwad,Deepak Iyengar
687,1155,0,Anitha Naik,Arrest,2024-02-04,Mysuru,Deepak Prasad
689,1157,0,Shivakumar Shetty,Arrest,2024-02-04,Mangaluru (DK),Anitha Kumar
691,1159,0,Suresh Nayak,Arrest,2024-02-04,Mangaluru (DK),Basavaraj Bhat
693,1161,0,Manjunath Kumar,Arrest,2024-02-04,Kalaburagi,Kiran Naik
695,1165,0,Bhavana Naik,Surrender,2024-02-04,Bengaluru City,Girish Hegde
697,1167,0,Rekha Gowda,Arrest,2024-02-04,Ballari,Girish Bhat
699,1169,0,Joseph Desai,Arrest,2024-02-04,Hassan,Prakash Shetty
701,1171,0,Chetan Patil,Arrest,2024-02-04,Mysuru,Deepak Nayak
704,1175,0,Basavaraj Bhat,Arrest,2024-02-04,Bengaluru City,Prakash Prasad
706,1177,0,Ashwini Nayak,Surrender,2024-02-04,Belagavi,Chetan Desai
708,1181,0,Ashwini Gowda,Arrest,2024-02-04,Bengaluru City,Yashwanth Reddy
709,1185,0,Anitha Desai,Arrest,2024-02-05,Mangaluru (DK),Nagaraj Reddy
711,1189,0,Manjunath Patil,Arrest,2024-02-05,Mysuru,Prakash Iyengar
713,1193,0,Nagaraj Kumar,Arrest,2024-02-05,Raichur,Kiran Shetty
715,1195,0,Imran Murthy,Arrest,2024-02-05,Vijayapura,Suresh Bhat
717,1197,0,Pooja Nayak,Arrest,2024-02-05,Hubballi-Dharwad,Pooja Shetty
719,1201,0,Nagaraj Patil,Arrest,2024-02-05,Raichur,Ashwini Prasad
721,1203,0,Yashwanth Prasad,Arrest,2024-02-05,Bengaluru City,Lakshmi Murthy
722,1205,0,Rekha Reddy,Arrest,2024-02-05,Mangaluru (DK),Yashwanth Prasad
725,1209,0,Prakash Kumar,Arrest,2024-02-05,Ballari,Ashwini Kulkarni
731,1225,0,Anitha Patil,Arrest,2024-02-06,Hassan,Chetan Prasad
734,1229,0,Lakshmi Murthy,Arrest,2024-02-06,Bengaluru City,Rekha Prasad
736,1231,0,Manjunath Prasad,Arrest,2024-02-06,Ballari,Rekha Prasad
738,1233,0,Mary Bhat,Arrest,2024-02-06,Kalaburagi,Suresh Rao
741,1237,0,Bhavana Shetty,Surrender,2024-02-06,Hassan,Girish Bhat
743,1239,0,Nagaraj Naik,Arrest,2024-02-06,Raichur,Girish Kulkarni
745,1245,0,Fatima Iyengar,Arrest,2024-02-06,Bengaluru City,Manjunath Kumar
747,1247,0,Deepak Prasad,Arrest,2024-02-06,Belagavi,Kiran Naik
748,1249,0,Deepak Kumar,Surrender,2024-02-06,Bengaluru City,Suresh Patil
749,1251,0,Rekha Shetty,Arrest,2024-02-06,Hubballi-Dharwad,Joseph Prasad
750,1253,0,Pooja Naik,Arrest,2024-02-06,Davanagere,Bhavana Shetty
752,1255,0,Ravi Shetty,Arrest,2024-02-07,Mysuru,Fatima Gowda
756,1261,0,Manjunath Patil,Arrest,2024-02-07,Bengaluru Rural,Manjunath Hegde
758,1265,0,Deepak Reddy,Surrender,2024-02-07,Tumakuru,Ashwini Iyengar
759,1267,0,Yashwanth Prasad,Arrest,2024-02-07,Shivamogga,Girish Bhat
761,1271,0,Chetan Prasad,Arrest,2024-02-07,Udupi,Vinutha Gowda
763,1273,0,Deepak Reddy,Surrender,2024-02-07,Ballari,Yashwanth Reddy
765,1277,0,Lakshmi Rao,Arrest,2024-02-07,Kalaburagi,Rekha Iyengar
768,1281,0,Joseph Kulkarni,Arrest,2024-02-07,Hubballi-Dharwad,Girish Hegde
770,1283,0,Deepak Prasad,Arrest,2024-02-07,Udupi,Basavaraj Shetty
771,1285,0,Anitha Desai,Arrest,2024-02-07,Hubballi-Dharwad,Shivakumar Desai
772,1293,0,Anitha Murthy,Arrest,2024-02-07,Mysuru,Ashwini Shetty
774,1297,0,Vinutha Shetty,Surrender,2024-02-07,Bengaluru City,Vinutha Iyengar
775,1299,0,Ravi Desai,Arrest,2024-02-07,Vijayapura,Rekha Naik
778,1303,0,Basavaraj Hegde,Arrest,2024-02-08,Mysuru,Lakshmi Reddy
780,1305,0,Mary Patil,Arrest,2024-02-08,Hubballi-Dharwad,Anitha Bhat
782,1309,0,Imran Kulkarni,Arrest,2024-02-08,Bengaluru City,Pooja Bhat
784,1313,0,Fatima Shetty,Arrest,2024-02-08,Hassan,Kiran Kumar
789,1321,0,Basavaraj Prasad,Arrest,2024-02-08,Davanagere,Basavaraj Murthy
790,1323,0,Ashwini Reddy,Arrest,2024-02-08,Mangaluru (DK),Manjunath Reddy
793,1331,0,Manjunath Nayak,Arrest,2024-02-08,Hubballi-Dharwad,Fatima Hegde
796,1335,0,Fatima Shetty,Arrest,2024-02-08,Hubballi-Dharwad,Prakash Naik
798,1337,0,Yashwanth Shetty,Surrender,2024-02-09,Tumakuru,Ashwini Reddy
800,1339,0,Fatima Patil,Arrest,2024-02-09,Belagavi,Ravi Shetty
801,1341,0,Lakshmi Prasad,Surrender,2024-02-09,Ballari,Suresh Desai
804,1345,0,Ashwini Bhat,Arrest,2024-02-09,Mysuru,Fatima Prasad
805,1347,0,Shivakumar Patil,Surrender,2024-02-09,Kalaburagi,Basavaraj Iyengar
806,1349,0,Yashwanth Nayak,Arrest,2024-02-09,Belagavi,Lakshmi Hegde
808,1351,0,Vinutha Bhat,Arrest,2024-02-09,Tumakuru,Nagaraj Patil
811,1355,0,Yashwanth Rao,Arrest,2024-02-09,Bengaluru City,Fatima Nayak
813,1357,0,Suresh Murthy,Arrest,2024-02-09,Hubballi-Dharwad,Mary Murthy
815,1359,0,Bhavana Reddy,Arrest,2024-02-09,Belagavi,Manjunath Gowda
816,1361,0,Suresh Gowda,Arrest,2024-02-09,Mysuru,Suresh Rao
817,1363,0,Manjunath Patil,Arrest,2024-02-09,Bengaluru City,Imran Rao
819,1365,0,Fatima Iyengar,Arrest,2024-02-09,Kalaburagi,Girish Gowda
820,1369,0,Rekha Murthy,Surrender,2024-02-09,Hassan,Ravi Kumar
822,1371,0,Suresh Shetty,Arrest,2024-02-09,Raichur,Kiran Nayak
824,1373,0,Nagaraj Kulkarni,Arrest,2024-02-10,Mysuru,Deepak Naik
826,1377,0,Rekha Murthy,Surrender,2024-02-10,Bengaluru City,Ashwini Bhat
829,1383,0,Anitha Murthy,Arrest,2024-02-10,Kalaburagi,Lakshmi Murthy
830,1385,0,Anitha Prasad,Arrest,2024-02-10,Hassan,Basavaraj Naik
833,1389,0,Vinutha Reddy,Arrest,2024-02-10,Davanagere,Vinutha Murthy
834,1391,0,Imran Naik,Arrest,2024-02-10,Bengaluru Rural,Lakshmi Shetty
836,1393,0,Ravi Gowda,Arrest,2024-02-10,Bengaluru City,Girish Bhat
838,1395,0,Joseph Patil,Arrest,2024-02-10,Bengaluru City,Girish Murthy
843,1403,0,Lakshmi Nayak,Surrender,2024-02-10,Tumakuru,Shivakumar Nayak
844,1407,0,Chetan Rao,Arrest,2024-02-10,Bengaluru City,Fatima Rao
845,1409,0,Vinutha Shetty,Arrest,2024-02-10,Bengaluru City,Joseph Murthy
847,1411,0,Suresh Murthy,Arrest,2024-02-10,Bengaluru City,Rekha Gowda
848,1413,0,Nagaraj Rao,Arrest,2024-02-10,Hubballi-Dharwad,Yashwanth Desai
849,1415,0,Mary Naik,Arrest,2024-02-10,Hubballi-Dharwad,Ashwini Reddy
852,1421,0,Ashwini Kulkarni,Arrest,2024-02-11,Raichur,Lakshmi Desai
854,1423,0,Shivakumar Reddy,Arrest,2024-02-11,Mysuru,Lakshmi Murthy
855,1425,0,Prakash Gowda,Arrest,2024-02-11,Raichur,Ravi Naik
857,1427,0,Shivakumar Prasad,Arrest,2024-02-11,Hassan,Shivakumar Rao
858,1431,0,Pooja Murthy,Surrender,2024-02-11,Bengaluru Rural,Lakshmi Iyengar
859,1433,0,Ravi Kumar,Surrender,2024-02-11,Belagavi,Ravi Desai
860,1437,0,Rekha Prasad,Arrest,2024-02-11,Bengaluru City,Kiran Bhat
862,1439,0,Fatima Kulkarni,Arrest,2024-02-11,Bengaluru City,Yashwanth Desai
864,1441,0,Manjunath Nayak,Surrender,2024-02-11,Hubballi-Dharwad,Basavaraj Iyengar
867,1447,0,Yashwanth Hegde,Arrest,2024-02-12,Davanagere,Fatima Kulkarni
869,1449,0,Deepak Kulkarni,Arrest,2024-02-12,Bengaluru City,Fatima Nayak
871,1451,0,Nagaraj Rao,Arrest,2024-02-12,Bengaluru City,Pooja Reddy
873,1455,0,Mary Reddy,Arrest,2024-02-12,Bengaluru City,Rekha Kumar
874,1457,0,Nagaraj Prasad,Arrest,2024-02-12,Belagavi,Deepak Bhat
877,1461,0,Anitha Reddy,Arrest,2024-02-12,Mangaluru (DK),Basavaraj Prasad
880,1465,0,Shivakumar Kumar,Arrest,2024-02-12,Shivamogga,Chetan Iyengar
881,1467,0,Imran Murthy,Arrest,2024-02-12,Kalaburagi,Deepak Reddy
882,1469,0,Vinutha Kumar,Arrest,2024-02-12,Bengaluru City,Anitha Gowda
883,1473,0,Mary Prasad,Arrest,2024-02-12,Ballari,Prakash Iyengar
887,1479,0,Pooja Hegde,Surrender,2024-02-12,Hubballi-Dharwad,Vinutha Murthy
891,1485,0,Manjunath Iyengar,Arrest,2024-02-13,Bengaluru City,Chetan Hegde
892,1487,0,Imran Shetty,Arrest,2024-02-13,Raichur,Manjunath Iyengar
894,1491,0,Girish Rao,Arrest,2024-02-13,Bengaluru City,Joseph Hegde
896,1495,0,Rekha Prasad,Arrest,2024-02-13,Bengaluru Rural,Girish Kumar
897,1497,0,Prakash Bhat,Arrest,2024-02-13,Mangaluru (DK),Chetan Patil
899,1499,0,Shivakumar Kulkarni,Arrest,2024-02-13,Tumakuru,Anitha Reddy
900,1501,0,Girish Prasad,Arrest,2024-02-13,Belagavi,Ashwini Reddy
902,1503,0,Chetan Shetty,Arrest,2024-02-13,Vijayapura,Rekha Prasad
903,1505,0,Fatima Murthy,Arrest,2024-02-13,Bengaluru City,Ashwini Hegde
904,1507,0,Lakshmi Patil,Arrest,2024-02-13,Mysuru,Joseph Gowda
905,1511,0,Kiran Prasad,Arrest,2024-02-13,Bengaluru City,Joseph Naik
906,1515,0,Kiran Desai,Arrest,2024-02-13,Ballari,Prakash Reddy
908,1517,0,Yashwanth Patil,Arrest,2024-02-13,Ballari,Vinutha Shetty
909,1519,0,Fatima Reddy,Arrest,2024-02-13,Ballari,Girish Rao
912,1527,0,Fatima Murthy,Arrest,2024-02-14,Kalaburagi,Basavaraj Kulkarni
914,1531,0,Fatima Kumar,Arrest,2024-02-14,Kalaburagi,Kiran Hegde
916,1533,0,Joseph Rao,Arrest,2024-02-14,Udupi,Joseph Shetty
918,1535,0,Girish Desai,Surrender,2024-02-14,Bengaluru Rural,Mary Reddy
921,1539,0,Bhavana Nayak,Arrest,2024-02-14,Bengaluru City,Prakash Desai
923,1541,0,Chetan Murthy,Arrest,2024-02-14,Bengaluru City,Chetan Prasad
925,1545,0,Ravi Naik,Arrest,2024-02-14,Bengaluru City,Kiran Murthy
927,1549,0,Manjunath Kulkarni,Surrender,2024-02-14,Bengaluru Rural,Deepak Rao
928,1551,0,Fatima Murthy,Arrest,2024-02-14,Kalaburagi,Ravi Reddy
929,1557,0,Lakshmi Kulkarni,Arrest,2024-02-15,Davanagere,Shivakumar Hegde
934,1567,0,Joseph Kulkarni,Arrest,2024-02-15,Bengaluru Rural,Shivakumar Desai
936,1569,0,Nagaraj Naik,Arrest,2024-02-15,Ballari,Imran Shetty
939,1573,0,Mary Gowda,Arrest,2024-02-15,Mangaluru (DK),Fatima Nayak
940,1575,0,Chetan Hegde,Arrest,2024-02-15,Bengaluru City,Bhavana Kumar
942,1577,0,Vinutha Rao,Surrender,2024-02-15,Mangaluru (DK),Nagaraj Prasad
944,1579,0,Mary Nayak,Arrest,2024-02-15,Bengaluru City,Yashwanth Shetty
948,1589,0,Yashwanth Kulkarni,Surrender,2024-02-15,Bengaluru Rural,Girish Murthy
951,1593,0,Suresh Desai,Arrest,2024-02-15,Mysuru,Lakshmi Reddy
953,1595,0,Manjunath Bhat,Arrest,2024-02-15,Bengaluru Rural,Anitha Reddy
956,1599,0,Nagaraj Hegde,Surrender,2024-02-16,Bengaluru Rural,Shivakumar Iyengar
959,1605,0,Vinutha Nayak,Arrest,2024-02-16,Bengaluru City,Deepak Kumar
961,1607,0,Chetan Prasad,Arrest,2024-02-16,Bengaluru Rural,Prakash Shetty
963,1611,0,Suresh Desai,Arrest,2024-02-16,Udupi,Yashwanth Desai
965,1613,0,Joseph Rao,Arrest,2024-02-16,Bengaluru City,Nagaraj Hegde
966,1615,0,Suresh Rao,Arrest,2024-02-16,Belagavi,Lakshmi Murthy
967,1619,0,Fatima Nayak,Surrender,2024-02-16,Shivamogga,Bhavana Desai
970,1625,0,Vinutha Kumar,Arrest,2024-02-16,Shivamogga,Shivakumar Kumar
972,1631,0,Prakash Patil,Arrest,2024-02-17,Bengaluru City,Yashwanth Gowda
974,1633,0,Suresh Patil,Arrest,2024-02-17,Mysuru,Pooja Kulkarni
978,1639,0,Manjunath Nayak,Arrest,2024-02-17,Udupi,Imran Gowda
981,1645,0,Girish Desai,Arrest,2024-02-17,Bengaluru City,Imran Reddy
983,1647,0,Mary Desai,Arrest,2024-02-17,Vijayapura,Mary Desai
984,1649,0,Basavaraj Bhat,Arrest,2024-02-17,Bengaluru City,Kiran Hegde
986,1653,0,Basavaraj Naik,Surrender,2024-02-17,Belagavi,Yashwanth Rao
988,1657,0,Girish Iyengar,Arrest,2024-02-17,Bengaluru City,Shivakumar Reddy
990,1659,0,Joseph Kulkarni,Arrest,2024-02-17,Hassan,Suresh Rao
991,1663,0,Ashwini Murthy,Arrest,2024-02-17,Bengaluru City,Bhavana Murthy
992,1665,0,Kiran Patil,Arrest,2024-02-18,Bengaluru City,Chetan Patil
993,1667,0,Ashwini Shetty,Arrest,2024-02-18,Udupi,Deepak Desai
995,1669,0,Girish Gowda,Arrest,2024-02-18,Hassan,Chetan Naik
998,1673,0,Yashwanth Prasad,Arrest,2024-02-18,Tumakuru,Bhavana Murthy
1000,1677,0,Suresh Desai,Arrest,2024-02-18,Tumakuru,Manjunath Shetty
1001,1679,0,Nagaraj Bhat,Arrest,2024-02-18,Kalaburagi,Basavaraj Gowda
1002,1683,0,Manjunath Nayak,Arrest,2024-02-18,Vijayapura,Vinutha Reddy
1005,1691,0,Pooja Iyengar,Arrest,2024-02-18,Bengaluru City,Prakash Kumar
1007,1695,0,Pooja Desai,Arrest,2024-02-18,Hubballi-Dharwad,Lakshmi Reddy
1009,1699,0,Joseph Bhat,Arrest,2024-02-18,Bengaluru Rural,Lakshmi Reddy
1011,1701,0,Bhavana Reddy,Arrest,2024-02-19,Bengaluru City,Imran Prasad
1013,1705,0,Deepak Iyengar,Arrest,2024-02-19,Mysuru,Girish Rao
1015,1707,0,Manjunath Kulkarni,Arrest,2024-02-19,Shivamogga,Nagaraj Bhat
1017,1711,0,Imran Iyengar,Surrender,2024-02-19,Belagavi,Basavaraj Rao
1019,1717,0,Prakash Rao,Arrest,2024-02-19,Hubballi-Dharwad,Suresh Rao
1025,1729,0,Suresh Desai,Arrest,2024-02-19,Hassan,Bhavana Kulkarni
1027,1733,0,Bhavana Murthy,Arrest,2024-02-19,Mangaluru (DK),Suresh Shetty
1029,1735,0,Manjunath Patil,Arrest,2024-02-19,Hubballi-Dharwad,Imran Rao
1030,1737,0,Fatima Nayak,Arrest,2024-02-19,Shivamogga,Imran Rao
1032,1739,0,Basavaraj Desai,Arrest,2024-02-19,Shivamogga,Yashwanth Naik
1035,1745,0,Kiran Naik,Surrender,2024-02-20,Mysuru,Rekha Reddy
1036,1747,0,Joseph Prasad,Arrest,2024-02-20,Hassan,Mary Patil
1039,1751,0,Vinutha Iyengar,Surrender,2024-02-20,Tumakuru,Ravi Patil
1043,1757,0,Anitha Shetty,Arrest,2024-02-20,Hubballi-Dharwad,Ashwini Iyengar
1044,1761,0,Manjunath Nayak,Surrender,2024-02-20,Bengaluru Rural,Ashwini Desai
1046,1763,0,Suresh Hegde,Arrest,2024-02-20,Kalaburagi,Suresh Iyengar
1049,1767,0,Suresh Patil,Arrest,2024-02-20,Mysuru,Yashwanth Bhat
1052,1771,0,Vinutha Bhat,Arrest,2024-02-20,Mysuru,Joseph Bhat
1053,1773,0,Bhavana Murthy,Surrender,2024-02-20,Bengaluru City,Mary Reddy
1054,1775,0,Basavaraj Naik,Arrest,2024-02-20,Bengaluru Rural,Deepak Desai
1056,1777,0,Rekha Bhat,Arrest,2024-02-20,Vijayapura,Manjunath Naik
1061,1787,0,Bhavana Gowda,Arrest,2024-02-20,Bengaluru Rural,Vinutha Naik
1062,1789,0,Ravi Prasad,Arrest,2024-02-21,Hassan,Chetan Kumar
1063,1791,0,Kiran Kumar,Arrest,2024-02-21,Bengaluru City,Girish Gowda
1064,1793,0,Fatima Shetty,Surrender,2024-02-21,Ballari,Kiran Kulkarni
1067,1797,0,Deepak Rao,Arrest,2024-02-21,Shivamogga,Girish Murthy
1068,1799,0,Joseph Gowda,Arrest,2024-02-21,Ballari,Shivakumar Rao
1069,1801,0,Ravi Murthy,Arrest,2024-02-21,Bengaluru City,Prakash Kumar
1072,1807,0,Lakshmi Shetty,Arrest,2024-02-21,Mysuru,Bhavana Rao
1073,1809,0,Fatima Kumar,Arrest,2024-02-21,Bengaluru City,Rekha Nayak
1075,1811,0,Manjunath Rao,Surrender,2024-02-21,Shivamogga,Fatima Kumar
1077,1813,0,Yashwanth Murthy,Arrest,2024-02-21,Vijayapura,Vinutha Prasad
1079,1815,0,Yashwanth Gowda,Arrest,2024-02-21,Raichur,Joseph Hegde
1083,1825,0,Anitha Hegde,Arrest,2024-02-21,Mangaluru (DK),Pooja Desai
1085,1827,0,Deepak Bhat,Arrest,2024-02-21,Bengaluru City,Bhavana Murthy
1087,1829,0,Suresh Desai,Arrest,2024-02-22,Bengaluru City,Basavaraj Hegde
1088,1833,0,Bhavana Desai,Arrest,2024-02-22,Bengaluru City,Ravi Shetty
1090,1837,0,Vinutha Desai,Arrest,2024-02-22,Vijayapura,Suresh Bhat
1092,1839,0,Suresh Shetty,Arrest,2024-02-22,Hassan,Nagaraj Hegde
1093,1841,0,Mary Patil,Arrest,2024-02-22,Raichur,Imran Murthy
1095,1843,0,Fatima Iyengar,Surrender,2024-02-22,Mysuru,Vinutha Reddy
1097,1845,0,Suresh Gowda,Arrest,2024-02-22,Mangaluru (DK),Imran Desai
1099,1847,0,Ravi Murthy,Arrest,2024-02-22,Bengaluru City,Girish Prasad
1100,1849,0,Ashwini Murthy,Arrest,2024-02-22,Hassan,Suresh Naik
1101,1851,0,Vinutha Desai,Arrest,2024-02-22,Udupi,Pooja Hegde
1103,1853,0,Deepak Shetty,Arrest,2024-02-22,Hassan,Prakash Prasad
1105,1855,0,Yashwanth Naik,Arrest,2024-02-22,Shivamogga,Shivakumar Patil
1107,1857,0,Prakash Shetty,Surrender,2024-02-22,Bengaluru City,Chetan Shetty
1109,1861,0,Lakshmi Rao,Arrest,2024-02-22,Bengaluru City,Rekha Shetty
1111,1863,0,Yashwanth Reddy,Arrest,2024-02-22,Hassan,Kiran Murthy
1113,1867,0,Basavaraj Reddy,Arrest,2024-02-22,Shivamogga,Bhavana Naik
1114,1869,0,Mary Nayak,Arrest,2024-02-23,Bengaluru City,Girish Kulkarni
1115,1871,0,Pooja Nayak,Arrest,2024-02-23,Mysuru,Ravi Kumar
1117,1873,0,Anitha Prasad,Arrest,2024-02-23,Bengaluru City,Vinutha Kulkarni
1118,1875,0,Manjunath Naik,Arrest,2024-02-23,Belagavi,Fatima Hegde
1119,1879,0,Chetan Iyengar,Surrender,2024-02-23,Hubballi-Dharwad,Ashwini Iyengar
1120,1881,0,Anitha Gowda,Surrender,2024-02-23,Ballari,Chetan Gowda
1121,1883,0,Vinutha Patil,Arrest,2024-02-23,Tumakuru,Anitha Desai
1125,1889,0,Ravi Nayak,Arrest,2024-02-23,Bengaluru City,Kiran Reddy
1127,1891,0,Suresh Rao,Arrest,2024-02-23,Shivamogga,Kiran Kulkarni
1129,1895,0,Joseph Desai,Arrest,2024-02-23,Mangaluru (DK),Chetan Reddy
1132,1901,0,Shivakumar Shetty,Arrest,2024-02-23,Udupi,Shivakumar Desai
1135,1905,0,Bhavana Kumar,Arrest,2024-02-23,Hubballi-Dharwad,Ashwini Reddy
1139,1911,0,Prakash Nayak,Arrest,2024-02-23,Shivamogga,Basavaraj Hegde
1140,1913,0,Basavaraj Gowda,Arrest,2024-02-23,Bengaluru City,Basavaraj Naik
1142,1915,0,Deepak Naik,Arrest,2024-02-24,Ballari,Bhavana Iyengar
1145,1921,0,Manjunath Kumar,Arrest,2024-02-24,Kalaburagi,Joseph Prasad
1147,1923,0,Ravi Bhat,Surrender,2024-02-24,Shivamogga,Mary Murthy
1149,1925,0,Shivakumar Reddy,Arrest,2024-02-24,Mangaluru (DK),Nagaraj Shetty
1150,1927,0,Chetan Shetty,Arrest,2024-02-24,Mysuru,Kiran Patil
1152,1929,0,Nagaraj Hegde,Arrest,2024-02-24,Bengaluru City,Chetan Hegde
1158,1945,0,Kiran Naik,Arrest,2024-02-24,Bengaluru City,Deepak Nayak
1160,1951,0,Pooja Naik,Surrender,2024-02-24,Bengaluru City,Girish Gowda
1163,1957,0,Suresh Desai,Surrender,2024-02-24,Kalaburagi,Deepak Gowda
1164,1959,0,Pooja Kumar,Arrest,2024-02-25,Mangaluru (DK),Bhavana Kulkarni
1167,1963,0,Lakshmi Murthy,Arrest,2024-02-25,Bengaluru Rural,Prakash Nayak
1168,1965,0,Bhavana Desai,Arrest,2024-02-25,Tumakuru,Vinutha Iyengar
1171,1975,0,Prakash Hegde,Arrest,2024-02-25,Hassan,Anitha Naik
1172,1979,0,Prakash Patil,Arrest,2024-02-25,Vijayapura,Basavaraj Patil
1174,1981,0,Imran Reddy,Arrest,2024-02-25,Hassan,Fatima Iyengar
1176,1985,0,Rekha Prasad,Arrest,2024-02-25,Ballari,Prakash Reddy
1177,1987,0,Nagaraj Rao,Surrender,2024-02-25,Hubballi-Dharwad,Prakash Murthy
1179,1989,0,Ashwini Reddy,Arrest,2024-02-25,Bengaluru Rural,Anitha Nayak
1182,1993,0,Pooja Gowda,Arrest,2024-02-26,Ballari,Anitha Nayak
1184,1997,0,Anitha Kulkarni,Arrest,2024-02-26,Bengaluru City,Ravi Gowda
1186,1999,0,Shivakumar Hegde,Arrest,2024-02-26,Ballari,Fatima Gowda
1188,2003,0,Vinutha Shetty,Arrest,2024-02-26,Kalaburagi,Mary Gowda
1189,2005,0,Bhavana Patil,Arrest,2024-02-26,Belagavi,Deepak Rao
1192,2009,0,Fatima Shetty,Arrest,2024-02-26,Belagavi,Bhavana Nayak
1195,2017,0,Mary Rao,Surrender,2024-02-26,Bengaluru Rural,Ashwini Bhat
1197,2019,0,Imran Kumar,Arrest,2024-02-26,Kalaburagi,Imran Murthy
1198,2021,0,Yashwanth Rao,Arrest,2024-02-26,Bengaluru City,Fatima Naik
1200,2023,0,Joseph Naik,Arrest,2024-02-26,Mysuru,Bhavana Naik
1203,2031,0,Vinutha Nayak,Arrest,2024-02-26,Hubballi-Dharwad,Suresh Prasad
1204,2033,0,Girish Hegde,Arrest,2024-02-27,Mysuru,Anitha Reddy
1205,2035,0,Yashwanth Reddy,Arrest,2024-02-27,Hubballi-Dharwad,Lakshmi Reddy
1208,2039,0,Manjunath Iyengar,Arrest,2024-02-27,Vijayapura,Imran Kumar
1209,2041,0,Bhavana Iyengar,Arrest,2024-02-27,Bengaluru City,Mary Prasad
1211,2043,0,Shivakumar Kulkarni,Arrest,2024-02-27,Mysuru,Joseph Desai
1212,2045,0,Chetan Naik,Arrest,2024-02-27,Kalaburagi,Yashwanth Prasad
1214,2049,0,Yashwanth Prasad,Arrest,2024-02-27,Hubballi-Dharwad,Vinutha Naik
1216,2051,0,Anitha Reddy,Arrest,2024-02-27,Bengaluru Rural,Imran Iyengar
1218,2057,0,Ashwini Kulkarni,Arrest,2024-02-27,Bengaluru Rural,Anitha Reddy
1219,2059,0,Manjunath Desai,Arrest,2024-02-27,Vijayapura,Nagaraj Iyengar
1221,2063,0,Shivakumar Iyengar,Arrest,2024-02-27,Tumakuru,Yashwanth Desai
1223,2065,0,Nagaraj Hegde,Surrender,2024-02-27,Hubballi-Dharwad,Mary Gowda
1225,2067,0,Basavaraj Rao,Arrest,2024-02-27,Mysuru,Fatima Desai
1227,2069,0,Vinutha Kumar,Arrest,2024-02-27,Ballari,Manjunath Hegde
1234,2083,0,Shivakumar Prasad,Arrest,2024-02-28,Bengaluru City,Lakshmi Kumar
1235,2085,0,Deepak Prasad,Arrest,2024-02-28,Bengaluru City,Rekha Bhat
1238,2089,0,Shivakumar Murthy,Arrest,2024-02-28,Bengaluru City,Shivakumar Kulkarni
1241,2093,0,Prakash Patil,Arrest,2024-02-28,Hubballi-Dharwad,Anitha Shetty
1243,2097,0,Mary Desai,Arrest,2024-02-28,Vijayapura,Manjunath Reddy
1245,2099,0,Nagaraj Naik,Arrest,2024-02-28,Bengaluru Rural,Yashwanth Kulkarni
1248,2107,0,Prakash Kulkarni,Arrest,2024-02-28,Vijayapura,Vinutha Murthy
1251,2113,0,Rekha Kulkarni,Arrest,2024-02-28,Bengaluru City,Deepak Reddy
1253,2115,0,Ravi Naik,Arrest,2024-02-28,Bengaluru City,Anitha Hegde
1255,2117,0,Yashwanth Patil,Arrest,2024-02-28,Bengaluru City,Rekha Shetty
1257,2119,0,Lakshmi Kumar,Arrest,2024-02-29,Hassan,Chetan Prasad
1258,2121,0,Fatima Desai,Arrest,2024-02-29,Raichur,Nagaraj Bhat
1262,2133,0,Girish Iyengar,Arrest,2024-02-29,Davanagere,Kiran Desai
1265,2137,0,Chetan Shetty,Arrest,2024-02-29,Bengaluru City,Suresh Prasad
1267,2139,0,Prakash Prasad,Arrest,2024-02-29,Mysuru,Ashwini Kulkarni
1268,2141,0,Suresh Naik,Arrest,2024-02-29,Udupi,Deepak Iyengar
1270,2143,0,Suresh Murthy,Arrest,2024-02-29,Mysuru,Prakash Reddy
1272,2145,0,Shivakumar Kumar,Surrender,2024-02-29,Belagavi,Shivakumar Kulkarni
1273,2147,0,Lakshmi Naik,Arrest,2024-02-29,Udupi,Deepak Rao
1275,2149,0,Nagaraj Kulkarni,Arrest,2024-02-29,Mysuru,Deepak Reddy
1279,2157,0,Girish Reddy,Surrender,2024-02-29,Hubballi-Dharwad,Ravi Prasad
1280,2161,0,Suresh Bhat,Surrender,2024-02-29,Belagavi,Vinutha Kumar
1282,2163,0,Kiran Murthy,Arrest,2024-02-29,Raichur,Imran Kulkarni
1284,2165,0,Vinutha Prasad,Arrest,2024-02-29,Bengaluru City,Lakshmi Reddy
1288,2171,0,Nagaraj Murthy,Arrest,2024-03-01,Kalaburagi,Fatima Murthy
1290,2175,0,Bhavana Nayak,Surrender,2024-03-01,Udupi,Prakash Shetty
1293,2181,0,Ashwini Hegde,Arrest,2024-03-01,Kalaburagi,Deepak Desai
1295,2183,0,Joseph Prasad,Arrest,2024-03-01,Davanagere,Pooja Nayak
1297,2185,0,Pooja Bhat,Arrest,2024-03-01,Hubballi-Dharwad,Prakash Shetty
1300,2191,0,Prakash Patil,Arrest,2024-03-01,Bengaluru Rural,Yashwanth Murthy
1302,2193,0,Manjunath Shetty,Surrender,2024-03-01,Ballari,Vinutha Prasad
1303,2195,0,Rekha Kulkarni,Arrest,2024-03-01,Kalaburagi,Basavaraj Rao
1304,2197,0,Anitha Hegde,Arrest,2024-03-01,Hubballi-Dharwad,Imran Prasad
1306,2199,0,Manjunath Reddy,Arrest,2024-03-01,Ballari,Suresh Nayak
1308,2201,0,Fatima Shetty,Arrest,2024-03-01,Udupi,Yashwanth Prasad
1309,2203,0,Kiran Desai,Arrest,2024-03-01,Bengaluru City,Lakshmi Naik
1311,2205,0,Deepak Shetty,Surrender,2024-03-01,Kalaburagi,Chetan Kulkarni
1312,2207,0,Pooja Bhat,Arrest,2024-03-01,Kalaburagi,Suresh Kumar
1313,2211,0,Manjunath Rao,Arrest,2024-03-01,Udupi,Vinutha Kulkarni
1316,2221,0,Shivakumar Hegde,Arrest,2024-03-02,Bengaluru City,Yashwanth Bhat
1318,2223,0,Basavaraj Desai,Arrest,2024-03-02,Bengaluru City,Imran Shetty
1320,2225,0,Suresh Desai,Arrest,2024-03-02,Raichur,Imran Hegde
1323,2231,0,Mary Reddy,Arrest,2024-03-02,Raichur,Joseph Patil
1325,2233,0,Manjunath Kulkarni,Arrest,2024-03-02,Udupi,Pooja Bhat
1327,2235,0,Deepak Prasad,Surrender,2024-03-02,Vijayapura,Joseph Murthy
1329,2237,0,Ravi Desai,Arrest,2024-03-02,Bengaluru City,Yashwanth Iyengar
1332,2241,0,Anitha Gowda,Arrest,2024-03-02,Tumakuru,Ashwini Patil
1333,2243,0,Vinutha Desai,Arrest,2024-03-02,Kalaburagi,Ashwini Kulkarni
1335,2245,0,Basavaraj Naik,Arrest,2024-03-02,Kalaburagi,Suresh Naik
1337,2251,0,Suresh Patil,Arrest,2024-03-02,Belagavi,Ravi Kulkarni
1339,2255,0,Yashwanth Patil,Arrest,2024-03-02,Bengaluru City,Rekha Bhat
1340,2257,0,Mary Naik,Arrest,2024-03-02,Shivamogga,Yashwanth Rao
1342,2259,0,Rekha Reddy,Arrest,2024-03-02,Tumakuru,Basavaraj Reddy
1344,2261,0,Rekha Bhat,Arrest,2024-03-03,Bengaluru City,Nagaraj Bhat
1347,2267,0,Imran Kumar,Arrest,2024-03-03,Bengaluru City,Mary Iyengar
1348,2271,0,Ravi Prasad,Arrest,2024-03-03,Hassan,Vinutha Prasad
1350,2273,0,Bhavana Rao,Arrest,2024-03-03,Ballari,Deepak Kulkarni
1351,2275,0,Vinutha Shetty,Arrest,2024-03-03,Hassan,Basavaraj Iyengar
1353,2277,0,Anitha Naik,Surrender,2024-03-03,Mysuru,Lakshmi Bhat
1354,2279,0,Rekha Reddy,Arrest,2024-03-03,Mysuru,Prakash Hegde
1355,2281,0,Anitha Bhat,Arrest,2024-03-03,Tumakuru,Joseph Naik
1356,2285,0,Bhavana Gowda,Arrest,2024-03-03,Hassan,Vinutha Rao
1357,2289,0,Joseph Nayak,Arrest,2024-03-03,Belagavi,Lakshmi Kumar
1359,2291,0,Chetan Murthy,Arrest,2024-03-03,Bengaluru Rural,Nagaraj Gowda
1361,2293,0,Prakash Kumar,Arrest,2024-03-03,Bengaluru City,Shivakumar Kumar
1363,2295,0,Suresh Prasad,Arrest,2024-03-03,Raichur,Imran Shetty
1366,2301,0,Ravi Reddy,Arrest,2024-03-03,Kalaburagi,Deepak Prasad
1368,2303,0,Girish Kulkarni,Arrest,2024-03-03,Davanagere,Mary Hegde
1370,2305,0,Bhavana Bhat,Surrender,2024-03-03,Tumakuru,Bhavana Iyengar
1372,2307,0,Suresh Murthy,Arrest,2024-03-03,Vijayapura,Ravi Desai
1375,2311,0,Vinutha Kulkarni,Arrest,2024-03-04,Bengaluru City,Pooja Murthy
1378,2315,0,Deepak Reddy,Arrest,2024-03-04,Raichur,Fatima Rao
1379,2317,0,Mary Murthy,Arrest,2024-03-04,Shivamogga,Anitha Shetty
1382,2321,0,Suresh Hegde,Arrest,2024-03-04,Belagavi,Shivakumar Reddy
1384,2323,0,Chetan Nayak,Surrender,2024-03-04,Davanagere,Prakash Shetty
1385,2325,0,Prakash Murthy,Arrest,2024-03-04,Bengaluru City,Mary Iyengar
1386,2327,0,Basavaraj Rao,Arrest,2024-03-04,Bengaluru City,Anitha Iyengar
1387,2329,0,Vinutha Naik,Arrest,2024-03-04,Mysuru,Bhavana Kumar
1389,2333,0,Prakash Gowda,Arrest,2024-03-04,Bengaluru City,Nagaraj Kulkarni
1390,2335,0,Kiran Naik,Arrest,2024-03-04,Hassan,Imran Nayak
1392,2337,0,Girish Bhat,Arrest,2024-03-04,Bengaluru City,Yashwanth Reddy
1393,2339,0,Lakshmi Shetty,Arrest,2024-03-04,Tumakuru,Kiran Shetty
1395,2341,0,Chetan Desai,Arrest,2024-03-04,Ballari,Suresh Kumar
1397,2343,0,Nagaraj Nayak,Arrest,2024-03-04,Mangaluru (DK),Pooja Hegde
1398,2345,0,Nagaraj Kulkarni,Arrest,2024-03-04,Bengaluru City,Vinutha Gowda
1399,2347,0,Manjunath Murthy,Arrest,2024-03-04,Hubballi-Dharwad,Imran Kumar
1400,2349,0,Nagaraj Bhat,Arrest,2024-03-04,Bengaluru City,Mary Hegde
1401,2351,0,Nagaraj Nayak,Arrest,2024-03-04,Bengaluru City,Rekha Prasad
1405,2357,0,Lakshmi Prasad,Arrest,2024-03-05,Bengaluru City,Chetan Naik
1406,2359,0,Prakash Rao,Arrest,2024-03-05,Vijayapura,Suresh Iyengar
1407,2361,0,Kiran Desai,Surrender,2024-03-05,Udupi,Fatima Naik
1409,2363,0,Ashwini Shetty,Arrest,2024-03-05,Davanagere,Shivakumar Prasad
1411,2365,0,Lakshmi Naik,Arrest,2024-03-05,Raichur,Ashwini Bhat
1413,2367,0,Vinutha Patil,Arrest,2024-03-05,Mysuru,Vinutha Kumar
1415,2373,0,Yashwanth Iyengar,Arrest,2024-03-05,Hubballi-Dharwad,Suresh Hegde
1417,2375,0,Deepak Prasad,Arrest,2024-03-05,Hassan,Girish Prasad
1420,2379,0,Kiran Naik,Arrest,2024-03-05,Mysuru,Deepak Prasad
1421,2381,0,Manjunath Shetty,Arrest,2024-03-05,Bengaluru City,Prakash Reddy
1423,2383,0,Fatima Desai,Arrest,2024-03-05,Shivamogga,Nagaraj Reddy
1425,2387,0,Chetan Nayak,Arrest,2024-03-05,Raichur,Ravi Gowda
1426,2389,0,Yashwanth Rao,Arrest,2024-03-05,Mangaluru (DK),Deepak Kumar
1428,2393,0,Girish Bhat,Arrest,2024-03-05,Mysuru,Rekha Hegde
1429,2395,0,Joseph Patil,Arrest,2024-03-06,Raichur,Yashwanth Iyengar
1430,2397,0,Yashwanth Kumar,Arrest,2024-03-06,Bengaluru City,Chetan Patil
1432,2399,0,Nagaraj Gowda,Arrest,2024-03-06,Bengaluru City,Fatima Reddy
1433,2401,0,Ravi Gowda,Surrender,2024-03-06,Bengaluru Rural,Anitha Rao
1434,2405,0,Mary Murthy,Arrest,2024-03-06,Kalaburagi,Rekha Desai
1436,2407,0,Imran Prasad,Arrest,2024-03-06,Bengaluru City,Vinutha Shetty
1438,2409,0,Basavaraj Nayak,Arrest,2024-03-06,Bengaluru City,Nagaraj Murthy
1441,2421,0,Suresh Rao,Arrest,2024-03-06,Hubballi-Dharwad,Girish Bhat
1443,2423,0,Pooja Shetty,Arrest,2024-03-06,Mysuru,Lakshmi Bhat
1445,2425,0,Chetan Iyengar,Arrest,2024-03-06,Bengaluru City,Kiran Reddy
1447,2429,0,Chetan Kulkarni,Arrest,2024-03-06,Bengaluru City,Nagaraj Iyengar
1449,2435,0,Fatima Shetty,Surrender,2024-03-06,Udupi,Suresh Patil
1451,2437,0,Anitha Reddy,Arrest,2024-03-07,Udupi,Vinutha Iyengar
1452,2439,0,Pooja Kumar,Arrest,2024-03-07,Kalaburagi,Bhavana Bhat
1454,2441,0,Rekha Murthy,Arrest,2024-03-07,Vijayapura,Mary Kulkarni
1456,2443,0,Girish Kumar,Arrest,2024-03-07,Mysuru,Ashwini Bhat
1459,2447,0,Suresh Patil,Arrest,2024-03-07,Bengaluru City,Ashwini Reddy
1461,2451,0,Prakash Patil,Surrender,2024-03-07,Bengaluru City,Bhavana Murthy
1462,2453,0,Chetan Naik,Surrender,2024-03-07,Bengaluru Rural,Rekha Iyengar
1464,2455,0,Mary Iyengar,Arrest,2024-03-07,Tumakuru,Mary Murthy
1465,2461,0,Yashwanth Reddy,Arrest,2024-03-07,Udupi,Girish Murthy
1467,2463,0,Mary Kulkarni,Arrest,2024-03-07,Belagavi,Yashwanth Patil
1470,2479,0,Anitha Hegde,Arrest,2024-03-07,Bengaluru City,Prakash Hegde
1472,2481,0,Girish Rao,Surrender,2024-03-07,Raichur,Anitha Kumar
1475,2489,0,Chetan Kulkarni,Arrest,2024-03-08,Udupi,Yashwanth Prasad
1477,2491,0,Lakshmi Gowda,Arrest,2024-03-08,Belagavi,Rekha Murthy
1480,2499,0,Rekha Hegde,Arrest,2024-03-08,Hubballi-Dharwad,Fatima Patil
1483,2503,0,Prakash Hegde,Arrest,2024-03-08,Udupi,Ashwini Patil
1485,2505,0,Bhavana Hegde,Surrender,2024-03-08,Tumakuru,Manjunath Gowda
1486,2507,0,Deepak Desai,Arrest,2024-03-08,Bengaluru City,Pooja Gowda
1488,2511,0,Suresh Prasad,Arrest,2024-03-08,Mysuru,Yashwanth Patil
1490,2515,0,Imran Iyengar,Arrest,2024-03-08,Bengaluru City,Kiran Prasad
1492,2519,0,Basavaraj Murthy,Arrest,2024-03-08,Hubballi-Dharwad,Basavaraj Kulkarni
1493,2521,0,Yashwanth Prasad,Arrest,2024-03-08,Bengaluru City,Basavaraj Iyengar
1496,2525,0,Joseph Nayak,Arrest,2024-03-09,Raichur,Deepak Iyengar
1499,2531,0,Basavaraj Hegde,Surrender,2024-03-09,Mangaluru (DK),Deepak Gowda
1502,2537,0,Imran Prasad,Arrest,2024-03-09,Bengaluru City,Imran Iyengar
1504,2541,0,Joseph Iyengar,Arrest,2024-03-09,Hassan,Prakash Reddy
1506,2543,0,Yashwanth Rao,Arrest,2024-03-09,Raichur,Deepak Naik
1512,2553,0,Anitha Desai,Arrest,2024-03-09,Bengaluru City,Chetan Nayak
1514,2555,0,Deepak Patil,Arrest,2024-03-09,Vijayapura,Fatima Gowda
1516,2557,0,Bhavana Bhat,Arrest,2024-03-09,Bengaluru City,Prakash Bhat
1518,2559,0,Bhavana Kulkarni,Arrest,2024-03-09,Bengaluru City,Nagaraj Naik
1520,2561,0,Nagaraj Kumar,Arrest,2024-03-09,Mysuru,Prakash Shetty
1521,2567,0,Pooja Kumar,Arrest,2024-03-10,Bengaluru Rural,Suresh Kulkarni
1524,2571,0,Ravi Hegde,Arrest,2024-03-10,Bengaluru City,Pooja Nayak
1526,2573,0,Anitha Desai,Surrender,2024-03-10,Bengaluru City,Deepak Nayak
1528,2575,0,Kiran Nayak,Arrest,2024-03-10,Shivamogga,Rekha Kulkarni
1530,2579,0,Bhavana Patil,Arrest,2024-03-10,Mysuru,Rekha Kulkarni
1532,2581,0,Imran Naik,Arrest,2024-03-10,Belagavi,Deepak Nayak
1534,2585,0,Chetan Desai,Arrest,2024-03-10,Udupi,Mary Hegde
1537,2589,0,Ashwini Patil,Arrest,2024-03-10,Bengaluru City,Shivakumar Murthy
1539,2591,0,Rekha Nayak,Arrest,2024-03-10,Bengaluru City,Shivakumar Iyengar
1541,2593,0,Ravi Nayak,Arrest,2024-03-10,Bengaluru City,Kiran Kumar
1542,2597,0,Anitha Kumar,Arrest,2024-03-10,Belagavi,Rekha Hegde
1547,2607,0,Joseph Kulkarni,Arrest,2024-03-11,Bengaluru City,Suresh Kulkarni
1548,2611,0,Vinutha Desai,Arrest,2024-03-11,Bengaluru City,Joseph Shetty
1550,2613,0,Joseph Bhat,Arrest,2024-03-11,Hassan,Ravi Shetty
1552,2617,0,Mary Shetty,Arrest,2024-03-11,Hassan,Ravi Kumar
1553,2619,0,Yashwanth Naik,Arrest,2024-03-11,Ballari,Shivakumar Kulkarni
1555,2621,0,Girish Reddy,Arrest,2024-03-11,Mangaluru (DK),Vinutha Shetty
1558,2625,0,Pooja Kumar,Arrest,2024-03-11,Mysuru,Fatima Patil
1560,2627,0,Joseph Desai,Arrest,2024-03-11,Kalaburagi,Deepak Gowda
1562,2629,0,Yashwanth Hegde,Arrest,2024-03-11,Belagavi,Joseph Murthy
1564,2633,0,Basavaraj Patil,Arrest,2024-03-11,Hassan,Fatima Gowda
1566,2635,0,Pooja Patil,Arrest,2024-03-11,Ballari,Manjunath Shetty
1568,2637,0,Suresh Nayak,Arrest,2024-03-12,Davanagere,Kiran Nayak
1571,2641,0,Nagaraj Hegde,Arrest,2024-03-12,Bengaluru Rural,Suresh Iyengar
1574,2645,0,Joseph Prasad,Surrender,2024-03-12,Bengaluru City,Manjunath Reddy
1575,2647,0,Lakshmi Iyengar,Arrest,2024-03-12,Kalaburagi,Ravi Desai
1577,2651,0,Chetan Reddy,Arrest,2024-03-12,Hubballi-Dharwad,Prakash Rao
1578,2659,0,Yashwanth Patil,Arrest,2024-03-12,Vijayapura,Manjunath Shetty
1580,2661,0,Basavaraj Desai,Arrest,2024-03-12,Raichur,Ravi Shetty
1583,2667,0,Basavaraj Iyengar,Arrest,2024-03-12,Bengaluru City,Imran Murthy
1584,2669,0,Suresh Kulkarni,Arrest,2024-03-12,Tumakuru,Imran Kumar
1586,2671,0,Shivakumar Patil,Arrest,2024-03-12,Belagavi,Vinutha Hegde
1588,2673,0,Vinutha Gowda,Arrest,2024-03-12,Vijayapura,Nagaraj Kumar
1589,2675,0,Chetan Iyengar,Arrest,2024-03-12,Ballari,Rekha Shetty
1590,2677,0,Manjunath Iyengar,Arrest,2024-03-12,Raichur,Deepak Prasad
1592,2681,0,Basavaraj Reddy,Surrender,2024-03-13,Mysuru,Mary Hegde
1593,2683,0,Shivakumar Naik,Arrest,2024-03-13,Kalaburagi,Girish Murthy
1596,2691,0,Fatima Naik,Arrest,2024-03-13,Shivamogga,Lakshmi Bhat
1598,2693,0,Kiran Patil,Arrest,2024-03-13,Mysuru,Vinutha Kumar
1599,2695,0,Nagaraj Shetty,Arrest,2024-03-13,Hassan,Kiran Kulkarni
1600,2697,0,Joseph Rao,Arrest,2024-03-13,Shivamogga,Chetan Prasad
1601,2701,0,Joseph Gowda,Arrest,2024-03-13,Bengaluru City,Shivakumar Desai
1602,2703,0,Yashwanth Hegde,Arrest,2024-03-13,Bengaluru City,Pooja Gowda
1603,2707,0,Nagaraj Kulkarni,Arrest,2024-03-13,Bengaluru City,Deepak Rao
1605,2709,0,Pooja Kulkarni,Arrest,2024-03-13,Kalaburagi,Anitha Kulkarni
1606,2711,0,Joseph Naik,Arrest,2024-03-13,Mysuru,Lakshmi Hegde
1608,2715,0,Prakash Kulkarni,Arrest,2024-03-13,Davanagere,Bhavana Desai
1610,2719,0,Pooja Hegde,Arrest,2024-03-13,Kalaburagi,Manjunath Gowda
1612,2723,0,Imran Reddy,Arrest,2024-03-14,Mangaluru (DK),Fatima Patil
1613,2725,0,Ashwini Desai,Arrest,2024-03-14,Bengaluru City,Chetan Kumar
1614,2727,0,Kiran Hegde,Arrest,2024-03-14,Bengaluru City,Shivakumar Gowda
1616,2729,0,Yashwanth Desai,Surrender,2024-03-14,Tumakuru,Joseph Naik
1620,2735,0,Basavaraj Reddy,Arrest,2024-03-14,Kalaburagi,Deepak Bhat
1623,2741,0,Nagaraj Murthy,Surrender,2024-03-14,Tumakuru,Girish Naik
1625,2743,0,Deepak Gowda,Arrest,2024-03-14,Bengaluru City,Rekha Reddy
1627,2749,0,Rekha Naik,Arrest,2024-03-14,Kalaburagi,Deepak Bhat
1629,2753,0,Shivakumar Gowda,Arrest,2024-03-14,Kalaburagi,Basavaraj Bhat
1630,2755,0,Ashwini Naik,Arrest,2024-03-14,Raichur,Mary Bhat
1632,2759,0,Rekha Kumar,Arrest,2024-03-14,Vijayapura,Ravi Bhat
1633,2761,0,Yashwanth Rao,Arrest,2024-03-15,Hassan,Deepak Patil
1637,2769,0,Chetan Kulkarni,Arrest,2024-03-15,Mangaluru (DK),Shivakumar Naik
1639,2773,0,Bhavana Hegde,Arrest,2024-03-15,Belagavi,Lakshmi Shetty
1641,2775,0,Pooja Murthy,Arrest,2024-03-15,Bengaluru City,Shivakumar Kulkarni
1642,2777,0,Imran Kumar,Arrest,2024-03-15,Raichur,Yashwanth Shetty
1644,2779,0,Mary Kulkarni,Arrest,2024-03-15,Mangaluru (DK),Fatima Reddy
1646,2781,0,Kiran Hegde,Surrender,2024-03-15,Bengaluru City,Anitha Hegde
1648,2783,0,Anitha Prasad,Arrest,2024-03-15,Bengaluru City,Deepak Murthy
1650,2785,0,Ashwini Nayak,Arrest,2024-03-15,Bengaluru City,Lakshmi Kulkarni
1651,2787,0,Basavaraj Nayak,Arrest,2024-03-15,Mangaluru (DK),Fatima Shetty
1653,2791,0,Fatima Kulkarni,Arrest,2024-03-15,Mysuru,Deepak Gowda
1655,2793,0,Girish Kulkarni,Arrest,2024-03-15,Bengaluru City,Anitha Hegde
1659,2803,0,Kiran Gowda,Arrest,2024-03-15,Mysuru,Fatima Bhat
1661,2807,0,Mary Desai,Arrest,2024-03-15,Belagavi,Kiran Prasad
1662,2809,0,Ashwini Hegde,Arrest,2024-03-15,Mysuru,Deepak Rao
1664,2811,0,Chetan Bhat,Arrest,2024-03-15,Belagavi,Lakshmi Kumar
1666,2815,0,Chetan Murthy,Arrest,2024-03-15,Bengaluru City,Vinutha Murthy
1668,2817,0,Vinutha Rao,Arrest,2024-03-15,Bengaluru Rural,Mary Hegde
1670,2821,0,Basavaraj Murthy,Arrest,2024-03-16,Bengaluru City,Suresh Reddy
1672,2823,0,Prakash Reddy,Arrest,2024-03-16,Mysuru,Nagaraj Patil
1675,2827,0,Prakash Hegde,Arrest,2024-03-16,Bengaluru City,Vinutha Kumar
1676,2829,0,Yashwanth Prasad,Arrest,2024-03-16,Raichur,Girish Kumar
1678,2831,0,Fatima Bhat,Arrest,2024-03-16,Bengaluru City,Prakash Kumar
1680,2835,0,Nagaraj Prasad,Arrest,2024-03-16,Ballari,Chetan Bhat
1681,2837,0,Imran Bhat,Arrest,2024-03-16,Belagavi,Ravi Naik
1683,2839,0,Suresh Desai,Surrender,2024-03-16,Bengaluru City,Nagaraj Murthy
1684,2841,0,Pooja Prasad,Arrest,2024-03-16,Raichur,Rekha Naik
1685,2845,0,Mary Shetty,Arrest,2024-03-16,Bengaluru City,Suresh Gowda
1686,2847,0,Yashwanth Gowda,Arrest,2024-03-16,Mysuru,Bhavana Shetty
1687,2849,0,Basavaraj Kulkarni,Arrest,2024-03-16,Mysuru,Suresh Prasad
1689,2853,0,Girish Iyengar,Arrest,2024-03-16,Belagavi,Kiran Shetty
1690,2857,0,Bhavana Desai,Arrest,2024-03-16,Shivamogga,Prakash Desai
1691,2859,0,Nagaraj Bhat,Arrest,2024-03-16,Bengaluru City,Shivakumar Naik
1693,2863,0,Deepak Kumar,Surrender,2024-03-17,Shivamogga,Joseph Gowda
1694,2867,0,Ashwini Desai,Arrest,2024-03-17,Hubballi-Dharwad,Fatima Rao
1695,2871,0,Manjunath Hegde,Arrest,2024-03-17,Mangaluru (DK),Girish Hegde
1699,2877,0,Ashwini Prasad,Arrest,2024-03-17,Tumakuru,Suresh Prasad
1700,2881,0,Vinutha Naik,Arrest,2024-03-17,Kalaburagi,Basavaraj Kumar
1701,2885,0,Imran Iyengar,Arrest,2024-03-17,Kalaburagi,Shivakumar Naik
1704,2889,0,Vinutha Nayak,Arrest,2024-03-17,Kalaburagi,Suresh Kumar
1706,2897,0,Fatima Desai,Arrest,2024-03-17,Bengaluru City,Nagaraj Naik
1708,2899,0,Girish Naik,Surrender,2024-03-17,Hassan,Ravi Nayak
1710,2901,0,Shivakumar Kulkarni,Arrest,2024-03-17,Bengaluru City,Fatima Nayak
1713,2909,0,Vinutha Reddy,Surrender,2024-03-17,Mysuru,Nagaraj Patil
1714,2911,0,Bhavana Patil,Arrest,2024-03-18,Hassan,Imran Kulkarni
1717,2919,0,Basavaraj Nayak,Arrest,2024-03-18,Davanagere,Vinutha Gowda
1720,2923,0,Bhavana Shetty,Surrender,2024-03-18,Hubballi-Dharwad,Joseph Reddy
1723,2927,0,Deepak Murthy,Arrest,2024-03-18,Vijayapura,Ravi Prasad
1725,2933,0,Shivakumar Iyengar,Arrest,2024-03-18,Belagavi,Deepak Iyengar
1729,2939,0,Basavaraj Hegde,Arrest,2024-03-18,Belagavi,Chetan Naik
1732,2943,0,Ashwini Bhat,Arrest,2024-03-18,Hubballi-Dharwad,Rekha Kulkarni
1735,2951,0,Nagaraj Prasad,Arrest,2024-03-19,Bengaluru City,Shivakumar Hegde
1739,2959,0,Mary Nayak,Arrest,2024-03-19,Bengaluru City,Lakshmi Patil
1741,2961,0,Chetan Iyengar,Arrest,2024-03-19,Bengaluru City,Fatima Bhat
1743,2963,0,Rekha Nayak,Arrest,2024-03-19,Mangaluru (DK),Pooja Reddy
1745,2967,0,Deepak Rao,Arrest,2024-03-19,Hubballi-Dharwad,Lakshmi Shetty
1747,2971,0,Shivakumar Kulkarni,Surrender,2024-03-19,Vijayapura,Shivakumar Murthy
1749,2975,0,Shivakumar Kumar,Arrest,2024-03-19,Udupi,Rekha Shetty
1750,2977,0,Vinutha Gowda,Arrest,2024-03-19,Hubballi-Dharwad,Ashwini Reddy
1751,2979,0,Lakshmi Nayak,Surrender,2024-03-19,Mysuru,Pooja Shetty
1754,2983,0,Deepak Naik,Surrender,2024-03-19,Bengaluru City,Chetan Nayak
1757,2989,0,Mary Naik,Arrest,2024-03-20,Mysuru,Bhavana Shetty
1758,2991,0,Nagaraj Patil,Arrest,2024-03-20,Ballari,Suresh Prasad
1760,2995,0,Shivakumar Kumar,Arrest,2024-03-20,Ballari,Fatima Hegde
1761,2997,0,Girish Shetty,Arrest,2024-03-20,Kalaburagi,Chetan Iyengar
1764,3001,0,Prakash Kulkarni,Surrender,2024-03-20,Bengaluru City,Nagaraj Iyengar
1768,3007,0,Anitha Iyengar,Arrest,2024-03-20,Hassan,Chetan Kulkarni
1772,3013,0,Fatima Nayak,Arrest,2024-03-20,Hassan,Suresh Kulkarni
1774,3015,0,Mary Reddy,Arrest,2024-03-20,Vijayapura,Ravi Kulkarni
1776,3019,0,Imran Desai,Arrest,2024-03-20,Bengaluru City,Anitha Kulkarni
1778,3021,0,Basavaraj Bhat,Arrest,2024-03-20,Mysuru,Basavaraj Rao
1781,3029,0,Deepak Patil,Arrest,2024-03-20,Tumakuru,Yashwanth Prasad
1783,3033,0,Bhavana Rao,Arrest,2024-03-21,Vijayapura,Joseph Hegde
1785,3037,0,Girish Nayak,Arrest,2024-03-21,Mysuru,Yashwanth Iyengar
1786,3039,0,Ashwini Kumar,Arrest,2024-03-21,Bengaluru City,Ravi Desai
1790,3047,0,Shivakumar Reddy,Surrender,2024-03-21,Vijayapura,Bhavana Reddy
1794,3053,0,Bhavana Rao,Arrest,2024-03-21,Belagavi,Girish Reddy
1796,3057,0,Vinutha Nayak,Arrest,2024-03-21,Belagavi,Manjunath Desai
1798,3059,0,Lakshmi Shetty,Arrest,2024-03-21,Ballari,Kiran Murthy
1800,3061,0,Yashwanth Prasad,Arrest,2024-03-21,Davanagere,Deepak Bhat
1802,3063,0,Anitha Desai,Arrest,2024-03-21,Hassan,Shivakumar Kumar
1804,3067,0,Deepak Patil,Arrest,2024-03-21,Mangaluru (DK),Pooja Rao
1805,3069,0,Imran Kulkarni,Arrest,2024-03-21,Hubballi-Dharwad,Bhavana Desai
1808,3075,0,Chetan Kulkarni,Arrest,2024-03-22,Ballari,Manjunath Iyengar
1810,3079,0,Manjunath Reddy,Arrest,2024-03-22,Hubballi-Dharwad,Manjunath Reddy
1812,3085,0,Girish Hegde,Arrest,2024-03-22,Davanagere,Manjunath Reddy
1814,3087,0,Bhavana Shetty,Arrest,2024-03-22,Udupi,Suresh Nayak
1816,3089,0,Ashwini Hegde,Arrest,2024-03-22,Mysuru,Joseph Rao
1818,3091,0,Ravi Shetty,Arrest,2024-03-22,Udupi,Manjunath Kumar
1820,3093,0,Prakash Reddy,Arrest,2024-03-22,Mangaluru (DK),Basavaraj Iyengar
1821,3095,0,Rekha Gowda,Arrest,2024-03-22,Bengaluru City,Vinutha Kumar
1822,3097,0,Joseph Nayak,Arrest,2024-03-22,Hubballi-Dharwad,Mary Patil
1824,3099,0,Kiran Kumar,Arrest,2024-03-22,Mangaluru (DK),Deepak Reddy
1825,3103,0,Deepak Prasad,Arrest,2024-03-22,Kalaburagi,Pooja Iyengar
1826,3105,0,Lakshmi Desai,Arrest,2024-03-22,Belagavi,Bhavana Naik
1829,3111,0,Vinutha Murthy,Arrest,2024-03-22,Hassan,Joseph Nayak
1830,3113,0,Vinutha Shetty,Arrest,2024-03-22,Raichur,Nagaraj Desai
1832,3115,0,Joseph Kumar,Surrender,2024-03-22,Hubballi-Dharwad,Basavaraj Prasad
1833,3117,0,Lakshmi Bhat,Surrender,2024-03-22,Bengaluru City,Lakshmi Murthy
1834,3121,0,Anitha Naik,Surrender,2024-03-22,Belagavi,Joseph Prasad
1835,3123,0,Lakshmi Hegde,Arrest,2024-03-22,Tumakuru,Pooja Patil
1837,3129,0,Deepak Rao,Arrest,2024-03-23,Hassan,Pooja Prasad
1839,3131,0,Girish Patil,Surrender,2024-03-23,Shivamogga,Prakash Nayak
1840,3133,0,Bhavana Hegde,Arrest,2024-03-23,Shivamogga,Manjunath Murthy
1841,3135,0,Ravi Gowda,Arrest,2024-03-23,Ballari,Vinutha Kumar
1843,3137,0,Vinutha Bhat,Arrest,2024-03-23,Kalaburagi,Ashwini Desai
1845,3139,0,Kiran Naik,Arrest,2024-03-23,Bengaluru City,Pooja Patil
1847,3141,0,Rekha Patil,Surrender,2024-03-23,Hubballi-Dharwad,Ravi Shetty
1848,3143,0,Deepak Rao,Surrender,2024-03-23,Kalaburagi,Joseph Reddy
1849,3145,0,Kiran Hegde,Arrest,2024-03-23,Hassan,Kiran Patil
1851,3147,0,Basavaraj Reddy,Arrest,2024-03-23,Ballari,Prakash Iyengar
1853,3149,0,Basavaraj Rao,Arrest,2024-03-23,Kalaburagi,Lakshmi Shetty
1855,3151,0,Yashwanth Prasad,Arrest,2024-03-23,Kalaburagi,Basavaraj Kumar
1859,3157,0,Ravi Murthy,Arrest,2024-03-23,Bengaluru City,Fatima Murthy
1861,3159,0,Nagaraj Nayak,Surrender,2024-03-23,Bengaluru City,Bhavana Prasad
1863,3161,0,Basavaraj Murthy,Arrest,2024-03-23,Bengaluru City,Ravi Prasad
1865,3163,0,Basavaraj Rao,Arrest,2024-03-23,Belagavi,Manjunath Reddy
1867,3169,0,Prakash Murthy,Arrest,2024-03-23,Bengaluru City,Rekha Hegde
1870,3175,0,Mary Kulkarni,Arrest,2024-03-23,Hubballi-Dharwad,Anitha Gowda
1871,3177,0,Basavaraj Patil,Arrest,2024-03-23,Bengaluru City,Rekha Nayak
1873,3179,0,Yashwanth Reddy,Arrest,2024-03-23,Bengaluru City,Bhavana Kulkarni
1876,3183,0,Fatima Reddy,Arrest,2024-03-24,Hassan,Rekha Gowda
1878,3187,0,Ravi Reddy,Arrest,2024-03-24,Hubballi-Dharwad,Basavaraj Gowda
1880,3191,0,Prakash Shetty,Arrest,2024-03-24,Shivamogga,Vinutha Iyengar
1881,3193,0,Basavaraj Shetty,Surrender,2024-03-24,Udupi,Prakash Desai
1883,3199,0,Suresh Desai,Arrest,2024-03-24,Mangaluru (DK),Deepak Patil
1884,3201,0,Prakash Shetty,Arrest,2024-03-24,Davanagere,Lakshmi Reddy
1886,3205,0,Prakash Murthy,Arrest,2024-03-24,Bengaluru City,Shivakumar Nayak
1887,3207,0,Imran Prasad,Arrest,2024-03-24,Belagavi,Deepak Desai
1891,3213,0,Yashwanth Patil,Arrest,2024-03-24,Hassan,Bhavana Naik
1893,3215,0,Basavaraj Iyengar,Arrest,2024-03-24,Davanagere,Yashwanth Reddy
1896,3219,0,Basavaraj Reddy,Arrest,2024-03-24,Kalaburagi,Chetan Gowda
1899,3223,0,Joseph Gowda,Arrest,2024-03-24,Tumakuru,Chetan Bhat
1901,3225,0,Pooja Kumar,Arrest,2024-03-24,Tumakuru,Pooja Reddy
1903,3229,0,Imran Shetty,Surrender,2024-03-25,Bengaluru City,Nagaraj Naik
1905,3231,0,Anitha Naik,Arrest,2024-03-25,Kalaburagi,Rekha Rao
1906,3235,0,Shivakumar Shetty,Surrender,2024-03-25,Belagavi,Pooja Prasad
1907,3239,0,Vinutha Patil,Arrest,2024-03-25,Bengaluru City,Manjunath Reddy
1909,3245,0,Bhavana Patil,Arrest,2024-03-25,Bengaluru City,Ravi Gowda
1910,3249,0,Kiran Bhat,Arrest,2024-03-25,Bengaluru City,Basavaraj Patil
1913,3253,0,Imran Nayak,Arrest,2024-03-25,Bengaluru City,Bhavana Murthy
1915,3255,0,Anitha Prasad,Arrest,2024-03-25,Bengaluru City,Ravi Hegde
1916,3257,0,Girish Naik,Arrest,2024-03-25,Bengaluru City,Manjunath Kumar
1917,3261,0,Imran Kumar,Surrender,2024-03-25,Belagavi,Yashwanth Nayak
1919,3263,0,Pooja Desai,Arrest,2024-03-26,Mysuru,Pooja Hegde
1921,3265,0,Joseph Iyengar,Arrest,2024-03-26,Tumakuru,Suresh Bhat
1925,3271,0,Imran Desai,Arrest,2024-03-26,Kalaburagi,Ashwini Kulkarni
1927,3273,0,Anitha Kulkarni,Arrest,2024-03-26,Bengaluru City,Ashwini Prasad
1929,3275,0,Deepak Gowda,Arrest,2024-03-26,Mangaluru (DK),Shivakumar Kulkarni
1931,3279,0,Suresh Prasad,Arrest,2024-03-26,Udupi,Joseph Shetty
1932,3281,0,Fatima Shetty,Arrest,2024-03-26,Udupi,Imran Kumar
1933,3283,0,Imran Murthy,Arrest,2024-03-26,Bengaluru City,Suresh Rao
1934,3287,0,Shivakumar Bhat,Arrest,2024-03-26,Raichur,Deepak Desai
1936,3289,0,Rekha Kumar,Arrest,2024-03-26,Udupi,Joseph Desai
1938,3293,0,Ravi Shetty,Arrest,2024-03-26,Belagavi,Ashwini Prasad
1940,3295,0,Pooja Patil,Arrest,2024-03-26,Mysuru,Fatima Bhat
1946,3307,0,Bhavana Kulkarni,Arrest,2024-03-26,Tumakuru,Ravi Reddy
1947,3309,0,Rekha Rao,Arrest,2024-03-26,Bengaluru City,Rekha Shetty
1949,3311,0,Suresh Rao,Arrest,2024-03-27,Mysuru,Girish Gowda
1950,3315,0,Mary Reddy,Arrest,2024-03-27,Bengaluru City,Girish Naik
1952,3317,0,Anitha Desai,Arrest,2024-03-27,Kalaburagi,Ashwini Hegde
1955,3323,0,Vinutha Patil,Arrest,2024-03-27,Belagavi,Prakash Kumar
1957,3325,0,Rekha Rao,Arrest,2024-03-27,Mangaluru (DK),Imran Nayak
1960,3329,0,Kiran Nayak,Arrest,2024-03-27,Mysuru,Ashwini Kulkarni
1962,3331,0,Vinutha Murthy,Arrest,2024-03-27,Hubballi-Dharwad,Suresh Prasad
1964,3335,0,Imran Iyengar,Arrest,2024-03-27,Bengaluru City,Shivakumar Kulkarni
1966,3337,0,Anitha Patil,Arrest,2024-03-27,Bengaluru Rural,Lakshmi Gowda
1968,3339,0,Girish Kulkarni,Arrest,2024-03-27,Mysuru,Suresh Naik
1970,3341,0,Ravi Naik,Arrest,2024-03-27,Vijayapura,Chetan Hegde
1971,3343,0,Manjunath Kulkarni,Arrest,2024-03-27,Bengaluru City,Chetan Kulkarni
1973,3345,0,Prakash Kulkarni,Arrest,2024-03-27,Bengaluru City,Vinutha Shetty
1976,3349,0,Anitha Naik,Arrest,2024-03-27,Mysuru,Deepak Reddy
1977,3351,0,Basavaraj Hegde,Arrest,2024-03-27,Mangaluru (DK),Suresh Nayak
1978,3353,0,Manjunath Desai,Arrest,2024-03-27,Hubballi-Dharwad,Manjunath Iyengar
1980,3355,0,Yashwanth Kumar,Arrest,2024-03-27,Mysuru,Basavaraj Bhat
1983,3359,0,Ashwini Reddy,Arrest,2024-03-27,Bengaluru City,Mary Prasad
1985,3363,0,Girish Reddy,Surrender,2024-03-28,Mysuru,Manjunath Murthy
1986,3365,0,Yashwanth Reddy,Arrest,2024-03-28,Mangaluru (DK),Mary Kulkarni
1989,3371,0,Anitha Murthy,Arrest,2024-03-28,Vijayapura,Joseph Iyengar
1991,3373,0,Pooja Kumar,Arrest,2024-03-28,Hassan,Imran Rao
1993,3375,0,Bhavana Hegde,Arrest,2024-03-28,Mysuru,Rekha Shetty
1996,3379,0,Lakshmi Kulkarni,Arrest,2024-03-28,Shivamogga,Shivakumar Kumar
1999,3383,0,Pooja Shetty,Arrest,2024-03-28,Bengaluru City,Anitha Rao
2001,3387,0,Manjunath Naik,Arrest,2024-03-28,Belagavi,Lakshmi Prasad
2002,3389,0,Lakshmi Naik,Arrest,2024-03-28,Vijayapura,Ravi Bhat
2003,3391,0,Pooja Hegde,Arrest,2024-03-28,Vijayapura,Yashwanth Gowda
2004,3393,0,Rekha Iyengar,Arrest,2024-03-28,Hubballi-Dharwad,Shivakumar Reddy
2007,3399,0,Yashwanth Gowda,Arrest,2024-03-28,Kalaburagi,Chetan Iyengar
2009,3401,0,Mary Bhat,Arrest,2024-03-28,Mysuru,Ashwini Patil
2011,3403,0,Basavaraj Kumar,Arrest,2024-03-28,Ballari,Vinutha Patil
2015,3409,0,Bhavana Prasad,Arrest,2024-03-28,Mysuru,Chetan Prasad
2016,3417,0,Prakash Kulkarni,Arrest,2024-03-29,Kalaburagi,Anitha Rao
2017,3421,0,Imran Prasad,Arrest,2024-03-29,Mysuru,Nagaraj Hegde
2020,3427,0,Anitha Murthy,Surrender,2024-03-29,Shivamogga,Ravi Rao
2021,3429,0,Girish Nayak,Surrender,2024-03-29,Bengaluru City,Chetan Kulkarni
2023,3431,0,Yashwanth Hegde,Arrest,2024-03-29,Bengaluru City,Prakash Desai
2026,3435,0,Deepak Patil,Surrender,2024-03-29,Hassan,Kiran Kulkarni
2030,3441,0,Rekha Murthy,Arrest,2024-03-29,Davanagere,Girish Gowda
2031,3445,0,Nagaraj Reddy,Arrest,2024-03-29,Vijayapura,Rekha Prasad
2032,3447,0,Bhavana Nayak,Arrest,2024-03-29,Shivamogga,Joseph Murthy
2035,3451,0,Kiran Kumar,Arrest,2024-03-29,Kalaburagi,Vinutha Kulkarni
2036,3453,0,Anitha Gowda,Arrest,2024-03-29,Bengaluru City,Vinutha Naik
2038,3455,0,Vinutha Desai,Surrender,2024-03-29,Bengaluru City,Anitha Murthy
2040,3457,0,Imran Reddy,Surrender,2024-03-29,Vijayapura,Manjunath Prasad
2041,3461,0,Deepak Patil,Arrest,2024-03-29,Hubballi-Dharwad,Joseph Naik
2043,3463,0,Pooja Gowda,Arrest,2024-03-29,Bengaluru City,Imran Murthy
2046,3467,0,Anitha Gowda,Surrender,2024-03-29,Mangaluru (DK),Chetan Hegde
2047,3469,0,Fatima Patil,Arrest,2024-03-29,Raichur,Imran Shetty
2049,3471,0,Kiran Reddy,Arrest,2024-03-29,Bengaluru City,Prakash Nayak
2050,3473,0,Suresh Reddy,Arrest,2024-03-29,Ballari,Nagaraj Kulkarni
2052,3475,0,Ravi Hegde,Surrender,2024-03-29,Bengaluru City,Pooja Iyengar
2053,3477,0,Fatima Kumar,Arrest,2024-03-30,Kalaburagi,Joseph Naik
2056,3481,0,Kiran Nayak,Arrest,2024-03-30,Mysuru,Basavaraj Patil
2058,3487,0,Vinutha Patil,Surrender,2024-03-30,Bengaluru Rural,Pooja Reddy
2060,3489,0,Pooja Hegde,Arrest,2024-03-30,Vijayapura,Girish Naik
2062,3491,0,Nagaraj Bhat,Arrest,2024-03-30,Mangaluru (DK),Joseph Prasad
2063,3493,0,Bhavana Desai,Arrest,2024-03-30,Tumakuru,Girish Kumar
2065,3495,0,Anitha Rao,Arrest,2024-03-30,Hubballi-Dharwad,Fatima Prasad
2067,3499,0,Rekha Shetty,Arrest,2024-03-30,Mysuru,Nagaraj Rao
2068,3501,0,Manjunath Nayak,Surrender,2024-03-30,Shivamogga,Mary Prasad
2069,3505,0,Anitha Bhat,Arrest,2024-03-30,Kalaburagi,Kiran Rao
2070,3507,0,Prakash Kumar,Arrest,2024-03-30,Bengaluru City,Mary Murthy
2072,3509,0,Suresh Kumar,Surrender,2024-03-30,Hassan,Shivakumar Hegde
2074,3511,0,Fatima Nayak,Arrest,2024-03-30,Hubballi-Dharwad,Nagaraj Kulkarni
2076,3513,0,Girish Nayak,Surrender,2024-03-30,Bengaluru City,Yashwanth Kulkarni
2077,3515,0,Pooja Rao,Arrest,2024-03-30,Bengaluru City,Anitha Bhat
2079,3519,0,Yashwanth Hegde,Arrest,2024-03-30,Belagavi,Rekha Reddy
2080,3521,0,Rekha Hegde,Arrest,2024-03-30,Mangaluru (DK),Fatima Murthy
2082,3523,0,Joseph Gowda,Arrest,2024-03-30,Belagavi,Shivakumar Kulkarni
2085,3527,0,Nagaraj Kumar,Arrest,2024-03-30,Tumakuru,Kiran Hegde
2087,3529,0,Shivakumar Patil,Arrest,2024-03-30,Bengaluru City,Ravi Patil
2089,3531,0,Imran Murthy,Surrender,2024-03-31,Udupi,Manjunath Nayak
2091,3533,0,Basavaraj Kumar,Arrest,2024-03-31,Bengaluru City,Ravi Hegde
2093,3539,0,Nagaraj Kulkarni,Arrest,2024-03-31,Bengaluru City,Lakshmi Patil
2095,3541,0,Anitha Kumar,Surrender,2024-03-31,Bengaluru City,Ashwini Reddy
2097,3543,0,Bhavana Iyengar,Arrest,2024-03-31,Bengaluru City,Bhavana Iyengar
2098,3545,0,Manjunath Naik,Arrest,2024-03-31,Bengaluru City,Girish Nayak
2099,3549,0,Chetan Kulkarni,Arrest,2024-03-31,Belagavi,Joseph Patil
2100,3551,0,Bhavana Prasad,Arrest,2024-03-31,Bengaluru City,Chetan Naik
2102,3555,0,Anitha Patil,Arrest,2024-03-31,Kalaburagi,Rekha Desai
2103,3557,0,Rekha Shetty,Arrest,2024-03-31,Hubballi-Dharwad,Anitha Shetty
2104,3559,0,Joseph Desai,Arrest,2024-03-31,Davanagere,Kiran Bhat
2107,3567,0,Imran Reddy,Surrender,2024-03-31,Mysuru,Fatima Iyengar
2109,3571,0,Lakshmi Kulkarni,Arrest,2024-04-01,Belagavi,Rekha Hegde
2111,3577,0,Fatima Shetty,Arrest,2024-04-01,Bengaluru City,Fatima Bhat
2112,3579,0,Rekha Rao,Arrest,2024-04-01,Hubballi-Dharwad,Chetan Patil
2115,3583,0,Fatima Reddy,Arrest,2024-04-01,Bengaluru Rural,Ravi Bhat
2118,3589,0,Anitha Rao,Arrest,2024-04-01,Mysuru,Joseph Bhat
2120,3593,0,Rekha Murthy,Arrest,2024-04-01,Bengaluru City,Girish Nayak
2122,3597,0,Rekha Iyengar,Arrest,2024-04-01,Bengaluru Rural,Anitha Gowda
2124,3599,0,Joseph Prasad,Arrest,2024-04-01,Shivamogga,Manjunath Nayak
2126,3603,0,Rekha Nayak,Arrest,2024-04-01,Tumakuru,Suresh Hegde
2128,3605,0,Imran Kumar,Arrest,2024-04-01,Kalaburagi,Pooja Prasad
2129,3607,0,Fatima Shetty,Arrest,2024-04-01,Shivamogga,Bhavana Shetty
2130,3609,0,Ravi Kulkarni,Arrest,2024-04-01,Davanagere,Nagaraj Naik
2132,3611,0,Prakash Kulkarni,Arrest,2024-04-01,Bengaluru City,Joseph Prasad
2133,3613,0,Suresh Kumar,Arrest,2024-04-01,Vijayapura,Anitha Nayak
2134,3615,0,Bhavana Iyengar,Arrest,2024-04-01,Tumakuru,Fatima Reddy
2136,3617,0,Deepak Prasad,Surrender,2024-04-01,Bengaluru City,Anitha Bhat
2137,3619,0,Girish Shetty,Arrest,2024-04-01,Bengaluru City,Basavaraj Hegde
2139,3621,0,Girish Shetty,Arrest,2024-04-01,Bengaluru City,Fatima Naik
2143,3631,0,Yashwanth Gowda,Arrest,2024-04-02,Vijayapura,Shivakumar Reddy
2144,3633,0,Lakshmi Hegde,Arrest,2024-04-02,Mysuru,Pooja Prasad
2148,3639,0,Bhavana Patil,Arrest,2024-04-02,Davanagere,Fatima Nayak
2150,3643,0,Pooja Murthy,Arrest,2024-04-02,Mysuru,Ashwini Hegde
2151,3647,0,Anitha Kumar,Surrender,2024-04-02,Bengaluru City,Fatima Naik
2155,3653,0,Mary Nayak,Surrender,2024-04-02,Bengaluru City,Deepak Prasad
2157,3659,0,Manjunath Iyengar,Arrest,2024-04-02,Bengaluru Rural,Pooja Bhat
2159,3667,0,Nagaraj Bhat,Arrest,2024-04-02,Mysuru,Vinutha Shetty
2161,3669,0,Rekha Murthy,Arrest,2024-04-03,Bengaluru City,Basavaraj Nayak
2162,3671,0,Prakash Kumar,Arrest,2024-04-03,Kalaburagi,Imran Reddy
2164,3673,0,Fatima Kumar,Arrest,2024-04-03,Bengaluru City,Rekha Rao
2165,3677,0,Bhavana Kumar,Arrest,2024-04-03,Bengaluru City,Yashwanth Prasad
2167,3681,0,Ravi Kulkarni,Arrest,2024-04-03,Kalaburagi,Imran Kulkarni
2169,3683,0,Suresh Hegde,Surrender,2024-04-03,Tumakuru,Yashwanth Hegde
2174,3691,0,Prakash Rao,Surrender,2024-04-03,Vijayapura,Nagaraj Nayak
2175,3693,0,Rekha Reddy,Surrender,2024-04-03,Bengaluru Rural,Ravi Prasad
2176,3695,0,Lakshmi Hegde,Arrest,2024-04-03,Bengaluru City,Manjunath Rao
2179,3699,0,Chetan Kulkarni,Arrest,2024-04-03,Shivamogga,Bhavana Nayak
2181,3701,0,Manjunath Shetty,Surrender,2024-04-03,Shivamogga,Chetan Kulkarni
2183,3703,0,Kiran Rao,Arrest,2024-04-04,Shivamogga,Nagaraj Kumar
2185,3705,0,Manjunath Naik,Arrest,2024-04-04,Mangaluru (DK),Rekha Rao
2187,3707,0,Prakash Desai,Arrest,2024-04-04,Hubballi-Dharwad,Shivakumar Gowda
2188,3711,0,Vinutha Prasad,Arrest,2024-04-04,Bengaluru City,Vinutha Iyengar
2190,3713,0,Rekha Kulkarni,Arrest,2024-04-04,Bengaluru City,Vinutha Desai
2191,3719,0,Rekha Hegde,Arrest,2024-04-04,Bengaluru Rural,Vinutha Naik
2192,3721,0,Deepak Hegde,Arrest,2024-04-04,Bengaluru City,Yashwanth Kumar
2194,3723,0,Anitha Murthy,Arrest,2024-04-04,Hassan,Bhavana Gowda
2195,3727,0,Deepak Shetty,Arrest,2024-04-04,Belagavi,Vinutha Kumar
2198,3737,0,Imran Naik,Arrest,2024-04-04,Belagavi,Yashwanth Bhat
2199,3739,0,Kiran Patil,Arrest,2024-04-04,Bengaluru City,Manjunath Gowda
2200,3741,0,Pooja Hegde,Arrest,2024-04-04,Mangaluru (DK),Anitha Murthy
2201,3743,0,Fatima Shetty,Arrest,2024-04-04,Vijayapura,Bhavana Bhat
2203,3745,0,Kiran Iyengar,Arrest,2024-04-04,Hassan,Prakash Nayak
2205,3749,0,Lakshmi Kulkarni,Arrest,2024-04-05,Ballari,Suresh Patil
2207,3751,0,Ravi Nayak,Arrest,2024-04-05,Tumakuru,Yashwanth Kumar
2208,3753,0,Girish Murthy,Arrest,2024-04-05,Shivamogga,Fatima Rao
2211,3757,0,Suresh Kumar,Arrest,2024-04-05,Hubballi-Dharwad,Suresh Hegde
2214,3761,0,Ashwini Shetty,Arrest,2024-04-05,Davanagere,Nagaraj Nayak
2217,3765,0,Ravi Iyengar,Arrest,2024-04-05,Bengaluru City,Anitha Shetty
2218,3767,0,Prakash Patil,Arrest,2024-04-05,Tumakuru,Vinutha Patil
2220,3769,0,Manjunath Naik,Arrest,2024-04-05,Bengaluru City,Pooja Iyengar
2222,3773,0,Anitha Prasad,Arrest,2024-04-05,Mangaluru (DK),Pooja Iyengar
2223,3777,0,Ashwini Murthy,Arrest,2024-04-05,Bengaluru City,Suresh Rao
2224,3779,0,Vinutha Shetty,Arrest,2024-04-05,Shivamogga,Nagaraj Desai
2226,3783,0,Manjunath Nayak,Arrest,2024-04-05,Vijayapura,Pooja Naik
2227,3785,0,Chetan Reddy,Arrest,2024-04-05,Kalaburagi,Fatima Naik
2229,3787,0,Suresh Reddy,Arrest,2024-04-05,Bengaluru Rural,Shivakumar Kulkarni
2230,3789,0,Nagaraj Rao,Surrender,2024-04-05,Belagavi,Manjunath Kumar
2231,3791,0,Joseph Patil,Arrest,2024-04-05,Mysuru,Kiran Iyengar
2232,3793,0,Nagaraj Prasad,Surrender,2024-04-05,Belagavi,Ashwini Patil
2235,3797,0,Joseph Reddy,Arrest,2024-04-06,Udupi,Nagaraj Nayak
2237,3799,0,Anitha Murthy,Arrest,2024-04-06,Shivamogga,Prakash Kulkarni
2239,3801,0,Pooja Kumar,Arrest,2024-04-06,Ballari,Kiran Patil
2241,3809,0,Manjunath Kumar,Arrest,2024-04-06,Bengaluru City,Basavaraj Gowda
2244,3813,0,Pooja Bhat,Arrest,2024-04-06,Bengaluru City,Lakshmi Prasad
2245,3815,0,Ashwini Bhat,Arrest,2024-04-06,Shivamogga,Bhavana Kumar
2246,3817,0,Joseph Desai,Arrest,2024-04-06,Kalaburagi,Kiran Kulkarni
2248,3821,0,Rekha Kulkarni,Arrest,2024-04-06,Hubballi-Dharwad,Prakash Murthy
2250,3823,0,Joseph Shetty,Arrest,2024-04-06,Tumakuru,Ashwini Reddy
2253,3827,0,Yashwanth Nayak,Arrest,2024-04-06,Mysuru,Mary Prasad
2256,3833,0,Rekha Iyengar,Arrest,2024-04-06,Bengaluru City,Lakshmi Kumar
2258,3835,0,Pooja Bhat,Arrest,2024-04-06,Bengaluru City,Ravi Kulkarni
2261,3839,0,Suresh Gowda,Arrest,2024-04-06,Udupi,Bhavana Kulkarni
2262,3841,0,Deepak Prasad,Arrest,2024-04-06,Mysuru,Manjunath Nayak
2264,3845,0,Ravi Shetty,Surrender,2024-04-06,Mysuru,Basavaraj Patil
2265,3847,0,Bhavana Iyengar,Arrest,2024-04-06,Belagavi,Joseph Desai
2268,3853,0,Anitha Rao,Arrest,2024-04-07,Raichur,Fatima Prasad
2269,3855,0,Vinutha Desai,Arrest,2024-04-07,Bengaluru City,Chetan Hegde
2274,3867,0,Bhavana Rao,Surrender,2024-04-07,Ballari,Prakash Prasad
2277,3871,0,Ravi Desai,Arrest,2024-04-07,Bengaluru City,Ashwini Nayak
2279,3873,0,Shivakumar Naik,Arrest,2024-04-07,Hassan,Fatima Bhat
2281,3875,0,Ashwini Shetty,Arrest,2024-04-07,Bengaluru City,Rekha Kumar
2282,3879,0,Suresh Nayak,Arrest,2024-04-07,Raichur,Pooja Hegde
2283,3881,0,Ashwini Bhat,Arrest,2024-04-07,Bengaluru City,Pooja Shetty
2285,3883,0,Bhavana Hegde,Arrest,2024-04-07,Mangaluru (DK),Rekha Rao
2287,3887,0,Rekha Patil,Arrest,2024-04-07,Raichur,Vinutha Rao
2289,3889,0,Chetan Kulkarni,Surrender,2024-04-07,Tumakuru,Suresh Shetty
2290,3891,0,Kiran Nayak,Arrest,2024-04-07,Bengaluru Rural,Chetan Hegde
2291,3893,0,Deepak Naik,Arrest,2024-04-07,Bengaluru City,Mary Reddy
2293,3895,0,Deepak Kulkarni,Arrest,2024-04-07,Ballari,Mary Hegde
2295,3897,0,Kiran Prasad,Arrest,2024-04-07,Mysuru,Vinutha Patil
2297,3899,0,Girish Iyengar,Arrest,2024-04-07,Belagavi,Girish Rao
2299,3903,0,Prakash Kumar,Arrest,2024-04-08,Vijayapura,Nagaraj Shetty
2302,3907,0,Bhavana Nayak,Arrest,2024-04-08,Mangaluru (DK),Mary Shetty
2305,3913,0,Ravi Iyengar,Arrest,2024-04-08,Shivamogga,Girish Rao
2309,3919,0,Anitha Nayak,Surrender,2024-04-08,Mysuru,Fatima Kumar
2311,3921,0,Lakshmi Shetty,Arrest,2024-04-08,Shivamogga,Anitha Shetty
2312,3923,0,Basavaraj Bhat,Arrest,2024-04-08,Ballari,Mary Rao
2314,3925,0,Joseph Prasad,Surrender,2024-04-08,Raichur,Manjunath Bhat
2317,3929,0,Prakash Nayak,Arrest,2024-04-08,Bengaluru City,Kiran Kumar
2318,3931,0,Chetan Nayak,Arrest,2024-04-08,Bengaluru Rural,Kiran Bhat
2319,3933,0,Ravi Patil,Arrest,2024-04-08,Mangaluru (DK),Fatima Kumar
2320,3935,0,Deepak Iyengar,Arrest,2024-04-08,Vijayapura,Shivakumar Bhat
2322,3937,0,Prakash Hegde,Arrest,2024-04-08,Shivamogga,Mary Shetty
2323,3939,0,Shivakumar Kulkarni,Arrest,2024-04-08,Mysuru,Basavaraj Hegde
2324,3941,0,Suresh Reddy,Surrender,2024-04-08,Kalaburagi,Imran Gowda
2325,3943,0,Vinutha Kumar,Arrest,2024-04-08,Belagavi,Shivakumar Prasad
2327,3947,0,Anitha Kumar,Arrest,2024-04-08,Bengaluru City,Deepak Prasad
2329,3949,0,Ashwini Shetty,Arrest,2024-04-09,Kalaburagi,Prakash Patil
2331,3951,0,Deepak Kulkarni,Arrest,2024-04-09,Vijayapura,Shivakumar Prasad
2333,3953,0,Deepak Bhat,Surrender,2024-04-09,Bengaluru City,Anitha Rao
2334,3957,0,Pooja Hegde,Arrest,2024-04-09,Bengaluru City,Pooja Gowda
2335,3959,0,Prakash Kulkarni,Arrest,2024-04-09,Bengaluru City,Girish Kulkarni
2337,3967,0,Shivakumar Kulkarni,Arrest,2024-04-09,Tumakuru,Anitha Prasad
2340,3971,0,Ravi Hegde,Arrest,2024-04-09,Mangaluru (DK),Shivakumar Desai
2341,3973,0,Vinutha Naik,Arrest,2024-04-09,Hubballi-Dharwad,Chetan Kumar
2342,3975,0,Chetan Kulkarni,Arrest,2024-04-09,Tumakuru,Imran Desai
2343,3977,0,Shivakumar Nayak,Arrest,2024-04-09,Belagavi,Chetan Reddy
2345,3981,0,Rekha Desai,Arrest,2024-04-09,Ballari,Bhavana Rao
2351,3993,0,Imran Iyengar,Arrest,2024-04-10,Kalaburagi,Mary Shetty
2353,3997,0,Joseph Shetty,Surrender,2024-04-10,Vijayapura,Rekha Kumar
2355,3999,0,Anitha Bhat,Arrest,2024-04-10,Belagavi,Yashwanth Rao
2358,4003,0,Shivakumar Nayak,Arrest,2024-04-10,Belagavi,Shivakumar Shetty
2360,4005,0,Shivakumar Iyengar,Arrest,2024-04-10,Mangaluru (DK),Deepak Nayak
2363,4011,0,Ravi Hegde,Surrender,2024-04-10,Shivamogga,Suresh Kumar
2365,4013,0,Fatima Shetty,Arrest,2024-04-10,Bengaluru City,Pooja Kulkarni
2367,4017,0,Kiran Desai,Arrest,2024-04-10,Davanagere,Mary Iyengar
2369,4025,0,Joseph Desai,Arrest,2024-04-10,Bengaluru City,Manjunath Nayak
2372,4029,0,Yashwanth Hegde,Surrender,2024-04-10,Hubballi-Dharwad,Mary Hegde
2376,4035,0,Bhavana Reddy,Arrest,2024-04-10,Hubballi-Dharwad,Anitha Gowda
2378,4037,0,Prakash Kulkarni,Surrender,2024-04-10,Shivamogga,Ashwini Hegde
2382,4043,0,Deepak Shetty,Arrest,2024-04-11,Bengaluru City,Lakshmi Naik
2384,4045,0,Prakash Shetty,Arrest,2024-04-11,Hubballi-Dharwad,Pooja Naik
2385,4049,0,Girish Kulkarni,Arrest,2024-04-11,Kalaburagi,Bhavana Gowda
2386,4051,0,Bhavana Iyengar,Arrest,2024-04-11,Davanagere,Basavaraj Kulkarni
2387,4053,0,Bhavana Rao,Arrest,2024-04-11,Raichur,Mary Shetty
2390,4057,0,Anitha Naik,Arrest,2024-04-11,Bengaluru City,Suresh Gowda
2392,4059,0,Yashwanth Bhat,Surrender,2024-04-11,Mysuru,Ashwini Reddy
2394,4061,0,Joseph Iyengar,Arrest,2024-04-11,Mysuru,Shivakumar Kulkarni
2397,4069,0,Manjunath Iyengar,Arrest,2024-04-11,Mangaluru (DK),Bhavana Kumar
2399,4071,0,Rekha Bhat,Arrest,2024-04-11,Udupi,Bhavana Desai
2401,4073,0,Girish Bhat,Arrest,2024-04-11,Ballari,Fatima Shetty
2403,4075,0,Kiran Desai,Arrest,2024-04-11,Bengaluru City,Ashwini Iyengar
2405,4077,0,Manjunath Patil,Arrest,2024-04-11,Belagavi,Imran Desai
2407,4081,0,Deepak Hegde,Arrest,2024-04-11,Mysuru,Lakshmi Hegde
2409,4083,0,Yashwanth Hegde,Arrest,2024-04-11,Vijayapura,Ravi Nayak
2410,4085,0,Deepak Kumar,Arrest,2024-04-11,Mysuru,Ravi Naik
2412,4087,0,Manjunath Patil,Surrender,2024-04-11,Bengaluru City,Ashwini Bhat
2414,4089,0,Pooja Gowda,Arrest,2024-04-11,Bengaluru City,Mary Hegde
2416,4091,0,Imran Reddy,Arrest,2024-04-11,Hassan,Fatima Murthy
2419,4095,0,Rekha Murthy,Arrest,2024-04-11,Vijayapura,Joseph Kumar
2421,4097,0,Ashwini Patil,Arrest,2024-04-12,Shivamogga,Kiran Hegde
2424,4103,0,Deepak Rao,Arrest,2024-04-12,Bengaluru City,Rekha Hegde
2425,4105,0,Yashwanth Iyengar,Arrest,2024-04-12,Bengaluru City,Ravi Nayak
2427,4109,0,Vinutha Kulkarni,Arrest,2024-04-12,Bengaluru City,Bhavana Murthy
2429,4111,0,Fatima Reddy,Arrest,2024-04-12,Belagavi,Suresh Desai
2431,4113,0,Deepak Shetty,Arrest,2024-04-12,Shivamogga,Kiran Murthy
2433,4115,0,Manjunath Naik,Arrest,2024-04-12,Hubballi-Dharwad,Ravi Naik
2434,4117,0,Suresh Gowda,Surrender,2024-04-12,Belagavi,Ravi Shetty
2436,4119,0,Suresh Nayak,Surrender,2024-04-12,Mysuru,Shivakumar Reddy
2439,4123,0,Suresh Gowda,Arrest,2024-04-12,Raichur,Chetan Shetty
2441,4125,0,Deepak Iyengar,Surrender,2024-04-12,Bengaluru Rural,Mary Prasad
2444,4129,0,Yashwanth Reddy,Surrender,2024-04-12,Hubballi-Dharwad,Mary Hegde
2446,4133,0,Chetan Prasad,Arrest,2024-04-12,Belagavi,Mary Bhat
2447,4135,0,Bhavana Gowda,Arrest,2024-04-12,Davanagere,Anitha Patil
2450,4139,0,Imran Naik,Arrest,2024-04-12,Tumakuru,Imran Rao
2452,4141,0,Kiran Naik,Arrest,2024-04-13,Hubballi-Dharwad,Ashwini Rao
2454,4143,0,Suresh Patil,Surrender,2024-04-13,Bengaluru City,Joseph Nayak
2456,4145,0,Bhavana Rao,Arrest,2024-04-13,Ballari,Ashwini Kumar
2458,4147,0,Ravi Bhat,Arrest,2024-04-13,Hubballi-Dharwad,Deepak Rao
2459,4149,0,Joseph Desai,Arrest,2024-04-13,Mangaluru (DK),Bhavana Patil
2460,4151,0,Vinutha Rao,Arrest,2024-04-13,Shivamogga,Suresh Desai
2461,4153,0,Bhavana Desai,Surrender,2024-04-13,Udupi,Fatima Patil
2463,4155,0,Ravi Prasad,Arrest,2024-04-13,Bengaluru City,Imran Kulkarni
2466,4163,0,Chetan Reddy,Arrest,2024-04-13,Bengaluru City,Kiran Iyengar
2467,4165,0,Kiran Hegde,Arrest,2024-04-13,Bengaluru City,Prakash Iyengar
2468,4167,0,Bhavana Kumar,Arrest,2024-04-13,Bengaluru City,Nagaraj Gowda
2470,4169,0,Joseph Rao,Arrest,2024-04-13,Davanagere,Rekha Shetty
2473,4173,0,Girish Murthy,Arrest,2024-04-13,Hassan,Yashwanth Bhat
2475,4177,0,Rekha Rao,Arrest,2024-04-13,Shivamogga,Ravi Bhat
2477,4181,0,Basavaraj Bhat,Arrest,2024-04-13,Vijayapura,Joseph Gowda
2484,4193,0,Girish Naik,Arrest,2024-04-14,Hubballi-Dharwad,Yashwanth Naik
2485,4195,0,Yashwanth Prasad,Arrest,2024-04-14,Ballari,Fatima Shetty
2486,4199,0,Joseph Gowda,Arrest,2024-04-14,Kalaburagi,Suresh Patil
2488,4201,0,Suresh Desai,Arrest,2024-04-14,Hubballi-Dharwad,Yashwanth Reddy
2490,4203,0,Bhavana Kulkarni,Arrest,2024-04-14,Udupi,Kiran Bhat
2492,4205,0,Joseph Murthy,Arrest,2024-04-14,Mysuru,Rekha Hegde
2494,4207,0,Pooja Murthy,Arrest,2024-04-14,Mysuru,Ravi Shetty
2496,4209,0,Ravi Naik,Arrest,2024-04-14,Ballari,Kiran Nayak
2498,4211,0,Rekha Prasad,Arrest,2024-04-14,Bengaluru City,Fatima Patil
2499,4213,0,Anitha Desai,Arrest,2024-04-14,Davanagere,Manjunath Bhat
2501,4217,0,Mary Gowda,Arrest,2024-04-14,Belagavi,Imran Kulkarni
2503,4219,0,Shivakumar Gowda,Arrest,2024-04-14,Bengaluru City,Vinutha Kulkarni
2504,4221,0,Yashwanth Gowda,Arrest,2024-04-14,Mangaluru (DK),Chetan Bhat
2508,4229,0,Manjunath Shetty,Arrest,2024-04-14,Bengaluru City,Anitha Patil
2510,4231,0,Rekha Nayak,Arrest,2024-04-14,Mysuru,Joseph Prasad
2512,4233,0,Suresh Hegde,Surrender,2024-04-14,Belagavi,Prakash Gowda
2515,4237,0,Mary Shetty,Arrest,2024-04-14,Mangaluru (DK),Lakshmi Shetty
2518,4243,0,Imran Shetty,Arrest,2024-04-14,Bengaluru City,Manjunath Kumar
2520,4245,0,Fatima Rao,Arrest,2024-04-15,Tumakuru,Fatima Shetty
2525,4255,0,Yashwanth Patil,Arrest,2024-04-15,Shivamogga,Imran Gowda
2526,4257,0,Nagaraj Rao,Arrest,2024-04-15,Bengaluru City,Shivakumar Bhat
2528,4259,0,Imran Iyengar,Arrest,2024-04-15,Mysuru,Imran Murthy
2529,4263,0,Nagaraj Iyengar,Arrest,2024-04-15,Shivamogga,Deepak Rao
2530,4265,0,Anitha Iyengar,Surrender,2024-04-15,Udupi,Vinutha Patil
2531,4267,0,Kiran Hegde,Surrender,2024-04-15,Belagavi,Basavaraj Patil
2534,4271,0,Yashwanth Murthy,Arrest,2024-04-15,Bengaluru Rural,Mary Desai
2538,4277,0,Suresh Prasad,Arrest,2024-04-15,Tumakuru,Shivakumar Bhat
2540,4279,0,Fatima Murthy,Arrest,2024-04-16,Bengaluru City,Pooja Bhat
2542,4281,0,Lakshmi Nayak,Arrest,2024-04-16,Raichur,Vinutha Desai
2546,4289,0,Suresh Nayak,Arrest,2024-04-16,Mysuru,Kiran Naik
2548,4293,0,Rekha Kulkarni,Arrest,2024-04-16,Mysuru,Pooja Gowda
2549,4295,0,Joseph Iyengar,Arrest,2024-04-16,Shivamogga,Kiran Naik
2550,4297,0,Mary Kulkarni,Arrest,2024-04-16,Tumakuru,Imran Patil
2552,4301,0,Rekha Kulkarni,Arrest,2024-04-16,Bengaluru City,Kiran Nayak
2554,4307,0,Bhavana Iyengar,Arrest,2024-04-16,Bengaluru City,Pooja Patil
2556,4309,0,Girish Murthy,Arrest,2024-04-16,Bengaluru City,Deepak Gowda
2557,4311,0,Vinutha Kumar,Arrest,2024-04-16,Hubballi-Dharwad,Ravi Rao
2558,4313,0,Rekha Patil,Arrest,2024-04-16,Belagavi,Shivakumar Bhat
2560,4315,0,Ashwini Iyengar,Arrest,2024-04-16,Bengaluru City,Fatima Shetty
2562,4317,0,Imran Patil,Arrest,2024-04-16,Hubballi-Dharwad,Yashwanth Reddy
2565,4323,0,Joseph Patil,Arrest,2024-04-17,Hassan,Ashwini Iyengar
2568,4329,0,Basavaraj Nayak,Arrest,2024-04-17,Bengaluru City,Shivakumar Patil
2569,4331,0,Prakash Gowda,Arrest,2024-04-17,Shivamogga,Prakash Murthy
2572,4339,0,Prakash Kulkarni,Arrest,2024-04-17,Mysuru,Bhavana Hegde
2573,4341,0,Bhavana Kumar,Arrest,2024-04-17,Bengaluru Rural,Ashwini Patil
2574,4343,0,Suresh Murthy,Arrest,2024-04-17,Bengaluru City,Joseph Prasad
2576,4345,0,Ashwini Iyengar,Arrest,2024-04-17,Udupi,Shivakumar Desai
2578,4349,0,Deepak Naik,Arrest,2024-04-17,Bengaluru Rural,Deepak Kulkarni
2581,4353,0,Fatima Desai,Arrest,2024-04-17,Belagavi,Yashwanth Prasad
2584,4357,0,Yashwanth Reddy,Arrest,2024-04-17,Kalaburagi,Rekha Naik
2589,4365,0,Nagaraj Prasad,Arrest,2024-04-17,Mysuru,Kiran Naik
2591,4369,0,Pooja Nayak,Arrest,2024-04-18,Vijayapura,Prakash Gowda
2593,4373,0,Vinutha Shetty,Arrest,2024-04-18,Bengaluru City,Deepak Prasad
2595,4377,0,Yashwanth Patil,Surrender,2024-04-18,Udupi,Pooja Iyengar
2597,4379,0,Girish Murthy,Arrest,2024-04-18,Mysuru,Lakshmi Iyengar
2601,4387,0,Girish Murthy,Arrest,2024-04-18,Davanagere,Bhavana Nayak
2603,4389,0,Ravi Naik,Arrest,2024-04-18,Kalaburagi,Bhavana Reddy
2605,4391,0,Yashwanth Murthy,Arrest,2024-04-18,Mangaluru (DK),Pooja Hegde
2607,4393,0,Yashwanth Desai,Arrest,2024-04-18,Tumakuru,Nagaraj Gowda
2608,4395,0,Pooja Shetty,Arrest,2024-04-18,Davanagere,Yashwanth Murthy
2611,4401,0,Shivakumar Bhat,Arrest,2024-04-18,Raichur,Fatima Hegde
2615,4407,0,Fatima Reddy,Arrest,2024-04-19,Raichur,Lakshmi Naik
2616,4409,0,Pooja Shetty,Arrest,2024-04-19,Hubballi-Dharwad,Vinutha Reddy
2618,4413,0,Pooja Nayak,Arrest,2024-04-19,Bengaluru City,Anitha Hegde
2620,4415,0,Fatima Prasad,Arrest,2024-04-19,Hubballi-Dharwad,Vinutha Shetty
2621,4419,0,Nagaraj Kumar,Arrest,2024-04-19,Belagavi,Pooja Prasad
2623,4421,0,Chetan Iyengar,Arrest,2024-04-19,Ballari,Ashwini Naik
2625,4423,0,Rekha Reddy,Arrest,2024-04-19,Mangaluru (DK),Lakshmi Naik
2626,4425,0,Yashwanth Iyengar,Arrest,2024-04-19,Hubballi-Dharwad,Shivakumar Nayak
2629,4429,0,Girish Kumar,Arrest,2024-04-19,Bengaluru City,Lakshmi Hegde
2633,4435,0,Manjunath Rao,Surrender,2024-04-19,Bengaluru City,Shivakumar Gowda
2634,4437,0,Fatima Hegde,Arrest,2024-04-19,Bengaluru City,Pooja Murthy
2636,4441,0,Suresh Prasad,Arrest,2024-04-19,Hassan,Ravi Nayak
2639,4447,0,Girish Shetty,Arrest,2024-04-19,Bengaluru City,Chetan Prasad
2640,4449,0,Nagaraj Iyengar,Arrest,2024-04-19,Bengaluru City,Yashwanth Patil
2642,4453,0,Chetan Hegde,Arrest,2024-04-20,Bengaluru City,Suresh Kulkarni
2645,4457,0,Prakash Hegde,Arrest,2024-04-20,Vijayapura,Suresh Naik
2648,4467,0,Lakshmi Nayak,Arrest,2024-04-20,Hubballi-Dharwad,Mary Iyengar
2649,4469,0,Basavaraj Iyengar,Arrest,2024-04-20,Ballari,Anitha Nayak
2651,4471,0,Girish Murthy,Surrender,2024-04-20,Udupi,Lakshmi Murthy
2652,4475,0,Shivakumar Reddy,Surrender,2024-04-20,Bengaluru City,Manjunath Rao
2653,4477,0,Nagaraj Desai,Arrest,2024-04-20,Raichur,Imran Shetty
2655,4481,0,Mary Hegde,Arrest,2024-04-20,Bengaluru Rural,Lakshmi Hegde
2656,4483,0,Deepak Kulkarni,Arrest,2024-04-20,Raichur,Rekha Shetty
2658,4485,0,Ashwini Desai,Arrest,2024-04-20,Belagavi,Mary Prasad
2660,4487,0,Joseph Shetty,Arrest,2024-04-20,Raichur,Suresh Rao
2663,4491,0,Deepak Kulkarni,Surrender,2024-04-21,Belagavi,Mary Reddy
2665,4493,0,Yashwanth Kulkarni,Arrest,2024-04-21,Raichur,Imran Hegde
2667,4501,0,Ravi Hegde,Arrest,2024-04-21,Bengaluru City,Yashwanth Kumar
2669,4503,0,Lakshmi Bhat,Arrest,2024-04-21,Vijayapura,Joseph Shetty
2671,4505,0,Suresh Iyengar,Arrest,2024-04-21,Davanagere,Manjunath Rao
2674,4511,0,Girish Gowda,Arrest,2024-04-21,Tumakuru,Girish Prasad
2676,4513,0,Ashwini Gowda,Arrest,2024-04-21,Vijayapura,Fatima Shetty
2677,4515,0,Deepak Patil,Arrest,2024-04-21,Mysuru,Mary Nayak
2679,4517,0,Lakshmi Kumar,Arrest,2024-04-21,Raichur,Fatima Desai
2681,4523,0,Suresh Patil,Arrest,2024-04-21,Kalaburagi,Bhavana Hegde
2683,4527,0,Anitha Reddy,Surrender,2024-04-22,Belagavi,Joseph Hegde
2684,4529,0,Ravi Rao,Arrest,2024-04-22,Mangaluru (DK),Ashwini Shetty
2686,4531,0,Vinutha Gowda,Arrest,2024-04-22,Mangaluru (DK),Bhavana Desai
2688,4535,0,Bhavana Rao,Arrest,2024-04-22,Belagavi,Ravi Prasad
2690,4539,0,Suresh Patil,Arrest,2024-04-22,Belagavi,Mary Gowda
2691,4541,0,Yashwanth Nayak,Arrest,2024-04-22,Udupi,Imran Desai
2694,4545,0,Mary Gowda,Arrest,2024-04-22,Bengaluru City,Pooja Shetty
2696,4547,0,Chetan Gowda,Arrest,2024-04-22,Hassan,Basavaraj Rao
2698,4551,0,Chetan Murthy,Arrest,2024-04-22,Kalaburagi,Prakash Kumar
2699,4553,0,Vinutha Gowda,Arrest,2024-04-22,Bengaluru Rural,Manjunath Gowda
2701,4555,0,Suresh Hegde,Arrest,2024-04-22,Mysuru,Kiran Kulkarni
2703,4559,0,Nagaraj Hegde,Arrest,2024-04-23,Bengaluru Rural,Mary Desai
2705,4563,0,Manjunath Iyengar,Arrest,2024-04-23,Hubballi-Dharwad,Girish Reddy
2707,4565,0,Chetan Shetty,Arrest,2024-04-23,Bengaluru City,Kiran Reddy
2708,4567,0,Lakshmi Kulkarni,Arrest,2024-04-23,Bengaluru City,Fatima Kumar
2710,4569,0,Joseph Reddy,Surrender,2024-04-23,Bengaluru City,Deepak Desai
2711,4573,0,Yashwanth Bhat,Arrest,2024-04-23,Hubballi-Dharwad,Rekha Iyengar
2713,4575,0,Mary Hegde,Arrest,2024-04-23,Raichur,Bhavana Reddy
2714,4577,0,Anitha Naik,Arrest,2024-04-23,Bengaluru Rural,Shivakumar Patil
2717,4581,0,Chetan Bhat,Arrest,2024-04-23,Udupi,Shivakumar Patil
2720,4587,0,Deepak Patil,Arrest,2024-04-23,Kalaburagi,Deepak Iyengar
2721,4589,0,Joseph Murthy,Surrender,2024-04-23,Bengaluru City,Manjunath Kumar
2724,4593,0,Rekha Nayak,Arrest,2024-04-24,Davanagere,Joseph Iyengar
2725,4597,0,Basavaraj Patil,Arrest,2024-04-24,Vijayapura,Pooja Shetty
2726,4601,0,Mary Prasad,Arrest,2024-04-24,Belagavi,Girish Gowda
2729,4605,0,Prakash Reddy,Arrest,2024-04-24,Davanagere,Kiran Rao
2731,4607,0,Prakash Patil,Arrest,2024-04-24,Raichur,Basavaraj Hegde
2733,4611,0,Pooja Nayak,Arrest,2024-04-24,Mangaluru (DK),Lakshmi Naik
2735,4615,0,Manjunath Desai,Arrest,2024-04-24,Hubballi-Dharwad,Lakshmi Shetty
2737,4617,0,Kiran Reddy,Arrest,2024-04-24,Kalaburagi,Basavaraj Desai
2739,4623,0,Manjunath Bhat,Arrest,2024-04-24,Ballari,Manjunath Gowda
2740,4625,0,Basavaraj Patil,Arrest,2024-04-24,Bengaluru City,Basavaraj Murthy
2742,4627,0,Deepak Rao,Arrest,2024-04-24,Mysuru,Nagaraj Kulkarni
2745,4633,0,Suresh Bhat,Arrest,2024-04-24,Bengaluru City,Basavaraj Nayak
2747,4635,0,Prakash Iyengar,Surrender,2024-04-24,Mysuru,Lakshmi Prasad
2748,4639,0,Mary Hegde,Arrest,2024-04-25,Vijayapura,Manjunath Nayak
2751,4643,0,Basavaraj Kumar,Arrest,2024-04-25,Davanagere,Lakshmi Iyengar
2752,4645,0,Shivakumar Murthy,Arrest,2024-04-25,Belagavi,Anitha Rao
2754,4647,0,Suresh Reddy,Arrest,2024-04-25,Bengaluru City,Chetan Murthy
2757,4653,0,Kiran Kumar,Arrest,2024-04-25,Raichur,Deepak Desai
2759,4655,0,Ashwini Prasad,Arrest,2024-04-25,Belagavi,Pooja Hegde
2763,4661,0,Bhavana Rao,Arrest,2024-04-25,Belagavi,Kiran Desai
2765,4663,0,Rekha Rao,Arrest,2024-04-25,Bengaluru City,Anitha Rao
2767,4669,0,Bhavana Gowda,Arrest,2024-04-25,Vijayapura,Prakash Naik
2769,4673,0,Yashwanth Rao,Arrest,2024-04-25,Ballari,Yashwanth Kulkarni
2772,4683,0,Basavaraj Gowda,Arrest,2024-04-26,Davanagere,Anitha Kulkarni
2774,4685,0,Rekha Bhat,Arrest,2024-04-26,Hubballi-Dharwad,Bhavana Rao
2775,4687,0,Girish Prasad,Arrest,2024-04-26,Bengaluru City,Suresh Prasad
2776,4689,0,Manjunath Prasad,Arrest,2024-04-26,Vijayapura,Mary Desai
2777,4691,0,Rekha Prasad,Arrest,2024-04-26,Bengaluru City,Yashwanth Bhat
2778,4693,0,Manjunath Reddy,Arrest,2024-04-26,Mysuru,Yashwanth Iyengar
2780,4695,0,Bhavana Rao,Arrest,2024-04-26,Bengaluru City,Yashwanth Rao
2781,4697,0,Pooja Patil,Arrest,2024-04-26,Davanagere,Suresh Rao
2782,4699,0,Imran Reddy,Arrest,2024-04-26,Bengaluru City,Anitha Iyengar
2784,4701,0,Shivakumar Desai,Arrest,2024-04-26,Belagavi,Mary Rao
2786,4703,0,Manjunath Kulkarni,Arrest,2024-04-26,Bengaluru City,Ashwini Hegde
2788,4705,0,Joseph Rao,Surrender,2024-04-26,Bengaluru City,Suresh Patil
2790,4707,0,Joseph Patil,Arrest,2024-04-26,Mysuru,Chetan Prasad
2792,4709,0,Yashwanth Rao,Arrest,2024-04-26,Bengaluru City,Deepak Naik
2793,4711,0,Ravi Shetty,Arrest,2024-04-26,Bengaluru Rural,Yashwanth Iyengar
2795,4715,0,Ravi Kumar,Surrender,2024-04-26,Bengaluru City,Anitha Murthy
2798,4719,0,Ashwini Shetty,Surrender,2024-04-26,Udupi,Suresh Iyengar
2800,4721,0,Girish Patil,Arrest,2024-04-26,Kalaburagi,Prakash Reddy
2802,4725,0,Joseph Prasad,Arrest,2024-04-26,Bengaluru City,Girish Reddy
2803,4727,0,Imran Bhat,Arrest,2024-04-26,Belagavi,Mary Reddy
2805,4731,0,Manjunath Nayak,Arrest,2024-04-27,Bengaluru City,Yashwanth Patil
2807,4733,0,Shivakumar Prasad,Arrest,2024-04-27,Bengaluru City,Suresh Bhat
2808,4735,0,Nagaraj Patil,Surrender,2024-04-27,Tumakuru,Rekha Bhat
2810,4737,0,Prakash Iyengar,Arrest,2024-04-27,Kalaburagi,Rekha Shetty
2811,4739,0,Girish Rao,Arrest,2024-04-27,Bengaluru City,Girish Rao
2813,4743,0,Ashwini Bhat,Arrest,2024-04-27,Raichur,Suresh Prasad
2816,4747,0,Yashwanth Desai,Arrest,2024-04-27,Hubballi-Dharwad,Shivakumar Iyengar
2817,4751,0,Ravi Patil,Arrest,2024-04-27,Udupi,Manjunath Hegde
2818,4753,0,Vinutha Iyengar,Arrest,2024-04-27,Mysuru,Joseph Kulkarni
2819,4755,0,Joseph Hegde,Arrest,2024-04-27,Raichur,Yashwanth Bhat
2820,4757,0,Ashwini Desai,Arrest,2024-04-27,Mangaluru (DK),Rekha Gowda
2822,4761,0,Nagaraj Patil,Arrest,2024-04-27,Bengaluru City,Kiran Patil
2824,4763,0,Deepak Desai,Arrest,2024-04-27,Kalaburagi,Yashwanth Rao
2825,4769,0,Suresh Hegde,Arrest,2024-04-27,Raichur,Manjunath Hegde
2826,4771,0,Anitha Kumar,Arrest,2024-04-27,Tumakuru,Chetan Bhat
2827,4773,0,Anitha Iyengar,Arrest,2024-04-27,Bengaluru Rural,Shivakumar Rao
2829,4779,0,Ashwini Kumar,Arrest,2024-04-27,Vijayapura,Lakshmi Shetty
2831,4781,0,Basavaraj Bhat,Arrest,2024-04-27,Bengaluru City,Lakshmi Prasad
2833,4783,0,Kiran Kulkarni,Arrest,2024-04-27,Bengaluru City,Fatima Kumar
2835,4785,0,Yashwanth Rao,Arrest,2024-04-28,Belagavi,Ravi Hegde
2837,4787,0,Girish Murthy,Surrender,2024-04-28,Hubballi-Dharwad,Joseph Kulkarni
2839,4789,0,Kiran Kulkarni,Arrest,2024-04-28,Bengaluru City,Kiran Rao
2841,4791,0,Rekha Kulkarni,Arrest,2024-04-28,Mangaluru (DK),Lakshmi Reddy
2843,4793,0,Anitha Iyengar,Surrender,2024-04-28,Mangaluru (DK),Manjunath Naik
2844,4795,0,Yashwanth Nayak,Surrender,2024-04-28,Belagavi,Mary Prasad
2846,4797,0,Bhavana Gowda,Arrest,2024-04-28,Vijayapura,Imran Nayak
2848,4799,0,Mary Desai,Surrender,2024-04-28,Vijayapura,Pooja Kumar
2849,4801,0,Suresh Iyengar,Arrest,2024-04-28,Mysuru,Shivakumar Rao
2851,4803,0,Ashwini Iyengar,Arrest,2024-04-28,Bengaluru City,Chetan Rao
2852,4807,0,Lakshmi Patil,Arrest,2024-04-28,Bengaluru City,Bhavana Iyengar
2854,4811,0,Lakshmi Bhat,Arrest,2024-04-28,Hubballi-Dharwad,Mary Gowda
2856,4813,0,Rekha Nayak,Arrest,2024-04-28,Bengaluru City,Basavaraj Hegde
2857,4815,0,Anitha Naik,Arrest,2024-04-28,Bengaluru Rural,Prakash Nayak
2859,4817,0,Kiran Nayak,Surrender,2024-04-28,Shivamogga,Lakshmi Reddy
2861,4821,0,Fatima Reddy,Arrest,2024-04-29,Tumakuru,Pooja Prasad
2862,4823,0,Nagaraj Bhat,Arrest,2024-04-29,Tumakuru,Imran Rao
2864,4825,0,Vinutha Rao,Surrender,2024-04-29,Mangaluru (DK),Shivakumar Bhat
2866,4827,0,Joseph Reddy,Surrender,2024-04-29,Belagavi,Manjunath Gowda
2867,4829,0,Joseph Murthy,Surrender,2024-04-29,Kalaburagi,Yashwanth Nayak
2869,4831,0,Chetan Patil,Arrest,2024-04-29,Bengaluru City,Girish Gowda
2872,4841,0,Pooja Patil,Arrest,2024-04-29,Udupi,Bhavana Desai
2876,4851,0,Mary Iyengar,Arrest,2024-04-29,Bengaluru City,Joseph Patil
2877,4855,0,Anitha Naik,Arrest,2024-04-29,Davanagere,Lakshmi Iyengar
2880,4861,0,Fatima Bhat,Arrest,2024-04-29,Kalaburagi,Imran Iyengar
2882,4863,0,Ashwini Hegde,Arrest,2024-04-29,Mysuru,Mary Kulkarni
2883,4865,0,Chetan Nayak,Arrest,2024-04-29,Belagavi,Nagaraj Kulkarni
2885,4867,0,Vinutha Reddy,Arrest,2024-04-29,Bengaluru City,Kiran Desai
2887,4869,0,Mary Bhat,Arrest,2024-04-29,Bengaluru City,Chetan Rao
2888,4871,0,Yashwanth Reddy,Arrest,2024-04-29,Vijayapura,Lakshmi Shetty
2891,4881,0,Deepak Gowda,Arrest,2024-04-30,Bengaluru City,Imran Desai
2895,4889,0,Mary Kulkarni,Surrender,2024-04-30,Bengaluru City,Mary Kumar
2898,4893,0,Pooja Desai,Arrest,2024-04-30,Bengaluru City,Fatima Desai
2901,4899,0,Suresh Hegde,Arrest,2024-04-30,Belagavi,Anitha Shetty
2904,4907,0,Imran Reddy,Surrender,2024-04-30,Bengaluru City,Mary Murthy
2905,4909,0,Fatima Shetty,Arrest,2024-04-30,Bengaluru City,Pooja Naik
2906,4911,0,Lakshmi Kulkarni,Arrest,2024-04-30,Bengaluru City,Shivakumar Naik
2909,4915,0,Deepak Naik,Arrest,2024-04-30,Tumakuru,Fatima Bhat
2912,4919,0,Yashwanth Prasad,Arrest,2024-04-30,Hubballi-Dharwad,Girish Gowda
2914,4921,0,Lakshmi Iyengar,Arrest,2024-04-30,Vijayapura,Imran Naik
2917,4925,0,Prakash Nayak,Surrender,2024-04-30,Udupi,Ashwini Naik
2919,4929,0,Basavaraj Nayak,Arrest,2024-04-30,Mangaluru (DK),Prakash Iyengar
2920,4931,0,Prakash Kumar,Arrest,2024-05-01,Kalaburagi,Yashwanth Prasad
2921,4933,0,Suresh Rao,Surrender,2024-05-01,Hubballi-Dharwad,Kiran Nayak
2922,4937,0,Lakshmi Shetty,Arrest,2024-05-01,Bengaluru Rural,Suresh Rao
2923,4939,0,Vinutha Gowda,Arrest,2024-05-01,Mysuru,Basavaraj Gowda
2924,4941,0,Suresh Reddy,Arrest,2024-05-01,Belagavi,Suresh Naik
2925,4945,0,Rekha Gowda,Arrest,2024-05-01,Mysuru,Imran Desai
2927,4951,0,Prakash Nayak,Surrender,2024-05-01,Shivamogga,Fatima Patil
2928,4953,0,Yashwanth Gowda,Arrest,2024-05-01,Belagavi,Suresh Shetty
2930,4955,0,Yashwanth Naik,Arrest,2024-05-01,Udupi,Fatima Nayak
2931,4957,0,Kiran Nayak,Arrest,2024-05-01,Raichur,Suresh Murthy
2933,4959,0,Shivakumar Kulkarni,Surrender,2024-05-01,Mysuru,Shivakumar Bhat
2934,4961,0,Bhavana Desai,Arrest,2024-05-01,Belagavi,Suresh Bhat
2937,4967,0,Rekha Desai,Arrest,2024-05-02,Belagavi,Ravi Patil
2939,4969,0,Bhavana Shetty,Arrest,2024-05-02,Davanagere,Pooja Naik
2941,4971,0,Manjunath Hegde,Arrest,2024-05-02,Kalaburagi,Prakash Iyengar
2944,4975,0,Yashwanth Rao,Arrest,2024-05-02,Bengaluru City,Yashwanth Murthy
2946,4977,0,Manjunath Kulkarni,Arrest,2024-05-02,Bengaluru City,Anitha Reddy
2948,4985,0,Vinutha Rao,Arrest,2024-05-02,Tumakuru,Rekha Shetty
2950,4987,0,Pooja Murthy,Arrest,2024-05-02,Tumakuru,Fatima Desai
2954,4997,0,Anitha Desai,Arrest,2024-05-02,Shivamogga,Imran Rao
2956,4999,0,Prakash Murthy,Arrest,2024-05-02,Hubballi-Dharwad,Girish Kulkarni
2957,5001,0,Yashwanth Patil,Surrender,2024-05-02,Vijayapura,Suresh Iyengar
2961,5007,0,Nagaraj Prasad,Arrest,2024-05-03,Tumakuru,Girish Naik
2963,5009,0,Anitha Desai,Arrest,2024-05-03,Tumakuru,Anitha Rao
2965,5011,0,Suresh Hegde,Arrest,2024-05-03,Bengaluru City,Manjunath Nayak
2966,5013,0,Manjunath Desai,Surrender,2024-05-03,Davanagere,Chetan Gowda
2967,5015,0,Bhavana Patil,Arrest,2024-05-03,Bengaluru City,Prakash Desai
2969,5017,0,Imran Kulkarni,Arrest,2024-05-03,Tumakuru,Ashwini Nayak
2971,5019,0,Nagaraj Patil,Arrest,2024-05-03,Bengaluru City,Shivakumar Shetty
2973,5021,0,Imran Desai,Surrender,2024-05-03,Vijayapura,Kiran Prasad
2976,5025,0,Manjunath Rao,Arrest,2024-05-03,Bengaluru City,Deepak Iyengar
2977,5027,0,Girish Murthy,Arrest,2024-05-03,Bengaluru City,Ashwini Patil
2979,5029,0,Anitha Hegde,Arrest,2024-05-03,Mysuru,Fatima Patil
2981,5031,0,Vinutha Prasad,Arrest,2024-05-03,Bengaluru City,Rekha Hegde
2982,5041,0,Anitha Kulkarni,Arrest,2024-05-03,Mysuru,Lakshmi Reddy
2985,5047,0,Vinutha Bhat,Arrest,2024-05-03,Kalaburagi,Suresh Kumar
2987,5049,0,Lakshmi Patil,Arrest,2024-05-03,Bengaluru City,Girish Desai
2988,5051,0,Shivakumar Kulkarni,Arrest,2024-05-03,Vijayapura,Lakshmi Kulkarni
2990,5053,0,Fatima Iyengar,Arrest,2024-05-04,Mysuru,Shivakumar Kulkarni
2991,5055,0,Fatima Shetty,Arrest,2024-05-04,Davanagere,Lakshmi Bhat
2993,5059,0,Ashwini Nayak,Arrest,2024-05-04,Bengaluru City,Chetan Desai
2994,5061,0,Girish Reddy,Arrest,2024-05-04,Mysuru,Rekha Patil
2997,5065,0,Joseph Prasad,Arrest,2024-05-04,Shivamogga,Bhavana Naik
3000,5071,0,Chetan Kulkarni,Arrest,2024-05-04,Ballari,Kiran Kumar
3001,5077,0,Kiran Kumar,Arrest,2024-05-04,Vijayapura,Basavaraj Murthy
3002,5079,0,Deepak Shetty,Arrest,2024-05-04,Mysuru,Joseph Shetty
3008,5091,0,Ashwini Hegde,Arrest,2024-05-04,Mysuru,Kiran Murthy
3009,5093,0,Vinutha Gowda,Arrest,2024-05-04,Davanagere,Rekha Naik
3011,5095,0,Manjunath Desai,Arrest,2024-05-04,Hubballi-Dharwad,Anitha Nayak
3013,5097,0,Suresh Iyengar,Arrest,2024-05-04,Udupi,Prakash Kumar
3014,5099,0,Rekha Hegde,Arrest,2024-05-04,Kalaburagi,Prakash Kumar
3016,5105,0,Bhavana Patil,Arrest,2024-05-04,Bengaluru City,Vinutha Reddy
3017,5107,0,Joseph Gowda,Surrender,2024-05-04,Bengaluru Rural,Imran Kulkarni
3018,5109,0,Nagaraj Naik,Arrest,2024-05-04,Bengaluru City,Girish Hegde
3020,5111,0,Imran Reddy,Arrest,2024-05-04,Tumakuru,Ashwini Hegde
3022,5113,0,Rekha Murthy,Arrest,2024-05-04,Davanagere,Mary Patil
3024,5115,0,Nagaraj Patil,Arrest,2024-05-05,Belagavi,Bhavana Rao
3025,5117,0,Prakash Naik,Surrender,2024-05-05,Ballari,Kiran Kumar
3027,5121,0,Chetan Iyengar,Surrender,2024-05-05,Bengaluru City,Suresh Rao
3028,5123,0,Basavaraj Desai,Arrest,2024-05-05,Davanagere,Shivakumar Patil
3030,5125,0,Vinutha Shetty,Arrest,2024-05-05,Vijayapura,Imran Gowda
3031,5127,0,Kiran Nayak,Arrest,2024-05-05,Tumakuru,Yashwanth Desai
3033,5129,0,Shivakumar Kulkarni,Arrest,2024-05-05,Bengaluru City,Deepak Kulkarni
3036,5133,0,Vinutha Gowda,Arrest,2024-05-05,Bengaluru City,Kiran Naik
3037,5135,0,Kiran Bhat,Arrest,2024-05-05,Tumakuru,Nagaraj Gowda
3039,5137,0,Manjunath Kumar,Arrest,2024-05-05,Udupi,Mary Hegde
3042,5141,0,Kiran Hegde,Arrest,2024-05-05,Bengaluru City,Suresh Kumar
3044,5143,0,Shivakumar Desai,Arrest,2024-05-05,Shivamogga,Imran Hegde
3046,5147,0,Fatima Iyengar,Surrender,2024-05-05,Bengaluru Rural,Vinutha Bhat
3047,5149,0,Imran Gowda,Arrest,2024-05-05,Hassan,Fatima Reddy
3052,5157,0,Suresh Desai,Arrest,2024-05-05,Bengaluru City,Mary Iyengar
3053,5161,0,Pooja Desai,Surrender,2024-05-05,Tumakuru,Shivakumar Kumar
3056,5165,0,Ravi Desai,Arrest,2024-05-06,Bengaluru City,Yashwanth Iyengar
3059,5169,0,Chetan Desai,Arrest,2024-05-06,Bengaluru City,Chetan Patil
3061,5171,0,Prakash Reddy,Surrender,2024-05-06,Hubballi-Dharwad,Deepak Bhat
3062,5173,0,Girish Nayak,Arrest,2024-05-06,Tumakuru,Nagaraj Rao
3063,5179,0,Imran Rao,Arrest,2024-05-06,Raichur,Ashwini Bhat
3065,5181,0,Vinutha Reddy,Arrest,2024-05-06,Vijayapura,Vinutha Kumar
3069,5189,0,Prakash Naik,Arrest,2024-05-06,Tumakuru,Yashwanth Iyengar
3071,5193,0,Deepak Hegde,Arrest,2024-05-06,Raichur,Kiran Nayak
3074,5197,0,Prakash Murthy,Surrender,2024-05-06,Mangaluru (DK),Joseph Rao
3077,5201,0,Girish Bhat,Arrest,2024-05-06,Tumakuru,Fatima Patil
3079,5205,0,Girish Patil,Surrender,2024-05-06,Raichur,Mary Nayak
3080,5207,0,Girish Desai,Arrest,2024-05-06,Bengaluru City,Girish Prasad
3081,5209,0,Shivakumar Gowda,Arrest,2024-05-06,Bengaluru City,Fatima Patil
3084,5213,0,Kiran Iyengar,Arrest,2024-05-07,Tumakuru,Fatima Hegde
3085,5215,0,Rekha Reddy,Arrest,2024-05-07,Davanagere,Girish Murthy
3088,5219,0,Suresh Bhat,Arrest,2024-05-07,Bengaluru City,Ashwini Kulkarni
3089,5223,0,Mary Kumar,Arrest,2024-05-07,Ballari,Imran Iyengar
3090,5225,0,Yashwanth Iyengar,Arrest,2024-05-07,Vijayapura,Joseph Shetty
3094,5231,0,Suresh Iyengar,Arrest,2024-05-07,Mysuru,Ashwini Prasad
3096,5233,0,Bhavana Iyengar,Arrest,2024-05-07,Davanagere,Manjunath Reddy
3098,5235,0,Basavaraj Prasad,Arrest,2024-05-07,Mangaluru (DK),Fatima Bhat
3101,5239,0,Ashwini Iyengar,Arrest,2024-05-07,Bengaluru City,Chetan Reddy
3102,5241,0,Bhavana Gowda,Arrest,2024-05-07,Vijayapura,Joseph Prasad
3104,5243,0,Manjunath Kulkarni,Arrest,2024-05-07,Davanagere,Yashwanth Desai
3108,5249,0,Ravi Desai,Arrest,2024-05-07,Mysuru,Joseph Kumar
3112,5257,0,Ashwini Kulkarni,Arrest,2024-05-07,Ballari,Yashwanth Kumar
3114,5261,0,Joseph Kulkarni,Arrest,2024-05-08,Belagavi,Prakash Kulkarni
3116,5263,0,Yashwanth Bhat,Arrest,2024-05-08,Davanagere,Fatima Gowda
3118,5265,0,Mary Iyengar,Arrest,2024-05-08,Bengaluru City,Chetan Rao
3119,5267,0,Pooja Patil,Arrest,2024-05-08,Shivamogga,Deepak Kumar
3120,5269,0,Suresh Reddy,Surrender,2024-05-08,Mysuru,Rekha Bhat
3122,5271,0,Shivakumar Kumar,Arrest,2024-05-08,Raichur,Nagaraj Prasad
3123,5275,0,Basavaraj Prasad,Arrest,2024-05-08,Bengaluru Rural,Vinutha Kumar
3124,5277,0,Bhavana Bhat,Arrest,2024-05-08,Udupi,Basavaraj Iyengar
3125,5279,0,Pooja Kumar,Arrest,2024-05-08,Hassan,Chetan Hegde
3126,5283,0,Anitha Gowda,Arrest,2024-05-08,Vijayapura,Shivakumar Reddy
3128,5287,0,Ashwini Gowda,Arrest,2024-05-08,Bengaluru City,Manjunath Prasad
3129,5289,0,Nagaraj Kumar,Arrest,2024-05-08,Mysuru,Chetan Nayak
3131,5291,0,Imran Desai,Arrest,2024-05-09,Bengaluru City,Bhavana Iyengar
3134,5297,0,Imran Reddy,Arrest,2024-05-09,Bengaluru City,Basavaraj Hegde
3136,5299,0,Lakshmi Naik,Arrest,2024-05-09,Bengaluru Rural,Bhavana Desai
3138,5301,0,Pooja Prasad,Arrest,2024-05-09,Belagavi,Yashwanth Gowda
3143,5313,0,Yashwanth Gowda,Arrest,2024-05-09,Vijayapura,Yashwanth Nayak
3145,5315,0,Ravi Rao,Surrender,2024-05-09,Mysuru,Yashwanth Nayak
3146,5317,0,Anitha Kumar,Arrest,2024-05-09,Kalaburagi,Imran Kumar
3147,5319,0,Imran Shetty,Arrest,2024-05-09,Udupi,Basavaraj Murthy
3148,5321,0,Basavaraj Kumar,Arrest,2024-05-09,Bengaluru City,Kiran Iyengar
3151,5327,0,Kiran Kulkarni,Arrest,2024-05-09,Bengaluru City,Mary Gowda
3153,5329,0,Lakshmi Prasad,Arrest,2024-05-09,Hubballi-Dharwad,Suresh Prasad
3155,5331,0,Nagaraj Murthy,Surrender,2024-05-09,Bengaluru City,Anitha Reddy
3156,5333,0,Deepak Kumar,Surrender,2024-05-10,Vijayapura,Imran Iyengar
3157,5335,0,Deepak Reddy,Arrest,2024-05-10,Bengaluru City,Deepak Hegde
3158,5337,0,Joseph Iyengar,Arrest,2024-05-10,Bengaluru City,Prakash Kumar
3160,5343,0,Bhavana Naik,Arrest,2024-05-10,Bengaluru Rural,Manjunath Desai
3163,5347,0,Nagaraj Reddy,Arrest,2024-05-10,Bengaluru Rural,Deepak Murthy
3165,5349,0,Vinutha Nayak,Arrest,2024-05-10,Ballari,Prakash Patil
3167,5351,0,Ravi Shetty,Arrest,2024-05-10,Davanagere,Joseph Gowda
3169,5353,0,Imran Gowda,Arrest,2024-05-10,Vijayapura,Rekha Murthy
3170,5355,0,Yashwanth Gowda,Arrest,2024-05-10,Bengaluru City,Shivakumar Gowda
3172,5357,0,Lakshmi Murthy,Arrest,2024-05-10,Udupi,Mary Bhat
3174,5363,0,Yashwanth Nayak,Arrest,2024-05-10,Bengaluru City,Basavaraj Bhat
3175,5365,0,Prakash Desai,Arrest,2024-05-10,Bengaluru City,Joseph Murthy
3176,5369,0,Yashwanth Iyengar,Arrest,2024-05-10,Bengaluru City,Yashwanth Patil
3178,5371,0,Basavaraj Reddy,Arrest,2024-05-10,Bengaluru City,Manjunath Hegde
3180,5373,0,Rekha Patil,Arrest,2024-05-10,Hubballi-Dharwad,Vinutha Nayak
3182,5375,0,Ravi Murthy,Surrender,2024-05-10,Raichur,Anitha Murthy
3184,5377,0,Shivakumar Bhat,Arrest,2024-05-10,Mangaluru (DK),Chetan Desai
3186,5379,0,Rekha Hegde,Surrender,2024-05-11,Tumakuru,Pooja Prasad
3188,5381,0,Prakash Hegde,Arrest,2024-05-11,Kalaburagi,Vinutha Rao
3191,5389,0,Vinutha Kumar,Arrest,2024-05-11,Bengaluru City,Manjunath Nayak
3192,5391,0,Ashwini Kumar,Arrest,2024-05-11,Vijayapura,Imran Prasad
3195,5395,0,Ashwini Gowda,Arrest,2024-05-11,Bengaluru City,Kiran Gowda
3197,5397,0,Prakash Shetty,Arrest,2024-05-11,Mysuru,Mary Naik
3199,5401,0,Nagaraj Desai,Arrest,2024-05-11,Hassan,Vinutha Nayak
3201,5403,0,Joseph Nayak,Arrest,2024-05-11,Bengaluru City,Ashwini Naik
3203,5405,0,Girish Hegde,Arrest,2024-05-11,Bengaluru City,Fatima Gowda
3204,5407,0,Basavaraj Nayak,Surrender,2024-05-11,Bengaluru City,Pooja Kulkarni
3208,5419,0,Basavaraj Desai,Arrest,2024-05-11,Udupi,Lakshmi Kumar
3210,5421,0,Ashwini Kumar,Arrest,2024-05-11,Belagavi,Mary Murthy
3212,5425,0,Chetan Nayak,Arrest,2024-05-11,Bengaluru City,Anitha Hegde
3214,5427,0,Anitha Prasad,Arrest,2024-05-12,Bengaluru City,Fatima Prasad
3217,5431,0,Vinutha Shetty,Surrender,2024-05-12,Mysuru,Pooja Prasad
3219,5433,0,Fatima Kulkarni,Arrest,2024-05-12,Bengaluru City,Ashwini Murthy
3222,5437,0,Kiran Prasad,Arrest,2024-05-12,Bengaluru City,Rekha Rao
3225,5443,0,Suresh Patil,Arrest,2024-05-12,Mangaluru (DK),Chetan Bhat
3227,5447,0,Anitha Reddy,Arrest,2024-05-12,Raichur,Manjunath Kumar
3229,5451,0,Shivakumar Iyengar,Arrest,2024-05-12,Ballari,Prakash Murthy
3232,5455,0,Chetan Iyengar,Arrest,2024-05-12,Ballari,Shivakumar Naik
3234,5457,0,Mary Desai,Arrest,2024-05-12,Hassan,Prakash Patil
3235,5459,0,Manjunath Nayak,Arrest,2024-05-12,Vijayapura,Kiran Naik
3237,5463,0,Bhavana Nayak,Arrest,2024-05-12,Bengaluru Rural,Imran Rao
3238,5465,0,Joseph Hegde,Surrender,2024-05-12,Davanagere,Vinutha Murthy
3240,5467,0,Kiran Murthy,Arrest,2024-05-12,Vijayapura,Imran Naik
3242,5469,0,Joseph Desai,Surrender,2024-05-12,Bengaluru City,Deepak Shetty
3245,5475,0,Shivakumar Reddy,Arrest,2024-05-13,Vijayapura,Suresh Iyengar
3249,5483,0,Suresh Reddy,Arrest,2024-05-13,Bengaluru City,Manjunath Bhat
3252,5489,0,Deepak Nayak,Arrest,2024-05-13,Ballari,Pooja Kulkarni
3253,5491,0,Ravi Bhat,Arrest,2024-05-13,Bengaluru City,Fatima Nayak
3255,5493,0,Prakash Hegde,Arrest,2024-05-13,Raichur,Anitha Hegde
3258,5497,0,Deepak Reddy,Surrender,2024-05-13,Bengaluru City,Girish Naik
3260,5499,0,Deepak Prasad,Surrender,2024-05-13,Mysuru,Imran Iyengar
3264,5505,0,Chetan Kumar,Arrest,2024-05-13,Bengaluru City,Chetan Reddy
3268,5511,0,Suresh Murthy,Arrest,2024-05-13,Hubballi-Dharwad,Nagaraj Hegde
3269,5513,0,Lakshmi Patil,Arrest,2024-05-14,Mangaluru (DK),Imran Murthy
3272,5517,0,Pooja Murthy,Surrender,2024-05-14,Ballari,Kiran Murthy
3275,5521,0,Nagaraj Patil,Surrender,2024-05-14,Raichur,Joseph Gowda
3276,5523,0,Ashwini Iyengar,Arrest,2024-05-14,Kalaburagi,Pooja Kumar
3278,5525,0,Deepak Bhat,Arrest,2024-05-14,Bengaluru City,Manjunath Hegde
3280,5527,0,Shivakumar Hegde,Arrest,2024-05-14,Bengaluru City,Basavaraj Shetty
3281,5529,0,Fatima Bhat,Arrest,2024-05-14,Mangaluru (DK),Mary Desai
3283,5533,0,Mary Patil,Arrest,2024-05-14,Bengaluru City,Anitha Reddy
3285,5535,0,Lakshmi Iyengar,Arrest,2024-05-14,Tumakuru,Bhavana Naik
3287,5537,0,Prakash Patil,Surrender,2024-05-14,Mysuru,Ravi Desai
3289,5539,0,Mary Gowda,Surrender,2024-05-14,Hubballi-Dharwad,Yashwanth Shetty
3291,5541,0,Rekha Kumar,Arrest,2024-05-14,Hassan,Rekha Kulkarni
3294,5545,0,Joseph Shetty,Surrender,2024-05-14,Tumakuru,Rekha Iyengar
3297,5549,0,Girish Reddy,Arrest,2024-05-14,Bengaluru City,Kiran Gowda
3301,5557,0,Kiran Reddy,Arrest,2024-05-14,Mysuru,Vinutha Gowda
3304,5561,0,Shivakumar Naik,Arrest,2024-05-14,Bengaluru City,Shivakumar Shetty
3308,5567,0,Shivakumar Prasad,Surrender,2024-05-15,Mysuru,Shivakumar Desai
3310,5569,0,Prakash Iyengar,Surrender,2024-05-15,Bengaluru City,Yashwanth Desai
3312,5571,0,Basavaraj Kumar,Arrest,2024-05-15,Hassan,Ravi Hegde
3314,5573,0,Girish Bhat,Arrest,2024-05-15,Tumakuru,Fatima Prasad
3315,5575,0,Imran Nayak,Arrest,2024-05-15,Bengaluru City,Prakash Desai
3317,5579,0,Suresh Kumar,Arrest,2024-05-15,Bengaluru City,Pooja Rao
3318,5581,0,Yashwanth Shetty,Arrest,2024-05-15,Davanagere,Ashwini Rao
3320,5583,0,Prakash Hegde,Arrest,2024-05-15,Bengaluru City,Imran Iyengar
3323,5589,0,Basavaraj Hegde,Arrest,2024-05-15,Tumakuru,Deepak Hegde
3326,5595,0,Rekha Kulkarni,Arrest,2024-05-15,Mangaluru (DK),Deepak Murthy
3327,5597,0,Yashwanth Murthy,Arrest,2024-05-15,Bengaluru City,Vinutha Reddy
3329,5599,0,Fatima Prasad,Arrest,2024-05-15,Tumakuru,Joseph Nayak
3331,5601,0,Deepak Shetty,Arrest,2024-05-15,Tumakuru,Chetan Kumar
3333,5603,0,Ravi Nayak,Arrest,2024-05-15,Vijayapura,Deepak Patil
3335,5605,0,Shivakumar Naik,Arrest,2024-05-15,Bengaluru City,Girish Patil
3337,5607,0,Ashwini Shetty,Arrest,2024-05-16,Bengaluru City,Vinutha Gowda
3341,5613,0,Basavaraj Murthy,Arrest,2024-05-16,Hassan,Ravi Nayak
3342,5615,0,Imran Bhat,Arrest,2024-05-16,Vijayapura,Anitha Prasad
3345,5619,0,Deepak Murthy,Arrest,2024-05-16,Raichur,Fatima Kumar
3349,5627,0,Ravi Murthy,Arrest,2024-05-16,Davanagere,Deepak Kulkarni
3351,5629,0,Shivakumar Iyengar,Surrender,2024-05-16,Udupi,Chetan Rao
3353,5631,0,Deepak Rao,Arrest,2024-05-16,Bengaluru Rural,Girish Murthy
3356,5635,0,Imran Reddy,Arrest,2024-05-16,Vijayapura,Basavaraj Shetty
3357,5639,0,Yashwanth Iyengar,Arrest,2024-05-16,Mysuru,Pooja Iyengar
3358,5643,0,Pooja Bhat,Arrest,2024-05-16,Bengaluru City,Manjunath Nayak
3359,5645,0,Chetan Kulkarni,Arrest,2024-05-16,Kalaburagi,Ravi Prasad
3361,5647,0,Lakshmi Bhat,Arrest,2024-05-16,Mangaluru (DK),Chetan Murthy
3362,5649,0,Girish Nayak,Arrest,2024-05-16,Mysuru,Rekha Prasad
3365,5657,0,Rekha Murthy,Arrest,2024-05-17,Bengaluru City,Yashwanth Naik
3367,5663,0,Chetan Kulkarni,Arrest,2024-05-17,Bengaluru City,Chetan Rao
3370,5669,0,Ravi Kulkarni,Surrender,2024-05-17,Bengaluru City,Vinutha Naik
3373,5675,0,Chetan Gowda,Arrest,2024-05-17,Hassan,Kiran Bhat
3377,5683,0,Yashwanth Rao,Arrest,2024-05-17,Mangaluru (DK),Pooja Bhat
3378,5685,0,Pooja Reddy,Arrest,2024-05-17,Tumakuru,Prakash Rao
3380,5687,0,Nagaraj Bhat,Arrest,2024-05-17,Mangaluru (DK),Nagaraj Nayak
3382,5689,0,Pooja Kumar,Arrest,2024-05-17,Vijayapura,Girish Prasad
3385,5697,0,Nagaraj Rao,Arrest,2024-05-17,Shivamogga,Nagaraj Reddy
3388,5703,0,Fatima Gowda,Arrest,2024-05-17,Bengaluru Rural,Anitha Desai
3392,5709,0,Anitha Murthy,Arrest,2024-05-17,Kalaburagi,Girish Hegde
3394,5711,0,Chetan Murthy,Arrest,2024-05-17,Bengaluru City,Anitha Reddy
3396,5715,0,Prakash Kulkarni,Arrest,2024-05-17,Kalaburagi,Vinutha Kulkarni
3398,5717,0,Fatima Bhat,Arrest,2024-05-18,Ballari,Lakshmi Reddy
3400,5719,0,Deepak Prasad,Arrest,2024-05-18,Mangaluru (DK),Ashwini Gowda
3402,5723,0,Imran Naik,Arrest,2024-05-18,Bengaluru City,Bhavana Reddy
3404,5725,0,Ashwini Shetty,Arrest,2024-05-18,Mangaluru (DK),Girish Rao
3407,5731,0,Shivakumar Nayak,Arrest,2024-05-18,Hassan,Imran Iyengar
3409,5733,0,Shivakumar Kulkarni,Arrest,2024-05-18,Mysuru,Lakshmi Kumar
3411,5735,0,Chetan Rao,Arrest,2024-05-18,Bengaluru City,Vinutha Patil
3412,5737,0,Suresh Desai,Arrest,2024-05-18,Vijayapura,Basavaraj Desai
3414,5739,0,Anitha Patil,Surrender,2024-05-18,Raichur,Manjunath Reddy
3416,5745,0,Lakshmi Nayak,Surrender,2024-05-18,Mangaluru (DK),Vinutha Rao
3417,5747,0,Basavaraj Rao,Arrest,2024-05-18,Hubballi-Dharwad,Pooja Iyengar
3419,5749,0,Basavaraj Murthy,Arrest,2024-05-18,Hubballi-Dharwad,Anitha Reddy
3420,5753,0,Yashwanth Nayak,Arrest,2024-05-18,Hubballi-Dharwad,Ashwini Bhat
3422,5757,0,Mary Prasad,Arrest,2024-05-18,Hubballi-Dharwad,Ashwini Hegde
3425,5761,0,Pooja Kumar,Arrest,2024-05-18,Bengaluru City,Imran Bhat
3426,5765,0,Basavaraj Kulkarni,Arrest,2024-05-18,Hassan,Chetan Reddy
3428,5769,0,Joseph Iyengar,Arrest,2024-05-18,Vijayapura,Pooja Kumar
3430,5771,0,Fatima Hegde,Arrest,2024-05-18,Bengaluru City,Yashwanth Gowda
3431,5775,0,Imran Gowda,Surrender,2024-05-19,Shivamogga,Mary Prasad
3433,5777,0,Manjunath Rao,Surrender,2024-05-19,Raichur,Mary Kumar
3434,5779,0,Chetan Bhat,Surrender,2024-05-19,Vijayapura,Kiran Reddy
3435,5781,0,Mary Prasad,Arrest,2024-05-19,Vijayapura,Prakash Iyengar
3436,5783,0,Ashwini Desai,Arrest,2024-05-19,Bengaluru City,Pooja Shetty
3437,5787,0,Bhavana Shetty,Arrest,2024-05-19,Bengaluru City,Prakash Kulkarni
3438,5789,0,Mary Desai,Arrest,2024-05-19,Mangaluru (DK),Manjunath Hegde
3443,5797,0,Mary Iyengar,Arrest,2024-05-19,Bengaluru Rural,Mary Gowda
3444,5799,0,Rekha Naik,Arrest,2024-05-19,Bengaluru Rural,Yashwanth Reddy
3445,5801,0,Yashwanth Reddy,Arrest,2024-05-19,Bengaluru City,Anitha Kumar
3448,5805,0,Ashwini Hegde,Surrender,2024-05-19,Bengaluru City,Imran Bhat
3450,5807,0,Vinutha Iyengar,Arrest,2024-05-19,Bengaluru City,Fatima Kumar
3452,5811,0,Manjunath Patil,Arrest,2024-05-19,Bengaluru City,Vinutha Patil
3454,5813,0,Anitha Gowda,Arrest,2024-05-19,Davanagere,Ravi Desai
3456,5815,0,Imran Hegde,Arrest,2024-05-19,Bengaluru City,Ravi Patil
3459,5819,0,Fatima Desai,Arrest,2024-05-20,Bengaluru Rural,Joseph Prasad
3461,5821,0,Bhavana Shetty,Arrest,2024-05-20,Belagavi,Basavaraj Reddy
3464,5825,0,Pooja Gowda,Arrest,2024-05-20,Mysuru,Prakash Desai
3466,5827,0,Prakash Prasad,Arrest,2024-05-20,Vijayapura,Manjunath Gowda
3468,5829,0,Prakash Kumar,Arrest,2024-05-20,Belagavi,Vinutha Murthy
3470,5831,0,Shivakumar Bhat,Arrest,2024-05-20,Ballari,Bhavana Bhat
3474,5837,0,Ashwini Prasad,Arrest,2024-05-20,Bengaluru Rural,Mary Nayak
3475,5839,0,Bhavana Naik,Arrest,2024-05-20,Mysuru,Deepak Naik
3477,5841,0,Fatima Bhat,Surrender,2024-05-20,Bengaluru City,Joseph Gowda
3478,5843,0,Deepak Rao,Surrender,2024-05-20,Bengaluru City,Fatima Shetty
3482,5849,0,Girish Patil,Surrender,2024-05-20,Bengaluru City,Ravi Kumar
3484,5851,0,Ashwini Kulkarni,Arrest,2024-05-20,Bengaluru City,Ashwini Nayak
3485,5853,0,Pooja Naik,Arrest,2024-05-20,Hubballi-Dharwad,Shivakumar Patil
3487,5855,0,Mary Prasad,Arrest,2024-05-20,Bengaluru City,Ashwini Desai
3489,5859,0,Ravi Rao,Arrest,2024-05-20,Bengaluru Rural,Mary Hegde
3491,5861,0,Lakshmi Gowda,Arrest,2024-05-20,Bengaluru City,Rekha Kumar
3492,5863,0,Basavaraj Bhat,Surrender,2024-05-20,Davanagere,Kiran Kumar
3493,5865,0,Kiran Naik,Arrest,2024-05-20,Mysuru,Kiran Kumar
3496,5869,0,Girish Nayak,Arrest,2024-05-20,Bengaluru City,Nagaraj Murthy
3498,5871,0,Bhavana Kumar,Arrest,2024-05-20,Mysuru,Basavaraj Iyengar
3500,5873,0,Fatima Nayak,Arrest,2024-05-20,Mysuru,Bhavana Rao
3501,5877,0,Basavaraj Iyengar,Arrest,2024-05-21,Bengaluru Rural,Manjunath Gowda
3503,5879,0,Girish Kulkarni,Arrest,2024-05-21,Kalaburagi,Deepak Reddy
3504,5881,0,Shivakumar Rao,Arrest,2024-05-21,Bengaluru City,Deepak Patil
3506,5883,0,Pooja Desai,Arrest,2024-05-21,Mysuru,Yashwanth Iyengar
3508,5885,0,Yashwanth Bhat,Arrest,2024-05-21,Mysuru,Kiran Hegde
3510,5887,0,Ashwini Bhat,Arrest,2024-05-21,Mysuru,Anitha Shetty
3512,5889,0,Mary Iyengar,Arrest,2024-05-21,Vijayapura,Manjunath Rao
3513,5891,0,Prakash Bhat,Arrest,2024-05-21,Raichur,Manjunath Desai
3516,5899,0,Bhavana Gowda,Surrender,2024-05-21,Tumakuru,Mary Reddy
3518,5901,0,Nagaraj Kumar,Arrest,2024-05-21,Hubballi-Dharwad,Imran Gowda
3520,5905,0,Basavaraj Shetty,Arrest,2024-05-21,Mysuru,Rekha Gowda
3522,5907,0,Nagaraj Rao,Arrest,2024-05-21,Davanagere,Bhavana Nayak
3524,5909,0,Suresh Rao,Arrest,2024-05-21,Davanagere,Rekha Gowda
3527,5915,0,Kiran Bhat,Surrender,2024-05-21,Davanagere,Nagaraj Iyengar
3530,5919,0,Kiran Patil,Surrender,2024-05-21,Bengaluru City,Shivakumar Rao
3531,5921,0,Shivakumar Kumar,Arrest,2024-05-21,Mysuru,Joseph Rao
3533,5923,0,Fatima Desai,Surrender,2024-05-21,Kalaburagi,Lakshmi Kumar
3534,5925,0,Yashwanth Hegde,Arrest,2024-05-21,Belagavi,Pooja Kulkarni
3536,5927,0,Kiran Gowda,Arrest,2024-05-22,Bengaluru City,Imran Desai
3538,5929,0,Nagaraj Kulkarni,Arrest,2024-05-22,Vijayapura,Lakshmi Bhat
3540,5931,0,Bhavana Murthy,Arrest,2024-05-22,Hubballi-Dharwad,Kiran Kulkarni
3543,5937,0,Joseph Nayak,Arrest,2024-05-22,Belagavi,Deepak Hegde
3546,5941,0,Manjunath Patil,Arrest,2024-05-22,Belagavi,Mary Nayak
3548,5943,0,Lakshmi Iyengar,Arrest,2024-05-22,Mysuru,Ashwini Naik
3549,5945,0,Kiran Bhat,Arrest,2024-05-22,Shivamogga,Pooja Bhat
3550,5947,0,Deepak Rao,Arrest,2024-05-22,Bengaluru City,Pooja Desai
3552,5949,0,Deepak Kumar,Arrest,2024-05-22,Mangaluru (DK),Ashwini Iyengar
3553,5951,0,Vinutha Prasad,Arrest,2024-05-22,Vijayapura,Ashwini Nayak
3556,5955,0,Vinutha Shetty,Arrest,2024-05-22,Bengaluru City,Rekha Gowda
3557,5957,0,Nagaraj Prasad,Arrest,2024-05-22,Bengaluru City,Nagaraj Naik
3558,5959,0,Ashwini Reddy,Arrest,2024-05-22,Tumakuru,Suresh Rao
3559,5961,0,Girish Hegde,Arrest,2024-05-22,Bengaluru City,Joseph Reddy
3561,5967,0,Imran Desai,Arrest,2024-05-22,Kalaburagi,Kiran Kulkarni
3563,5969,0,Fatima Patil,Surrender,2024-05-22,Ballari,Imran Desai
3565,5971,0,Deepak Nayak,Arrest,2024-05-22,Hubballi-Dharwad,Vinutha Iyengar
3567,5975,0,Kiran Murthy,Surrender,2024-05-23,Bengaluru City,Nagaraj Rao
3569,5977,0,Bhavana Nayak,Arrest,2024-05-23,Mysuru,Bhavana Nayak
3572,5981,0,Chetan Naik,Surrender,2024-05-23,Bengaluru City,Ravi Naik
3573,5987,0,Girish Bhat,Surrender,2024-05-23,Mysuru,Fatima Bhat
3575,5989,0,Chetan Murthy,Arrest,2024-05-23,Udupi,Suresh Naik
3577,5991,0,Pooja Patil,Arrest,2024-05-23,Mysuru,Deepak Prasad
3578,5993,0,Deepak Prasad,Surrender,2024-05-23,Shivamogga,Ravi Naik
3580,5997,0,Pooja Bhat,Arrest,2024-05-23,Hassan,Vinutha Naik
3581,5999,0,Suresh Kulkarni,Arrest,2024-05-23,Bengaluru City,Girish Desai
3582,6001,0,Joseph Bhat,Arrest,2024-05-23,Bengaluru City,Girish Prasad
3584,6003,0,Mary Rao,Arrest,2024-05-23,Vijayapura,Deepak Hegde
3585,6005,0,Shivakumar Kulkarni,Surrender,2024-05-23,Mangaluru (DK),Prakash Shetty
3587,6007,0,Anitha Naik,Surrender,2024-05-23,Bengaluru City,Yashwanth Bhat
3589,6013,0,Nagaraj Prasad,Arrest,2024-05-23,Raichur,Pooja Naik
3590,6015,0,Imran Patil,Surrender,2024-05-23,Mysuru,Mary Patil
3593,6019,0,Bhavana Rao,Arrest,2024-05-23,Tumakuru,Vinutha Bhat
3595,6021,0,Manjunath Bhat,Arrest,2024-05-23,Mysuru,Joseph Shetty
3598,6025,0,Kiran Shetty,Arrest,2024-05-23,Mangaluru (DK),Yashwanth Patil
3600,6027,0,Prakash Reddy,Arrest,2024-05-23,Bengaluru City,Suresh Bhat
3603,6031,0,Prakash Naik,Arrest,2024-05-24,Bengaluru City,Anitha Desai
3605,6033,0,Lakshmi Kulkarni,Arrest,2024-05-24,Belagavi,Rekha Rao
3607,6037,0,Yashwanth Naik,Arrest,2024-05-24,Bengaluru City,Rekha Shetty
3609,6041,0,Imran Gowda,Arrest,2024-05-24,Kalaburagi,Suresh Shetty
3611,6043,0,Lakshmi Kulkarni,Arrest,2024-05-24,Bengaluru City,Lakshmi Kumar
3613,6049,0,Nagaraj Kulkarni,Arrest,2024-05-24,Raichur,Imran Kulkarni
3615,6051,0,Imran Desai,Arrest,2024-05-24,Raichur,Vinutha Reddy
3617,6053,0,Shivakumar Murthy,Arrest,2024-05-24,Bengaluru City,Kiran Nayak
3620,6057,0,Mary Naik,Arrest,2024-05-24,Udupi,Mary Iyengar
3621,6059,0,Bhavana Murthy,Arrest,2024-05-24,Bengaluru Rural,Basavaraj Iyengar
3623,6061,0,Joseph Patil,Arrest,2024-05-24,Hubballi-Dharwad,Nagaraj Murthy
3625,6063,0,Ashwini Shetty,Arrest,2024-05-24,Bengaluru City,Anitha Iyengar
3627,6065,0,Ravi Shetty,Surrender,2024-05-24,Mysuru,Imran Gowda
3630,6071,0,Deepak Nayak,Arrest,2024-05-24,Bengaluru Rural,Shivakumar Murthy
3632,6073,0,Bhavana Kulkarni,Arrest,2024-05-24,Hassan,Deepak Reddy
3634,6075,0,Fatima Patil,Arrest,2024-05-24,Bengaluru City,Rekha Prasad
3635,6077,0,Rekha Gowda,Arrest,2024-05-24,Raichur,Deepak Rao
3636,6081,0,Fatima Iyengar,Arrest,2024-05-24,Hassan,Bhavana Gowda
3638,6083,0,Pooja Iyengar,Arrest,2024-05-24,Raichur,Bhavana Bhat
3639,6087,0,Deepak Kumar,Arrest,2024-05-25,Raichur,Vinutha Reddy
3640,6089,0,Kiran Reddy,Arrest,2024-05-25,Mangaluru (DK),Lakshmi Bhat
3641,6091,0,Prakash Hegde,Surrender,2024-05-25,Davanagere,Anitha Naik
3642,6093,0,Girish Kulkarni,Arrest,2024-05-25,Hubballi-Dharwad,Rekha Murthy
3643,6095,0,Kiran Prasad,Arrest,2024-05-25,Mysuru,Mary Naik
3645,6099,0,Nagaraj Iyengar,Arrest,2024-05-25,Hassan,Deepak Patil
3648,6107,0,Rekha Rao,Surrender,2024-05-25,Kalaburagi,Joseph Kulkarni
3651,6111,0,Mary Hegde,Arrest,2024-05-25,Tumakuru,Joseph Desai
3653,6113,0,Yashwanth Kulkarni,Arrest,2024-05-25,Udupi,Suresh Shetty
3656,6117,0,Bhavana Kulkarni,Surrender,2024-05-25,Shivamogga,Nagaraj Iyengar
3657,6119,0,Ravi Shetty,Arrest,2024-05-25,Bengaluru City,Deepak Reddy
3658,6121,0,Kiran Reddy,Arrest,2024-05-25,Udupi,Yashwanth Patil
3660,6123,0,Girish Iyengar,Arrest,2024-05-25,Shivamogga,Yashwanth Rao
3661,6127,0,Ravi Prasad,Arrest,2024-05-25,Bengaluru City,Basavaraj Bhat
3663,6129,0,Ravi Shetty,Arrest,2024-05-25,Tumakuru,Joseph Rao
3665,6131,0,Rekha Prasad,Arrest,2024-05-25,Bengaluru City,Deepak Kulkarni
3667,6133,0,Ravi Shetty,Arrest,2024-05-25,Bengaluru Rural,Girish Kumar
3669,6135,0,Yashwanth Bhat,Arrest,2024-05-25,Mysuru,Deepak Rao
3671,6137,0,Basavaraj Gowda,Arrest,2024-05-25,Mysuru,Bhavana Shetty
3672,6143,0,Girish Nayak,Arrest,2024-05-25,Mysuru,Ashwini Iyengar
3673,6147,0,Pooja Bhat,Arrest,2024-05-26,Raichur,Nagaraj Murthy
3675,6149,0,Joseph Reddy,Arrest,2024-05-26,Bengaluru City,Girish Rao
3677,6151,0,Prakash Patil,Arrest,2024-05-26,Belagavi,Girish Kumar
3679,6155,0,Rekha Murthy,Arrest,2024-05-26,Mysuru,Yashwanth Bhat
3680,6157,0,Basavaraj Hegde,Arrest,2024-05-26,Mysuru,Imran Rao
3682,6159,0,Rekha Kumar,Arrest,2024-05-26,Belagavi,Anitha Bhat
3684,6161,0,Manjunath Naik,Arrest,2024-05-26,Belagavi,Anitha Gowda
3685,6165,0,Manjunath Kumar,Arrest,2024-05-26,Kalaburagi,Prakash Kumar
3687,6167,0,Rekha Kulkarni,Arrest,2024-05-26,Bengaluru City,Basavaraj Nayak
3690,6171,0,Nagaraj Kulkarni,Arrest,2024-05-26,Udupi,Basavaraj Rao
3691,6173,0,Prakash Shetty,Surrender,2024-05-26,Vijayapura,Vinutha Bhat
3693,6175,0,Ashwini Reddy,Arrest,2024-05-26,Mysuru,Pooja Gowda
3695,6177,0,Pooja Nayak,Arrest,2024-05-26,Belagavi,Pooja Hegde
3696,6179,0,Yashwanth Reddy,Arrest,2024-05-26,Hassan,Chetan Patil
3698,6181,0,Chetan Naik,Arrest,2024-05-26,Davanagere,Girish Shetty
3700,6183,0,Yashwanth Patil,Arrest,2024-05-26,Bengaluru City,Rekha Patil
3703,6187,0,Deepak Bhat,Arrest,2024-05-26,Belagavi,Bhavana Shetty
3704,6189,0,Manjunath Kumar,Arrest,2024-05-26,Bengaluru City,Manjunath Gowda
3706,6191,0,Fatima Nayak,Arrest,2024-05-26,Shivamogga,Nagaraj Bhat
3708,6197,0,Mary Patil,Surrender,2024-05-27,Ballari,Yashwanth Desai
3710,6199,0,Lakshmi Patil,Arrest,2024-05-27,Raichur,Basavaraj Prasad
3712,6201,0,Chetan Bhat,Arrest,2024-05-27,Bengaluru City,Yashwanth Rao
3715,6207,0,Ravi Kumar,Surrender,2024-05-27,Davanagere,Basavaraj Desai
3717,6211,0,Pooja Murthy,Arrest,2024-05-27,Belagavi,Kiran Kumar
3718,6213,0,Prakash Kumar,Arrest,2024-05-27,Bengaluru City,Bhavana Reddy
3720,6215,0,Chetan Iyengar,Arrest,2024-05-27,Shivamogga,Yashwanth Shetty
3722,6217,0,Manjunath Rao,Arrest,2024-05-27,Bengaluru City,Lakshmi Hegde
3723,6219,0,Mary Kumar,Arrest,2024-05-27,Bengaluru City,Girish Iyengar
3725,6221,0,Bhavana Gowda,Arrest,2024-05-27,Bengaluru City,Bhavana Iyengar
3727,6227,0,Yashwanth Shetty,Arrest,2024-05-27,Kalaburagi,Vinutha Kumar
3730,6233,0,Pooja Naik,Arrest,2024-05-28,Hassan,Suresh Naik
3732,6237,0,Chetan Bhat,Arrest,2024-05-28,Bengaluru City,Pooja Naik
3734,6239,0,Bhavana Kulkarni,Surrender,2024-05-28,Hassan,Ravi Kumar
3735,6241,0,Anitha Patil,Arrest,2024-05-28,Shivamogga,Imran Rao
3737,6251,0,Imran Reddy,Arrest,2024-05-28,Ballari,Girish Patil
3738,6253,0,Kiran Desai,Arrest,2024-05-28,Vijayapura,Kiran Gowda
3739,6255,0,Imran Kumar,Surrender,2024-05-28,Vijayapura,Shivakumar Desai
3741,6257,0,Ashwini Bhat,Arrest,2024-05-28,Bengaluru City,Manjunath Bhat
3743,6259,0,Imran Reddy,Arrest,2024-05-28,Vijayapura,Prakash Shetty
3745,6261,0,Pooja Bhat,Arrest,2024-05-28,Bengaluru City,Rekha Prasad
3747,6263,0,Deepak Prasad,Arrest,2024-05-28,Bengaluru City,Ashwini Bhat
3748,6265,0,Anitha Reddy,Arrest,2024-05-28,Belagavi,Deepak Rao
3752,6273,0,Deepak Kumar,Arrest,2024-05-28,Belagavi,Manjunath Desai
3756,6279,0,Deepak Rao,Arrest,2024-05-28,Tumakuru,Deepak Naik
3758,6281,0,Fatima Bhat,Arrest,2024-05-29,Belagavi,Suresh Kulkarni
3761,6287,0,Pooja Nayak,Arrest,2024-05-29,Vijayapura,Rekha Murthy
3762,6291,0,Rekha Bhat,Arrest,2024-05-29,Udupi,Imran Iyengar
3764,6293,0,Basavaraj Naik,Arrest,2024-05-29,Hubballi-Dharwad,Lakshmi Naik
3765,6295,0,Ashwini Gowda,Arrest,2024-05-29,Bengaluru City,Joseph Shetty
3767,6299,0,Lakshmi Prasad,Arrest,2024-05-29,Hassan,Chetan Kulkarni
3770,6303,0,Nagaraj Iyengar,Arrest,2024-05-29,Kalaburagi,Ravi Kulkarni
3772,6305,0,Ashwini Nayak,Arrest,2024-05-29,Bengaluru Rural,Anitha Prasad
3773,6307,0,Chetan Reddy,Surrender,2024-05-29,Kalaburagi,Deepak Murthy
3775,6309,0,Chetan Shetty,Arrest,2024-05-29,Hubballi-Dharwad,Fatima Patil
3776,6311,0,Imran Nayak,Arrest,2024-05-29,Bengaluru City,Shivakumar Gowda
3778,6313,0,Bhavana Shetty,Arrest,2024-05-29,Mangaluru (DK),Yashwanth Kumar
3780,6315,0,Fatima Kulkarni,Arrest,2024-05-29,Bengaluru Rural,Pooja Rao
3782,6317,0,Rekha Iyengar,Arrest,2024-05-29,Bengaluru City,Girish Iyengar
3785,6321,0,Fatima Murthy,Arrest,2024-05-29,Bengaluru City,Pooja Gowda
3787,6323,0,Suresh Patil,Arrest,2024-05-29,Belagavi,Yashwanth Desai
3789,6325,0,Girish Kulkarni,Arrest,2024-05-29,Bengaluru Rural,Girish Bhat
3790,6329,0,Yashwanth Murthy,Arrest,2024-05-29,Hassan,Basavaraj Reddy
3792,6333,0,Ashwini Kumar,Arrest,2024-05-29,Vijayapura,Pooja Nayak
3794,6335,0,Chetan Desai,Arrest,2024-05-30,Davanagere,Yashwanth Gowda
3799,6343,0,Imran Murthy,Arrest,2024-05-30,Tumakuru,Mary Rao
3802,6347,0,Vinutha Gowda,Arrest,2024-05-30,Bengaluru City,Anitha Hegde
3804,6357,0,Ashwini Bhat,Arrest,2024-05-30,Bengaluru Rural,Chetan Shetty
3806,6359,0,Mary Desai,Arrest,2024-05-30,Belagavi,Shivakumar Naik
3812,6371,0,Deepak Iyengar,Arrest,2024-05-30,Davanagere,Imran Murthy
3816,6377,0,Bhavana Murthy,Arrest,2024-05-30,Bengaluru City,Lakshmi Nayak
3818,6383,0,Imran Nayak,Arrest,2024-05-30,Bengaluru City,Deepak Kumar
3819,6385,0,Fatima Shetty,Arrest,2024-05-30,Udupi,Suresh Naik
3821,6387,0,Pooja Kumar,Arrest,2024-05-30,Vijayapura,Suresh Kulkarni
3823,6389,0,Anitha Shetty,Arrest,2024-05-30,Bengaluru City,Deepak Nayak
3825,6391,0,Ashwini Gowda,Arrest,2024-05-30,Kalaburagi,Yashwanth Nayak
3827,6393,0,Manjunath Bhat,Arrest,2024-05-30,Udupi,Mary Iyengar
3829,6397,0,Basavaraj Desai,Arrest,2024-05-31,Hubballi-Dharwad,Joseph Murthy
3831,6399,0,Basavaraj Bhat,Surrender,2024-05-31,Hubballi-Dharwad,Girish Nayak
3832,6401,0,Mary Desai,Arrest,2024-05-31,Mysuru,Deepak Iyengar
3837,6415,0,Joseph Shetty,Arrest,2024-05-31,Belagavi,Suresh Prasad
3838,6419,0,Ashwini Iyengar,Arrest,2024-05-31,Bengaluru City,Deepak Gowda
3839,6421,0,Lakshmi Prasad,Arrest,2024-05-31,Davanagere,Prakash Naik
3842,6425,0,Mary Nayak,Arrest,2024-05-31,Kalaburagi,Fatima Bhat
3844,6429,0,Nagaraj Bhat,Arrest,2024-05-31,Belagavi,Shivakumar Naik
3846,6431,0,Vinutha Rao,Arrest,2024-05-31,Davanagere,Anitha Naik
3853,6443,0,Chetan Naik,Arrest,2024-05-31,Kalaburagi,Deepak Kulkarni
3855,6445,0,Girish Reddy,Arrest,2024-05-31,Hubballi-Dharwad,Mary Iyengar
3856,6449,0,Shivakumar Reddy,Arrest,2024-06-01,Vijayapura,Chetan Naik
3858,6451,0,Girish Patil,Arrest,2024-06-01,Bengaluru City,Deepak Gowda
3861,6457,0,Pooja Naik,Arrest,2024-06-01,Hubballi-Dharwad,Nagaraj Nayak
3865,6463,0,Fatima Desai,Arrest,2024-06-01,Davanagere,Deepak Patil
3868,6467,0,Nagaraj Iyengar,Arrest,2024-06-01,Bengaluru City,Joseph Kumar
3870,6469,0,Pooja Shetty,Arrest,2024-06-01,Bengaluru City,Chetan Shetty
3873,6473,0,Imran Prasad,Arrest,2024-06-01,Mangaluru (DK),Imran Reddy
3875,6475,0,Pooja Hegde,Surrender,2024-06-01,Udupi,Fatima Gowda
3877,6477,0,Joseph Shetty,Arrest,2024-06-01,Bengaluru City,Nagaraj Nayak
3878,6481,0,Lakshmi Reddy,Arrest,2024-06-01,Tumakuru,Ravi Gowda
3879,6483,0,Pooja Shetty,Arrest,2024-06-01,Udupi,Deepak Kulkarni
3881,6487,0,Shivakumar Prasad,Arrest,2024-06-01,Ballari,Basavaraj Bhat
3882,6489,0,Anitha Reddy,Surrender,2024-06-01,Tumakuru,Basavaraj Rao
3884,6491,0,Suresh Kumar,Arrest,2024-06-02,Hubballi-Dharwad,Mary Bhat
3885,6493,0,Girish Nayak,Arrest,2024-06-02,Hubballi-Dharwad,Deepak Kulkarni
3887,6495,0,Pooja Desai,Arrest,2024-06-02,Bengaluru City,Pooja Hegde
3891,6505,0,Ashwini Rao,Arrest,2024-06-02,Raichur,Deepak Kulkarni
3892,6507,0,Prakash Naik,Arrest,2024-06-02,Mysuru,Nagaraj Iyengar
3894,6509,0,Suresh Naik,Arrest,2024-06-02,Shivamogga,Vinutha Hegde
3896,6511,0,Anitha Rao,Arrest,2024-06-02,Mysuru,Ashwini Kumar
3897,6513,0,Yashwanth Reddy,Arrest,2024-06-02,Vijayapura,Rekha Prasad
3899,6515,0,Imran Patil,Arrest,2024-06-02,Ballari,Bhavana Iyengar
3901,6517,0,Manjunath Reddy,Arrest,2024-06-02,Mysuru,Joseph Nayak
3903,6527,0,Bhavana Prasad,Arrest,2024-06-02,Vijayapura,Yashwanth Desai
3904,6529,0,Kiran Gowda,Arrest,2024-06-02,Vijayapura,Suresh Reddy
3907,6533,0,Yashwanth Murthy,Surrender,2024-06-02,Hubballi-Dharwad,Kiran Rao
3909,6535,0,Shivakumar Desai,Arrest,2024-06-02,Mysuru,Kiran Patil
3911,6541,0,Shivakumar Kumar,Arrest,2024-06-03,Vijayapura,Pooja Rao
3912,6543,0,Girish Desai,Arrest,2024-06-03,Belagavi,Yashwanth Kumar
3916,6551,0,Yashwanth Iyengar,Surrender,2024-06-03,Raichur,Yashwanth Rao
3918,6553,0,Rekha Hegde,Arrest,2024-06-03,Raichur,Mary Iyengar
3920,6557,0,Vinutha Bhat,Arrest,2024-06-03,Bengaluru City,Basavaraj Hegde
3922,6561,0,Yashwanth Bhat,Arrest,2024-06-03,Shivamogga,Yashwanth Shetty
3924,6565,0,Manjunath Murthy,Arrest,2024-06-03,Shivamogga,Chetan Murthy
3926,6569,0,Imran Gowda,Arrest,2024-06-03,Bengaluru City,Vinutha Prasad
3928,6571,0,Bhavana Gowda,Arrest,2024-06-03,Bengaluru City,Chetan Gowda
3930,6573,0,Imran Rao,Arrest,2024-06-03,Bengaluru City,Yashwanth Rao
3932,6575,0,Suresh Hegde,Surrender,2024-06-03,Bengaluru City,Ashwini Nayak
3933,6579,0,Kiran Desai,Surrender,2024-06-03,Mysuru,Nagaraj Patil
3935,6583,0,Girish Rao,Arrest,2024-06-03,Udupi,Manjunath Reddy
3936,6585,0,Manjunath Bhat,Arrest,2024-06-03,Hubballi-Dharwad,Kiran Patil
3938,6589,0,Ravi Nayak,Surrender,2024-06-03,Tumakuru,Vinutha Desai
3941,6597,0,Ashwini Kumar,Arrest,2024-06-04,Bengaluru City,Anitha Patil
3943,6599,0,Ravi Patil,Arrest,2024-06-04,Mysuru,Lakshmi Naik
3944,6603,0,Chetan Kulkarni,Arrest,2024-06-04,Bengaluru City,Shivakumar Reddy
3946,6609,0,Fatima Hegde,Arrest,2024-06-04,Mysuru,Vinutha Hegde
3948,6611,0,Suresh Desai,Arrest,2024-06-04,Mangaluru (DK),Vinutha Reddy
3951,6615,0,Rekha Gowda,Arrest,2024-06-04,Bengaluru City,Vinutha Kumar
3952,6617,0,Imran Gowda,Arrest,2024-06-04,Shivamogga,Deepak Kumar
3954,6619,0,Nagaraj Kulkarni,Arrest,2024-06-04,Hassan,Fatima Murthy
3955,6621,0,Shivakumar Naik,Arrest,2024-06-04,Bengaluru City,Ashwini Gowda
3957,6625,0,Prakash Desai,Arrest,2024-06-04,Kalaburagi,Ravi Kumar
3958,6627,0,Fatima Shetty,Surrender,2024-06-04,Kalaburagi,Lakshmi Kumar
3961,6631,0,Mary Iyengar,Arrest,2024-06-04,Bengaluru Rural,Chetan Murthy
3964,6637,0,Ashwini Kulkarni,Arrest,2024-06-05,Mysuru,Chetan Desai
3965,6639,0,Ravi Naik,Surrender,2024-06-05,Kalaburagi,Vinutha Rao
3967,6641,0,Prakash Shetty,Arrest,2024-06-05,Bengaluru City,Manjunath Kumar
3969,6645,0,Suresh Patil,Arrest,2024-06-05,Bengaluru City,Shivakumar Rao
3971,6647,0,Pooja Kulkarni,Arrest,2024-06-05,Belagavi,Basavaraj Iyengar
3972,6649,0,Deepak Patil,Arrest,2024-06-05,Vijayapura,Mary Patil
3975,6653,0,Shivakumar Desai,Arrest,2024-06-05,Davanagere,Yashwanth Kulkarni
3977,6655,0,Suresh Nayak,Arrest,2024-06-05,Davanagere,Lakshmi Hegde
3981,6665,0,Pooja Naik,Arrest,2024-06-05,Bengaluru City,Bhavana Patil
3986,6679,0,Manjunath Kulkarni,Arrest,2024-06-06,Bengaluru City,Lakshmi Kumar
3988,6683,0,Prakash Prasad,Arrest,2024-06-06,Bengaluru City,Shivakumar Hegde
3990,6685,0,Bhavana Murthy,Arrest,2024-06-06,Bengaluru City,Deepak Kumar
3991,6687,0,Rekha Shetty,Surrender,2024-06-06,Bengaluru City,Imran Desai
3993,6689,0,Vinutha Hegde,Arrest,2024-06-06,Mysuru,Bhavana Patil
3998,6701,0,Vinutha Murthy,Surrender,2024-06-06,Shivamogga,Joseph Kumar
3999,6703,0,Pooja Murthy,Surrender,2024-06-06,Raichur,Suresh Patil
4001,6705,0,Prakash Desai,Arrest,2024-06-06,Hassan,Anitha Patil
4004,6709,0,Pooja Murthy,Arrest,2024-06-06,Bengaluru Rural,Girish Reddy
4005,6711,0,Shivakumar Murthy,Arrest,2024-06-07,Mysuru,Joseph Murthy
4006,6713,0,Rekha Nayak,Arrest,2024-06-07,Bengaluru City,Suresh Reddy
4008,6715,0,Lakshmi Patil,Surrender,2024-06-07,Bengaluru City,Joseph Desai
4009,6717,0,Prakash Prasad,Surrender,2024-06-07,Raichur,Vinutha Reddy
4010,6719,0,Chetan Reddy,Arrest,2024-06-07,Bengaluru City,Girish Patil
4011,6721,0,Suresh Desai,Arrest,2024-06-07,Bengaluru City,Joseph Desai
4014,6725,0,Nagaraj Kulkarni,Arrest,2024-06-07,Hassan,Chetan Desai
4016,6729,0,Ashwini Bhat,Arrest,2024-06-07,Kalaburagi,Anitha Hegde
4017,6731,0,Lakshmi Nayak,Arrest,2024-06-07,Davanagere,Imran Patil
4019,6733,0,Imran Murthy,Surrender,2024-06-07,Belagavi,Prakash Iyengar
4020,6735,0,Kiran Desai,Arrest,2024-06-07,Mysuru,Joseph Kulkarni
4023,6739,0,Chetan Shetty,Arrest,2024-06-07,Bengaluru City,Suresh Hegde
4025,6741,0,Manjunath Reddy,Surrender,2024-06-07,Mysuru,Vinutha Kulkarni
4027,6745,0,Shivakumar Reddy,Arrest,2024-06-07,Tumakuru,Mary Gowda
4028,6747,0,Mary Naik,Arrest,2024-06-07,Shivamogga,Pooja Hegde
4030,6749,0,Shivakumar Iyengar,Arrest,2024-06-07,Raichur,Girish Desai
4033,6753,0,Suresh Patil,Arrest,2024-06-07,Bengaluru City,Bhavana Bhat
4035,6755,0,Joseph Kumar,Arrest,2024-06-07,Bengaluru City,Imran Kumar
4037,6757,0,Anitha Murthy,Arrest,2024-06-07,Mysuru,Pooja Nayak
4038,6761,0,Pooja Desai,Arrest,2024-06-07,Kalaburagi,Rekha Murthy
4043,6769,0,Shivakumar Iyengar,Arrest,2024-06-08,Bengaluru City,Basavaraj Hegde
4044,6773,0,Anitha Reddy,Surrender,2024-06-08,Raichur,Vinutha Rao
4045,6775,0,Chetan Shetty,Arrest,2024-06-08,Bengaluru City,Yashwanth Iyengar
4048,6779,0,Ashwini Kulkarni,Arrest,2024-06-08,Mysuru,Shivakumar Hegde
4049,6781,0,Girish Murthy,Arrest,2024-06-08,Raichur,Fatima Reddy
4051,6783,0,Suresh Nayak,Arrest,2024-06-08,Raichur,Chetan Murthy
4054,6789,0,Chetan Murthy,Arrest,2024-06-08,Shivamogga,Rekha Bhat
4055,6791,0,Manjunath Desai,Arrest,2024-06-08,Kalaburagi,Manjunath Rao
4056,6793,0,Shivakumar Rao,Arrest,2024-06-08,Mysuru,Basavaraj Desai
4057,6799,0,Deepak Iyengar,Arrest,2024-06-08,Hubballi-Dharwad,Manjunath Shetty
4059,6803,0,Ravi Hegde,Arrest,2024-06-09,Ballari,Lakshmi Hegde
4062,6807,0,Anitha Patil,Arrest,2024-06-09,Udupi,Ravi Hegde
4065,6813,0,Pooja Reddy,Arrest,2024-06-09,Belagavi,Deepak Kulkarni
4067,6817,0,Ravi Iyengar,Arrest,2024-06-09,Ballari,Pooja Kumar
4069,6819,0,Rekha Patil,Arrest,2024-06-09,Ballari,Joseph Kumar
4071,6823,0,Lakshmi Shetty,Arrest,2024-06-09,Belagavi,Prakash Shetty
4073,6833,0,Vinutha Desai,Surrender,2024-06-09,Belagavi,Imran Naik
4074,6835,0,Chetan Kulkarni,Arrest,2024-06-09,Ballari,Ashwini Rao
4077,6839,0,Joseph Kulkarni,Surrender,2024-06-09,Kalaburagi,Mary Nayak
4079,6845,0,Ravi Rao,Arrest,2024-06-10,Belagavi,Girish Reddy
4080,6847,0,Manjunath Bhat,Arrest,2024-06-10,Tumakuru,Pooja Desai
4081,6849,0,Ashwini Iyengar,Surrender,2024-06-10,Raichur,Fatima Kulkarni
4082,6851,0,Suresh Hegde,Arrest,2024-06-10,Vijayapura,Manjunath Nayak
4083,6853,0,Ashwini Desai,Arrest,2024-06-10,Bengaluru City,Ashwini Patil
4084,6855,0,Imran Patil,Arrest,2024-06-10,Ballari,Mary Naik
4085,6857,0,Suresh Patil,Arrest,2024-06-10,Bengaluru City,Manjunath Kulkarni
4086,6859,0,Basavaraj Hegde,Arrest,2024-06-10,Belagavi,Fatima Prasad
4087,6861,0,Mary Iyengar,Arrest,2024-06-10,Mysuru,Anitha Nayak
4089,6863,0,Nagaraj Nayak,Arrest,2024-06-10,Shivamogga,Anitha Patil
4092,6871,0,Vinutha Nayak,Arrest,2024-06-10,Hubballi-Dharwad,Ravi Nayak
4095,6875,0,Fatima Patil,Arrest,2024-06-10,Bengaluru City,Ashwini Nayak
4097,6877,0,Imran Bhat,Arrest,2024-06-10,Udupi,Manjunath Reddy
4098,6879,0,Chetan Nayak,Arrest,2024-06-10,Bengaluru City,Yashwanth Murthy
4100,6881,0,Basavaraj Gowda,Arrest,2024-06-11,Bengaluru City,Kiran Reddy
4101,6883,0,Girish Naik,Arrest,2024-06-11,Ballari,Basavaraj Murthy
4103,6885,0,Nagaraj Iyengar,Arrest,2024-06-11,Bengaluru City,Imran Murthy
4105,6887,0,Chetan Kulkarni,Arrest,2024-06-11,Bengaluru City,Basavaraj Prasad
4107,6891,0,Rekha Hegde,Arrest,2024-06-11,Belagavi,Kiran Naik
4108,6893,0,Ravi Patil,Arrest,2024-06-11,Bengaluru City,Ashwini Murthy
4110,6899,0,Pooja Kulkarni,Arrest,2024-06-11,Belagavi,Manjunath Iyengar
4111,6901,0,Pooja Naik,Arrest,2024-06-11,Belagavi,Ravi Kulkarni
4113,6903,0,Joseph Prasad,Arrest,2024-06-11,Vijayapura,Chetan Bhat
4115,6905,0,Fatima Kulkarni,Arrest,2024-06-11,Belagavi,Prakash Rao
4116,6907,0,Vinutha Desai,Arrest,2024-06-11,Mysuru,Prakash Desai
4119,6913,0,Ravi Nayak,Surrender,2024-06-11,Kalaburagi,Bhavana Shetty
4121,6915,0,Lakshmi Reddy,Arrest,2024-06-11,Bengaluru City,Imran Iyengar
4125,6921,0,Prakash Rao,Arrest,2024-06-11,Kalaburagi,Chetan Bhat
4127,6925,0,Rekha Shetty,Surrender,2024-06-12,Bengaluru City,Rekha Bhat
4130,6933,0,Girish Desai,Arrest,2024-06-12,Raichur,Pooja Patil
4134,6941,0,Ashwini Prasad,Arrest,2024-06-12,Tumakuru,Prakash Iyengar
4135,6945,0,Manjunath Shetty,Surrender,2024-06-12,Shivamogga,Deepak Murthy
4137,6949,0,Deepak Gowda,Arrest,2024-06-12,Mangaluru (DK),Chetan Rao
4139,6953,0,Vinutha Murthy,Arrest,2024-06-12,Raichur,Ravi Rao
4141,6955,0,Mary Shetty,Arrest,2024-06-13,Hassan,Deepak Hegde
4143,6957,0,Fatima Iyengar,Arrest,2024-06-13,Hubballi-Dharwad,Yashwanth Nayak
4145,6959,0,Joseph Patil,Arrest,2024-06-13,Hubballi-Dharwad,Bhavana Desai
4148,6963,0,Nagaraj Bhat,Arrest,2024-06-13,Bengaluru City,Fatima Iyengar
4150,6965,0,Pooja Murthy,Arrest,2024-06-13,Belagavi,Mary Murthy
4152,6967,0,Fatima Iyengar,Arrest,2024-06-13,Mysuru,Yashwanth Patil
4155,6971,0,Chetan Prasad,Arrest,2024-06-13,Shivamogga,Girish Kulkarni
4157,6973,0,Joseph Bhat,Arrest,2024-06-13,Bengaluru Rural,Yashwanth Hegde
4159,6975,0,Basavaraj Kumar,Arrest,2024-06-13,Mysuru,Shivakumar Prasad
4160,6977,0,Suresh Murthy,Surrender,2024-06-13,Bengaluru City,Rekha Iyengar
4162,6979,0,Nagaraj Kumar,Arrest,2024-06-13,Kalaburagi,Girish Gowda
4164,6981,0,Chetan Kulkarni,Arrest,2024-06-13,Bengaluru City,Mary Hegde
4166,6985,0,Vinutha Murthy,Arrest,2024-06-13,Mangaluru (DK),Vinutha Reddy
4168,6987,0,Bhavana Iyengar,Arrest,2024-06-13,Bengaluru Rural,Suresh Patil
4171,6991,0,Imran Patil,Arrest,2024-06-13,Ballari,Chetan Gowda
4173,6993,0,Rekha Murthy,Arrest,2024-06-13,Mysuru,Girish Bhat
4174,6995,0,Yashwanth Shetty,Arrest,2024-06-14,Belagavi,Joseph Nayak
4177,7001,0,Girish Reddy,Surrender,2024-06-14,Vijayapura,Joseph Bhat
4180,7007,0,Manjunath Naik,Arrest,2024-06-14,Raichur,Lakshmi Naik
4182,7011,0,Kiran Kulkarni,Arrest,2024-06-14,Mysuru,Yashwanth Murthy
4185,7015,0,Ashwini Desai,Arrest,2024-06-14,Raichur,Shivakumar Prasad
4186,7017,0,Basavaraj Prasad,Arrest,2024-06-14,Tumakuru,Vinutha Desai
4189,7021,0,Suresh Reddy,Arrest,2024-06-14,Belagavi,Deepak Nayak
4190,7023,0,Chetan Patil,Arrest,2024-06-14,Hubballi-Dharwad,Yashwanth Iyengar
4192,7029,0,Bhavana Hegde,Arrest,2024-06-14,Bengaluru City,Bhavana Desai
4194,7031,0,Shivakumar Rao,Arrest,2024-06-14,Bengaluru City,Pooja Gowda
4196,7033,0,Anitha Naik,Arrest,2024-06-14,Shivamogga,Basavaraj Gowda
4198,7035,0,Yashwanth Nayak,Surrender,2024-06-14,Shivamogga,Yashwanth Reddy
4199,7037,0,Suresh Reddy,Arrest,2024-06-14,Shivamogga,Yashwanth Nayak
4201,7039,0,Fatima Desai,Arrest,2024-06-15,Tumakuru,Ashwini Reddy
4206,7047,0,Imran Rao,Arrest,2024-06-15,Belagavi,Kiran Prasad
4209,7051,0,Mary Kumar,Arrest,2024-06-15,Tumakuru,Manjunath Bhat
4211,7053,0,Nagaraj Shetty,Arrest,2024-06-15,Belagavi,Imran Nayak
4212,7059,0,Chetan Hegde,Arrest,2024-06-15,Bengaluru City,Ravi Nayak
4214,7061,0,Shivakumar Naik,Arrest,2024-06-15,Shivamogga,Manjunath Shetty
4216,7063,0,Fatima Shetty,Arrest,2024-06-15,Tumakuru,Deepak Desai
4217,7065,0,Ravi Desai,Arrest,2024-06-15,Kalaburagi,Mary Iyengar
4222,7073,0,Vinutha Shetty,Arrest,2024-06-15,Mangaluru (DK),Ashwini Kumar
4223,7075,0,Deepak Bhat,Arrest,2024-06-15,Bengaluru Rural,Girish Iyengar
4228,7087,0,Basavaraj Hegde,Arrest,2024-06-16,Mangaluru (DK),Deepak Murthy
4230,7089,0,Suresh Desai,Arrest,2024-06-16,Vijayapura,Shivakumar Murthy
4234,7095,0,Lakshmi Shetty,Arrest,2024-06-16,Shivamogga,Lakshmi Kumar
4236,7097,0,Yashwanth Gowda,Arrest,2024-06-16,Hubballi-Dharwad,Yashwanth Murthy
4239,7105,0,Prakash Patil,Arrest,2024-06-16,Shivamogga,Girish Bhat
4241,7109,0,Girish Kulkarni,Arrest,2024-06-16,Belagavi,Girish Kulkarni
4242,7111,0,Ravi Patil,Arrest,2024-06-16,Kalaburagi,Yashwanth Patil
4248,7125,0,Prakash Gowda,Arrest,2024-06-16,Mysuru,Ashwini Naik
4251,7129,0,Basavaraj Naik,Arrest,2024-06-16,Vijayapura,Deepak Reddy
4253,7131,0,Lakshmi Kulkarni,Arrest,2024-06-16,Vijayapura,Manjunath Reddy
4255,7133,0,Joseph Bhat,Arrest,2024-06-16,Bengaluru City,Prakash Reddy
4258,7137,0,Shivakumar Desai,Arrest,2024-06-17,Tumakuru,Ashwini Kumar
4260,7143,0,Kiran Hegde,Arrest,2024-06-17,Bengaluru City,Joseph Murthy
4262,7145,0,Imran Kumar,Arrest,2024-06-17,Shivamogga,Ravi Naik
4264,7147,0,Joseph Patil,Arrest,2024-06-17,Tumakuru,Manjunath Patil
4266,7149,0,Joseph Kumar,Arrest,2024-06-17,Vijayapura,Pooja Bhat
4268,7151,0,Joseph Patil,Arrest,2024-06-17,Vijayapura,Suresh Nayak
4269,7153,0,Anitha Kumar,Arrest,2024-06-17,Ballari,Girish Prasad
4272,7157,0,Girish Kumar,Arrest,2024-06-17,Belagavi,Lakshmi Patil
4274,7161,0,Bhavana Reddy,Arrest,2024-06-17,Hubballi-Dharwad,Pooja Kumar
4279,7173,0,Nagaraj Prasad,Surrender,2024-06-18,Vijayapura,Shivakumar Bhat
4280,7175,0,Anitha Reddy,Arrest,2024-06-18,Tumakuru,Deepak Iyengar
4283,7179,0,Girish Murthy,Surrender,2024-06-18,Mangaluru (DK),Pooja Nayak
4286,7183,0,Shivakumar Shetty,Surrender,2024-06-18,Bengaluru City,Pooja Kumar
4287,7185,0,Deepak Iyengar,Arrest,2024-06-18,Mangaluru (DK),Basavaraj Murthy
4291,7191,0,Mary Iyengar,Surrender,2024-06-18,Mangaluru (DK),Deepak Prasad
4292,7193,0,Lakshmi Nayak,Arrest,2024-06-18,Davanagere,Mary Kumar
4294,7197,0,Bhavana Naik,Arrest,2024-06-18,Mysuru,Pooja Reddy
4296,7199,0,Imran Murthy,Arrest,2024-06-18,Bengaluru City,Prakash Patil
4299,7203,0,Deepak Hegde,Arrest,2024-06-18,Bengaluru City,Kiran Rao
4300,7205,0,Yashwanth Bhat,Arrest,2024-06-18,Bengaluru City,Anitha Kumar
4301,7207,0,Anitha Prasad,Surrender,2024-06-19,Mangaluru (DK),Fatima Iyengar
4302,7211,0,Fatima Iyengar,Arrest,2024-06-19,Bengaluru Rural,Manjunath Nayak
4304,7213,0,Lakshmi Hegde,Arrest,2024-06-19,Kalaburagi,Kiran Iyengar
4306,7215,0,Yashwanth Prasad,Arrest,2024-06-19,Kalaburagi,Kiran Reddy
4308,7217,0,Vinutha Patil,Arrest,2024-06-19,Belagavi,Joseph Reddy
4310,7219,0,Yashwanth Reddy,Arrest,2024-06-19,Kalaburagi,Shivakumar Kulkarni
4312,7221,0,Yashwanth Kumar,Arrest,2024-06-19,Mysuru,Chetan Bhat
4313,7223,0,Manjunath Nayak,Arrest,2024-06-19,Shivamogga,Kiran Desai
4314,7225,0,Basavaraj Reddy,Arrest,2024-06-19,Bengaluru Rural,Fatima Iyengar
4315,7227,0,Rekha Murthy,Arrest,2024-06-19,Bengaluru City,Anitha Kulkarni
4316,7229,0,Mary Patil,Arrest,2024-06-19,Raichur,Deepak Gowda
4318,7231,0,Basavaraj Iyengar,Arrest,2024-06-19,Kalaburagi,Suresh Bhat
4321,7235,0,Vinutha Rao,Arrest,2024-06-19,Mysuru,Fatima Kulkarni
4323,7237,0,Chetan Desai,Surrender,2024-06-19,Bengaluru City,Nagaraj Desai
4324,7243,0,Yashwanth Hegde,Arrest,2024-06-19,Bengaluru City,Shivakumar Gowda
4326,7245,0,Prakash Kumar,Arrest,2024-06-19,Hassan,Shivakumar Iyengar
4327,7247,0,Prakash Shetty,Surrender,2024-06-20,Raichur,Imran Iyengar
4329,7255,0,Pooja Kumar,Arrest,2024-06-20,Hubballi-Dharwad,Basavaraj Nayak
4331,7257,0,Manjunath Prasad,Arrest,2024-06-20,Hubballi-Dharwad,Prakash Murthy
4333,7259,0,Bhavana Nayak,Surrender,2024-06-20,Belagavi,Yashwanth Gowda
4335,7261,0,Imran Kumar,Arrest,2024-06-20,Bengaluru City,Kiran Gowda
4337,7263,0,Manjunath Kulkarni,Arrest,2024-06-20,Udupi,Nagaraj Nayak
4339,7265,0,Basavaraj Kumar,Arrest,2024-06-20,Ballari,Kiran Gowda
4340,7267,0,Manjunath Patil,Arrest,2024-06-20,Kalaburagi,Pooja Rao
4341,7269,0,Deepak Nayak,Arrest,2024-06-20,Bengaluru City,Deepak Bhat
4343,7271,0,Basavaraj Shetty,Arrest,2024-06-20,Vijayapura,Joseph Shetty
4345,7273,0,Lakshmi Reddy,Surrender,2024-06-20,Bengaluru City,Ashwini Gowda
4347,7275,0,Manjunath Rao,Arrest,2024-06-20,Mysuru,Girish Patil
4349,7277,0,Mary Hegde,Arrest,2024-06-20,Shivamogga,Rekha Shetty
4351,7279,0,Basavaraj Iyengar,Arrest,2024-06-20,Shivamogga,Joseph Desai
4357,7289,0,Girish Hegde,Surrender,2024-06-20,Mysuru,Bhavana Murthy
4360,7299,0,Ashwini Gowda,Arrest,2024-06-21,Mangaluru (DK),Lakshmi Kumar
4365,7307,0,Shivakumar Naik,Arrest,2024-06-21,Belagavi,Suresh Gowda
4366,7309,0,Bhavana Prasad,Surrender,2024-06-21,Raichur,Kiran Rao
4368,7313,0,Pooja Shetty,Arrest,2024-06-21,Shivamogga,Deepak Reddy
4370,7315,0,Rekha Prasad,Arrest,2024-06-21,Hubballi-Dharwad,Lakshmi Gowda
4372,7317,0,Ashwini Desai,Arrest,2024-06-21,Kalaburagi,Deepak Reddy
4374,7319,0,Girish Hegde,Arrest,2024-06-21,Raichur,Bhavana Desai
4376,7323,0,Nagaraj Gowda,Arrest,2024-06-21,Vijayapura,Mary Murthy
4378,7327,0,Bhavana Reddy,Surrender,2024-06-21,Kalaburagi,Vinutha Prasad
4381,7331,0,Fatima Murthy,Arrest,2024-06-21,Mysuru,Vinutha Reddy
4383,7335,0,Nagaraj Nayak,Arrest,2024-06-21,Davanagere,Manjunath Kumar
4384,7337,0,Imran Hegde,Arrest,2024-06-21,Bengaluru City,Manjunath Iyengar
4386,7341,0,Vinutha Desai,Surrender,2024-06-21,Tumakuru,Suresh Reddy
4387,7343,0,Suresh Hegde,Arrest,2024-06-21,Davanagere,Mary Iyengar
4389,7345,0,Ashwini Kulkarni,Arrest,2024-06-21,Bengaluru City,Suresh Gowda
4392,7353,0,Bhavana Kulkarni,Surrender,2024-06-22,Mangaluru (DK),Kiran Kulkarni
4394,7355,0,Pooja Rao,Arrest,2024-06-22,Bengaluru Rural,Prakash Patil
4396,7359,0,Prakash Rao,Arrest,2024-06-22,Bengaluru City,Deepak Nayak
4398,7361,0,Chetan Iyengar,Surrender,2024-06-22,Hubballi-Dharwad,Shivakumar Patil
4399,7363,0,Rekha Rao,Surrender,2024-06-22,Hubballi-Dharwad,Fatima Hegde
4402,7367,0,Ashwini Iyengar,Arrest,2024-06-22,Ballari,Chetan Bhat
4404,7371,0,Deepak Rao,Arrest,2024-06-22,Mangaluru (DK),Fatima Hegde
4409,7379,0,Vinutha Hegde,Arrest,2024-06-22,Bengaluru City,Basavaraj Hegde
4410,7381,0,Kiran Kulkarni,Arrest,2024-06-22,Bengaluru City,Basavaraj Kulkarni
4413,7385,0,Manjunath Kumar,Surrender,2024-06-22,Davanagere,Nagaraj Iyengar
4414,7387,0,Yashwanth Bhat,Arrest,2024-06-22,Hubballi-Dharwad,Joseph Murthy
4415,7389,0,Suresh Nayak,Arrest,2024-06-22,Udupi,Manjunath Murthy
4417,7391,0,Mary Naik,Arrest,2024-06-22,Vijayapura,Basavaraj Iyengar
4418,7393,0,Chetan Rao,Arrest,2024-06-22,Bengaluru City,Imran Gowda
4421,7397,0,Yashwanth Bhat,Arrest,2024-06-22,Mysuru,Chetan Kulkarni
4422,7399,0,Fatima Kulkarni,Arrest,2024-06-22,Mysuru,Suresh Prasad
4423,7401,0,Pooja Kulkarni,Arrest,2024-06-22,Hubballi-Dharwad,Basavaraj Reddy
4425,7407,0,Pooja Prasad,Arrest,2024-06-23,Mangaluru (DK),Joseph Reddy
4428,7413,0,Prakash Hegde,Arrest,2024-06-23,Bengaluru City,Chetan Patil
4432,7421,0,Anitha Hegde,Arrest,2024-06-23,Bengaluru City,Vinutha Iyengar
4434,7427,0,Bhavana Rao,Arrest,2024-06-23,Mangaluru (DK),Rekha Iyengar
4436,7433,0,Lakshmi Gowda,Arrest,2024-06-23,Mysuru,Yashwanth Kumar
4438,7437,0,Imran Kumar,Arrest,2024-06-24,Bengaluru City,Manjunath Prasad
4441,7441,0,Suresh Prasad,Arrest,2024-06-24,Bengaluru City,Imran Murthy
4442,7443,0,Kiran Iyengar,Arrest,2024-06-24,Bengaluru City,Lakshmi Desai
4445,7447,0,Deepak Iyengar,Arrest,2024-06-24,Mysuru,Lakshmi Kulkarni
4446,7451,0,Mary Kulkarni,Arrest,2024-06-24,Bengaluru City,Fatima Iyengar
4449,7455,0,Fatima Kulkarni,Arrest,2024-06-24,Kalaburagi,Pooja Gowda
4450,7457,0,Kiran Naik,Surrender,2024-06-24,Tumakuru,Shivakumar Iyengar
4452,7461,0,Ashwini Hegde,Arrest,2024-06-24,Tumakuru,Pooja Patil
4453,7463,0,Ashwini Iyengar,Arrest,2024-06-24,Bengaluru City,Ashwini Patil
4454,7465,0,Rekha Bhat,Surrender,2024-06-24,Bengaluru City,Joseph Iyengar
4456,7467,0,Prakash Hegde,Surrender,2024-06-24,Hassan,Nagaraj Patil
4457,7469,0,Prakash Reddy,Surrender,2024-06-25,Raichur,Bhavana Prasad
4458,7471,0,Joseph Murthy,Surrender,2024-06-25,Belagavi,Prakash Shetty
4460,7473,0,Ravi Kumar,Arrest,2024-06-25,Belagavi,Chetan Kulkarni
4464,7479,0,Yashwanth Kulkarni,Arrest,2024-06-25,Belagavi,Prakash Rao
4466,7481,0,Rekha Rao,Arrest,2024-06-25,Raichur,Rekha Shetty
4468,7483,0,Fatima Gowda,Arrest,2024-06-25,Bengaluru City,Fatima Nayak
4470,7489,0,Imran Iyengar,Arrest,2024-06-25,Hassan,Bhavana Kulkarni
4472,7491,0,Pooja Naik,Surrender,2024-06-25,Tumakuru,Pooja Bhat
4474,7493,0,Manjunath Nayak,Arrest,2024-06-25,Udupi,Mary Iyengar
4476,7495,0,Pooja Hegde,Arrest,2024-06-25,Bengaluru City,Deepak Hegde
4478,7497,0,Yashwanth Iyengar,Arrest,2024-06-25,Mysuru,Joseph Shetty
4482,7503,0,Vinutha Reddy,Arrest,2024-06-26,Raichur,Prakash Kumar
4484,7505,0,Pooja Gowda,Arrest,2024-06-26,Belagavi,Kiran Naik
4485,7507,0,Vinutha Kumar,Arrest,2024-06-26,Davanagere,Deepak Hegde
4487,7509,0,Kiran Hegde,Arrest,2024-06-26,Mysuru,Chetan Kulkarni
4488,7515,0,Chetan Reddy,Arrest,2024-06-26,Davanagere,Suresh Murthy
4490,7519,0,Vinutha Iyengar,Arrest,2024-06-26,Bengaluru City,Mary Desai
4492,7523,0,Vinutha Kulkarni,Surrender,2024-06-26,Mysuru,Kiran Desai
4493,7525,0,Yashwanth Kulkarni,Arrest,2024-06-26,Mangaluru (DK),Bhavana Bhat
4495,7529,0,Lakshmi Nayak,Arrest,2024-06-26,Mysuru,Pooja Desai
4497,7531,0,Ravi Naik,Arrest,2024-06-26,Hassan,Bhavana Hegde
4499,7533,0,Kiran Kumar,Arrest,2024-06-26,Bengaluru Rural,Anitha Desai
4500,7535,0,Basavaraj Bhat,Arrest,2024-06-26,Bengaluru City,Fatima Nayak
4502,7539,0,Kiran Reddy,Arrest,2024-06-26,Bengaluru City,Shivakumar Hegde
4504,7543,0,Ravi Murthy,Arrest,2024-06-26,Belagavi,Nagaraj Murthy
4506,7545,0,Chetan Kumar,Arrest,2024-06-26,Tumakuru,Kiran Patil
4509,7549,0,Deepak Murthy,Arrest,2024-06-27,Bengaluru City,Basavaraj Nayak
4511,7553,0,Ravi Bhat,Arrest,2024-06-27,Belagavi,Ravi Iyengar
4513,7555,0,Suresh Hegde,Arrest,2024-06-27,Tumakuru,Deepak Rao
4516,7559,0,Kiran Naik,Arrest,2024-06-27,Tumakuru,Fatima Iyengar
4518,7561,0,Chetan Iyengar,Arrest,2024-06-27,Bengaluru City,Chetan Hegde
4520,7565,0,Ravi Desai,Arrest,2024-06-27,Bengaluru City,Kiran Naik
4522,7567,0,Prakash Bhat,Arrest,2024-06-27,Bengaluru City,Fatima Murthy
4524,7573,0,Joseph Hegde,Arrest,2024-06-27,Bengaluru City,Manjunath Desai
4527,7577,0,Mary Hegde,Arrest,2024-06-27,Bengaluru City,Bhavana Hegde
4529,7579,0,Bhavana Kumar,Arrest,2024-06-27,Hassan,Pooja Desai
4530,7581,0,Yashwanth Rao,Arrest,2024-06-27,Raichur,Vinutha Bhat
4533,7589,0,Deepak Shetty,Arrest,2024-06-28,Mangaluru (DK),Ashwini Kulkarni
4535,7593,0,Chetan Kulkarni,Surrender,2024-06-28,Vijayapura,Yashwanth Gowda
4536,7595,0,Rekha Reddy,Arrest,2024-06-28,Bengaluru City,Girish Kulkarni
4538,7597,0,Yashwanth Patil,Surrender,2024-06-28,Kalaburagi,Fatima Kulkarni
4540,7599,0,Fatima Kumar,Arrest,2024-06-28,Bengaluru City,Pooja Rao
4542,7603,0,Shivakumar Naik,Arrest,2024-06-28,Ballari,Ashwini Desai
4544,7605,0,Shivakumar Reddy,Arrest,2024-06-28,Bengaluru City,Joseph Shetty
4546,7607,0,Girish Gowda,Arrest,2024-06-28,Hubballi-Dharwad,Manjunath Nayak
4547,7609,0,Joseph Rao,Arrest,2024-06-28,Hubballi-Dharwad,Fatima Kulkarni
4549,7613,0,Ravi Desai,Arrest,2024-06-28,Mangaluru (DK),Rekha Hegde
4551,7615,0,Basavaraj Naik,Arrest,2024-06-28,Mangaluru (DK),Fatima Desai
4553,7617,0,Suresh Nayak,Arrest,2024-06-28,Bengaluru City,Manjunath Rao
4558,7627,0,Rekha Shetty,Surrender,2024-06-29,Bengaluru City,Ravi Gowda
4560,7629,0,Joseph Kulkarni,Arrest,2024-06-29,Raichur,Prakash Desai
4562,7633,0,Suresh Kulkarni,Surrender,2024-06-29,Belagavi,Anitha Patil
4564,7635,0,Manjunath Kumar,Arrest,2024-06-29,Bengaluru Rural,Yashwanth Iyengar
4565,7639,0,Basavaraj Bhat,Arrest,2024-06-29,Bengaluru City,Yashwanth Naik
4567,7641,0,Prakash Hegde,Arrest,2024-06-29,Bengaluru City,Imran Iyengar
4569,7643,0,Mary Reddy,Arrest,2024-06-29,Bengaluru City,Ashwini Hegde
4572,7647,0,Prakash Murthy,Arrest,2024-06-29,Bengaluru City,Girish Shetty
4573,7651,0,Chetan Prasad,Surrender,2024-06-29,Bengaluru Rural,Kiran Shetty
4574,7653,0,Prakash Bhat,Arrest,2024-06-29,Hubballi-Dharwad,Fatima Kulkarni
4575,7655,0,Girish Prasad,Arrest,2024-06-29,Bengaluru City,Mary Murthy
4576,7657,0,Rekha Iyengar,Arrest,2024-06-29,Tumakuru,Rekha Kumar
4578,7661,0,Deepak Kulkarni,Arrest,2024-06-30,Belagavi,Girish Murthy
4580,7663,0,Bhavana Kulkarni,Arrest,2024-06-30,Shivamogga,Joseph Shetty
4582,7667,0,Kiran Kumar,Arrest,2024-06-30,Vijayapura,Prakash Iyengar
4584,7669,0,Shivakumar Shetty,Arrest,2024-06-30,Bengaluru City,Prakash Iyengar
4586,7671,0,Kiran Hegde,Arrest,2024-06-30,Davanagere,Manjunath Hegde
4589,7677,0,Shivakumar Kumar,Arrest,2024-06-30,Mangaluru (DK),Bhavana Desai
4591,7679,0,Lakshmi Bhat,Arrest,2024-06-30,Raichur,Yashwanth Nayak
4592,7681,0,Mary Reddy,Surrender,2024-06-30,Belagavi,Chetan Kumar
4595,7685,0,Yashwanth Patil,Surrender,2024-06-30,Bengaluru City,Ravi Prasad
4596,7687,0,Mary Gowda,Arrest,2024-06-30,Vijayapura,Ashwini Kumar
4598,7689,0,Bhavana Kulkarni,Arrest,2024-06-30,Bengaluru City,Prakash Nayak
4599,7691,0,Shivakumar Desai,Arrest,2024-06-30,Kalaburagi,Nagaraj Shetty
4604,7699,0,Chetan Prasad,Arrest,2024-07-01,Bengaluru City,Mary Gowda
4605,7703,0,Kiran Hegde,Surrender,2024-07-01,Mangaluru (DK),Kiran Naik
4607,7705,0,Lakshmi Shetty,Arrest,2024-07-01,Bengaluru City,Mary Patil
4608,7709,0,Lakshmi Nayak,Arrest,2024-07-01,Bengaluru City,Imran Iyengar
4610,7713,0,Shivakumar Desai,Arrest,2024-07-01,Bengaluru City,Mary Hegde
4612,7717,0,Nagaraj Iyengar,Arrest,2024-07-01,Vijayapura,Yashwanth Patil
4614,7719,0,Prakash Patil,Arrest,2024-07-01,Tumakuru,Anitha Kulkarni
4619,7733,0,Ashwini Kumar,Arrest,2024-07-01,Kalaburagi,Mary Reddy
4620,7735,0,Anitha Desai,Arrest,2024-07-01,Mangaluru (DK),Mary Iyengar
4621,7737,0,Deepak Reddy,Arrest,2024-07-02,Vijayapura,Nagaraj Iyengar
4623,7739,0,Imran Iyengar,Arrest,2024-07-02,Mysuru,Manjunath Nayak
4625,7741,0,Kiran Patil,Surrender,2024-07-02,Mangaluru (DK),Pooja Bhat
4627,7747,0,Shivakumar Kumar,Surrender,2024-07-02,Vijayapura,Anitha Desai
4629,7751,0,Ashwini Desai,Arrest,2024-07-02,Vijayapura,Manjunath Prasad
4631,7757,0,Kiran Iyengar,Arrest,2024-07-02,Bengaluru City,Yashwanth Patil
4635,7771,0,Rekha Bhat,Arrest,2024-07-02,Davanagere,Imran Kulkarni
4636,7773,0,Imran Iyengar,Arrest,2024-07-02,Bengaluru City,Ravi Shetty
4638,7775,0,Ravi Reddy,Arrest,2024-07-02,Mysuru,Yashwanth Shetty
4639,7777,0,Girish Rao,Arrest,2024-07-03,Bengaluru City,Basavaraj Reddy
4640,7781,0,Basavaraj Murthy,Arrest,2024-07-03,Bengaluru City,Yashwanth Kulkarni
4641,7783,0,Anitha Shetty,Arrest,2024-07-03,Udupi,Manjunath Reddy
4642,7785,0,Vinutha Kulkarni,Arrest,2024-07-03,Mangaluru (DK),Fatima Naik
4644,7789,0,Manjunath Naik,Arrest,2024-07-03,Mangaluru (DK),Shivakumar Hegde
4645,7791,0,Suresh Gowda,Arrest,2024-07-03,Kalaburagi,Suresh Hegde
4646,7793,0,Pooja Patil,Arrest,2024-07-03,Mysuru,Ravi Kumar
4649,7799,0,Joseph Naik,Surrender,2024-07-03,Ballari,Kiran Iyengar
4650,7801,0,Vinutha Nayak,Arrest,2024-07-03,Mysuru,Prakash Gowda
4652,7803,0,Yashwanth Hegde,Arrest,2024-07-03,Bengaluru City,Vinutha Kumar
4654,7807,0,Deepak Kulkarni,Arrest,2024-07-03,Bengaluru City,Anitha Iyengar
4655,7809,0,Yashwanth Nayak,Surrender,2024-07-03,Bengaluru Rural,Rekha Nayak
4658,7813,0,Kiran Murthy,Arrest,2024-07-03,Hubballi-Dharwad,Fatima Bhat
4659,7815,0,Ravi Murthy,Arrest,2024-07-03,Hubballi-Dharwad,Ravi Iyengar
4660,7817,0,Chetan Naik,Arrest,2024-07-03,Hubballi-Dharwad,Prakash Prasad
4662,7819,0,Anitha Rao,Arrest,2024-07-03,Bengaluru City,Nagaraj Shetty
4663,7821,0,Yashwanth Bhat,Arrest,2024-07-04,Bengaluru City,Kiran Gowda
4664,7823,0,Manjunath Gowda,Arrest,2024-07-04,Raichur,Lakshmi Gowda
4666,7825,0,Girish Gowda,Surrender,2024-07-04,Raichur,Yashwanth Murthy
4668,7829,0,Pooja Gowda,Arrest,2024-07-04,Belagavi,Manjunath Bhat
4669,7831,0,Pooja Bhat,Arrest,2024-07-04,Ballari,Pooja Shetty
4672,7835,0,Bhavana Reddy,Arrest,2024-07-04,Hassan,Mary Desai
4675,7839,0,Bhavana Iyengar,Arrest,2024-07-04,Bengaluru City,Girish Nayak
4677,7843,0,Nagaraj Naik,Arrest,2024-07-04,Ballari,Rekha Murthy
4680,7847,0,Kiran Hegde,Arrest,2024-07-04,Belagavi,Kiran Murthy
4682,7849,0,Prakash Prasad,Arrest,2024-07-04,Bengaluru City,Joseph Murthy
4684,7851,0,Shivakumar Kumar,Arrest,2024-07-04,Mysuru,Yashwanth Shetty
4685,7853,0,Chetan Gowda,Arrest,2024-07-04,Bengaluru City,Kiran Prasad
4687,7855,0,Yashwanth Patil,Arrest,2024-07-05,Mysuru,Imran Hegde
4689,7859,0,Joseph Iyengar,Arrest,2024-07-05,Vijayapura,Kiran Bhat
4691,7861,0,Joseph Kulkarni,Arrest,2024-07-05,Bengaluru City,Ravi Naik
4692,7865,0,Pooja Rao,Arrest,2024-07-05,Bengaluru City,Kiran Rao
4694,7869,0,Bhavana Desai,Arrest,2024-07-05,Mysuru,Chetan Bhat
4696,7873,0,Chetan Kulkarni,Arrest,2024-07-05,Mysuru,Shivakumar Murthy
4699,7877,0,Imran Shetty,Arrest,2024-07-05,Davanagere,Bhavana Nayak
4702,7881,0,Fatima Kulkarni,Arrest,2024-07-05,Bengaluru City,Joseph Rao
4703,7885,0,Bhavana Rao,Arrest,2024-07-05,Belagavi,Chetan Kumar
4705,7887,0,Lakshmi Iyengar,Arrest,2024-07-05,Kalaburagi,Nagaraj Shetty
4708,7891,0,Pooja Prasad,Arrest,2024-07-05,Shivamogga,Nagaraj Desai
4711,7899,0,Yashwanth Rao,Arrest,2024-07-05,Bengaluru City,Suresh Bhat
4713,7901,0,Kiran Desai,Arrest,2024-07-05,Ballari,Kiran Patil
4716,7907,0,Manjunath Nayak,Arrest,2024-07-05,Ballari,Fatima Kumar
4719,7911,0,Anitha Naik,Arrest,2024-07-06,Ballari,Suresh Patil
4723,7919,0,Basavaraj Nayak,Arrest,2024-07-06,Bengaluru City,Shivakumar Naik
4725,7921,0,Vinutha Rao,Arrest,2024-07-06,Ballari,Shivakumar Iyengar
4727,7925,0,Joseph Murthy,Arrest,2024-07-06,Raichur,Kiran Iyengar
4729,7927,0,Prakash Reddy,Arrest,2024-07-06,Mangaluru (DK),Prakash Murthy
4730,7929,0,Anitha Shetty,Arrest,2024-07-06,Tumakuru,Basavaraj Gowda
4732,7931,0,Bhavana Reddy,Arrest,2024-07-06,Ballari,Deepak Patil
4733,7935,0,Imran Rao,Arrest,2024-07-06,Bengaluru City,Bhavana Patil
4734,7937,0,Manjunath Patil,Arrest,2024-07-06,Bengaluru Rural,Rekha Kumar
4737,7941,0,Fatima Shetty,Surrender,2024-07-06,Bengaluru City,Bhavana Naik
4738,7943,0,Fatima Kulkarni,Arrest,2024-07-06,Davanagere,Bhavana Kumar
4740,7947,0,Prakash Shetty,Surrender,2024-07-06,Mysuru,Lakshmi Reddy
4743,7951,0,Pooja Desai,Arrest,2024-07-07,Bengaluru City,Prakash Reddy
4744,7953,0,Basavaraj Patil,Arrest,2024-07-07,Mangaluru (DK),Suresh Kumar
4746,7955,0,Pooja Gowda,Surrender,2024-07-07,Davanagere,Rekha Kumar
4747,7957,0,Fatima Gowda,Arrest,2024-07-07,Davanagere,Yashwanth Hegde
4750,7961,0,Prakash Naik,Arrest,2024-07-07,Belagavi,Bhavana Naik
4754,7967,0,Ashwini Reddy,Arrest,2024-07-07,Mysuru,Prakash Iyengar
4755,7969,0,Suresh Nayak,Arrest,2024-07-07,Bengaluru City,Deepak Naik
4757,7971,0,Yashwanth Hegde,Arrest,2024-07-07,Belagavi,Lakshmi Gowda
4758,7973,0,Mary Shetty,Arrest,2024-07-07,Bengaluru City,Manjunath Rao
4759,7975,0,Manjunath Kumar,Arrest,2024-07-07,Bengaluru City,Ravi Prasad
4762,7979,0,Lakshmi Kulkarni,Arrest,2024-07-07,Bengaluru Rural,Suresh Nayak
4764,7981,0,Nagaraj Desai,Arrest,2024-07-07,Tumakuru,Nagaraj Nayak
4766,7983,0,Ravi Kulkarni,Arrest,2024-07-07,Tumakuru,Prakash Murthy
4768,7985,0,Manjunath Kumar,Arrest,2024-07-08,Davanagere,Pooja Shetty
4770,7987,0,Yashwanth Naik,Arrest,2024-07-08,Belagavi,Bhavana Desai
4773,7993,0,Ravi Gowda,Surrender,2024-07-08,Bengaluru City,Suresh Rao
4775,7995,0,Ravi Desai,Arrest,2024-07-08,Ballari,Girish Desai
4777,7997,0,Rekha Desai,Arrest,2024-07-08,Vijayapura,Yashwanth Rao
4780,8001,0,Mary Kulkarni,Arrest,2024-07-08,Bengaluru City,Mary Iyengar
4782,8003,0,Vinutha Gowda,Arrest,2024-07-08,Bengaluru City,Deepak Iyengar
4785,8007,0,Imran Desai,Arrest,2024-07-08,Belagavi,Shivakumar Patil
4786,8009,0,Chetan Nayak,Surrender,2024-07-08,Raichur,Pooja Prasad
4787,8013,0,Rekha Rao,Arrest,2024-07-08,Bengaluru City,Deepak Patil
4790,8017,0,Prakash Bhat,Arrest,2024-07-08,Udupi,Bhavana Desai
4793,8025,0,Yashwanth Bhat,Arrest,2024-07-09,Vijayapura,Yashwanth Reddy
4794,8029,0,Lakshmi Hegde,Arrest,2024-07-09,Bengaluru City,Nagaraj Gowda
4796,8031,0,Ravi Hegde,Arrest,2024-07-09,Hubballi-Dharwad,Imran Bhat
4798,8033,0,Deepak Prasad,Arrest,2024-07-09,Hubballi-Dharwad,Bhavana Rao
4800,8035,0,Nagaraj Patil,Arrest,2024-07-09,Mangaluru (DK),Basavaraj Hegde
4801,8037,0,Shivakumar Patil,Arrest,2024-07-09,Bengaluru City,Chetan Reddy
4803,8039,0,Manjunath Nayak,Arrest,2024-07-09,Belagavi,Fatima Reddy
4805,8041,0,Pooja Prasad,Surrender,2024-07-09,Bengaluru City,Vinutha Murthy
4807,8043,0,Kiran Kulkarni,Surrender,2024-07-09,Bengaluru City,Nagaraj Patil
4809,8045,0,Pooja Patil,Surrender,2024-07-09,Bengaluru City,Deepak Bhat
4811,8047,0,Nagaraj Hegde,Arrest,2024-07-09,Hubballi-Dharwad,Bhavana Prasad
4812,8049,0,Shivakumar Murthy,Arrest,2024-07-09,Udupi,Bhavana Reddy
4815,8055,0,Nagaraj Gowda,Arrest,2024-07-09,Belagavi,Kiran Reddy
4816,8057,0,Shivakumar Gowda,Arrest,2024-07-10,Kalaburagi,Ashwini Desai
4818,8059,0,Kiran Hegde,Arrest,2024-07-10,Bengaluru Rural,Anitha Hegde
4819,8061,0,Joseph Hegde,Arrest,2024-07-10,Bengaluru City,Vinutha Gowda
4820,8063,0,Vinutha Nayak,Arrest,2024-07-10,Tumakuru,Prakash Kulkarni
4822,8065,0,Manjunath Naik,Arrest,2024-07-10,Bengaluru City,Lakshmi Shetty
4823,8067,0,Basavaraj Rao,Arrest,2024-07-10,Bengaluru City,Kiran Naik
4825,8069,0,Ashwini Kumar,Arrest,2024-07-10,Mangaluru (DK),Girish Kumar
4827,8071,0,Joseph Desai,Arrest,2024-07-10,Bengaluru City,Mary Bhat
4829,8073,0,Anitha Kumar,Arrest,2024-07-10,Tumakuru,Imran Kumar
4832,8077,0,Yashwanth Reddy,Arrest,2024-07-10,Ballari,Rekha Reddy
4834,8079,0,Manjunath Shetty,Arrest,2024-07-10,Mangaluru (DK),Prakash Naik
4836,8081,0,Pooja Bhat,Arrest,2024-07-10,Udupi,Mary Kumar
4838,8083,0,Prakash Murthy,Surrender,2024-07-10,Belagavi,Ashwini Rao
4841,8087,0,Ravi Reddy,Arrest,2024-07-10,Bengaluru City,Fatima Prasad
4844,8093,0,Chetan Murthy,Arrest,2024-07-10,Bengaluru City,Lakshmi Murthy
4846,8095,0,Vinutha Kumar,Arrest,2024-07-10,Bengaluru City,Imran Hegde
4847,8097,0,Suresh Hegde,Arrest,2024-07-10,Mangaluru (DK),Basavaraj Kulkarni
4849,8099,0,Yashwanth Reddy,Arrest,2024-07-10,Mangaluru (DK),Girish Shetty
4850,8101,0,Joseph Prasad,Surrender,2024-07-11,Mysuru,Nagaraj Rao
4851,8103,0,Lakshmi Bhat,Arrest,2024-07-11,Ballari,Basavaraj Hegde
4852,8105,0,Basavaraj Desai,Surrender,2024-07-11,Bengaluru City,Deepak Hegde
4853,8107,0,Suresh Iyengar,Arrest,2024-07-11,Belagavi,Ravi Kulkarni
4857,8115,0,Basavaraj Murthy,Arrest,2024-07-11,Bengaluru City,Shivakumar Bhat
4859,8117,0,Suresh Naik,Arrest,2024-07-11,Ballari,Basavaraj Prasad
4860,8121,0,Anitha Hegde,Arrest,2024-07-11,Kalaburagi,Chetan Naik
4861,8123,0,Ashwini Prasad,Arrest,2024-07-11,Mysuru,Prakash Murthy
4863,8125,0,Bhavana Rao,Arrest,2024-07-11,Kalaburagi,Bhavana Rao
4866,8131,0,Prakash Kumar,Arrest,2024-07-11,Belagavi,Shivakumar Nayak
4868,8133,0,Yashwanth Kumar,Arrest,2024-07-11,Bengaluru City,Pooja Naik
4871,8141,0,Manjunath Gowda,Arrest,2024-07-12,Hubballi-Dharwad,Bhavana Gowda
4872,8143,0,Chetan Rao,Arrest,2024-07-12,Mysuru,Vinutha Gowda
4874,8145,0,Bhavana Shetty,Surrender,2024-07-12,Davanagere,Girish Hegde
4877,8149,0,Vinutha Shetty,Arrest,2024-07-12,Belagavi,Chetan Murthy
4878,8151,0,Fatima Reddy,Arrest,2024-07-12,Bengaluru City,Girish Bhat
4881,8155,0,Imran Patil,Arrest,2024-07-12,Udupi,Imran Shetty
4883,8157,0,Imran Shetty,Surrender,2024-07-12,Vijayapura,Kiran Gowda
4885,8161,0,Girish Iyengar,Arrest,2024-07-12,Bengaluru Rural,Nagaraj Naik
4887,8163,0,Girish Kulkarni,Surrender,2024-07-12,Ballari,Suresh Shetty
4890,8171,0,Chetan Murthy,Arrest,2024-07-12,Shivamogga,Joseph Reddy
4892,8175,0,Rekha Nayak,Arrest,2024-07-12,Mangaluru (DK),Prakash Murthy
4893,8177,0,Prakash Patil,Arrest,2024-07-12,Bengaluru City,Vinutha Gowda
4895,8181,0,Joseph Gowda,Surrender,2024-07-13,Mangaluru (DK),Ravi Nayak
4896,8183,0,Girish Hegde,Arrest,2024-07-13,Bengaluru City,Yashwanth Nayak
4897,8185,0,Kiran Patil,Arrest,2024-07-13,Bengaluru Rural,Girish Rao
4900,8191,0,Pooja Reddy,Arrest,2024-07-13,Vijayapura,Girish Rao
4902,8193,0,Bhavana Gowda,Arrest,2024-07-13,Bengaluru City,Deepak Reddy
4905,8199,0,Basavaraj Iyengar,Arrest,2024-07-13,Davanagere,Anitha Naik
4908,8203,0,Chetan Bhat,Arrest,2024-07-13,Vijayapura,Manjunath Kumar
4910,8205,0,Ravi Kumar,Arrest,2024-07-13,Hassan,Nagaraj Kulkarni
4911,8207,0,Ravi Shetty,Arrest,2024-07-13,Bengaluru City,Fatima Rao
4912,8209,0,Prakash Kulkarni,Arrest,2024-07-13,Belagavi,Vinutha Reddy
4913,8211,0,Basavaraj Iyengar,Arrest,2024-07-13,Davanagere,Pooja Shetty
4914,8215,0,Basavaraj Desai,Surrender,2024-07-13,Belagavi,Chetan Iyengar
4916,8217,0,Anitha Prasad,Arrest,2024-07-13,Bengaluru City,Pooja Shetty
4918,8219,0,Manjunath Patil,Surrender,2024-07-13,Shivamogga,Yashwanth Gowda
4921,8223,0,Shivakumar Naik,Arrest,2024-07-14,Bengaluru City,Nagaraj Reddy
4923,8229,0,Yashwanth Prasad,Arrest,2024-07-14,Bengaluru City,Manjunath Kulkarni
4924,8231,0,Manjunath Gowda,Arrest,2024-07-14,Mysuru,Vinutha Reddy
4925,8233,0,Kiran Hegde,Arrest,2024-07-14,Bengaluru City,Ashwini Bhat
4927,8237,0,Ashwini Prasad,Surrender,2024-07-14,Bengaluru City,Bhavana Prasad
4929,8239,0,Chetan Bhat,Arrest,2024-07-14,Bengaluru City,Suresh Kumar
4932,8243,0,Fatima Patil,Arrest,2024-07-14,Kalaburagi,Bhavana Rao
4934,8247,0,Imran Gowda,Arrest,2024-07-14,Bengaluru City,Basavaraj Kumar
4938,8255,0,Ravi Desai,Surrender,2024-07-14,Bengaluru City,Manjunath Reddy
4940,8257,0,Prakash Kulkarni,Arrest,2024-07-14,Hassan,Pooja Nayak
4941,8259,0,Lakshmi Shetty,Arrest,2024-07-14,Bengaluru City,Rekha Gowda
4944,8267,0,Lakshmi Reddy,Arrest,2024-07-15,Vijayapura,Rekha Nayak
4945,8273,0,Mary Iyengar,Arrest,2024-07-15,Bengaluru City,Bhavana Nayak
4947,8275,0,Pooja Prasad,Arrest,2024-07-15,Bengaluru City,Lakshmi Murthy
4949,8277,0,Joseph Naik,Surrender,2024-07-15,Ballari,Pooja Reddy
4951,8281,0,Deepak Naik,Arrest,2024-07-15,Davanagere,Shivakumar Murthy
4953,8283,0,Prakash Iyengar,Arrest,2024-07-15,Bengaluru City,Prakash Kumar
4955,8285,0,Shivakumar Kulkarni,Arrest,2024-07-15,Hubballi-Dharwad,Basavaraj Gowda
4957,8287,0,Chetan Bhat,Arrest,2024-07-15,Vijayapura,Manjunath Reddy
4959,8289,0,Ashwini Reddy,Arrest,2024-07-15,Davanagere,Suresh Patil
4961,8291,0,Manjunath Shetty,Arrest,2024-07-15,Bengaluru City,Ravi Gowda
4963,8295,0,Joseph Rao,Arrest,2024-07-15,Kalaburagi,Yashwanth Gowda
4965,8297,0,Joseph Reddy,Arrest,2024-07-15,Mangaluru (DK),Yashwanth Desai
4966,8299,0,Girish Desai,Arrest,2024-07-15,Vijayapura,Rekha Nayak
4968,8301,0,Vinutha Desai,Arrest,2024-07-15,Bengaluru Rural,Vinutha Patil
4971,8305,0,Shivakumar Kulkarni,Arrest,2024-07-16,Belagavi,Chetan Naik
4974,8309,0,Vinutha Patil,Arrest,2024-07-16,Hassan,Ravi Hegde
4975,8311,0,Ashwini Desai,Arrest,2024-07-16,Mangaluru (DK),Imran Reddy
4976,8313,0,Girish Kulkarni,Arrest,2024-07-16,Ballari,Kiran Nayak
4978,8317,0,Bhavana Desai,Surrender,2024-07-16,Ballari,Chetan Patil
4979,8319,0,Bhavana Rao,Arrest,2024-07-16,Raichur,Girish Prasad
4980,8321,0,Mary Naik,Arrest,2024-07-16,Belagavi,Vinutha Iyengar
4982,8323,0,Yashwanth Kulkarni,Arrest,2024-07-16,Shivamogga,Chetan Prasad
4983,8325,0,Girish Rao,Arrest,2024-07-16,Vijayapura,Pooja Patil
4984,8327,0,Vinutha Shetty,Arrest,2024-07-16,Bengaluru City,Deepak Desai
4986,8331,0,Nagaraj Iyengar,Arrest,2024-07-16,Bengaluru City,Girish Prasad
4990,8337,0,Shivakumar Shetty,Arrest,2024-07-16,Bengaluru City,Lakshmi Rao
4991,8339,0,Yashwanth Reddy,Arrest,2024-07-16,Tumakuru,Ravi Rao
4993,8341,0,Manjunath Kumar,Arrest,2024-07-16,Hubballi-Dharwad,Chetan Prasad
4995,8343,0,Fatima Kulkarni,Arrest,2024-07-16,Vijayapura,Deepak Desai
4999,8351,0,Prakash Hegde,Arrest,2024-07-17,Belagavi,Suresh Nayak
5001,8357,0,Nagaraj Gowda,Surrender,2024-07-17,Bengaluru City,Pooja Gowda
5004,8365,0,Girish Murthy,Arrest,2024-07-17,Raichur,Suresh Murthy
5006,8373,0,Prakash Shetty,Arrest,2024-07-17,Bengaluru City,Pooja Patil
5009,8379,0,Deepak Nayak,Arrest,2024-07-17,Bengaluru City,Pooja Reddy
5010,8381,0,Anitha Hegde,Surrender,2024-07-17,Shivamogga,Nagaraj Prasad
5011,8383,0,Ashwini Bhat,Surrender,2024-07-17,Shivamogga,Mary Iyengar
5012,8385,0,Anitha Iyengar,Arrest,2024-07-17,Kalaburagi,Suresh Desai
5015,8389,0,Deepak Hegde,Arrest,2024-07-17,Belagavi,Kiran Shetty
5017,8395,0,Manjunath Kumar,Arrest,2024-07-18,Raichur,Chetan Prasad
5019,8397,0,Joseph Shetty,Arrest,2024-07-18,Belagavi,Manjunath Reddy
5020,8399,0,Vinutha Murthy,Arrest,2024-07-18,Bengaluru City,Shivakumar Nayak
5021,8403,0,Mary Kumar,Arrest,2024-07-18,Bengaluru Rural,Anitha Desai
5024,8407,0,Yashwanth Reddy,Arrest,2024-07-18,Belagavi,Lakshmi Kulkarni
5027,8411,0,Bhavana Rao,Surrender,2024-07-18,Tumakuru,Ashwini Nayak
5030,8415,0,Joseph Desai,Arrest,2024-07-18,Mysuru,Ashwini Nayak
5032,8417,0,Chetan Kulkarni,Arrest,2024-07-18,Bengaluru City,Shivakumar Shetty
5036,8423,0,Chetan Kulkarni,Arrest,2024-07-18,Bengaluru Rural,Chetan Iyengar
5038,8425,0,Nagaraj Murthy,Arrest,2024-07-18,Tumakuru,Joseph Shetty
5040,8427,0,Vinutha Bhat,Arrest,2024-07-18,Bengaluru City,Kiran Patil
5042,8431,0,Deepak Nayak,Arrest,2024-07-18,Tumakuru,Deepak Prasad
5044,8433,0,Ashwini Reddy,Arrest,2024-07-18,Tumakuru,Chetan Gowda
5045,8435,0,Suresh Kumar,Arrest,2024-07-19,Bengaluru City,Ashwini Iyengar
5046,8437,0,Prakash Shetty,Surrender,2024-07-19,Bengaluru Rural,Manjunath Gowda
5048,8439,0,Fatima Kulkarni,Arrest,2024-07-19,Udupi,Chetan Desai
5050,8443,0,Anitha Murthy,Arrest,2024-07-19,Davanagere,Deepak Gowda
5051,8447,0,Pooja Rao,Surrender,2024-07-19,Bengaluru City,Rekha Shetty
5056,8457,0,Kiran Desai,Surrender,2024-07-19,Bengaluru City,Bhavana Shetty
5058,8461,0,Anitha Iyengar,Arrest,2024-07-19,Bengaluru Rural,Kiran Hegde
5061,8465,0,Ravi Reddy,Surrender,2024-07-19,Bengaluru City,Prakash Iyengar
5062,8469,0,Vinutha Kulkarni,Arrest,2024-07-19,Hassan,Imran Gowda
5064,8471,0,Bhavana Patil,Arrest,2024-07-19,Bengaluru City,Deepak Kumar
5065,8475,0,Manjunath Nayak,Arrest,2024-07-19,Kalaburagi,Chetan Reddy
5067,8479,0,Imran Kulkarni,Arrest,2024-07-19,Bengaluru City,Vinutha Shetty
5068,8481,0,Deepak Hegde,Arrest,2024-07-19,Bengaluru City,Kiran Kumar
5070,8483,0,Rekha Hegde,Surrender,2024-07-19,Bengaluru City,Nagaraj Patil
5071,8485,0,Imran Nayak,Arrest,2024-07-19,Vijayapura,Basavaraj Kumar
5073,8491,0,Mary Iyengar,Arrest,2024-07-20,Bengaluru City,Chetan Rao
5075,8495,0,Basavaraj Prasad,Arrest,2024-07-20,Kalaburagi,Rekha Nayak
5076,8497,0,Lakshmi Shetty,Arrest,2024-07-20,Bengaluru City,Imran Reddy
5079,8503,0,Ravi Rao,Arrest,2024-07-20,Bengaluru Rural,Vinutha Kumar
5080,8507,0,Chetan Reddy,Arrest,2024-07-20,Bengaluru City,Bhavana Naik
5083,8511,0,Suresh Hegde,Arrest,2024-07-20,Tumakuru,Manjunath Reddy
5085,8515,0,Ravi Naik,Arrest,2024-07-20,Udupi,Girish Nayak
5088,8519,0,Imran Reddy,Arrest,2024-07-20,Bengaluru City,Suresh Prasad
5090,8521,0,Chetan Desai,Arrest,2024-07-20,Tumakuru,Girish Murthy
5091,8523,0,Ravi Murthy,Arrest,2024-07-20,Vijayapura,Anitha Patil
5094,8533,0,Ashwini Desai,Arrest,2024-07-21,Mangaluru (DK),Bhavana Rao
5096,8535,0,Deepak Kulkarni,Arrest,2024-07-21,Kalaburagi,Joseph Kumar
5097,8537,0,Ashwini Bhat,Arrest,2024-07-21,Mangaluru (DK),Rekha Murthy
5098,8539,0,Joseph Kumar,Surrender,2024-07-21,Bengaluru Rural,Pooja Kulkarni
5101,8543,0,Girish Iyengar,Arrest,2024-07-21,Bengaluru City,Ashwini Kulkarni
5102,8545,0,Anitha Desai,Arrest,2024-07-21,Raichur,Joseph Gowda
5104,8547,0,Kiran Hegde,Arrest,2024-07-21,Hubballi-Dharwad,Lakshmi Iyengar
5106,8549,0,Joseph Shetty,Surrender,2024-07-21,Mangaluru (DK),Prakash Gowda
5107,8551,0,Shivakumar Prasad,Arrest,2024-07-21,Bengaluru City,Girish Iyengar
5109,8553,0,Ravi Desai,Arrest,2024-07-21,Bengaluru Rural,Ashwini Rao
5112,8557,0,Prakash Naik,Arrest,2024-07-21,Belagavi,Kiran Hegde
5114,8559,0,Bhavana Desai,Arrest,2024-07-21,Hassan,Girish Rao
5116,8561,0,Nagaraj Shetty,Arrest,2024-07-21,Shivamogga,Imran Naik
5118,8563,0,Basavaraj Shetty,Arrest,2024-07-21,Hassan,Mary Rao
5121,8569,0,Shivakumar Reddy,Surrender,2024-07-22,Bengaluru City,Rekha Iyengar
5123,8571,0,Ravi Reddy,Arrest,2024-07-22,Bengaluru City,Vinutha Patil
5125,8573,0,Prakash Bhat,Arrest,2024-07-22,Bengaluru City,Yashwanth Hegde
5126,8575,0,Shivakumar Kulkarni,Surrender,2024-07-22,Shivamogga,Suresh Patil
5127,8581,0,Joseph Bhat,Arrest,2024-07-22,Raichur,Deepak Kumar
5129,8583,0,Girish Prasad,Arrest,2024-07-22,Shivamogga,Suresh Reddy
5131,8585,0,Pooja Gowda,Arrest,2024-07-22,Shivamogga,Kiran Kulkarni
5135,8595,0,Girish Reddy,Surrender,2024-07-22,Bengaluru City,Rekha Kulkarni
5137,8597,0,Chetan Rao,Arrest,2024-07-22,Mysuru,Chetan Desai
5142,8607,0,Suresh Nayak,Arrest,2024-07-22,Bengaluru Rural,Ravi Bhat
5144,8609,0,Rekha Murthy,Arrest,2024-07-22,Bengaluru City,Vinutha Desai
5147,8613,0,Mary Bhat,Arrest,2024-07-22,Raichur,Anitha Murthy
5149,8615,0,Chetan Iyengar,Arrest,2024-07-23,Shivamogga,Shivakumar Shetty
5151,8617,0,Kiran Patil,Surrender,2024-07-23,Bengaluru Rural,Ashwini Desai
5152,8619,0,Basavaraj Kumar,Arrest,2024-07-23,Ballari,Rekha Gowda
5156,8635,0,Bhavana Desai,Arrest,2024-07-23,Kalaburagi,Prakash Patil
5159,8639,0,Ravi Nayak,Surrender,2024-07-23,Hubballi-Dharwad,Nagaraj Shetty
5161,8641,0,Rekha Prasad,Arrest,2024-07-23,Bengaluru City,Mary Prasad
5163,8643,0,Rekha Murthy,Arrest,2024-07-23,Shivamogga,Nagaraj Shetty
5165,8645,0,Prakash Hegde,Surrender,2024-07-23,Bengaluru City,Kiran Nayak
5168,8649,0,Manjunath Desai,Arrest,2024-07-23,Bengaluru City,Chetan Desai
5170,8651,0,Yashwanth Kulkarni,Arrest,2024-07-23,Davanagere,Pooja Nayak
5172,8653,0,Chetan Gowda,Arrest,2024-07-23,Bengaluru City,Ashwini Hegde
5174,8657,0,Suresh Nayak,Arrest,2024-07-24,Bengaluru City,Rekha Nayak
5176,8661,0,Suresh Prasad,Arrest,2024-07-24,Kalaburagi,Yashwanth Patil
5178,8663,0,Shivakumar Murthy,Arrest,2024-07-24,Bengaluru City,Lakshmi Patil
5181,8667,0,Basavaraj Patil,Arrest,2024-07-24,Belagavi,Pooja Bhat
5182,8669,0,Nagaraj Hegde,Arrest,2024-07-24,Bengaluru Rural,Ravi Naik
5184,8671,0,Joseph Nayak,Arrest,2024-07-24,Ballari,Deepak Iyengar
5186,8675,0,Ravi Prasad,Arrest,2024-07-24,Bengaluru City,Pooja Nayak
5187,8677,0,Vinutha Kumar,Arrest,2024-07-24,Kalaburagi,Pooja Hegde
5188,8679,0,Yashwanth Patil,Surrender,2024-07-24,Shivamogga,Girish Patil
5190,8681,0,Deepak Hegde,Arrest,2024-07-24,Bengaluru Rural,Lakshmi Kulkarni
5193,8687,0,Bhavana Reddy,Surrender,2024-07-24,Bengaluru Rural,Kiran Hegde
5194,8691,0,Lakshmi Rao,Arrest,2024-07-25,Davanagere,Manjunath Naik
5196,8695,0,Mary Hegde,Arrest,2024-07-25,Kalaburagi,Prakash Murthy
5199,8699,0,Shivakumar Reddy,Arrest,2024-07-25,Bengaluru City,Vinutha Iyengar
5201,8701,0,Prakash Iyengar,Surrender,2024-07-25,Kalaburagi,Anitha Kumar
5202,8703,0,Rekha Shetty,Arrest,2024-07-25,Kalaburagi,Fatima Iyengar
5204,8705,0,Vinutha Reddy,Arrest,2024-07-25,Hubballi-Dharwad,Rekha Prasad
5207,8711,0,Yashwanth Nayak,Arrest,2024-07-25,Hassan,Kiran Hegde
5209,8713,0,Manjunath Kumar,Arrest,2024-07-25,Ballari,Deepak Iyengar
5212,8719,0,Lakshmi Naik,Arrest,2024-07-25,Bengaluru City,Anitha Naik
5214,8723,0,Kiran Prasad,Arrest,2024-07-25,Bengaluru City,Mary Gowda
5217,8729,0,Girish Hegde,Arrest,2024-07-25,Udupi,Rekha Rao
5218,8731,0,Basavaraj Gowda,Arrest,2024-07-25,Vijayapura,Anitha Desai
5221,8735,0,Pooja Kulkarni,Arrest,2024-07-25,Kalaburagi,Lakshmi Gowda
5224,8741,0,Fatima Gowda,Arrest,2024-07-26,Kalaburagi,Lakshmi Prasad
5226,8747,0,Lakshmi Prasad,Surrender,2024-07-26,Mysuru,Chetan Desai
5228,8749,0,Vinutha Iyengar,Arrest,2024-07-26,Hassan,Kiran Iyengar
5229,8751,0,Chetan Kulkarni,Arrest,2024-07-26,Hubballi-Dharwad,Joseph Patil
5231,8753,0,Anitha Prasad,Arrest,2024-07-26,Bengaluru City,Prakash Kumar
5233,8755,0,Ashwini Kumar,Arrest,2024-07-26,Shivamogga,Nagaraj Bhat
5234,8757,0,Imran Patil,Surrender,2024-07-26,Kalaburagi,Yashwanth Gowda
5241,8773,0,Imran Prasad,Arrest,2024-07-26,Bengaluru City,Vinutha Nayak
5244,8779,0,Rekha Rao,Arrest,2024-07-26,Mysuru,Vinutha Patil
5247,8785,0,Pooja Shetty,Arrest,2024-07-26,Bengaluru City,Girish Rao
5251,8791,0,Kiran Murthy,Surrender,2024-07-26,Mysuru,Lakshmi Rao
5252,8795,0,Suresh Hegde,Arrest,2024-07-27,Mysuru,Chetan Iyengar
5254,8799,0,Yashwanth Kumar,Arrest,2024-07-27,Shivamogga,Mary Desai
5256,8803,0,Manjunath Rao,Surrender,2024-07-27,Raichur,Anitha Gowda
5258,8805,0,Ravi Naik,Arrest,2024-07-27,Bengaluru Rural,Vinutha Hegde
5260,8807,0,Ravi Patil,Arrest,2024-07-27,Bengaluru City,Fatima Shetty
5262,8809,0,Imran Gowda,Arrest,2024-07-27,Bengaluru City,Vinutha Nayak
5263,8815,0,Basavaraj Naik,Arrest,2024-07-27,Mysuru,Imran Patil
5264,8817,0,Girish Nayak,Surrender,2024-07-27,Bengaluru City,Imran Kumar
5265,8821,0,Rekha Murthy,Arrest,2024-07-27,Bengaluru City,Deepak Bhat
5267,8823,0,Bhavana Murthy,Arrest,2024-07-27,Bengaluru Rural,Joseph Hegde
5269,8825,0,Bhavana Reddy,Arrest,2024-07-27,Shivamogga,Yashwanth Kumar
5270,8827,0,Vinutha Murthy,Arrest,2024-07-27,Hubballi-Dharwad,Yashwanth Kumar
5272,8829,0,Fatima Prasad,Arrest,2024-07-27,Belagavi,Chetan Kulkarni
5274,8831,0,Shivakumar Kulkarni,Surrender,2024-07-27,Bengaluru City,Manjunath Naik
5275,8833,0,Manjunath Nayak,Surrender,2024-07-27,Udupi,Imran Kulkarni
5277,8835,0,Fatima Gowda,Arrest,2024-07-27,Tumakuru,Chetan Bhat
5278,8837,0,Mary Murthy,Arrest,2024-07-27,Tumakuru,Manjunath Murthy
5282,8843,0,Yashwanth Murthy,Arrest,2024-07-28,Kalaburagi,Deepak Reddy
5283,8845,0,Bhavana Prasad,Arrest,2024-07-28,Belagavi,Suresh Reddy
5284,8847,0,Imran Reddy,Arrest,2024-07-28,Bengaluru City,Manjunath Iyengar
5285,8851,0,Bhavana Hegde,Surrender,2024-07-28,Mysuru,Basavaraj Desai
5287,8853,0,Basavaraj Rao,Surrender,2024-07-28,Bengaluru Rural,Shivakumar Prasad
5289,8855,0,Anitha Kumar,Arrest,2024-07-28,Udupi,Ashwini Patil
5290,8859,0,Shivakumar Gowda,Arrest,2024-07-28,Bengaluru City,Suresh Murthy
5291,8861,0,Ravi Shetty,Arrest,2024-07-28,Bengaluru City,Anitha Reddy
5292,8863,0,Imran Naik,Arrest,2024-07-28,Shivamogga,Nagaraj Kulkarni
5294,8865,0,Bhavana Nayak,Arrest,2024-07-28,Bengaluru City,Manjunath Hegde
5296,8869,0,Anitha Patil,Arrest,2024-07-28,Ballari,Basavaraj Shetty
5298,8871,0,Suresh Nayak,Arrest,2024-07-28,Bengaluru City,Lakshmi Iyengar
5301,8877,0,Imran Iyengar,Arrest,2024-07-28,Belagavi,Mary Reddy
5302,8879,0,Deepak Rao,Arrest,2024-07-28,Vijayapura,Yashwanth Prasad
5304,8883,0,Prakash Kumar,Arrest,2024-07-28,Raichur,Imran Kulkarni
5305,8885,0,Bhavana Naik,Arrest,2024-07-28,Kalaburagi,Kiran Reddy
5307,8891,0,Anitha Desai,Surrender,2024-07-29,Hubballi-Dharwad,Bhavana Kulkarni
5314,8903,0,Suresh Gowda,Arrest,2024-07-29,Mysuru,Mary Bhat
5316,8909,0,Yashwanth Reddy,Arrest,2024-07-29,Bengaluru City,Suresh Desai
5317,8911,0,Yashwanth Gowda,Arrest,2024-07-29,Bengaluru City,Prakash Gowda
5319,8913,0,Prakash Iyengar,Arrest,2024-07-29,Mysuru,Yashwanth Reddy
5322,8917,0,Chetan Kulkarni,Arrest,2024-07-29,Hubballi-Dharwad,Rekha Naik
5323,8919,0,Deepak Desai,Arrest,2024-07-29,Tumakuru,Bhavana Kumar
5325,8923,0,Joseph Kumar,Arrest,2024-07-30,Vijayapura,Imran Nayak
5326,8925,0,Nagaraj Reddy,Arrest,2024-07-30,Bengaluru City,Anitha Shetty
5328,8927,0,Fatima Patil,Arrest,2024-07-30,Belagavi,Deepak Nayak
5330,8929,0,Bhavana Gowda,Arrest,2024-07-30,Kalaburagi,Chetan Kulkarni
5331,8931,0,Manjunath Hegde,Arrest,2024-07-30,Kalaburagi,Yashwanth Shetty
5333,8933,0,Joseph Naik,Arrest,2024-07-30,Ballari,Bhavana Desai
5335,8935,0,Vinutha Nayak,Arrest,2024-07-30,Tumakuru,Basavaraj Patil
5339,8945,0,Manjunath Hegde,Arrest,2024-07-30,Bengaluru City,Rekha Nayak
5341,8949,0,Basavaraj Bhat,Arrest,2024-07-30,Bengaluru City,Joseph Bhat
5342,8951,0,Anitha Murthy,Arrest,2024-07-30,Bengaluru City,Manjunath Kumar
5344,8953,0,Bhavana Nayak,Arrest,2024-07-30,Belagavi,Fatima Desai
5346,8955,0,Ashwini Desai,Arrest,2024-07-30,Hubballi-Dharwad,Girish Hegde
5348,8959,0,Shivakumar Prasad,Arrest,2024-07-31,Tumakuru,Girish Rao
5350,8961,0,Anitha Kulkarni,Surrender,2024-07-31,Mysuru,Joseph Bhat
5352,8963,0,Joseph Gowda,Arrest,2024-07-31,Bengaluru City,Girish Reddy
5355,8967,0,Joseph Bhat,Arrest,2024-07-31,Bengaluru City,Imran Naik
5357,8969,0,Kiran Iyengar,Arrest,2024-07-31,Belagavi,Prakash Prasad
5358,8971,0,Imran Rao,Arrest,2024-07-31,Hubballi-Dharwad,Rekha Rao
5360,8975,0,Rekha Naik,Arrest,2024-07-31,Bengaluru Rural,Rekha Patil
5366,8987,0,Girish Reddy,Arrest,2024-07-31,Bengaluru City,Fatima Prasad
5368,8989,0,Basavaraj Naik,Arrest,2024-07-31,Mangaluru (DK),Girish Kulkarni
5370,8991,0,Ravi Shetty,Surrender,2024-07-31,Bengaluru City,Prakash Kulkarni
5371,8993,0,Mary Shetty,Arrest,2024-07-31,Mysuru,Rekha Hegde
5373,8995,0,Nagaraj Patil,Arrest,2024-08-01,Kalaburagi,Fatima Reddy
5376,8999,0,Mary Kulkarni,Arrest,2024-08-01,Mysuru,Ravi Gowda
5378,9001,0,Pooja Hegde,Arrest,2024-08-01,Mysuru,Prakash Iyengar
5381,9007,0,Girish Nayak,Arrest,2024-08-01,Hassan,Rekha Bhat
5382,9009,0,Anitha Rao,Arrest,2024-08-01,Kalaburagi,Rekha Murthy
5384,9013,0,Lakshmi Reddy,Arrest,2024-08-01,Raichur,Nagaraj Murthy
5385,9017,0,Mary Shetty,Arrest,2024-08-01,Kalaburagi,Ravi Kumar
5386,9021,0,Mary Nayak,Arrest,2024-08-01,Raichur,Kiran Iyengar
5387,9023,0,Yashwanth Patil,Arrest,2024-08-01,Bengaluru City,Deepak Shetty
5388,9025,0,Anitha Iyengar,Surrender,2024-08-01,Davanagere,Suresh Rao
5391,9029,0,Yashwanth Desai,Arrest,2024-08-01,Bengaluru City,Anitha Kulkarni
5392,9031,0,Shivakumar Rao,Arrest,2024-08-01,Kalaburagi,Prakash Hegde
5394,9033,0,Lakshmi Kulkarni,Arrest,2024-08-01,Bengaluru City,Rekha Desai
5396,9035,0,Deepak Rao,Arrest,2024-08-01,Kalaburagi,Yashwanth Gowda
5397,9037,0,Vinutha Kulkarni,Arrest,2024-08-01,Kalaburagi,Manjunath Prasad
5399,9041,0,Joseph Prasad,Surrender,2024-08-02,Tumakuru,Joseph Bhat
5403,9051,0,Imran Reddy,Arrest,2024-08-02,Bengaluru City,Shivakumar Hegde
5406,9055,0,Pooja Patil,Arrest,2024-08-02,Bengaluru City,Ashwini Gowda
5408,9057,0,Ashwini Desai,Arrest,2024-08-02,Hassan,Shivakumar Murthy
5411,9063,0,Joseph Shetty,Arrest,2024-08-02,Tumakuru,Prakash Bhat
5412,9065,0,Manjunath Reddy,Arrest,2024-08-02,Mysuru,Anitha Shetty
5413,9067,0,Deepak Prasad,Arrest,2024-08-02,Bengaluru City,Ashwini Nayak
5415,9069,0,Ashwini Kulkarni,Arrest,2024-08-02,Bengaluru Rural,Manjunath Gowda
5417,9071,0,Lakshmi Reddy,Arrest,2024-08-02,Bengaluru City,Chetan Bhat
5419,9073,0,Mary Desai,Arrest,2024-08-02,Bengaluru City,Shivakumar Rao
5420,9077,0,Basavaraj Reddy,Arrest,2024-08-02,Raichur,Suresh Shetty
5422,9079,0,Nagaraj Kulkarni,Arrest,2024-08-02,Mysuru,Manjunath Prasad
5425,9083,0,Lakshmi Shetty,Arrest,2024-08-02,Belagavi,Ashwini Gowda
5427,9085,0,Joseph Patil,Arrest,2024-08-03,Raichur,Deepak Nayak
5430,9089,0,Girish Reddy,Arrest,2024-08-03,Belagavi,Ashwini Gowda
5432,9091,0,Basavaraj Murthy,Arrest,2024-08-03,Ballari,Manjunath Kumar
5434,9095,0,Suresh Shetty,Arrest,2024-08-03,Bengaluru Rural,Ashwini Murthy
5436,9099,0,Ravi Nayak,Arrest,2024-08-03,Bengaluru City,Lakshmi Bhat
5438,9101,0,Deepak Reddy,Arrest,2024-08-03,Hubballi-Dharwad,Basavaraj Patil
5440,9103,0,Lakshmi Hegde,Surrender,2024-08-03,Mysuru,Basavaraj Rao
5442,9107,0,Pooja Kulkarni,Surrender,2024-08-03,Tumakuru,Bhavana Prasad
5443,9109,0,Suresh Patil,Arrest,2024-08-03,Bengaluru City,Pooja Iyengar
5445,9113,0,Pooja Hegde,Arrest,2024-08-03,Hassan,Bhavana Prasad
5447,9115,0,Joseph Kumar,Arrest,2024-08-03,Ballari,Basavaraj Kumar
5450,9119,0,Suresh Murthy,Arrest,2024-08-04,Belagavi,Kiran Naik
5451,9121,0,Bhavana Rao,Surrender,2024-08-04,Bengaluru Rural,Manjunath Reddy
5453,9123,0,Fatima Iyengar,Arrest,2024-08-04,Hubballi-Dharwad,Deepak Reddy
5455,9125,0,Anitha Kumar,Surrender,2024-08-04,Vijayapura,Chetan Hegde
5457,9127,0,Joseph Shetty,Arrest,2024-08-04,Bengaluru City,Vinutha Bhat
5459,9129,0,Fatima Kumar,Arrest,2024-08-04,Vijayapura,Fatima Patil
5460,9131,0,Shivakumar Kumar,Arrest,2024-08-04,Belagavi,Chetan Bhat
5462,9133,0,Prakash Iyengar,Arrest,2024-08-04,Mangaluru (DK),Lakshmi Shetty
5463,9135,0,Suresh Nayak,Arrest,2024-08-04,Hubballi-Dharwad,Mary Patil
5466,9141,0,Shivakumar Hegde,Arrest,2024-08-04,Bengaluru City,Anitha Shetty
5467,9143,0,Suresh Bhat,Arrest,2024-08-04,Mangaluru (DK),Basavaraj Prasad
5468,9145,0,Kiran Hegde,Arrest,2024-08-04,Bengaluru City,Fatima Nayak
5469,9147,0,Mary Desai,Arrest,2024-08-04,Hubballi-Dharwad,Kiran Bhat
5472,9155,0,Mary Shetty,Arrest,2024-08-04,Mysuru,Ashwini Reddy
5474,9157,0,Anitha Reddy,Arrest,2024-08-05,Bengaluru City,Kiran Reddy
5475,9159,0,Basavaraj Gowda,Arrest,2024-08-05,Tumakuru,Rekha Reddy
5480,9171,0,Manjunath Patil,Arrest,2024-08-05,Raichur,Ashwini Gowda
5481,9173,0,Lakshmi Nayak,Arrest,2024-08-05,Udupi,Rekha Bhat
5483,9175,0,Shivakumar Kulkarni,Arrest,2024-08-05,Vijayapura,Deepak Murthy
5484,9177,0,Yashwanth Iyengar,Arrest,2024-08-05,Ballari,Mary Desai
5486,9179,0,Imran Shetty,Arrest,2024-08-05,Tumakuru,Yashwanth Reddy
5487,9181,0,Kiran Naik,Arrest,2024-08-05,Bengaluru City,Lakshmi Iyengar
5490,9185,0,Deepak Prasad,Arrest,2024-08-05,Mysuru,Chetan Naik
5492,9189,0,Mary Kulkarni,Arrest,2024-08-05,Belagavi,Fatima Iyengar
5496,9195,0,Joseph Prasad,Arrest,2024-08-06,Kalaburagi,Pooja Shetty
5497,9197,0,Joseph Hegde,Arrest,2024-08-06,Hubballi-Dharwad,Shivakumar Iyengar
5499,9199,0,Anitha Reddy,Arrest,2024-08-06,Bengaluru City,Pooja Nayak
5500,9201,0,Nagaraj Reddy,Arrest,2024-08-06,Raichur,Mary Patil
5502,9203,0,Fatima Prasad,Arrest,2024-08-06,Bengaluru City,Girish Kulkarni
5503,9205,0,Suresh Rao,Surrender,2024-08-06,Vijayapura,Shivakumar Murthy
5505,9207,0,Ravi Prasad,Arrest,2024-08-06,Mysuru,Mary Desai
5508,9211,0,Pooja Patil,Arrest,2024-08-06,Belagavi,Ashwini Iyengar
5512,9217,0,Imran Gowda,Arrest,2024-08-06,Belagavi,Pooja Kulkarni
5515,9223,0,Deepak Kumar,Arrest,2024-08-06,Ballari,Chetan Desai
5516,9227,0,Girish Iyengar,Arrest,2024-08-06,Belagavi,Nagaraj Naik
5518,9229,0,Anitha Murthy,Arrest,2024-08-06,Mysuru,Suresh Kulkarni
5519,9231,0,Prakash Kumar,Arrest,2024-08-06,Mangaluru (DK),Yashwanth Murthy
5521,9233,0,Vinutha Patil,Arrest,2024-08-06,Bengaluru City,Nagaraj Kulkarni
5523,9235,0,Anitha Kulkarni,Arrest,2024-08-06,Raichur,Yashwanth Prasad
5526,9249,0,Yashwanth Desai,Arrest,2024-08-07,Bengaluru City,Rekha Iyengar
5528,9251,0,Shivakumar Reddy,Surrender,2024-08-07,Belagavi,Ashwini Iyengar
5529,9253,0,Anitha Kumar,Arrest,2024-08-07,Tumakuru,Basavaraj Bhat
5531,9255,0,Vinutha Iyengar,Arrest,2024-08-07,Tumakuru,Rekha Desai
5534,9259,0,Vinutha Iyengar,Surrender,2024-08-07,Bengaluru City,Ashwini Desai
5538,9267,0,Manjunath Nayak,Arrest,2024-08-07,Bengaluru City,Bhavana Kumar
5541,9279,0,Suresh Rao,Arrest,2024-08-07,Bengaluru City,Mary Desai
5542,9281,0,Rekha Hegde,Arrest,2024-08-07,Mysuru,Vinutha Hegde
5543,9283,0,Girish Patil,Surrender,2024-08-07,Shivamogga,Ashwini Hegde
5545,9287,0,Bhavana Reddy,Arrest,2024-08-08,Kalaburagi,Nagaraj Patil
5547,9289,0,Nagaraj Bhat,Arrest,2024-08-08,Mangaluru (DK),Pooja Gowda
5549,9291,0,Mary Iyengar,Arrest,2024-08-08,Kalaburagi,Ravi Patil
5551,9293,0,Deepak Desai,Surrender,2024-08-08,Belagavi,Chetan Bhat
5553,9295,0,Yashwanth Kumar,Arrest,2024-08-08,Bengaluru Rural,Manjunath Reddy
5554,9297,0,Nagaraj Kumar,Surrender,2024-08-08,Shivamogga,Basavaraj Hegde
5555,9299,0,Ashwini Desai,Arrest,2024-08-08,Shivamogga,Pooja Iyengar
5557,9301,0,Fatima Shetty,Arrest,2024-08-08,Bengaluru City,Manjunath Nayak
5559,9307,0,Prakash Reddy,Arrest,2024-08-08,Shivamogga,Ashwini Shetty
5561,9309,0,Shivakumar Bhat,Arrest,2024-08-08,Bengaluru City,Fatima Patil
5562,9311,0,Basavaraj Bhat,Arrest,2024-08-08,Kalaburagi,Fatima Reddy
5564,9313,0,Pooja Hegde,Arrest,2024-08-08,Kalaburagi,Anitha Shetty
5565,9315,0,Rekha Patil,Arrest,2024-08-08,Tumakuru,Ashwini Shetty
5566,9317,0,Pooja Bhat,Arrest,2024-08-08,Bengaluru Rural,Imran Gowda
5567,9319,0,Deepak Patil,Arrest,2024-08-08,Davanagere,Basavaraj Prasad
5571,9327,0,Mary Gowda,Arrest,2024-08-08,Udupi,Basavaraj Kulkarni
5573,9329,0,Anitha Prasad,Arrest,2024-08-08,Bengaluru City,Girish Nayak
5575,9335,0,Anitha Prasad,Arrest,2024-08-09,Bengaluru City,Pooja Rao
5577,9341,0,Bhavana Naik,Arrest,2024-08-09,Hassan,Chetan Nayak
5579,9343,0,Shivakumar Naik,Arrest,2024-08-09,Bengaluru City,Yashwanth Shetty
5581,9349,0,Mary Nayak,Arrest,2024-08-09,Bengaluru City,Suresh Murthy
5584,9357,0,Kiran Murthy,Surrender,2024-08-09,Vijayapura,Nagaraj Prasad
5586,9361,0,Chetan Rao,Arrest,2024-08-09,Belagavi,Pooja Gowda
5589,9365,0,Rekha Gowda,Arrest,2024-08-09,Vijayapura,Kiran Rao
5591,9367,0,Imran Prasad,Arrest,2024-08-09,Davanagere,Imran Shetty
5593,9369,0,Mary Prasad,Surrender,2024-08-09,Hubballi-Dharwad,Joseph Desai
5595,9371,0,Manjunath Murthy,Arrest,2024-08-09,Bengaluru City,Mary Kumar
5596,9373,0,Nagaraj Murthy,Arrest,2024-08-09,Bengaluru City,Nagaraj Hegde
5597,9375,0,Girish Kumar,Arrest,2024-08-09,Tumakuru,Fatima Patil
5599,9381,0,Lakshmi Naik,Arrest,2024-08-09,Hubballi-Dharwad,Basavaraj Kulkarni
5602,9385,0,Fatima Kulkarni,Arrest,2024-08-09,Mysuru,Nagaraj Rao
5603,9387,0,Mary Patil,Arrest,2024-08-09,Tumakuru,Bhavana Shetty
5604,9389,0,Shivakumar Naik,Arrest,2024-08-09,Bengaluru City,Prakash Naik
5606,9393,0,Vinutha Murthy,Arrest,2024-08-09,Bengaluru City,Lakshmi Iyengar
5608,9395,0,Girish Kumar,Arrest,2024-08-09,Kalaburagi,Shivakumar Prasad
5610,9397,0,Bhavana Prasad,Arrest,2024-08-09,Bengaluru City,Chetan Iyengar
5611,9399,0,Shivakumar Bhat,Arrest,2024-08-10,Mysuru,Shivakumar Kumar
5613,9401,0,Shivakumar Kumar,Arrest,2024-08-10,Tumakuru,Yashwanth Iyengar
5615,9403,0,Chetan Kulkarni,Surrender,2024-08-10,Bengaluru City,Fatima Murthy
5619,9409,0,Deepak Kumar,Arrest,2024-08-10,Belagavi,Vinutha Kulkarni
5620,9411,0,Lakshmi Iyengar,Arrest,2024-08-10,Bengaluru City,Vinutha Patil
5621,9413,0,Bhavana Murthy,Arrest,2024-08-10,Bengaluru City,Chetan Reddy
5622,9415,0,Pooja Prasad,Arrest,2024-08-10,Belagavi,Basavaraj Murthy
5623,9417,0,Yashwanth Murthy,Arrest,2024-08-10,Hubballi-Dharwad,Lakshmi Gowda
5625,9425,0,Mary Kulkarni,Arrest,2024-08-10,Vijayapura,Suresh Prasad
5627,9427,0,Nagaraj Naik,Arrest,2024-08-10,Vijayapura,Manjunath Shetty
5629,9431,0,Manjunath Desai,Arrest,2024-08-10,Mangaluru (DK),Suresh Nayak
5631,9435,0,Basavaraj Gowda,Arrest,2024-08-11,Bengaluru City,Vinutha Reddy
5632,9437,0,Prakash Shetty,Arrest,2024-08-11,Tumakuru,Chetan Reddy
5635,9441,0,Kiran Patil,Arrest,2024-08-11,Vijayapura,Shivakumar Prasad
5637,9443,0,Lakshmi Nayak,Arrest,2024-08-11,Mysuru,Suresh Kulkarni
5640,9447,0,Shivakumar Desai,Arrest,2024-08-11,Belagavi,Rekha Nayak
5642,9449,0,Shivakumar Naik,Surrender,2024-08-11,Belagavi,Suresh Hegde
5643,9451,0,Kiran Murthy,Arrest,2024-08-11,Shivamogga,Anitha Rao
5644,9453,0,Nagaraj Bhat,Arrest,2024-08-11,Bengaluru City,Ashwini Gowda
5645,9455,0,Deepak Reddy,Arrest,2024-08-11,Kalaburagi,Nagaraj Rao
5648,9459,0,Joseph Kulkarni,Arrest,2024-08-11,Bengaluru City,Rekha Kumar
5649,9461,0,Ravi Shetty,Arrest,2024-08-11,Hassan,Fatima Bhat
5650,9463,0,Ravi Nayak,Surrender,2024-08-11,Ballari,Manjunath Nayak
5651,9465,0,Yashwanth Kulkarni,Arrest,2024-08-11,Shivamogga,Ravi Iyengar
5652,9467,0,Joseph Kulkarni,Arrest,2024-08-11,Bengaluru City,Ravi Prasad
5653,9469,0,Ravi Bhat,Surrender,2024-08-12,Bengaluru City,Ravi Murthy
5656,9475,0,Manjunath Shetty,Arrest,2024-08-12,Kalaburagi,Deepak Patil
5657,9477,0,Bhavana Gowda,Arrest,2024-08-12,Belagavi,Mary Gowda
5660,9485,0,Suresh Kumar,Arrest,2024-08-12,Hubballi-Dharwad,Shivakumar Rao
5661,9487,0,Nagaraj Rao,Surrender,2024-08-12,Shivamogga,Ravi Gowda
5663,9489,0,Deepak Naik,Surrender,2024-08-12,Bengaluru City,Joseph Reddy
5664,9493,0,Anitha Hegde,Arrest,2024-08-12,Bengaluru City,Vinutha Kumar
5666,9497,0,Suresh Kumar,Arrest,2024-08-12,Mysuru,Nagaraj Rao
5668,9499,0,Shivakumar Reddy,Arrest,2024-08-12,Kalaburagi,Imran Murthy
5671,9503,0,Yashwanth Patil,Arrest,2024-08-12,Tumakuru,Imran Reddy
5673,9507,0,Deepak Shetty,Arrest,2024-08-13,Mysuru,Rekha Reddy
5674,9511,0,Deepak Gowda,Arrest,2024-08-13,Hassan,Rekha Desai
5676,9513,0,Rekha Desai,Arrest,2024-08-13,Bengaluru City,Mary Hegde
5677,9515,0,Imran Iyengar,Arrest,2024-08-13,Hubballi-Dharwad,Kiran Kumar
5679,9521,0,Ravi Naik,Arrest,2024-08-13,Bengaluru City,Anitha Patil
5681,9523,0,Prakash Bhat,Arrest,2024-08-13,Bengaluru Rural,Fatima Desai
5683,9525,0,Anitha Kulkarni,Arrest,2024-08-13,Bengaluru City,Suresh Prasad
5685,9527,0,Suresh Patil,Surrender,2024-08-13,Kalaburagi,Shivakumar Naik
5687,9529,0,Manjunath Kulkarni,Arrest,2024-08-13,Bengaluru Rural,Vinutha Nayak
5688,9531,0,Kiran Naik,Arrest,2024-08-13,Davanagere,Pooja Reddy
5689,9533,0,Kiran Kumar,Arrest,2024-08-13,Shivamogga,Fatima Reddy
5690,9535,0,Nagaraj Gowda,Arrest,2024-08-13,Belagavi,Kiran Patil
5694,9543,0,Shivakumar Desai,Arrest,2024-08-13,Bengaluru City,Nagaraj Hegde
5695,9545,0,Rekha Rao,Arrest,2024-08-13,Belagavi,Ashwini Desai
5696,9547,0,Ashwini Shetty,Arrest,2024-08-13,Bengaluru City,Fatima Kumar
5698,9551,0,Vinutha Gowda,Surrender,2024-08-14,Hassan,Rekha Bhat
5700,9553,0,Shivakumar Prasad,Arrest,2024-08-14,Bengaluru Rural,Rekha Shetty
5703,9559,0,Basavaraj Nayak,Arrest,2024-08-14,Bengaluru City,Lakshmi Nayak
5704,9561,0,Ravi Naik,Arrest,2024-08-14,Belagavi,Prakash Nayak
5707,9565,0,Deepak Patil,Arrest,2024-08-14,Bengaluru City,Yashwanth Iyengar
5708,9567,0,Shivakumar Shetty,Arrest,2024-08-14,Belagavi,Fatima Rao
5710,9569,0,Prakash Hegde,Arrest,2024-08-14,Davanagere,Deepak Rao
5711,9571,0,Deepak Naik,Surrender,2024-08-14,Shivamogga,Pooja Nayak
5714,9577,0,Vinutha Patil,Arrest,2024-08-14,Bengaluru City,Prakash Desai
5716,9579,0,Rekha Murthy,Arrest,2024-08-14,Bengaluru City,Pooja Kumar
5718,9583,0,Kiran Gowda,Arrest,2024-08-14,Vijayapura,Ashwini Nayak
5720,9585,0,Ravi Desai,Arrest,2024-08-14,Mysuru,Mary Iyengar
5724,9591,0,Girish Shetty,Arrest,2024-08-15,Bengaluru City,Chetan Desai
5726,9593,0,Ravi Hegde,Arrest,2024-08-15,Raichur,Vinutha Patil
5728,9595,0,Suresh Iyengar,Arrest,2024-08-15,Belagavi,Lakshmi Nayak
5731,9599,0,Manjunath Patil,Arrest,2024-08-15,Ballari,Shivakumar Hegde
5733,9601,0,Anitha Kulkarni,Arrest,2024-08-15,Belagavi,Manjunath Prasad
5734,9603,0,Bhavana Reddy,Arrest,2024-08-15,Belagavi,Ravi Iyengar
5735,9605,0,Bhavana Gowda,Arrest,2024-08-15,Belagavi,Ashwini Gowda
5737,9607,0,Shivakumar Murthy,Arrest,2024-08-15,Vijayapura,Mary Hegde
5739,9609,0,Shivakumar Hegde,Arrest,2024-08-15,Mysuru,Anitha Kulkarni
5741,9611,0,Yashwanth Gowda,Arrest,2024-08-15,Hubballi-Dharwad,Anitha Prasad
5744,9615,0,Yashwanth Kumar,Arrest,2024-08-15,Shivamogga,Ravi Reddy
5746,9617,0,Bhavana Nayak,Arrest,2024-08-15,Davanagere,Basavaraj Rao
5747,9619,0,Basavaraj Nayak,Arrest,2024-08-15,Bengaluru City,Joseph Kumar
5749,9623,0,Anitha Reddy,Surrender,2024-08-15,Tumakuru,Shivakumar Patil
5750,9625,0,Lakshmi Gowda,Arrest,2024-08-16,Raichur,Basavaraj Prasad
5752,9627,0,Shivakumar Naik,Arrest,2024-08-16,Hubballi-Dharwad,Ravi Nayak
5753,9629,0,Fatima Iyengar,Arrest,2024-08-16,Hassan,Lakshmi Naik
5755,9631,0,Girish Kulkarni,Arrest,2024-08-16,Ballari,Shivakumar Gowda
5757,9633,0,Suresh Murthy,Arrest,2024-08-16,Bengaluru City,Ravi Patil
5758,9635,0,Prakash Gowda,Arrest,2024-08-16,Mysuru,Mary Bhat
5759,9639,0,Joseph Kumar,Arrest,2024-08-16,Bengaluru City,Nagaraj Desai
5763,9645,0,Rekha Hegde,Arrest,2024-08-16,Hassan,Nagaraj Rao
5764,9647,0,Rekha Reddy,Surrender,2024-08-16,Tumakuru,Pooja Shetty
5766,9649,0,Rekha Rao,Arrest,2024-08-16,Tumakuru,Kiran Kumar
5767,9651,0,Fatima Bhat,Arrest,2024-08-16,Bengaluru City,Pooja Reddy
5768,9653,0,Fatima Kumar,Arrest,2024-08-16,Kalaburagi,Anitha Gowda
5771,9657,0,Ravi Rao,Surrender,2024-08-16,Mysuru,Ashwini Prasad
5772,9659,0,Pooja Prasad,Arrest,2024-08-16,Mysuru,Suresh Gowda
5773,9661,0,Basavaraj Desai,Arrest,2024-08-16,Ballari,Deepak Iyengar
5774,9663,0,Shivakumar Naik,Arrest,2024-08-16,Mysuru,Anitha Iyengar
5777,9669,0,Ashwini Kulkarni,Surrender,2024-08-17,Belagavi,Mary Rao
5779,9673,0,Shivakumar Desai,Arrest,2024-08-17,Mysuru,Ashwini Patil
5781,9677,0,Shivakumar Iyengar,Arrest,2024-08-17,Mangaluru (DK),Yashwanth Kumar
5783,9679,0,Mary Gowda,Arrest,2024-08-17,Tumakuru,Rekha Naik
5786,9683,0,Mary Shetty,Arrest,2024-08-17,Bengaluru City,Nagaraj Gowda
5788,9689,0,Kiran Hegde,Arrest,2024-08-17,Davanagere,Rekha Kulkarni
5790,9693,0,Suresh Hegde,Arrest,2024-08-17,Bengaluru City,Mary Desai
5792,9699,0,Chetan Kumar,Arrest,2024-08-17,Bengaluru City,Shivakumar Rao
5793,9701,0,Ravi Desai,Arrest,2024-08-17,Bengaluru Rural,Kiran Prasad
5794,9703,0,Girish Rao,Arrest,2024-08-17,Belagavi,Fatima Nayak
5795,9707,0,Deepak Bhat,Arrest,2024-08-18,Hubballi-Dharwad,Prakash Hegde
5796,9709,0,Chetan Kulkarni,Surrender,2024-08-18,Bengaluru City,Mary Naik
5800,9715,0,Shivakumar Patil,Arrest,2024-08-18,Bengaluru City,Nagaraj Nayak
5801,9717,0,Girish Patil,Arrest,2024-08-18,Mysuru,Shivakumar Bhat
5804,9721,0,Pooja Desai,Arrest,2024-08-18,Belagavi,Girish Kulkarni
5806,9723,0,Chetan Kumar,Arrest,2024-08-18,Mysuru,Imran Nayak
5807,9725,0,Yashwanth Prasad,Surrender,2024-08-18,Bengaluru City,Girish Desai
5809,9727,0,Mary Shetty,Arrest,2024-08-18,Hubballi-Dharwad,Shivakumar Murthy
5811,9731,0,Bhavana Murthy,Arrest,2024-08-18,Bengaluru City,Imran Prasad
5814,9735,0,Nagaraj Bhat,Surrender,2024-08-18,Mysuru,Bhavana Gowda
5816,9739,0,Joseph Gowda,Arrest,2024-08-18,Hubballi-Dharwad,Kiran Murthy
5817,9741,0,Kiran Reddy,Arrest,2024-08-18,Bengaluru City,Mary Reddy
5818,9743,0,Shivakumar Bhat,Arrest,2024-08-18,Bengaluru City,Chetan Iyengar
5820,9747,0,Ravi Patil,Surrender,2024-08-18,Kalaburagi,Lakshmi Gowda
5822,9749,0,Imran Hegde,Arrest,2024-08-18,Belagavi,Mary Hegde
5825,9757,0,Mary Gowda,Arrest,2024-08-19,Bengaluru Rural,Prakash Naik
5827,9759,0,Basavaraj Rao,Surrender,2024-08-19,Mysuru,Vinutha Kulkarni
5829,9761,0,Suresh Naik,Arrest,2024-08-19,Mysuru,Girish Shetty
5833,9771,0,Joseph Iyengar,Arrest,2024-08-19,Bengaluru City,Imran Gowda
5835,9773,0,Fatima Gowda,Arrest,2024-08-19,Bengaluru City,Bhavana Naik
5836,9775,0,Manjunath Murthy,Arrest,2024-08-19,Ballari,Ravi Naik
5837,9777,0,Vinutha Hegde,Arrest,2024-08-19,Mysuru,Girish Patil
5841,9787,0,Mary Patil,Arrest,2024-08-19,Bengaluru City,Rekha Rao
5843,9789,0,Basavaraj Kumar,Arrest,2024-08-19,Bengaluru City,Kiran Reddy
5845,9791,0,Nagaraj Bhat,Arrest,2024-08-19,Tumakuru,Lakshmi Shetty
5847,9797,0,Ravi Naik,Arrest,2024-08-19,Kalaburagi,Bhavana Gowda
5850,9801,0,Manjunath Gowda,Surrender,2024-08-20,Hubballi-Dharwad,Lakshmi Murthy
5852,9803,0,Lakshmi Kulkarni,Arrest,2024-08-20,Bengaluru City,Ravi Prasad
5854,9809,0,Shivakumar Reddy,Surrender,2024-08-20,Tumakuru,Lakshmi Bhat
5855,9815,0,Vinutha Naik,Arrest,2024-08-20,Shivamogga,Chetan Nayak
5857,9819,0,Prakash Hegde,Arrest,2024-08-20,Hubballi-Dharwad,Chetan Gowda
5858,9821,0,Imran Kulkarni,Surrender,2024-08-20,Hubballi-Dharwad,Pooja Gowda
5861,9827,0,Prakash Patil,Arrest,2024-08-20,Tumakuru,Chetan Patil
5863,9829,0,Basavaraj Rao,Surrender,2024-08-20,Tumakuru,Basavaraj Iyengar
5864,9831,0,Chetan Naik,Surrender,2024-08-20,Mysuru,Ashwini Shetty
5866,9837,0,Deepak Shetty,Arrest,2024-08-21,Bengaluru City,Bhavana Hegde
5867,9839,0,Shivakumar Kulkarni,Arrest,2024-08-21,Belagavi,Manjunath Patil
5870,9845,0,Manjunath Murthy,Arrest,2024-08-21,Hassan,Ravi Hegde
5872,9849,0,Joseph Kulkarni,Arrest,2024-08-21,Mysuru,Anitha Patil
5873,9851,0,Mary Gowda,Arrest,2024-08-21,Shivamogga,Joseph Reddy
5876,9859,0,Anitha Reddy,Arrest,2024-08-21,Bengaluru City,Manjunath Iyengar
5877,9861,0,Nagaraj Kulkarni,Arrest,2024-08-21,Belagavi,Basavaraj Kulkarni
5879,9863,0,Vinutha Rao,Arrest,2024-08-21,Raichur,Imran Kulkarni
5881,9865,0,Ravi Iyengar,Arrest,2024-08-21,Mysuru,Bhavana Naik
5883,9871,0,Bhavana Naik,Arrest,2024-08-22,Raichur,Mary Gowda
5885,9873,0,Imran Gowda,Arrest,2024-08-22,Ballari,Rekha Bhat
5887,9875,0,Nagaraj Bhat,Arrest,2024-08-22,Vijayapura,Vinutha Kulkarni
5889,9877,0,Pooja Prasad,Arrest,2024-08-22,Mangaluru (DK),Anitha Hegde
5892,9881,0,Chetan Gowda,Arrest,2024-08-22,Mysuru,Manjunath Prasad
5893,9883,0,Basavaraj Reddy,Arrest,2024-08-22,Kalaburagi,Chetan Rao
5895,9885,0,Yashwanth Kulkarni,Arrest,2024-08-22,Kalaburagi,Basavaraj Shetty
5898,9889,0,Ashwini Gowda,Arrest,2024-08-22,Davanagere,Suresh Reddy
5900,9891,0,Suresh Bhat,Arrest,2024-08-22,Shivamogga,Nagaraj Bhat
5902,9897,0,Rekha Gowda,Arrest,2024-08-22,Bengaluru City,Lakshmi Kulkarni
5903,9899,0,Pooja Gowda,Surrender,2024-08-22,Vijayapura,Imran Naik
5904,9901,0,Anitha Naik,Arrest,2024-08-22,Ballari,Joseph Kulkarni
5905,9903,0,Fatima Bhat,Arrest,2024-08-22,Mysuru,Joseph Shetty
5907,9905,0,Pooja Rao,Arrest,2024-08-22,Bengaluru City,Anitha Reddy
5910,9911,0,Bhavana Nayak,Arrest,2024-08-23,Bengaluru City,Rekha Shetty
5913,9917,0,Manjunath Desai,Surrender,2024-08-23,Mysuru,Vinutha Iyengar
5916,9921,0,Kiran Prasad,Arrest,2024-08-23,Bengaluru City,Yashwanth Iyengar
5917,9923,0,Joseph Kumar,Surrender,2024-08-23,Ballari,Pooja Kulkarni
5919,9929,0,Prakash Nayak,Surrender,2024-08-23,Bengaluru City,Basavaraj Prasad
5923,9935,0,Prakash Iyengar,Arrest,2024-08-23,Mysuru,Prakash Naik
5924,9937,0,Bhavana Iyengar,Arrest,2024-08-23,Hubballi-Dharwad,Chetan Kumar
5926,9939,0,Mary Hegde,Arrest,2024-08-23,Tumakuru,Lakshmi Kulkarni
5928,9945,0,Nagaraj Reddy,Arrest,2024-08-23,Belagavi,Imran Patil
5931,9949,0,Chetan Naik,Arrest,2024-08-23,Bengaluru City,Joseph Kumar
5935,9955,0,Fatima Kumar,Surrender,2024-08-24,Hubballi-Dharwad,Yashwanth Rao
5937,9957,0,Kiran Shetty,Arrest,2024-08-24,Ballari,Chetan Iyengar
5940,9963,0,Chetan Kulkarni,Arrest,2024-08-24,Bengaluru City,Joseph Kumar
5944,9969,0,Ashwini Shetty,Arrest,2024-08-24,Kalaburagi,Pooja Gowda
5945,9971,0,Deepak Shetty,Surrender,2024-08-24,Belagavi,Yashwanth Iyengar
5948,9975,0,Joseph Kumar,Arrest,2024-08-24,Ballari,Pooja Prasad
5950,9977,0,Shivakumar Hegde,Arrest,2024-08-24,Tumakuru,Fatima Desai
5951,9981,0,Yashwanth Murthy,Arrest,2024-08-24,Bengaluru Rural,Joseph Hegde
5952,9983,0,Mary Iyengar,Surrender,2024-08-24,Mangaluru (DK),Rekha Desai
5954,9985,0,Fatima Gowda,Arrest,2024-08-24,Ballari,Yashwanth Reddy
5955,9987,0,Bhavana Patil,Surrender,2024-08-24,Raichur,Yashwanth Reddy
5958,9991,0,Kiran Hegde,Arrest,2024-08-24,Tumakuru,Nagaraj Nayak
5961,9995,0,Prakash Patil,Arrest,2024-08-24,Hubballi-Dharwad,Deepak Kumar
5963,9997,0,Yashwanth Nayak,Arrest,2024-08-24,Bengaluru City,Girish Rao
5966,10003,0,Pooja Naik,Arrest,2024-08-24,Belagavi,Lakshmi Rao
5970,10009,0,Basavaraj Bhat,Arrest,2024-08-25,Mysuru,Imran Nayak
5974,10015,0,Chetan Naik,Surrender,2024-08-25,Hubballi-Dharwad,Manjunath Patil
5975,10017,0,Joseph Gowda,Arrest,2024-08-25,Hassan,Yashwanth Nayak
5976,10019,0,Deepak Rao,Arrest,2024-08-25,Belagavi,Ashwini Patil
5978,10021,0,Pooja Desai,Surrender,2024-08-25,Tumakuru,Lakshmi Desai
5980,10027,0,Shivakumar Prasad,Arrest,2024-08-25,Davanagere,Chetan Naik
5982,10029,0,Mary Iyengar,Arrest,2024-08-25,Bengaluru City,Lakshmi Murthy
5983,10031,0,Suresh Prasad,Arrest,2024-08-25,Bengaluru City,Bhavana Patil
5986,10035,0,Rekha Rao,Arrest,2024-08-25,Davanagere,Manjunath Prasad
5988,10039,0,Manjunath Murthy,Arrest,2024-08-25,Bengaluru City,Kiran Naik
5990,10043,0,Deepak Murthy,Arrest,2024-08-25,Bengaluru City,Yashwanth Shetty
5991,10045,0,Girish Reddy,Arrest,2024-08-25,Belagavi,Ashwini Gowda
5992,10047,0,Chetan Shetty,Surrender,2024-08-26,Bengaluru City,Fatima Nayak
5993,10049,0,Prakash Shetty,Surrender,2024-08-26,Mysuru,Shivakumar Gowda
5996,10053,0,Ravi Patil,Arrest,2024-08-26,Kalaburagi,Suresh Gowda
5999,10059,0,Deepak Murthy,Arrest,2024-08-26,Kalaburagi,Chetan Nayak
6002,10063,0,Mary Kulkarni,Arrest,2024-08-26,Tumakuru,Imran Prasad
6004,10065,0,Kiran Patil,Arrest,2024-08-26,Kalaburagi,Chetan Iyengar
6006,10067,0,Vinutha Prasad,Arrest,2024-08-26,Mangaluru (DK),Shivakumar Hegde
6007,10071,0,Fatima Prasad,Arrest,2024-08-26,Bengaluru City,Fatima Prasad
6008,10073,0,Rekha Murthy,Arrest,2024-08-26,Kalaburagi,Mary Prasad
6011,10079,0,Prakash Iyengar,Arrest,2024-08-26,Bengaluru Rural,Lakshmi Gowda
6012,10081,0,Yashwanth Patil,Arrest,2024-08-26,Bengaluru City,Imran Murthy
6014,10087,0,Rekha Kulkarni,Arrest,2024-08-27,Davanagere,Deepak Nayak
6016,10091,0,Bhavana Prasad,Arrest,2024-08-27,Hubballi-Dharwad,Ravi Shetty
6017,10093,0,Yashwanth Nayak,Arrest,2024-08-27,Hassan,Prakash Kulkarni
6019,10095,0,Suresh Kumar,Arrest,2024-08-27,Hubballi-Dharwad,Yashwanth Shetty
6021,10097,0,Nagaraj Nayak,Arrest,2024-08-27,Bengaluru City,Lakshmi Nayak
6022,10101,0,Anitha Rao,Arrest,2024-08-27,Bengaluru City,Yashwanth Shetty
6024,10103,0,Kiran Kumar,Surrender,2024-08-27,Udupi,Vinutha Rao
6026,10105,0,Rekha Bhat,Surrender,2024-08-27,Vijayapura,Suresh Kulkarni
6027,10107,0,Yashwanth Hegde,Surrender,2024-08-27,Bengaluru Rural,Anitha Naik
6029,10111,0,Anitha Kulkarni,Arrest,2024-08-27,Vijayapura,Manjunath Shetty
6032,10115,0,Mary Kulkarni,Arrest,2024-08-27,Bengaluru Rural,Joseph Kulkarni
6033,10117,0,Lakshmi Reddy,Arrest,2024-08-27,Kalaburagi,Deepak Patil
6036,10121,0,Nagaraj Patil,Arrest,2024-08-27,Bengaluru City,Kiran Naik
6037,10123,0,Basavaraj Patil,Arrest,2024-08-27,Bengaluru City,Ashwini Iyengar
6039,10125,0,Manjunath Rao,Arrest,2024-08-27,Shivamogga,Vinutha Kulkarni
6040,10127,0,Prakash Gowda,Arrest,2024-08-27,Shivamogga,Yashwanth Kumar
6041,10129,0,Vinutha Kumar,Arrest,2024-08-27,Mysuru,Suresh Iyengar
6043,10131,0,Yashwanth Kulkarni,Arrest,2024-08-27,Tumakuru,Bhavana Bhat
6045,10133,0,Anitha Murthy,Surrender,2024-08-28,Bengaluru City,Yashwanth Murthy
6046,10137,0,Prakash Kumar,Arrest,2024-08-28,Hubballi-Dharwad,Yashwanth Murthy
6047,10139,0,Joseph Naik,Arrest,2024-08-28,Kalaburagi,Basavaraj Naik
6048,10141,0,Shivakumar Kulkarni,Arrest,2024-08-28,Kalaburagi,Deepak Iyengar
6050,10143,0,Imran Gowda,Arrest,2024-08-28,Davanagere,Rekha Rao
6052,10145,0,Bhavana Patil,Arrest,2024-08-28,Belagavi,Deepak Murthy
6053,10147,0,Vinutha Kulkarni,Arrest,2024-08-28,Bengaluru City,Mary Reddy
6054,10149,0,Deepak Reddy,Arrest,2024-08-28,Bengaluru City,Ashwini Naik
6055,10151,0,Anitha Kumar,Arrest,2024-08-28,Bengaluru City,Prakash Rao
6057,10153,0,Manjunath Prasad,Arrest,2024-08-28,Vijayapura,Basavaraj Bhat
6059,10155,0,Girish Iyengar,Arrest,2024-08-28,Bengaluru City,Imran Patil
6061,10159,0,Pooja Patil,Arrest,2024-08-28,Belagavi,Bhavana Patil
6064,10163,0,Imran Hegde,Arrest,2024-08-28,Bengaluru City,Nagaraj Patil
6067,10169,0,Manjunath Kulkarni,Arrest,2024-08-28,Mangaluru (DK),Girish Nayak
6068,10175,0,Yashwanth Reddy,Arrest,2024-08-29,Vijayapura,Ravi Reddy
6072,10181,0,Basavaraj Reddy,Arrest,2024-08-29,Bengaluru Rural,Nagaraj Bhat
6075,10185,0,Yashwanth Patil,Arrest,2024-08-29,Bengaluru Rural,Chetan Kumar
6079,10191,0,Fatima Shetty,Arrest,2024-08-29,Davanagere,Anitha Naik
6080,10193,0,Joseph Iyengar,Arrest,2024-08-29,Hubballi-Dharwad,Nagaraj Nayak
6082,10195,0,Ravi Patil,Arrest,2024-08-29,Kalaburagi,Nagaraj Murthy
6085,10199,0,Deepak Desai,Surrender,2024-08-29,Bengaluru City,Shivakumar Bhat
6088,10203,0,Imran Iyengar,Arrest,2024-08-30,Tumakuru,Nagaraj Murthy
6089,10205,0,Prakash Kumar,Arrest,2024-08-30,Kalaburagi,Bhavana Nayak
6091,10207,0,Pooja Bhat,Arrest,2024-08-30,Bengaluru City,Rekha Naik
6093,10209,0,Ashwini Prasad,Arrest,2024-08-30,Belagavi,Manjunath Iyengar
6095,10211,0,Manjunath Bhat,Arrest,2024-08-30,Belagavi,Nagaraj Patil
6097,10213,0,Suresh Kulkarni,Arrest,2024-08-30,Hubballi-Dharwad,Yashwanth Shetty
6098,10215,0,Vinutha Gowda,Arrest,2024-08-30,Belagavi,Girish Gowda
6100,10217,0,Imran Shetty,Arrest,2024-08-30,Bengaluru Rural,Lakshmi Patil
6101,10219,0,Nagaraj Bhat,Arrest,2024-08-30,Ballari,Prakash Kulkarni
6102,10221,0,Girish Kumar,Arrest,2024-08-30,Vijayapura,Anitha Patil
6104,10223,0,Ashwini Iyengar,Arrest,2024-08-30,Davanagere,Anitha Desai
6106,10227,0,Lakshmi Prasad,Arrest,2024-08-30,Hassan,Chetan Prasad
6109,10231,0,Fatima Bhat,Arrest,2024-08-30,Mysuru,Chetan Kulkarni
6111,10233,0,Lakshmi Bhat,Surrender,2024-08-30,Vijayapura,Mary Murthy
6113,10235,0,Basavaraj Kumar,Arrest,2024-08-30,Bengaluru Rural,Rekha Gowda
6114,10239,0,Anitha Desai,Arrest,2024-08-30,Hubballi-Dharwad,Lakshmi Desai
6115,10241,0,Ashwini Reddy,Arrest,2024-08-30,Vijayapura,Fatima Desai
6117,10243,0,Lakshmi Shetty,Arrest,2024-08-30,Hubballi-Dharwad,Deepak Reddy
6119,10245,0,Nagaraj Gowda,Arrest,2024-08-30,Kalaburagi,Shivakumar Bhat
6121,10247,0,Lakshmi Desai,Arrest,2024-08-30,Hassan,Prakash Nayak
6123,10255,0,Ashwini Nayak,Arrest,2024-08-31,Bengaluru City,Suresh Naik
6126,10259,0,Kiran Shetty,Arrest,2024-08-31,Vijayapura,Ravi Hegde
6128,10263,0,Girish Naik,Arrest,2024-08-31,Bengaluru City,Bhavana Hegde
6131,10267,0,Fatima Gowda,Arrest,2024-08-31,Bengaluru City,Suresh Kulkarni
6134,10271,0,Ravi Rao,Arrest,2024-08-31,Hassan,Basavaraj Hegde
6136,10273,0,Vinutha Iyengar,Arrest,2024-08-31,Kalaburagi,Imran Murthy
6137,10275,0,Bhavana Patil,Arrest,2024-08-31,Mangaluru (DK),Ravi Patil
6139,10279,0,Fatima Desai,Arrest,2024-08-31,Bengaluru City,Bhavana Prasad
6141,10281,0,Bhavana Gowda,Arrest,2024-08-31,Bengaluru City,Prakash Kumar
6142,10283,0,Shivakumar Bhat,Arrest,2024-08-31,Shivamogga,Kiran Hegde
6144,10287,0,Suresh Patil,Arrest,2024-08-31,Vijayapura,Yashwanth Desai
6146,10289,0,Fatima Kumar,Arrest,2024-08-31,Bengaluru City,Girish Naik
6150,10295,0,Rekha Murthy,Arrest,2024-08-31,Vijayapura,Nagaraj Kumar
6152,10297,0,Chetan Rao,Arrest,2024-08-31,Bengaluru City,Kiran Naik
6155,10303,0,Manjunath Iyengar,Arrest,2024-08-31,Tumakuru,Fatima Prasad
6157,10305,0,Pooja Shetty,Arrest,2024-09-01,Bengaluru City,Kiran Kumar
6158,10309,0,Yashwanth Gowda,Arrest,2024-09-01,Raichur,Ashwini Bhat
6159,10311,0,Imran Bhat,Arrest,2024-09-01,Kalaburagi,Kiran Iyengar
6160,10313,0,Manjunath Gowda,Arrest,2024-09-01,Tumakuru,Girish Reddy
6164,10319,0,Nagaraj Shetty,Arrest,2024-09-01,Hubballi-Dharwad,Imran Nayak
6169,10327,0,Rekha Nayak,Arrest,2024-09-01,Mangaluru (DK),Ravi Nayak
6172,10335,0,Prakash Hegde,Arrest,2024-09-01,Shivamogga,Imran Murthy
6173,10337,0,Nagaraj Patil,Surrender,2024-09-01,Bengaluru Rural,Ravi Hegde
6174,10339,0,Fatima Naik,Arrest,2024-09-01,Belagavi,Manjunath Naik
6178,10345,0,Lakshmi Naik,Arrest,2024-09-01,Hubballi-Dharwad,Kiran Iyengar
6180,10347,0,Yashwanth Bhat,Arrest,2024-09-01,Shivamogga,Lakshmi Bhat
6182,10349,0,Yashwanth Hegde,Arrest,2024-09-01,Bengaluru Rural,Vinutha Kulkarni
6185,10353,0,Basavaraj Hegde,Arrest,2024-09-01,Tumakuru,Prakash Kumar
6187,10355,0,Shivakumar Hegde,Surrender,2024-09-01,Ballari,Chetan Prasad
6188,10357,0,Mary Gowda,Arrest,2024-09-02,Belagavi,Deepak Naik
6190,10361,0,Mary Desai,Arrest,2024-09-02,Vijayapura,Joseph Nayak
6192,10365,0,Basavaraj Shetty,Arrest,2024-09-02,Belagavi,Fatima Hegde
6195,10371,0,Rekha Reddy,Arrest,2024-09-02,Ballari,Pooja Murthy
6200,10379,0,Ravi Reddy,Arrest,2024-09-02,Bengaluru City,Nagaraj Patil
6201,10381,0,Bhavana Nayak,Arrest,2024-09-02,Bengaluru City,Lakshmi Kulkarni
6204,10385,0,Pooja Shetty,Arrest,2024-09-02,Bengaluru City,Rekha Kumar
6206,10387,0,Deepak Prasad,Surrender,2024-09-02,Vijayapura,Prakash Rao
6207,10389,0,Yashwanth Iyengar,Surrender,2024-09-02,Bengaluru City,Vinutha Rao
6209,10391,0,Anitha Patil,Arrest,2024-09-02,Bengaluru City,Basavaraj Desai
6211,10393,0,Girish Nayak,Arrest,2024-09-02,Tumakuru,Mary Kumar
6213,10395,0,Yashwanth Rao,Arrest,2024-09-02,Raichur,Anitha Shetty
6215,10399,0,Basavaraj Nayak,Surrender,2024-09-03,Bengaluru City,Joseph Naik
6217,10401,0,Shivakumar Kulkarni,Arrest,2024-09-03,Belagavi,Ravi Nayak
6219,10403,0,Ravi Desai,Arrest,2024-09-03,Bengaluru Rural,Girish Bhat
6221,10405,0,Girish Bhat,Arrest,2024-09-03,Bengaluru City,Pooja Murthy
6222,10413,0,Imran Nayak,Arrest,2024-09-03,Bengaluru Rural,Vinutha Naik
6224,10419,0,Nagaraj Nayak,Arrest,2024-09-03,Tumakuru,Bhavana Kulkarni
6226,10421,0,Suresh Kumar,Surrender,2024-09-03,Raichur,Shivakumar Murthy
6227,10423,0,Mary Bhat,Surrender,2024-09-03,Vijayapura,Kiran Kulkarni
6229,10427,0,Suresh Desai,Arrest,2024-09-03,Tumakuru,Basavaraj Desai
6232,10431,0,Fatima Desai,Arrest,2024-09-03,Bengaluru City,Deepak Naik
6234,10433,0,Imran Hegde,Arrest,2024-09-03,Ballari,Shivakumar Nayak
6236,10439,0,Basavaraj Kumar,Arrest,2024-09-04,Bengaluru City,Fatima Patil
6238,10445,0,Nagaraj Bhat,Arrest,2024-09-04,Belagavi,Fatima Prasad
6241,10449,0,Bhavana Kumar,Arrest,2024-09-04,Hubballi-Dharwad,Imran Desai
6244,10453,0,Fatima Hegde,Arrest,2024-09-04,Kalaburagi,Joseph Murthy
6246,10455,0,Prakash Reddy,Arrest,2024-09-04,Bengaluru City,Kiran Rao
6247,10457,0,Pooja Murthy,Arrest,2024-09-04,Bengaluru City,Chetan Hegde
6248,10459,0,Lakshmi Naik,Arrest,2024-09-04,Bengaluru City,Pooja Iyengar
6249,10463,0,Joseph Murthy,Arrest,2024-09-04,Tumakuru,Anitha Desai
6250,10465,0,Kiran Rao,Arrest,2024-09-04,Hassan,Bhavana Gowda
6252,10467,0,Ashwini Patil,Arrest,2024-09-04,Hubballi-Dharwad,Ravi Iyengar
6254,10469,0,Bhavana Hegde,Surrender,2024-09-04,Mangaluru (DK),Bhavana Murthy
6255,10471,0,Kiran Kumar,Arrest,2024-09-04,Ballari,Rekha Hegde
6257,10473,0,Lakshmi Murthy,Arrest,2024-09-04,Ballari,Ashwini Murthy
6258,10475,0,Basavaraj Prasad,Surrender,2024-09-04,Raichur,Shivakumar Desai
6260,10477,0,Suresh Reddy,Arrest,2024-09-04,Kalaburagi,Pooja Rao
6261,10479,0,Deepak Bhat,Arrest,2024-09-04,Bengaluru City,Rekha Kulkarni
6263,10485,0,Bhavana Shetty,Arrest,2024-09-04,Mysuru,Girish Gowda
6267,10491,0,Vinutha Kumar,Arrest,2024-09-04,Raichur,Imran Prasad
6268,10493,0,Mary Patil,Surrender,2024-09-04,Mangaluru (DK),Joseph Patil
6270,10497,0,Imran Shetty,Arrest,2024-09-04,Davanagere,Nagaraj Kumar
6272,10499,0,Kiran Patil,Arrest,2024-09-04,Tumakuru,Bhavana Kumar
6274,10501,0,Bhavana Murthy,Arrest,2024-09-04,Bengaluru City,Chetan Murthy
6277,10505,0,Chetan Desai,Surrender,2024-09-05,Tumakuru,Joseph Shetty
6279,10507,0,Pooja Bhat,Arrest,2024-09-05,Hubballi-Dharwad,Mary Iyengar
6281,10509,0,Basavaraj Prasad,Arrest,2024-09-05,Bengaluru City,Nagaraj Patil
6282,10511,0,Anitha Nayak,Arrest,2024-09-05,Davanagere,Nagaraj Reddy
6283,10513,0,Rekha Rao,Arrest,2024-09-05,Udupi,Deepak Kumar
6285,10515,0,Bhavana Murthy,Arrest,2024-09-05,Mangaluru (DK),Basavaraj Iyengar
6286,10517,0,Chetan Kulkarni,Arrest,2024-09-05,Mysuru,Pooja Gowda
6287,10521,0,Girish Hegde,Surrender,2024-09-05,Vijayapura,Kiran Bhat
6288,10525,0,Joseph Patil,Arrest,2024-09-05,Mysuru,Joseph Naik
6290,10527,0,Shivakumar Bhat,Arrest,2024-09-05,Ballari,Prakash Naik
6291,10529,0,Pooja Naik,Surrender,2024-09-05,Davanagere,Suresh Hegde
6293,10531,0,Vinutha Prasad,Arrest,2024-09-05,Bengaluru Rural,Chetan Nayak
6294,10533,0,Chetan Desai,Arrest,2024-09-05,Hassan,Ravi Rao
6296,10537,0,Manjunath Reddy,Arrest,2024-09-05,Bengaluru City,Kiran Patil
6297,10539,0,Joseph Bhat,Arrest,2024-09-05,Bengaluru City,Chetan Naik
6299,10541,0,Ashwini Murthy,Arrest,2024-09-05,Kalaburagi,Kiran Rao
6302,10549,0,Lakshmi Hegde,Arrest,2024-09-06,Ballari,Rekha Iyengar
6303,10551,0,Fatima Gowda,Arrest,2024-09-06,Belagavi,Kiran Kumar
6305,10553,0,Chetan Bhat,Arrest,2024-09-06,Hubballi-Dharwad,Basavaraj Prasad
6307,10555,0,Kiran Reddy,Arrest,2024-09-06,Tumakuru,Manjunath Hegde
6310,10559,0,Pooja Kulkarni,Arrest,2024-09-06,Bengaluru City,Fatima Kulkarni
6311,10561,0,Rekha Kumar,Arrest,2024-09-06,Bengaluru City,Ravi Murthy
6313,10565,0,Kiran Kumar,Arrest,2024-09-06,Hubballi-Dharwad,Imran Gowda
6314,10567,0,Girish Patil,Arrest,2024-09-06,Mysuru,Vinutha Patil
6318,10575,0,Rekha Bhat,Arrest,2024-09-06,Davanagere,Ashwini Naik
6320,10577,0,Lakshmi Iyengar,Arrest,2024-09-06,Bengaluru City,Basavaraj Shetty
6322,10579,0,Kiran Shetty,Surrender,2024-09-06,Bengaluru City,Imran Kulkarni
6325,10583,0,Prakash Iyengar,Surrender,2024-09-06,Shivamogga,Ashwini Kulkarni
6327,10587,0,Ashwini Murthy,Surrender,2024-09-06,Mysuru,Pooja Rao
6329,10591,0,Ashwini Gowda,Surrender,2024-09-06,Bengaluru City,Girish Nayak
6332,10595,0,Vinutha Kulkarni,Arrest,2024-09-07,Mysuru,Mary Patil
6333,10597,0,Rekha Kumar,Arrest,2024-09-07,Belagavi,Pooja Shetty
6334,10601,0,Fatima Gowda,Arrest,2024-09-07,Ballari,Prakash Rao
6336,10603,0,Ravi Prasad,Arrest,2024-09-07,Hubballi-Dharwad,Basavaraj Murthy
6338,10607,0,Bhavana Reddy,Arrest,2024-09-07,Bengaluru City,Nagaraj Desai
6339,10609,0,Anitha Kulkarni,Arrest,2024-09-07,Tumakuru,Ashwini Rao
6341,10611,0,Prakash Murthy,Arrest,2024-09-07,Bengaluru Rural,Rekha Bhat
6342,10613,0,Deepak Iyengar,Arrest,2024-09-07,Mysuru,Chetan Shetty
6344,10615,0,Prakash Murthy,Arrest,2024-09-07,Hassan,Ravi Bhat
6346,10617,0,Deepak Prasad,Arrest,2024-09-07,Mangaluru (DK),Basavaraj Hegde
6347,10619,0,Anitha Kulkarni,Arrest,2024-09-07,Hubballi-Dharwad,Ashwini Murthy
6350,10623,0,Shivakumar Kumar,Arrest,2024-09-07,Davanagere,Kiran Hegde
6355,10631,0,Ashwini Murthy,Surrender,2024-09-07,Bengaluru City,Yashwanth Reddy
6357,10633,0,Manjunath Patil,Surrender,2024-09-08,Hassan,Girish Iyengar
6358,10637,0,Lakshmi Shetty,Arrest,2024-09-08,Bengaluru City,Nagaraj Desai
6360,10639,0,Ashwini Bhat,Arrest,2024-09-08,Davanagere,Deepak Iyengar
6362,10641,0,Fatima Hegde,Arrest,2024-09-08,Bengaluru Rural,Vinutha Patil
6364,10643,0,Ashwini Naik,Arrest,2024-09-08,Tumakuru,Prakash Rao
6365,10645,0,Chetan Desai,Arrest,2024-09-08,Ballari,Anitha Kumar
6366,10647,0,Ravi Shetty,Arrest,2024-09-08,Hassan,Suresh Prasad
6368,10649,0,Prakash Patil,Arrest,2024-09-08,Bengaluru City,Anitha Shetty
6370,10651,0,Pooja Kumar,Arrest,2024-09-08,Hubballi-Dharwad,Nagaraj Shetty
6372,10655,0,Kiran Nayak,Surrender,2024-09-08,Shivamogga,Mary Shetty
6373,10657,0,Manjunath Murthy,Arrest,2024-09-08,Belagavi,Ravi Kumar
6375,10659,0,Nagaraj Gowda,Arrest,2024-09-08,Bengaluru Rural,Girish Reddy
6378,10667,0,Fatima Kumar,Arrest,2024-09-09,Belagavi,Joseph Prasad
6379,10669,0,Fatima Hegde,Arrest,2024-09-09,Mysuru,Fatima Patil
6381,10671,0,Ravi Shetty,Surrender,2024-09-09,Mysuru,Bhavana Murthy
6384,10675,0,Chetan Desai,Arrest,2024-09-09,Ballari,Ravi Shetty
6385,10677,0,Anitha Desai,Arrest,2024-09-09,Shivamogga,Lakshmi Rao
6388,10683,0,Rekha Patil,Arrest,2024-09-09,Davanagere,Pooja Rao
6391,10687,0,Girish Rao,Arrest,2024-09-09,Raichur,Fatima Kulkarni
6393,10689,0,Nagaraj Shetty,Arrest,2024-09-09,Mysuru,Pooja Reddy
6396,10695,0,Joseph Kumar,Surrender,2024-09-09,Hubballi-Dharwad,Vinutha Hegde
6400,10709,0,Rekha Naik,Arrest,2024-09-10,Udupi,Vinutha Kumar
6402,10713,0,Imran Kulkarni,Arrest,2024-09-10,Bengaluru City,Prakash Kumar
6403,10715,0,Manjunath Gowda,Surrender,2024-09-10,Kalaburagi,Suresh Kumar
6404,10717,0,Pooja Murthy,Arrest,2024-09-10,Hubballi-Dharwad,Pooja Shetty
6406,10721,0,Basavaraj Reddy,Arrest,2024-09-10,Mysuru,Joseph Nayak
6408,10723,0,Deepak Bhat,Arrest,2024-09-10,Tumakuru,Suresh Iyengar
6411,10731,0,Nagaraj Kulkarni,Surrender,2024-09-10,Mangaluru (DK),Imran Reddy
6413,10735,0,Lakshmi Naik,Arrest,2024-09-10,Belagavi,Rekha Iyengar
6416,10739,0,Manjunath Reddy,Arrest,2024-09-10,Bengaluru Rural,Basavaraj Nayak
6417,10741,0,Deepak Bhat,Surrender,2024-09-10,Kalaburagi,Imran Patil
6420,10745,0,Prakash Iyengar,Arrest,2024-09-11,Shivamogga,Manjunath Kulkarni
6421,10749,0,Anitha Murthy,Arrest,2024-09-11,Kalaburagi,Joseph Murthy
6422,10751,0,Pooja Shetty,Arrest,2024-09-11,Kalaburagi,Chetan Murthy
6423,10753,0,Rekha Reddy,Arrest,2024-09-11,Bengaluru City,Girish Naik
6425,10757,0,Fatima Patil,Arrest,2024-09-11,Bengaluru City,Prakash Gowda
6426,10759,0,Chetan Desai,Arrest,2024-09-11,Bengaluru City,Rekha Murthy
6428,10761,0,Suresh Naik,Arrest,2024-09-11,Tumakuru,Fatima Rao
6430,10763,0,Nagaraj Kumar,Arrest,2024-09-11,Bengaluru City,Lakshmi Naik
6434,10769,0,Fatima Naik,Arrest,2024-09-11,Bengaluru City,Yashwanth Prasad
6440,10783,0,Nagaraj Hegde,Arrest,2024-09-11,Bengaluru Rural,Imran Hegde
6442,10787,0,Imran Patil,Surrender,2024-09-12,Bengaluru City,Deepak Shetty
6445,10791,0,Nagaraj Reddy,Arrest,2024-09-12,Bengaluru City,Bhavana Desai
6446,10793,0,Shivakumar Desai,Arrest,2024-09-12,Mysuru,Ashwini Prasad
6448,10795,0,Manjunath Desai,Arrest,2024-09-12,Hassan,Suresh Reddy
6450,10797,0,Deepak Gowda,Arrest,2024-09-12,Udupi,Yashwanth Murthy
6451,10799,0,Manjunath Kumar,Arrest,2024-09-12,Raichur,Deepak Gowda
6453,10801,0,Fatima Kumar,Arrest,2024-09-12,Tumakuru,Joseph Shetty
6455,10803,0,Kiran Bhat,Arrest,2024-09-12,Bengaluru Rural,Nagaraj Desai
6456,10807,0,Anitha Naik,Arrest,2024-09-12,Ballari,Shivakumar Naik
6458,10809,0,Nagaraj Patil,Arrest,2024-09-12,Bengaluru City,Kiran Hegde
6460,10811,0,Ashwini Prasad,Arrest,2024-09-12,Bengaluru City,Girish Kulkarni
6462,10815,0,Pooja Naik,Surrender,2024-09-12,Shivamogga,Lakshmi Murthy
6464,10817,0,Basavaraj Reddy,Arrest,2024-09-12,Udupi,Suresh Desai
6466,10821,0,Kiran Kulkarni,Arrest,2024-09-12,Hassan,Lakshmi Kumar
6470,10827,0,Suresh Shetty,Arrest,2024-09-13,Hassan,Joseph Naik
6471,10829,0,Pooja Murthy,Surrender,2024-09-13,Mysuru,Ravi Patil
6475,10839,0,Girish Nayak,Surrender,2024-09-13,Bengaluru Rural,Imran Rao
6477,10843,0,Anitha Bhat,Arrest,2024-09-13,Mysuru,Pooja Rao
6479,10845,0,Lakshmi Murthy,Arrest,2024-09-13,Hubballi-Dharwad,Deepak Nayak
6481,10847,0,Deepak Iyengar,Arrest,2024-09-13,Bengaluru City,Vinutha Prasad
6484,10853,0,Prakash Rao,Arrest,2024-09-13,Udupi,Pooja Hegde
6487,10857,0,Prakash Gowda,Arrest,2024-09-13,Bengaluru City,Nagaraj Prasad
6490,10863,0,Manjunath Rao,Arrest,2024-09-14,Hassan,Ashwini Murthy
6493,10867,0,Kiran Desai,Arrest,2024-09-14,Mysuru,Rekha Prasad
6495,10869,0,Girish Reddy,Arrest,2024-09-14,Bengaluru City,Deepak Nayak
6497,10871,0,Deepak Naik,Arrest,2024-09-14,Davanagere,Bhavana Kulkarni
6500,10879,0,Vinutha Naik,Arrest,2024-09-14,Bengaluru City,Mary Patil
6501,10883,0,Chetan Kulkarni,Arrest,2024-09-14,Bengaluru City,Suresh Kumar
6503,10885,0,Chetan Kulkarni,Arrest,2024-09-14,Ballari,Bhavana Kulkarni
6506,10891,0,Lakshmi Reddy,Arrest,2024-09-14,Mysuru,Ravi Patil
6507,10893,0,Prakash Desai,Arrest,2024-09-14,Bengaluru City,Pooja Naik
6509,10897,0,Anitha Murthy,Arrest,2024-09-14,Ballari,Manjunath Naik
6511,10901,0,Nagaraj Bhat,Arrest,2024-09-14,Kalaburagi,Rekha Murthy
6513,10903,0,Rekha Naik,Surrender,2024-09-14,Bengaluru City,Yashwanth Kulkarni
6515,10905,0,Deepak Shetty,Arrest,2024-09-14,Mangaluru (DK),Bhavana Iyengar
6517,10907,0,Ravi Kumar,Arrest,2024-09-14,Bengaluru City,Vinutha Gowda
6518,10909,0,Ashwini Rao,Arrest,2024-09-15,Belagavi,Lakshmi Gowda
6520,10913,0,Ravi Kumar,Arrest,2024-09-15,Vijayapura,Vinutha Nayak
6521,10915,0,Mary Bhat,Arrest,2024-09-15,Mangaluru (DK),Nagaraj Patil
6526,10923,0,Rekha Nayak,Arrest,2024-09-15,Bengaluru City,Fatima Kulkarni
6528,10925,0,Fatima Kumar,Arrest,2024-09-15,Udupi,Anitha Rao
6530,10927,0,Girish Kulkarni,Arrest,2024-09-15,Vijayapura,Pooja Desai
6532,10933,0,Girish Naik,Arrest,2024-09-15,Bengaluru City,Basavaraj Kumar
6534,10935,0,Manjunath Bhat,Arrest,2024-09-15,Shivamogga,Deepak Naik
6536,10937,0,Nagaraj Prasad,Surrender,2024-09-15,Kalaburagi,Joseph Kulkarni
6539,10943,0,Basavaraj Kulkarni,Arrest,2024-09-15,Bengaluru City,Deepak Gowda
6540,10945,0,Manjunath Kumar,Arrest,2024-09-15,Bengaluru City,Shivakumar Patil
6542,10947,0,Prakash Gowda,Arrest,2024-09-15,Bengaluru Rural,Fatima Naik
6543,10949,0,Mary Murthy,Arrest,2024-09-15,Bengaluru City,Ravi Patil
6545,10951,0,Bhavana Gowda,Arrest,2024-09-15,Ballari,Fatima Desai
6546,10953,0,Chetan Prasad,Arrest,2024-09-15,Bengaluru City,Vinutha Hegde
6547,10957,0,Manjunath Prasad,Arrest,2024-09-16,Shivamogga,Mary Hegde
6548,10961,0,Kiran Bhat,Arrest,2024-09-16,Bengaluru City,Kiran Iyengar
6550,10963,0,Anitha Rao,Arrest,2024-09-16,Bengaluru City,Chetan Iyengar
6552,10965,0,Vinutha Bhat,Arrest,2024-09-16,Kalaburagi,Manjunath Kumar
6554,10967,0,Fatima Kumar,Arrest,2024-09-16,Hubballi-Dharwad,Mary Nayak
6556,10969,0,Mary Reddy,Arrest,2024-09-16,Belagavi,Nagaraj Gowda
6558,10971,0,Suresh Gowda,Arrest,2024-09-16,Bengaluru Rural,Imran Naik
6561,10977,0,Fatima Shetty,Arrest,2024-09-16,Vijayapura,Nagaraj Hegde
6565,10983,0,Kiran Patil,Arrest,2024-09-16,Hubballi-Dharwad,Manjunath Kulkarni
6570,10993,0,Manjunath Reddy,Arrest,2024-09-17,Ballari,Manjunath Desai
6572,10995,0,Chetan Reddy,Arrest,2024-09-17,Belagavi,Imran Bhat
6574,10999,0,Nagaraj Nayak,Arrest,2024-09-17,Bengaluru Rural,Shivakumar Naik
6576,11001,0,Nagaraj Bhat,Arrest,2024-09-17,Bengaluru City,Kiran Prasad
6579,11005,0,Manjunath Kumar,Arrest,2024-09-17,Raichur,Mary Gowda
6581,11007,0,Mary Shetty,Arrest,2024-09-17,Shivamogga,Prakash Bhat
6583,11009,0,Yashwanth Patil,Surrender,2024-09-17,Mangaluru (DK),Kiran Desai
6586,11013,0,Bhavana Gowda,Arrest,2024-09-17,Hubballi-Dharwad,Shivakumar Kulkarni
6587,11015,0,Ravi Prasad,Arrest,2024-09-17,Bengaluru City,Fatima Murthy
6589,11019,0,Ashwini Hegde,Arrest,2024-09-17,Hubballi-Dharwad,Pooja Naik
6590,11023,0,Yashwanth Iyengar,Arrest,2024-09-17,Shivamogga,Basavaraj Gowda
6591,11025,0,Prakash Iyengar,Arrest,2024-09-17,Tumakuru,Girish Reddy
6593,11027,0,Shivakumar Nayak,Arrest,2024-09-17,Belagavi,Chetan Rao
6595,11029,0,Kiran Nayak,Arrest,2024-09-17,Belagavi,Ashwini Reddy
6597,11031,0,Kiran Kumar,Surrender,2024-09-17,Hassan,Kiran Kulkarni
6599,11033,0,Manjunath Naik,Arrest,2024-09-17,Tumakuru,Mary Naik
6600,11035,0,Nagaraj Patil,Arrest,2024-09-18,Belagavi,Mary Kumar
6602,11037,0,Manjunath Shetty,Arrest,2024-09-18,Mysuru,Pooja Iyengar
6608,11049,0,Joseph Nayak,Arrest,2024-09-18,Shivamogga,Ashwini Nayak
6610,11051,0,Yashwanth Iyengar,Surrender,2024-09-18,Hubballi-Dharwad,Kiran Reddy
6612,11053,0,Anitha Desai,Arrest,2024-09-18,Bengaluru City,Lakshmi Hegde
6613,11055,0,Ashwini Gowda,Arrest,2024-09-18,Bengaluru City,Deepak Patil
6615,11057,0,Ashwini Kumar,Arrest,2024-09-18,Tumakuru,Ashwini Gowda
6617,11059,0,Anitha Desai,Surrender,2024-09-18,Bengaluru City,Fatima Desai
6620,11065,0,Fatima Murthy,Arrest,2024-09-18,Mangaluru (DK),Manjunath Rao
6624,11071,0,Joseph Nayak,Arrest,2024-09-18,Tumakuru,Ravi Naik
6628,11081,0,Girish Rao,Arrest,2024-09-19,Udupi,Vinutha Patil
6630,11083,0,Mary Gowda,Arrest,2024-09-19,Ballari,Ravi Murthy
6631,11085,0,Chetan Kumar,Arrest,2024-09-19,Bengaluru City,Kiran Hegde
6633,11089,0,Prakash Shetty,Arrest,2024-09-19,Belagavi,Ravi Gowda
6635,11091,0,Joseph Hegde,Arrest,2024-09-19,Kalaburagi,Lakshmi Kumar
6637,11093,0,Chetan Murthy,Arrest,2024-09-19,Davanagere,Pooja Kulkarni
6639,11095,0,Bhavana Desai,Arrest,2024-09-19,Raichur,Fatima Gowda
6640,11099,0,Basavaraj Reddy,Arrest,2024-09-19,Bengaluru Rural,Shivakumar Shetty
6641,11101,0,Anitha Naik,Arrest,2024-09-19,Mysuru,Basavaraj Bhat
6643,11105,0,Bhavana Naik,Surrender,2024-09-19,Bengaluru City,Joseph Shetty
6645,11111,0,Bhavana Gowda,Arrest,2024-09-19,Bengaluru City,Basavaraj Desai
6646,11113,0,Yashwanth Rao,Arrest,2024-09-19,Hassan,Suresh Rao
6648,11115,0,Ashwini Kumar,Arrest,2024-09-20,Bengaluru City,Ashwini Hegde
6650,11117,0,Basavaraj Desai,Arrest,2024-09-20,Bengaluru City,Prakash Patil
6652,11119,0,Shivakumar Shetty,Arrest,2024-09-20,Bengaluru City,Vinutha Murthy
6654,11121,0,Nagaraj Hegde,Arrest,2024-09-20,Bengaluru Rural,Pooja Murthy
6655,11125,0,Vinutha Gowda,Arrest,2024-09-20,Bengaluru City,Suresh Hegde
6657,11127,0,Imran Reddy,Arrest,2024-09-20,Kalaburagi,Chetan Gowda
6658,11131,0,Deepak Hegde,Arrest,2024-09-20,Vijayapura,Deepak Iyengar
6660,11133,0,Bhavana Kumar,Arrest,2024-09-20,Tumakuru,Nagaraj Shetty
6662,11137,0,Ashwini Desai,Arrest,2024-09-20,Raichur,Deepak Shetty
6663,11139,0,Anitha Gowda,Surrender,2024-09-20,Bengaluru Rural,Joseph Kumar
6664,11141,0,Joseph Nayak,Arrest,2024-09-20,Mysuru,Nagaraj Bhat
6665,11143,0,Bhavana Reddy,Arrest,2024-09-20,Bengaluru City,Prakash Bhat
6667,11145,0,Ravi Kumar,Surrender,2024-09-20,Hubballi-Dharwad,Yashwanth Naik
6669,11147,0,Deepak Shetty,Arrest,2024-09-20,Davanagere,Lakshmi Kulkarni
6670,11149,0,Bhavana Reddy,Arrest,2024-09-20,Bengaluru Rural,Kiran Naik
6672,11153,0,Lakshmi Reddy,Arrest,2024-09-20,Belagavi,Suresh Kumar
6673,11155,0,Fatima Desai,Arrest,2024-09-20,Tumakuru,Basavaraj Kulkarni
6675,11157,0,Ashwini Rao,Arrest,2024-09-20,Bengaluru City,Ashwini Naik
6676,11159,0,Pooja Hegde,Arrest,2024-09-21,Tumakuru,Mary Hegde
6679,11163,0,Joseph Desai,Arrest,2024-09-21,Bengaluru City,Ravi Rao
6680,11165,0,Chetan Kulkarni,Arrest,2024-09-21,Belagavi,Basavaraj Murthy
6682,11167,0,Mary Reddy,Arrest,2024-09-21,Bengaluru City,Chetan Kulkarni
6684,11169,0,Ravi Iyengar,Arrest,2024-09-21,Belagavi,Deepak Prasad
6686,11175,0,Lakshmi Rao,Arrest,2024-09-21,Bengaluru City,Anitha Kumar
6687,11177,0,Nagaraj Shetty,Arrest,2024-09-21,Vijayapura,Joseph Rao
6691,11187,0,Anitha Nayak,Surrender,2024-09-21,Mysuru,Vinutha Bhat
6694,11191,0,Deepak Kumar,Arrest,2024-09-21,Belagavi,Anitha Hegde
6697,11195,0,Anitha Patil,Arrest,2024-09-21,Mangaluru (DK),Pooja Nayak
6700,11199,0,Prakash Patil,Surrender,2024-09-21,Raichur,Manjunath Kulkarni
6701,11201,0,Ravi Kumar,Arrest,2024-09-21,Bengaluru City,Prakash Shetty
6702,11203,0,Deepak Gowda,Arrest,2024-09-21,Mysuru,Manjunath Gowda
6704,11205,0,Lakshmi Hegde,Surrender,2024-09-22,Hassan,Nagaraj Murthy
6707,11217,0,Girish Murthy,Arrest,2024-09-22,Hubballi-Dharwad,Kiran Naik
6709,11219,0,Ravi Nayak,Arrest,2024-09-22,Ballari,Vinutha Prasad
6711,11223,0,Chetan Kulkarni,Arrest,2024-09-22,Shivamogga,Nagaraj Desai
6713,11225,0,Deepak Kulkarni,Arrest,2024-09-22,Hassan,Suresh Rao
6714,11227,0,Kiran Nayak,Arrest,2024-09-22,Udupi,Lakshmi Rao
6715,11229,0,Kiran Kulkarni,Surrender,2024-09-22,Bengaluru City,Manjunath Patil
6717,11231,0,Fatima Prasad,Arrest,2024-09-22,Shivamogga,Yashwanth Rao
6718,11233,0,Rekha Shetty,Arrest,2024-09-22,Udupi,Pooja Desai
6720,11241,0,Anitha Prasad,Arrest,2024-09-22,Bengaluru City,Ravi Gowda
6722,11245,0,Mary Bhat,Arrest,2024-09-23,Ballari,Prakash Iyengar
6723,11247,0,Shivakumar Prasad,Arrest,2024-09-23,Bengaluru Rural,Ravi Reddy
6728,11265,0,Joseph Nayak,Surrender,2024-09-23,Hubballi-Dharwad,Kiran Patil
6735,11281,0,Suresh Prasad,Arrest,2024-09-24,Tumakuru,Joseph Patil
6738,11285,0,Yashwanth Prasad,Arrest,2024-09-24,Hubballi-Dharwad,Chetan Desai
6739,11287,0,Ravi Reddy,Arrest,2024-09-24,Bengaluru City,Rekha Naik
6740,11289,0,Nagaraj Gowda,Arrest,2024-09-24,Bengaluru Rural,Kiran Patil
6742,11291,0,Pooja Iyengar,Arrest,2024-09-24,Hassan,Anitha Rao
6744,11297,0,Chetan Reddy,Arrest,2024-09-24,Bengaluru City,Ravi Iyengar
6746,11301,0,Nagaraj Naik,Arrest,2024-09-24,Bengaluru City,Pooja Shetty
6747,11307,0,Imran Rao,Surrender,2024-09-24,Tumakuru,Bhavana Nayak
6749,11309,0,Rekha Gowda,Arrest,2024-09-24,Tumakuru,Deepak Patil
6751,11313,0,Rekha Naik,Arrest,2024-09-24,Mangaluru (DK),Vinutha Reddy
6753,11315,0,Joseph Nayak,Arrest,2024-09-25,Udupi,Basavaraj Kumar
6755,11317,0,Vinutha Naik,Arrest,2024-09-25,Hubballi-Dharwad,Shivakumar Kumar
6757,11319,0,Nagaraj Hegde,Arrest,2024-09-25,Bengaluru City,Yashwanth Desai
6758,11321,0,Deepak Patil,Arrest,2024-09-25,Vijayapura,Yashwanth Desai
6760,11323,0,Imran Kulkarni,Arrest,2024-09-25,Bengaluru City,Suresh Nayak
6762,11325,0,Pooja Bhat,Arrest,2024-09-25,Davanagere,Ravi Nayak
6764,11327,0,Basavaraj Rao,Arrest,2024-09-25,Bengaluru Rural,Suresh Rao
6766,11329,0,Kiran Hegde,Arrest,2024-09-25,Mysuru,Rekha Rao
6768,11331,0,Deepak Prasad,Arrest,2024-09-25,Bengaluru City,Pooja Murthy
6770,11333,0,Manjunath Patil,Arrest,2024-09-25,Hubballi-Dharwad,Ashwini Reddy
6772,11335,0,Ravi Hegde,Arrest,2024-09-25,Hassan,Fatima Gowda
6775,11339,0,Joseph Prasad,Arrest,2024-09-25,Mysuru,Anitha Bhat
6777,11341,0,Basavaraj Patil,Surrender,2024-09-25,Bengaluru City,Manjunath Shetty
6778,11343,0,Nagaraj Patil,Arrest,2024-09-25,Bengaluru City,Deepak Hegde
6780,11347,0,Basavaraj Bhat,Arrest,2024-09-25,Shivamogga,Bhavana Naik
6781,11349,0,Suresh Murthy,Arrest,2024-09-25,Bengaluru City,Chetan Nayak
6782,11351,0,Joseph Hegde,Arrest,2024-09-25,Bengaluru City,Fatima Rao
6784,11353,0,Nagaraj Rao,Surrender,2024-09-25,Bengaluru City,Lakshmi Nayak
6787,11357,0,Yashwanth Kulkarni,Arrest,2024-09-25,Hassan,Pooja Naik
6788,11359,0,Vinutha Kulkarni,Arrest,2024-09-25,Mysuru,Suresh Naik
6790,11361,0,Chetan Bhat,Arrest,2024-09-26,Tumakuru,Deepak Murthy
6791,11365,0,Suresh Desai,Arrest,2024-09-26,Mysuru,Prakash Rao
6793,11367,0,Girish Desai,Arrest,2024-09-26,Belagavi,Girish Iyengar
6794,11371,0,Manjunath Murthy,Surrender,2024-09-26,Shivamogga,Pooja Shetty
6796,11373,0,Prakash Bhat,Surrender,2024-09-26,Hubballi-Dharwad,Basavaraj Iyengar
6797,11375,0,Ashwini Patil,Arrest,2024-09-26,Bengaluru City,Fatima Kulkarni
6798,11381,0,Manjunath Shetty,Arrest,2024-09-26,Hubballi-Dharwad,Prakash Gowda
6800,11383,0,Pooja Prasad,Arrest,2024-09-26,Bengaluru City,Ravi Patil
6801,11385,0,Pooja Naik,Arrest,2024-09-26,Mysuru,Anitha Prasad
6802,11387,0,Bhavana Patil,Arrest,2024-09-26,Shivamogga,Ravi Rao
6803,11389,0,Bhavana Murthy,Arrest,2024-09-26,Bengaluru City,Girish Kumar
6804,11393,0,Vinutha Reddy,Arrest,2024-09-26,Vijayapura,Joseph Patil
6805,11395,0,Bhavana Nayak,Arrest,2024-09-26,Vijayapura,Mary Desai
6809,11401,0,Joseph Naik,Arrest,2024-09-26,Bengaluru City,Manjunath Prasad
6811,11403,0,Vinutha Kulkarni,Arrest,2024-09-26,Mysuru,Pooja Prasad
6814,11407,0,Pooja Kulkarni,Surrender,2024-09-26,Bengaluru City,Bhavana Nayak
6815,11413,0,Yashwanth Rao,Arrest,2024-09-27,Hassan,Chetan Prasad
6816,11415,0,Shivakumar Prasad,Arrest,2024-09-27,Tumakuru,Chetan Shetty
6819,11421,0,Shivakumar Murthy,Arrest,2024-09-27,Bengaluru Rural,Bhavana Rao
6821,11425,0,Prakash Desai,Arrest,2024-09-27,Bengaluru City,Yashwanth Gowda
6822,11427,0,Manjunath Iyengar,Arrest,2024-09-27,Belagavi,Vinutha Kulkarni
6823,11429,0,Imran Prasad,Arrest,2024-09-27,Hassan,Ravi Kulkarni
6825,11431,0,Fatima Shetty,Surrender,2024-09-27,Shivamogga,Fatima Shetty
6826,11433,0,Prakash Kulkarni,Arrest,2024-09-27,Bengaluru City,Fatima Iyengar
6828,11437,0,Deepak Iyengar,Arrest,2024-09-27,Belagavi,Ashwini Bhat
6829,11439,0,Deepak Prasad,Surrender,2024-09-27,Bengaluru City,Imran Prasad
6832,11443,0,Basavaraj Rao,Arrest,2024-09-27,Mysuru,Deepak Murthy
6836,11449,0,Ashwini Kulkarni,Arrest,2024-09-27,Udupi,Chetan Nayak
6839,11453,0,Bhavana Shetty,Arrest,2024-09-27,Hubballi-Dharwad,Bhavana Prasad
6840,11459,0,Suresh Desai,Arrest,2024-09-28,Mysuru,Suresh Gowda
6841,11461,0,Manjunath Rao,Arrest,2024-09-28,Shivamogga,Ravi Kulkarni
6844,11467,0,Bhavana Reddy,Arrest,2024-09-28,Mysuru,Suresh Patil
6846,11469,0,Mary Shetty,Arrest,2024-09-28,Vijayapura,Mary Shetty
6848,11475,0,Rekha Desai,Arrest,2024-09-28,Belagavi,Prakash Prasad
6849,11477,0,Fatima Nayak,Surrender,2024-09-28,Shivamogga,Ashwini Nayak
6851,11479,0,Pooja Shetty,Arrest,2024-09-28,Hubballi-Dharwad,Anitha Kulkarni
6852,11481,0,Prakash Gowda,Arrest,2024-09-28,Ballari,Suresh Iyengar
6855,11485,0,Imran Prasad,Surrender,2024-09-28,Kalaburagi,Ravi Iyengar
6857,11487,0,Mary Iyengar,Arrest,2024-09-28,Belagavi,Bhavana Naik
6859,11489,0,Shivakumar Hegde,Arrest,2024-09-28,Ballari,Kiran Kumar
6861,11491,0,Anitha Bhat,Arrest,2024-09-28,Belagavi,Bhavana Shetty
6863,11495,0,Joseph Patil,Surrender,2024-09-28,Belagavi,Basavaraj Naik
6864,11497,0,Deepak Desai,Surrender,2024-09-28,Bengaluru Rural,Vinutha Kulkarni
6865,11499,0,Ashwini Bhat,Surrender,2024-09-28,Ballari,Pooja Murthy
6867,11501,0,Anitha Iyengar,Arrest,2024-09-28,Mangaluru (DK),Nagaraj Reddy
6869,11505,0,Bhavana Murthy,Surrender,2024-09-29,Udupi,Nagaraj Shetty
6871,11507,0,Ravi Hegde,Arrest,2024-09-29,Bengaluru City,Kiran Iyengar
6873,11513,0,Pooja Nayak,Surrender,2024-09-29,Bengaluru City,Suresh Naik
6875,11515,0,Nagaraj Prasad,Arrest,2024-09-29,Bengaluru Rural,Ashwini Murthy
6877,11523,0,Girish Hegde,Arrest,2024-09-29,Mysuru,Fatima Iyengar
6879,11527,0,Shivakumar Gowda,Arrest,2024-09-29,Bengaluru City,Nagaraj Nayak
6882,11531,0,Shivakumar Gowda,Arrest,2024-09-29,Tumakuru,Imran Reddy
6884,11533,0,Joseph Rao,Arrest,2024-09-29,Bengaluru City,Girish Murthy
6885,11535,0,Nagaraj Shetty,Surrender,2024-09-29,Vijayapura,Shivakumar Shetty
6887,11537,0,Basavaraj Patil,Arrest,2024-09-29,Belagavi,Mary Patil
6888,11539,0,Lakshmi Kulkarni,Arrest,2024-09-29,Bengaluru City,Kiran Iyengar
6889,11541,0,Manjunath Prasad,Surrender,2024-09-30,Bengaluru City,Pooja Gowda
6891,11543,0,Prakash Kulkarni,Arrest,2024-09-30,Bengaluru City,Mary Murthy
6892,11545,0,Chetan Iyengar,Arrest,2024-09-30,Shivamogga,Kiran Prasad
6895,11551,0,Joseph Prasad,Arrest,2024-09-30,Davanagere,Imran Kumar
6897,11555,0,Girish Patil,Arrest,2024-09-30,Belagavi,Girish Murthy
6899,11557,0,Bhavana Nayak,Arrest,2024-09-30,Shivamogga,Prakash Naik
6903,11565,0,Pooja Gowda,Arrest,2024-09-30,Vijayapura,Bhavana Shetty
6904,11567,0,Yashwanth Naik,Arrest,2024-09-30,Vijayapura,Ravi Kulkarni
6906,11569,0,Imran Murthy,Arrest,2024-09-30,Kalaburagi,Fatima Reddy
6909,11575,0,Suresh Rao,Arrest,2024-09-30,Bengaluru City,Nagaraj Hegde
6911,11581,0,Lakshmi Gowda,Arrest,2024-09-30,Vijayapura,Basavaraj Patil
6914,11585,0,Ashwini Prasad,Arrest,2024-09-30,Vijayapura,Basavaraj Rao
6916,11587,0,Prakash Kulkarni,Arrest,2024-09-30,Tumakuru,Deepak Desai
6917,11589,0,Mary Murthy,Arrest,2024-09-30,Bengaluru City,Nagaraj Iyengar
6919,11591,0,Girish Gowda,Arrest,2024-09-30,Belagavi,Joseph Desai
6920,11593,0,Ravi Naik,Arrest,2024-09-30,Raichur,Shivakumar Patil
6922,11597,0,Rekha Kulkarni,Arrest,2024-10-01,Bengaluru City,Rekha Naik
6924,11601,0,Yashwanth Murthy,Arrest,2024-10-01,Kalaburagi,Ravi Gowda
6926,11605,0,Lakshmi Nayak,Arrest,2024-10-01,Bengaluru City,Yashwanth Gowda
6928,11607,0,Joseph Reddy,Arrest,2024-10-01,Bengaluru City,Ashwini Bhat
6930,11611,0,Shivakumar Kumar,Surrender,2024-10-01,Davanagere,Prakash Gowda
6933,11615,0,Lakshmi Prasad,Arrest,2024-10-01,Bengaluru City,Rekha Reddy
6938,11627,0,Suresh Murthy,Surrender,2024-10-01,Tumakuru,Vinutha Bhat
6940,11629,0,Chetan Kulkarni,Arrest,2024-10-01,Bengaluru Rural,Manjunath Prasad
6941,11631,0,Imran Gowda,Arrest,2024-10-01,Ballari,Fatima Prasad
6943,11633,0,Imran Naik,Arrest,2024-10-01,Hubballi-Dharwad,Mary Naik
6944,11635,0,Pooja Naik,Arrest,2024-10-01,Hubballi-Dharwad,Shivakumar Desai
6947,11639,0,Ravi Prasad,Arrest,2024-10-02,Hassan,Lakshmi Gowda
6949,11641,0,Fatima Gowda,Arrest,2024-10-02,Kalaburagi,Nagaraj Nayak
6953,11647,0,Ashwini Desai,Arrest,2024-10-02,Shivamogga,Deepak Iyengar
6955,11649,0,Girish Kulkarni,Surrender,2024-10-02,Ballari,Basavaraj Gowda
6957,11651,0,Rekha Nayak,Arrest,2024-10-02,Ballari,Shivakumar Hegde
6958,11653,0,Basavaraj Hegde,Arrest,2024-10-02,Bengaluru City,Basavaraj Gowda
6959,11655,0,Pooja Gowda,Arrest,2024-10-02,Bengaluru City,Joseph Prasad
6960,11657,0,Lakshmi Shetty,Arrest,2024-10-02,Bengaluru City,Basavaraj Hegde
6962,11661,0,Rekha Kumar,Arrest,2024-10-02,Kalaburagi,Ravi Bhat
6965,11667,0,Bhavana Kulkarni,Arrest,2024-10-02,Tumakuru,Rekha Prasad
6968,11671,0,Pooja Murthy,Arrest,2024-10-02,Belagavi,Shivakumar Nayak
6970,11673,0,Girish Iyengar,Arrest,2024-10-02,Kalaburagi,Vinutha Kumar
6973,11677,0,Lakshmi Shetty,Surrender,2024-10-02,Kalaburagi,Bhavana Bhat
6976,11685,0,Prakash Gowda,Arrest,2024-10-03,Hassan,Bhavana Bhat
6978,11687,0,Deepak Kumar,Arrest,2024-10-03,Shivamogga,Vinutha Bhat
6980,11689,0,Imran Patil,Arrest,2024-10-03,Bengaluru Rural,Prakash Patil
6981,11693,0,Rekha Shetty,Arrest,2024-10-03,Hassan,Prakash Patil
6983,11695,0,Ashwini Prasad,Arrest,2024-10-03,Hubballi-Dharwad,Pooja Iyengar
6985,11699,0,Ravi Gowda,Arrest,2024-10-03,Raichur,Manjunath Murthy
6987,11701,0,Ravi Reddy,Arrest,2024-10-03,Kalaburagi,Manjunath Patil
6988,11703,0,Ashwini Murthy,Arrest,2024-10-03,Hubballi-Dharwad,Imran Murthy
6990,11707,0,Prakash Kulkarni,Arrest,2024-10-03,Bengaluru City,Anitha Bhat
6992,11709,0,Fatima Iyengar,Arrest,2024-10-03,Bengaluru City,Girish Murthy
6994,11711,0,Fatima Murthy,Arrest,2024-10-03,Belagavi,Shivakumar Gowda
6997,11715,0,Manjunath Nayak,Arrest,2024-10-03,Hubballi-Dharwad,Yashwanth Desai
6998,11717,0,Imran Kumar,Arrest,2024-10-03,Belagavi,Nagaraj Iyengar
7000,11723,0,Shivakumar Reddy,Surrender,2024-10-03,Vijayapura,Mary Naik
7002,11729,0,Manjunath Kulkarni,Arrest,2024-10-04,Mangaluru (DK),Nagaraj Hegde
7005,11733,0,Rekha Reddy,Arrest,2024-10-04,Mangaluru (DK),Vinutha Murthy
7006,11735,0,Lakshmi Nayak,Arrest,2024-10-04,Ballari,Ravi Patil
7008,11739,0,Manjunath Kulkarni,Arrest,2024-10-04,Bengaluru Rural,Lakshmi Rao
7010,11741,0,Suresh Naik,Arrest,2024-10-04,Bengaluru City,Fatima Desai
7012,11745,0,Prakash Kumar,Arrest,2024-10-04,Bengaluru City,Fatima Hegde
7013,11747,0,Anitha Hegde,Arrest,2024-10-04,Belagavi,Mary Patil
7015,11749,0,Rekha Kumar,Arrest,2024-10-04,Kalaburagi,Bhavana Prasad
7017,11751,0,Basavaraj Patil,Surrender,2024-10-04,Belagavi,Pooja Iyengar
7019,11755,0,Rekha Bhat,Arrest,2024-10-04,Bengaluru City,Ravi Patil
7024,11763,0,Lakshmi Reddy,Arrest,2024-10-04,Bengaluru City,Basavaraj Bhat
7026,11767,0,Rekha Shetty,Arrest,2024-10-04,Bengaluru City,Basavaraj Prasad
7029,11773,0,Bhavana Gowda,Surrender,2024-10-04,Bengaluru City,Shivakumar Shetty
7031,11777,0,Vinutha Kumar,Surrender,2024-10-05,Belagavi,Anitha Gowda
7034,11781,0,Kiran Prasad,Surrender,2024-10-05,Mangaluru (DK),Manjunath Desai
7036,11783,0,Basavaraj Nayak,Arrest,2024-10-05,Mysuru,Suresh Murthy
7038,11785,0,Suresh Murthy,Arrest,2024-10-05,Tumakuru,Suresh Patil
7039,11787,0,Basavaraj Bhat,Surrender,2024-10-05,Vijayapura,Lakshmi Rao
7041,11789,0,Prakash Prasad,Arrest,2024-10-05,Bengaluru City,Chetan Kumar
7043,11791,0,Bhavana Shetty,Arrest,2024-10-05,Bengaluru City,Joseph Kumar
7045,11793,0,Deepak Prasad,Arrest,2024-10-05,Bengaluru Rural,Suresh Gowda
7046,11795,0,Bhavana Bhat,Arrest,2024-10-05,Mysuru,Girish Iyengar
7048,11797,0,Anitha Murthy,Arrest,2024-10-05,Bengaluru City,Shivakumar Gowda
7050,11799,0,Fatima Shetty,Arrest,2024-10-05,Bengaluru City,Chetan Nayak
7053,11805,0,Shivakumar Kulkarni,Arrest,2024-10-05,Belagavi,Prakash Desai
7054,11807,0,Fatima Iyengar,Arrest,2024-10-05,Ballari,Prakash Patil
7056,11809,0,Bhavana Hegde,Arrest,2024-10-05,Bengaluru City,Basavaraj Naik
7058,11811,0,Lakshmi Prasad,Arrest,2024-10-05,Bengaluru Rural,Yashwanth Reddy
7061,11815,0,Rekha Rao,Arrest,2024-10-05,Mangaluru (DK),Rekha Bhat
7063,11817,0,Fatima Reddy,Arrest,2024-10-05,Bengaluru City,Nagaraj Reddy
7065,11819,0,Girish Patil,Arrest,2024-10-05,Shivamogga,Basavaraj Gowda
7067,11821,0,Joseph Iyengar,Arrest,2024-10-05,Bengaluru Rural,Anitha Naik
7069,11823,0,Shivakumar Bhat,Arrest,2024-10-05,Bengaluru City,Yashwanth Murthy
7071,11827,0,Deepak Prasad,Arrest,2024-10-06,Ballari,Yashwanth Kulkarni
7072,11829,0,Ravi Nayak,Arrest,2024-10-06,Vijayapura,Bhavana Murthy
7073,11833,0,Prakash Patil,Arrest,2024-10-06,Hubballi-Dharwad,Prakash Hegde
7075,11835,0,Pooja Naik,Arrest,2024-10-06,Hubballi-Dharwad,Lakshmi Patil
7077,11837,0,Shivakumar Patil,Arrest,2024-10-06,Mysuru,Deepak Naik
7080,11843,0,Joseph Rao,Arrest,2024-10-06,Kalaburagi,Bhavana Nayak
7081,11845,0,Bhavana Kumar,Arrest,2024-10-06,Tumakuru,Imran Nayak
7082,11847,0,Suresh Iyengar,Arrest,2024-10-06,Bengaluru City,Ashwini Hegde
7084,11853,0,Pooja Gowda,Arrest,2024-10-06,Udupi,Shivakumar Kulkarni
7085,11855,0,Pooja Kumar,Surrender,2024-10-06,Ballari,Joseph Kumar
7087,11859,0,Ravi Gowda,Arrest,2024-10-06,Bengaluru City,Joseph Nayak
7088,11863,0,Bhavana Naik,Arrest,2024-10-07,Vijayapura,Yashwanth Naik
7091,11867,0,Anitha Prasad,Arrest,2024-10-07,Bengaluru City,Yashwanth Kulkarni
7093,11869,0,Nagaraj Nayak,Arrest,2024-10-07,Udupi,Prakash Prasad
7095,11871,0,Kiran Hegde,Arrest,2024-10-07,Ballari,Girish Gowda
7096,11873,0,Anitha Nayak,Arrest,2024-10-07,Ballari,Pooja Kulkarni
7098,11875,0,Nagaraj Desai,Surrender,2024-10-07,Mangaluru (DK),Prakash Nayak
7101,11879,0,Vinutha Bhat,Arrest,2024-10-07,Bengaluru Rural,Rekha Murthy
7104,11883,0,Shivakumar Shetty,Surrender,2024-10-07,Shivamogga,Deepak Shetty
7108,11889,0,Girish Murthy,Arrest,2024-10-07,Bengaluru Rural,Ashwini Murthy
7109,11891,0,Deepak Bhat,Arrest,2024-10-07,Kalaburagi,Fatima Kulkarni
7111,11893,0,Yashwanth Bhat,Arrest,2024-10-07,Bengaluru City,Yashwanth Naik
7114,11897,0,Vinutha Desai,Arrest,2024-10-07,Hassan,Chetan Murthy
7117,11903,0,Girish Shetty,Arrest,2024-10-08,Tumakuru,Anitha Desai
7118,11905,0,Ravi Shetty,Arrest,2024-10-08,Hubballi-Dharwad,Suresh Gowda
7120,11911,0,Mary Reddy,Arrest,2024-10-08,Vijayapura,Yashwanth Hegde
7121,11913,0,Imran Murthy,Surrender,2024-10-08,Mangaluru (DK),Bhavana Shetty
7123,11917,0,Rekha Nayak,Arrest,2024-10-08,Bengaluru Rural,Girish Rao
7125,11919,0,Prakash Naik,Arrest,2024-10-08,Tumakuru,Bhavana Iyengar
7129,11925,0,Basavaraj Naik,Surrender,2024-10-08,Hassan,Nagaraj Nayak
7132,11931,0,Manjunath Naik,Arrest,2024-10-08,Vijayapura,Basavaraj Gowda
7134,11937,0,Prakash Kulkarni,Arrest,2024-10-08,Hassan,Vinutha Patil
7136,11939,0,Vinutha Patil,Arrest,2024-10-08,Kalaburagi,Ravi Prasad
7140,11947,0,Anitha Prasad,Arrest,2024-10-09,Vijayapura,Vinutha Kulkarni
7142,11949,0,Chetan Desai,Arrest,2024-10-09,Tumakuru,Rekha Bhat
7143,11951,0,Ashwini Patil,Arrest,2024-10-09,Bengaluru City,Kiran Iyengar
7145,11953,0,Deepak Shetty,Surrender,2024-10-09,Udupi,Basavaraj Prasad
7149,11963,0,Nagaraj Rao,Surrender,2024-10-09,Hassan,Fatima Gowda
7151,11965,0,Deepak Prasad,Surrender,2024-10-09,Bengaluru City,Lakshmi Bhat
7152,11967,0,Manjunath Patil,Arrest,2024-10-09,Bengaluru City,Fatima Desai
7155,11971,0,Anitha Gowda,Surrender,2024-10-09,Bengaluru Rural,Pooja Bhat
7157,11977,0,Anitha Murthy,Arrest,2024-10-09,Bengaluru City,Mary Nayak
7160,11983,0,Anitha Patil,Arrest,2024-10-09,Hubballi-Dharwad,Kiran Iyengar
7162,11985,0,Yashwanth Nayak,Arrest,2024-10-09,Ballari,Prakash Nayak
7163,11987,0,Kiran Kumar,Arrest,2024-10-10,Bengaluru City,Imran Prasad
7167,11993,0,Ravi Nayak,Arrest,2024-10-10,Ballari,Deepak Desai
7169,11997,0,Lakshmi Nayak,Arrest,2024-10-10,Kalaburagi,Ashwini Murthy
7171,11999,0,Fatima Bhat,Arrest,2024-10-10,Davanagere,Nagaraj Reddy
7174,12003,0,Vinutha Naik,Arrest,2024-10-10,Kalaburagi,Imran Kumar
7176,12005,0,Prakash Patil,Arrest,2024-10-10,Mysuru,Yashwanth Kumar
7179,12011,0,Ravi Naik,Arrest,2024-10-10,Hassan,Imran Shetty
7181,12015,0,Shivakumar Gowda,Arrest,2024-10-10,Raichur,Deepak Patil
7182,12017,0,Yashwanth Reddy,Arrest,2024-10-10,Bengaluru City,Kiran Iyengar
7183,12019,0,Kiran Desai,Arrest,2024-10-10,Vijayapura,Deepak Naik
7185,12023,0,Prakash Naik,Arrest,2024-10-10,Bengaluru City,Ravi Shetty
7187,12025,0,Ashwini Kulkarni,Arrest,2024-10-10,Shivamogga,Fatima Hegde
7188,12027,0,Basavaraj Kumar,Arrest,2024-10-10,Bengaluru City,Kiran Gowda
7189,12029,0,Mary Gowda,Arrest,2024-10-10,Raichur,Manjunath Gowda
7190,12031,0,Imran Gowda,Arrest,2024-10-10,Mysuru,Suresh Prasad
7191,12033,0,Anitha Shetty,Arrest,2024-10-10,Kalaburagi,Shivakumar Nayak
7192,12035,0,Nagaraj Reddy,Surrender,2024-10-10,Belagavi,Ravi Rao
7193,12039,0,Pooja Reddy,Arrest,2024-10-11,Bengaluru City,Chetan Gowda
7194,12041,0,Fatima Bhat,Arrest,2024-10-11,Bengaluru City,Deepak Prasad
7197,12045,0,Bhavana Rao,Arrest,2024-10-11,Bengaluru City,Imran Reddy
7199,12047,0,Fatima Rao,Arrest,2024-10-11,Hubballi-Dharwad,Ashwini Naik
7201,12049,0,Deepak Prasad,Arrest,2024-10-11,Bengaluru City,Suresh Gowda
7204,12053,0,Deepak Prasad,Arrest,2024-10-11,Hubballi-Dharwad,Yashwanth Gowda
7207,12059,0,Imran Iyengar,Arrest,2024-10-11,Hubballi-Dharwad,Bhavana Desai
7209,12061,0,Shivakumar Kumar,Surrender,2024-10-11,Udupi,Manjunath Desai
7210,12063,0,Rekha Reddy,Arrest,2024-10-11,Mysuru,Chetan Iyengar
7211,12065,0,Kiran Shetty,Arrest,2024-10-11,Shivamogga,Vinutha Prasad
7213,12067,0,Suresh Desai,Arrest,2024-10-11,Bengaluru City,Manjunath Gowda
7214,12069,0,Pooja Prasad,Arrest,2024-10-11,Bengaluru City,Yashwanth Patil
7217,12073,0,Basavaraj Bhat,Arrest,2024-10-11,Hubballi-Dharwad,Mary Shetty
7218,12075,0,Shivakumar Bhat,Surrender,2024-10-11,Kalaburagi,Girish Patil
7220,12077,0,Ravi Reddy,Arrest,2024-10-11,Bengaluru City,Joseph Rao
7222,12079,0,Rekha Rao,Surrender,2024-10-11,Ballari,Yashwanth Prasad
7223,12081,0,Imran Reddy,Arrest,2024-10-11,Ballari,Suresh Kumar
7225,12083,0,Prakash Bhat,Arrest,2024-10-11,Belagavi,Anitha Gowda
7227,12087,0,Rekha Murthy,Arrest,2024-10-11,Mangaluru (DK),Vinutha Nayak
7229,12089,0,Girish Nayak,Arrest,2024-10-11,Mangaluru (DK),Manjunath Hegde
7231,12091,0,Joseph Naik,Surrender,2024-10-11,Mysuru,Lakshmi Prasad
7234,12097,0,Bhavana Bhat,Surrender,2024-10-12,Bengaluru City,Ashwini Gowda
7236,12099,0,Manjunath Hegde,Arrest,2024-10-12,Bengaluru Rural,Shivakumar Hegde
7237,12101,0,Basavaraj Reddy,Arrest,2024-10-12,Bengaluru City,Deepak Murthy
7239,12103,0,Yashwanth Hegde,Arrest,2024-10-12,Bengaluru City,Ravi Naik
7243,12109,0,Deepak Nayak,Arrest,2024-10-12,Bengaluru City,Nagaraj Reddy
7246,12113,0,Kiran Bhat,Arrest,2024-10-12,Bengaluru City,Yashwanth Desai
7247,12115,0,Kiran Rao,Arrest,2024-10-12,Bengaluru City,Vinutha Iyengar
7249,12117,0,Ravi Naik,Surrender,2024-10-12,Davanagere,Pooja Patil
7250,12121,0,Manjunath Gowda,Arrest,2024-10-12,Belagavi,Anitha Prasad
7251,12125,0,Kiran Gowda,Surrender,2024-10-12,Vijayapura,Rekha Bhat
7253,12131,0,Fatima Reddy,Arrest,2024-10-12,Hubballi-Dharwad,Shivakumar Naik
7254,12133,0,Anitha Iyengar,Surrender,2024-10-12,Raichur,Ashwini Bhat
7255,12135,0,Nagaraj Shetty,Arrest,2024-10-12,Bengaluru City,Vinutha Reddy
7256,12137,0,Kiran Hegde,Arrest,2024-10-12,Bengaluru City,Shivakumar Patil
7258,12139,0,Girish Prasad,Arrest,2024-10-12,Mysuru,Anitha Rao
7259,12141,0,Kiran Iyengar,Arrest,2024-10-12,Mangaluru (DK),Girish Rao
7260,12143,0,Mary Shetty,Arrest,2024-10-12,Bengaluru City,Deepak Naik
7262,12145,0,Basavaraj Shetty,Arrest,2024-10-12,Bengaluru City,Kiran Reddy
7263,12147,0,Mary Nayak,Arrest,2024-10-12,Bengaluru City,Basavaraj Patil
7270,12165,0,Vinutha Hegde,Arrest,2024-10-13,Mysuru,Yashwanth Reddy
7272,12167,0,Suresh Rao,Arrest,2024-10-13,Bengaluru City,Bhavana Shetty
7274,12169,0,Nagaraj Murthy,Arrest,2024-10-13,Bengaluru City,Suresh Iyengar
7275,12171,0,Deepak Gowda,Arrest,2024-10-13,Bengaluru City,Suresh Nayak
7277,12173,0,Lakshmi Murthy,Arrest,2024-10-13,Ballari,Bhavana Prasad
7278,12177,0,Ravi Nayak,Arrest,2024-10-13,Raichur,Kiran Patil
7280,12179,0,Joseph Shetty,Arrest,2024-10-13,Belagavi,Girish Hegde
7282,12183,0,Chetan Reddy,Arrest,2024-10-13,Hassan,Ravi Iyengar
7284,12185,0,Basavaraj Murthy,Arrest,2024-10-13,Hassan,Kiran Shetty
7288,12191,0,Ravi Hegde,Arrest,2024-10-13,Bengaluru City,Anitha Bhat
7289,12193,0,Mary Murthy,Arrest,2024-10-13,Bengaluru City,Joseph Murthy
7291,12197,0,Yashwanth Murthy,Arrest,2024-10-14,Vijayapura,Joseph Murthy
7293,12199,0,Joseph Bhat,Surrender,2024-10-14,Shivamogga,Manjunath Nayak
7296,12205,0,Manjunath Patil,Arrest,2024-10-14,Davanagere,Pooja Iyengar
7297,12207,0,Anitha Murthy,Surrender,2024-10-14,Bengaluru City,Ravi Reddy
7299,12211,0,Anitha Reddy,Arrest,2024-10-14,Mysuru,Fatima Rao
7301,12213,0,Bhavana Gowda,Arrest,2024-10-14,Bengaluru Rural,Ravi Reddy
7302,12215,0,Bhavana Gowda,Arrest,2024-10-14,Hassan,Fatima Kulkarni
7303,12217,0,Chetan Kulkarni,Arrest,2024-10-14,Bengaluru City,Mary Nayak
7305,12219,0,Manjunath Kulkarni,Arrest,2024-10-14,Raichur,Prakash Prasad
7306,12221,0,Lakshmi Kulkarni,Surrender,2024-10-14,Ballari,Deepak Murthy
7311,12233,0,Lakshmi Iyengar,Arrest,2024-10-15,Bengaluru City,Pooja Murthy
7313,12235,0,Yashwanth Naik,Arrest,2024-10-15,Tumakuru,Prakash Rao
7315,12237,0,Girish Kulkarni,Arrest,2024-10-15,Mysuru,Bhavana Patil
7318,12243,0,Mary Prasad,Arrest,2024-10-15,Hubballi-Dharwad,Pooja Kulkarni
7321,12247,0,Manjunath Patil,Arrest,2024-10-15,Bengaluru City,Chetan Nayak
7323,12257,0,Kiran Kumar,Arrest,2024-10-15,Vijayapura,Ravi Desai
7324,12259,0,Prakash Rao,Arrest,2024-10-15,Belagavi,Joseph Patil
7327,12263,0,Rekha Nayak,Arrest,2024-10-15,Bengaluru City,Ashwini Bhat
7332,12281,0,Bhavana Murthy,Arrest,2024-10-16,Bengaluru City,Imran Gowda
7333,12283,0,Bhavana Nayak,Arrest,2024-10-16,Hubballi-Dharwad,Basavaraj Rao
7334,12285,0,Suresh Desai,Arrest,2024-10-16,Bengaluru Rural,Imran Murthy
7336,12287,0,Ravi Desai,Arrest,2024-10-16,Belagavi,Basavaraj Reddy
7338,12289,0,Chetan Kumar,Arrest,2024-10-16,Bengaluru City,Nagaraj Kulkarni
7341,12295,0,Pooja Nayak,Arrest,2024-10-16,Belagavi,Manjunath Kumar
7343,12297,0,Manjunath Prasad,Surrender,2024-10-16,Belagavi,Manjunath Naik
7345,12299,0,Mary Shetty,Arrest,2024-10-16,Bengaluru City,Ashwini Naik
7347,12301,0,Girish Reddy,Arrest,2024-10-16,Bengaluru City,Girish Rao
7349,12305,0,Imran Gowda,Arrest,2024-10-16,Belagavi,Rekha Iyengar
7350,12307,0,Bhavana Rao,Surrender,2024-10-16,Mysuru,Lakshmi Iyengar
7352,12313,0,Vinutha Patil,Arrest,2024-10-16,Kalaburagi,Manjunath Kumar
7357,12325,0,Suresh Rao,Arrest,2024-10-17,Hubballi-Dharwad,Fatima Naik
7359,12327,0,Anitha Rao,Arrest,2024-10-17,Ballari,Girish Nayak
7363,12333,0,Chetan Bhat,Arrest,2024-10-17,Davanagere,Lakshmi Rao
7366,12337,0,Yashwanth Reddy,Arrest,2024-10-17,Belagavi,Fatima Kulkarni
7367,12339,0,Joseph Kulkarni,Arrest,2024-10-17,Vijayapura,Suresh Iyengar
7369,12341,0,Mary Gowda,Arrest,2024-10-17,Mangaluru (DK),Rekha Shetty
7370,12345,0,Mary Iyengar,Arrest,2024-10-17,Hubballi-Dharwad,Rekha Bhat
7372,12347,0,Deepak Rao,Arrest,2024-10-17,Kalaburagi,Kiran Iyengar
7373,12351,0,Girish Kulkarni,Arrest,2024-10-17,Belagavi,Bhavana Bhat
7375,12355,0,Imran Shetty,Arrest,2024-10-17,Belagavi,Nagaraj Nayak
7376,12357,0,Lakshmi Bhat,Arrest,2024-10-17,Hubballi-Dharwad,Chetan Iyengar
7379,12363,0,Yashwanth Iyengar,Surrender,2024-10-17,Bengaluru City,Ravi Patil
7380,12365,0,Basavaraj Reddy,Arrest,2024-10-17,Mangaluru (DK),Mary Naik
7382,12367,0,Anitha Murthy,Arrest,2024-10-18,Shivamogga,Shivakumar Kulkarni
7385,12373,0,Joseph Shetty,Arrest,2024-10-18,Tumakuru,Basavaraj Patil
7387,12375,0,Fatima Hegde,Arrest,2024-10-18,Bengaluru City,Yashwanth Nayak
7389,12377,0,Girish Nayak,Arrest,2024-10-18,Belagavi,Rekha Desai
7392,12383,0,Pooja Naik,Arrest,2024-10-18,Bengaluru City,Deepak Hegde
7394,12385,0,Deepak Hegde,Arrest,2024-10-18,Bengaluru City,Deepak Kumar
7395,12387,0,Fatima Shetty,Surrender,2024-10-18,Bengaluru City,Suresh Rao
7397,12391,0,Rekha Murthy,Arrest,2024-10-18,Hubballi-Dharwad,Basavaraj Kumar
7400,12395,0,Kiran Nayak,Arrest,2024-10-18,Raichur,Suresh Iyengar
7402,12399,0,Anitha Desai,Arrest,2024-10-18,Bengaluru Rural,Basavaraj Patil
7404,12401,0,Chetan Nayak,Arrest,2024-10-18,Belagavi,Vinutha Hegde
7406,12405,0,Mary Hegde,Arrest,2024-10-18,Bengaluru City,Rekha Shetty
7408,12407,0,Joseph Gowda,Arrest,2024-10-18,Bengaluru City,Vinutha Patil
7411,12411,0,Suresh Hegde,Arrest,2024-10-18,Raichur,Fatima Desai
7413,12413,0,Joseph Shetty,Arrest,2024-10-19,Mangaluru (DK),Suresh Kulkarni
7414,12415,0,Fatima Gowda,Arrest,2024-10-19,Shivamogga,Bhavana Reddy
7416,12419,0,Yashwanth Prasad,Arrest,2024-10-19,Kalaburagi,Lakshmi Shetty
7417,12421,0,Rekha Reddy,Arrest,2024-10-19,Davanagere,Yashwanth Shetty
7419,12423,0,Rekha Bhat,Arrest,2024-10-19,Hassan,Yashwanth Bhat
7422,12427,0,Fatima Prasad,Arrest,2024-10-19,Kalaburagi,Deepak Naik
7424,12429,0,Suresh Gowda,Arrest,2024-10-19,Mysuru,Basavaraj Desai
7427,12435,0,Joseph Kulkarni,Arrest,2024-10-19,Hubballi-Dharwad,Kiran Rao
7429,12437,0,Rekha Kumar,Arrest,2024-10-19,Bengaluru City,Mary Iyengar
7430,12439,0,Nagaraj Iyengar,Arrest,2024-10-19,Bengaluru City,Vinutha Gowda
7432,12441,0,Shivakumar Rao,Arrest,2024-10-19,Bengaluru City,Mary Reddy
7436,12447,0,Mary Naik,Arrest,2024-10-19,Vijayapura,Joseph Patil
7437,12449,0,Prakash Patil,Arrest,2024-10-19,Tumakuru,Shivakumar Murthy
7438,12451,0,Ravi Hegde,Arrest,2024-10-19,Kalaburagi,Vinutha Kulkarni
7440,12453,0,Bhavana Gowda,Arrest,2024-10-19,Bengaluru City,Shivakumar Murthy
7442,12455,0,Mary Naik,Arrest,2024-10-19,Mysuru,Basavaraj Bhat
7443,12457,0,Lakshmi Gowda,Arrest,2024-10-19,Mangaluru (DK),Joseph Rao
7445,12459,0,Girish Hegde,Arrest,2024-10-20,Kalaburagi,Prakash Kumar
7447,12463,0,Bhavana Nayak,Arrest,2024-10-20,Ballari,Suresh Kumar
7448,12465,0,Chetan Shetty,Arrest,2024-10-20,Vijayapura,Ravi Hegde
7449,12467,0,Pooja Hegde,Arrest,2024-10-20,Belagavi,Imran Kulkarni
7451,12469,0,Imran Naik,Arrest,2024-10-20,Shivamogga,Suresh Patil
7453,12471,0,Manjunath Kumar,Arrest,2024-10-20,Kalaburagi,Nagaraj Nayak
7455,12473,0,Anitha Desai,Surrender,2024-10-20,Shivamogga,Nagaraj Desai
7456,12475,0,Fatima Murthy,Surrender,2024-10-20,Ballari,Prakash Nayak
7458,12477,0,Chetan Hegde,Arrest,2024-10-20,Mysuru,Rekha Desai
7463,12485,0,Suresh Bhat,Arrest,2024-10-20,Tumakuru,Ashwini Rao
7464,12491,0,Prakash Rao,Arrest,2024-10-20,Shivamogga,Mary Kulkarni
7465,12493,0,Chetan Murthy,Arrest,2024-10-20,Belagavi,Yashwanth Kulkarni
7469,12501,0,Anitha Prasad,Arrest,2024-10-20,Hassan,Mary Hegde
7471,12503,0,Girish Shetty,Arrest,2024-10-20,Vijayapura,Suresh Nayak
7472,12505,0,Suresh Gowda,Arrest,2024-10-20,Tumakuru,Bhavana Reddy
7473,12507,0,Vinutha Gowda,Surrender,2024-10-20,Ballari,Manjunath Iyengar
7476,12511,0,Shivakumar Reddy,Arrest,2024-10-21,Hubballi-Dharwad,Nagaraj Naik
7477,12513,0,Vinutha Murthy,Arrest,2024-10-21,Vijayapura,Fatima Rao
7479,12517,0,Ravi Murthy,Surrender,2024-10-21,Kalaburagi,Chetan Desai
7480,12521,0,Basavaraj Kumar,Arrest,2024-10-21,Hubballi-Dharwad,Yashwanth Gowda
7482,12523,0,Rekha Bhat,Arrest,2024-10-21,Shivamogga,Anitha Shetty
7485,12529,0,Pooja Desai,Arrest,2024-10-21,Bengaluru Rural,Vinutha Prasad
7487,12537,0,Prakash Kumar,Arrest,2024-10-21,Bengaluru City,Shivakumar Shetty
7490,12541,0,Manjunath Patil,Arrest,2024-10-21,Bengaluru City,Rekha Iyengar
7492,12543,0,Vinutha Rao,Arrest,2024-10-21,Hassan,Chetan Shetty
7494,12545,0,Joseph Nayak,Surrender,2024-10-21,Ballari,Manjunath Patil
7496,12547,0,Yashwanth Gowda,Arrest,2024-10-21,Bengaluru City,Chetan Kumar
7498,12549,0,Mary Shetty,Arrest,2024-10-21,Tumakuru,Ashwini Prasad
7500,12551,0,Bhavana Gowda,Arrest,2024-10-21,Belagavi,Ashwini Naik
7501,12553,0,Shivakumar Desai,Arrest,2024-10-21,Mangaluru (DK),Suresh Rao
7503,12555,0,Chetan Kulkarni,Arrest,2024-10-21,Hubballi-Dharwad,Anitha Murthy
7505,12559,0,Shivakumar Desai,Arrest,2024-10-21,Bengaluru City,Vinutha Iyengar
7508,12565,0,Kiran Naik,Arrest,2024-10-22,Belagavi,Rekha Kumar
7512,12573,0,Ashwini Naik,Arrest,2024-10-22,Mangaluru (DK),Bhavana Rao
7516,12579,0,Joseph Nayak,Arrest,2024-10-22,Shivamogga,Suresh Iyengar
7517,12581,0,Girish Shetty,Arrest,2024-10-22,Davanagere,Basavaraj Murthy
7518,12583,0,Girish Patil,Surrender,2024-10-22,Mangaluru (DK),Vinutha Bhat
7520,12587,0,Rekha Rao,Arrest,2024-10-22,Shivamogga,Pooja Prasad
7522,12589,0,Chetan Patil,Arrest,2024-10-22,Bengaluru Rural,Mary Shetty
7523,12591,0,Anitha Murthy,Arrest,2024-10-22,Hassan,Kiran Hegde
7525,12593,0,Girish Reddy,Surrender,2024-10-22,Bengaluru City,Joseph Nayak
7527,12599,0,Yashwanth Rao,Arrest,2024-10-22,Kalaburagi,Yashwanth Nayak
7528,12601,0,Lakshmi Reddy,Arrest,2024-10-22,Shivamogga,Deepak Kulkarni
7529,12603,0,Nagaraj Naik,Arrest,2024-10-22,Davanagere,Chetan Kulkarni
7533,12609,0,Deepak Nayak,Arrest,2024-10-22,Mysuru,Ravi Naik
7534,12611,0,Girish Hegde,Arrest,2024-10-22,Bengaluru City,Suresh Hegde
7536,12613,0,Prakash Shetty,Surrender,2024-10-22,Bengaluru City,Lakshmi Kulkarni
7537,12615,0,Ravi Nayak,Arrest,2024-10-23,Kalaburagi,Lakshmi Nayak
7540,12619,0,Rekha Kulkarni,Arrest,2024-10-23,Ballari,Chetan Nayak
7542,12627,0,Girish Bhat,Arrest,2024-10-23,Kalaburagi,Shivakumar Kumar
7546,12633,0,Bhavana Shetty,Arrest,2024-10-23,Bengaluru City,Imran Naik
7548,12635,0,Girish Gowda,Arrest,2024-10-23,Belagavi,Joseph Iyengar
7550,12637,0,Ashwini Desai,Arrest,2024-10-23,Bengaluru City,Suresh Hegde
7551,12639,0,Rekha Murthy,Arrest,2024-10-23,Ballari,Deepak Rao
7553,12645,0,Prakash Kumar,Arrest,2024-10-23,Shivamogga,Pooja Shetty
7555,12647,0,Rekha Kulkarni,Surrender,2024-10-23,Ballari,Manjunath Hegde
7556,12649,0,Bhavana Naik,Surrender,2024-10-23,Mangaluru (DK),Bhavana Murthy
7557,12651,0,Pooja Iyengar,Arrest,2024-10-23,Bengaluru City,Shivakumar Bhat
7559,12653,0,Joseph Murthy,Arrest,2024-10-23,Davanagere,Lakshmi Reddy
7561,12655,0,Yashwanth Iyengar,Arrest,2024-10-23,Davanagere,Nagaraj Rao
7563,12657,0,Bhavana Hegde,Surrender,2024-10-23,Bengaluru City,Ravi Hegde
7567,12665,0,Joseph Desai,Arrest,2024-10-23,Hubballi-Dharwad,Joseph Patil
7568,12667,0,Ravi Gowda,Arrest,2024-10-23,Udupi,Vinutha Rao
7570,12671,0,Suresh Shetty,Surrender,2024-10-24,Belagavi,Yashwanth Bhat
7571,12677,0,Fatima Patil,Arrest,2024-10-24,Bengaluru City,Mary Kulkarni
7573,12679,0,Joseph Bhat,Arrest,2024-10-24,Ballari,Chetan Hegde
7575,12681,0,Anitha Gowda,Arrest,2024-10-24,Bengaluru City,Pooja Shetty
7576,12683,0,Pooja Desai,Arrest,2024-10-24,Bengaluru City,Deepak Reddy
7579,12687,0,Girish Hegde,Arrest,2024-10-24,Mysuru,Joseph Bhat
7581,12689,0,Manjunath Naik,Arrest,2024-10-24,Bengaluru Rural,Prakash Nayak
7583,12691,0,Lakshmi Rao,Arrest,2024-10-24,Belagavi,Manjunath Nayak
7584,12693,0,Nagaraj Gowda,Arrest,2024-10-24,Shivamogga,Bhavana Prasad
7586,12695,0,Pooja Naik,Arrest,2024-10-24,Belagavi,Nagaraj Iyengar
7589,12699,0,Deepak Naik,Surrender,2024-10-24,Bengaluru City,Ashwini Bhat
7590,12701,0,Prakash Murthy,Arrest,2024-10-24,Bengaluru City,Nagaraj Iyengar
7593,12705,0,Kiran Shetty,Arrest,2024-10-24,Belagavi,Kiran Iyengar
7596,12713,0,Imran Bhat,Arrest,2024-10-24,Ballari,Ravi Kulkarni
7597,12715,0,Chetan Reddy,Arrest,2024-10-24,Bengaluru City,Chetan Hegde
7600,12721,0,Girish Bhat,Arrest,2024-10-25,Bengaluru City,Bhavana Bhat
7602,12723,0,Basavaraj Patil,Arrest,2024-10-25,Kalaburagi,Manjunath Nayak
7604,12725,0,Girish Reddy,Arrest,2024-10-25,Bengaluru Rural,Rekha Gowda
7605,12729,0,Ashwini Naik,Arrest,2024-10-25,Raichur,Ashwini Kumar
7606,12731,0,Yashwanth Kulkarni,Arrest,2024-10-25,Bengaluru City,Suresh Prasad
7607,12733,0,Joseph Rao,Arrest,2024-10-25,Ballari,Lakshmi Shetty
7608,12737,0,Manjunath Prasad,Surrender,2024-10-25,Belagavi,Lakshmi Murthy
7609,12739,0,Joseph Prasad,Arrest,2024-10-25,Bengaluru City,Nagaraj Gowda
7610,12741,0,Chetan Iyengar,Arrest,2024-10-25,Vijayapura,Imran Nayak
7611,12743,0,Mary Rao,Arrest,2024-10-25,Davanagere,Lakshmi Gowda
7613,12745,0,Bhavana Hegde,Arrest,2024-10-25,Tumakuru,Joseph Gowda
7614,12747,0,Suresh Hegde,Arrest,2024-10-25,Mangaluru (DK),Kiran Murthy
7615,12749,0,Fatima Gowda,Surrender,2024-10-25,Belagavi,Kiran Shetty
7617,12755,0,Pooja Kulkarni,Arrest,2024-10-25,Belagavi,Nagaraj Murthy
7618,12757,0,Lakshmi Iyengar,Surrender,2024-10-25,Bengaluru City,Yashwanth Naik
7620,12761,0,Ravi Naik,Arrest,2024-10-25,Shivamogga,Basavaraj Iyengar
7621,12763,0,Suresh Reddy,Surrender,2024-10-25,Davanagere,Anitha Hegde
7622,12769,0,Nagaraj Iyengar,Arrest,2024-10-25,Mangaluru (DK),Chetan Kulkarni
7623,12773,0,Manjunath Kumar,Arrest,2024-10-25,Bengaluru City,Lakshmi Hegde
7626,12777,0,Kiran Bhat,Arrest,2024-10-26,Mysuru,Chetan Desai
7627,12779,0,Kiran Kumar,Arrest,2024-10-26,Hassan,Lakshmi Rao
7629,12785,0,Manjunath Naik,Arrest,2024-10-26,Tumakuru,Ashwini Shetty
7630,12787,0,Suresh Kumar,Arrest,2024-10-26,Hassan,Pooja Desai
7632,12789,0,Mary Hegde,Arrest,2024-10-26,Hassan,Basavaraj Rao
7634,12791,0,Kiran Murthy,Arrest,2024-10-26,Bengaluru City,Kiran Patil
7636,12801,0,Joseph Patil,Arrest,2024-10-26,Hubballi-Dharwad,Mary Shetty
7637,12805,0,Deepak Prasad,Arrest,2024-10-26,Mysuru,Lakshmi Desai
7639,12807,0,Prakash Nayak,Surrender,2024-10-26,Tumakuru,Deepak Shetty
7640,12809,0,Fatima Hegde,Arrest,2024-10-26,Kalaburagi,Kiran Murthy
7643,12819,0,Chetan Bhat,Arrest,2024-10-26,Bengaluru Rural,Suresh Murthy
7644,12821,0,Chetan Reddy,Surrender,2024-10-26,Bengaluru City,Joseph Murthy
7647,12825,0,Deepak Kulkarni,Arrest,2024-10-26,Ballari,Fatima Murthy
7648,12827,0,Joseph Patil,Surrender,2024-10-26,Bengaluru City,Basavaraj Shetty
7650,12829,0,Yashwanth Hegde,Arrest,2024-10-27,Bengaluru City,Anitha Naik
7652,12831,0,Yashwanth Reddy,Arrest,2024-10-27,Mysuru,Shivakumar Shetty
7654,12833,0,Mary Reddy,Arrest,2024-10-27,Tumakuru,Ravi Nayak
7656,12837,0,Basavaraj Iyengar,Surrender,2024-10-27,Bengaluru City,Nagaraj Iyengar
7658,12839,0,Lakshmi Iyengar,Arrest,2024-10-27,Bengaluru City,Prakash Shetty
7660,12843,0,Imran Nayak,Arrest,2024-10-27,Bengaluru City,Lakshmi Naik
7662,12845,0,Imran Kumar,Arrest,2024-10-27,Bengaluru City,Yashwanth Reddy
7663,12847,0,Ashwini Reddy,Surrender,2024-10-27,Vijayapura,Pooja Shetty
7665,12853,0,Prakash Hegde,Arrest,2024-10-27,Vijayapura,Anitha Patil
7668,12857,0,Mary Bhat,Surrender,2024-10-27,Kalaburagi,Anitha Bhat
7669,12859,0,Mary Patil,Arrest,2024-10-27,Bengaluru City,Ravi Murthy
7671,12861,0,Shivakumar Kumar,Arrest,2024-10-27,Hubballi-Dharwad,Joseph Reddy
7672,12863,0,Lakshmi Iyengar,Arrest,2024-10-27,Davanagere,Nagaraj Rao
7674,12865,0,Joseph Shetty,Arrest,2024-10-27,Bengaluru City,Chetan Hegde
7675,12867,0,Deepak Bhat,Arrest,2024-10-27,Vijayapura,Deepak Nayak
7677,12869,0,Bhavana Shetty,Arrest,2024-10-27,Davanagere,Deepak Gowda
7679,12871,0,Ravi Prasad,Arrest,2024-10-27,Tumakuru,Imran Naik
7681,12875,0,Ravi Gowda,Arrest,2024-10-27,Kalaburagi,Basavaraj Desai
7685,12881,0,Suresh Kumar,Surrender,2024-10-27,Hubballi-Dharwad,Deepak Prasad
7687,12883,0,Lakshmi Kumar,Arrest,2024-10-27,Tumakuru,Shivakumar Hegde
7691,12891,0,Joseph Kulkarni,Arrest,2024-10-28,Shivamogga,Bhavana Gowda
7692,12893,0,Yashwanth Kulkarni,Arrest,2024-10-28,Bengaluru City,Kiran Kumar
7696,12901,0,Pooja Murthy,Surrender,2024-10-28,Ballari,Manjunath Gowda
7698,12903,0,Nagaraj Prasad,Surrender,2024-10-28,Hubballi-Dharwad,Anitha Bhat
7699,12905,0,Mary Prasad,Arrest,2024-10-28,Bengaluru Rural,Manjunath Gowda
7701,12909,0,Girish Nayak,Arrest,2024-10-28,Bengaluru Rural,Suresh Bhat
7703,12913,0,Vinutha Bhat,Arrest,2024-10-28,Hubballi-Dharwad,Chetan Reddy
7705,12917,0,Mary Reddy,Arrest,2024-10-28,Davanagere,Vinutha Nayak
7707,12919,0,Bhavana Prasad,Surrender,2024-10-28,Bengaluru City,Girish Hegde
7709,12923,0,Suresh Murthy,Arrest,2024-10-28,Belagavi,Yashwanth Reddy
7711,12925,0,Girish Nayak,Arrest,2024-10-28,Bengaluru City,Joseph Nayak
7712,12927,0,Imran Prasad,Arrest,2024-10-28,Hassan,Nagaraj Bhat
7713,12931,0,Suresh Shetty,Arrest,2024-10-28,Tumakuru,Rekha Iyengar
7715,12935,0,Suresh Kumar,Arrest,2024-10-28,Bengaluru City,Joseph Prasad
7718,12943,0,Lakshmi Iyengar,Surrender,2024-10-29,Mysuru,Anitha Reddy
7719,12945,0,Prakash Kulkarni,Arrest,2024-10-29,Tumakuru,Kiran Rao
7721,12947,0,Chetan Patil,Arrest,2024-10-29,Kalaburagi,Basavaraj Shetty
7724,12951,0,Rekha Bhat,Arrest,2024-10-29,Bengaluru City,Yashwanth Prasad
7726,12953,0,Suresh Naik,Surrender,2024-10-29,Bengaluru City,Kiran Kumar
7727,12955,0,Mary Iyengar,Arrest,2024-10-29,Hubballi-Dharwad,Fatima Prasad
7730,12959,0,Ashwini Naik,Arrest,2024-10-29,Davanagere,Vinutha Patil
7732,12963,0,Basavaraj Patil,Arrest,2024-10-29,Ballari,Pooja Hegde
7734,12965,0,Manjunath Kulkarni,Arrest,2024-10-29,Hassan,Kiran Naik
7736,12967,0,Ravi Iyengar,Arrest,2024-10-29,Davanagere,Chetan Murthy
7737,12969,0,Ashwini Iyengar,Surrender,2024-10-29,Bengaluru Rural,Yashwanth Desai
7739,12971,0,Rekha Iyengar,Arrest,2024-10-29,Bengaluru City,Rekha Prasad
7741,12973,0,Suresh Patil,Arrest,2024-10-29,Shivamogga,Lakshmi Naik
7743,12975,0,Pooja Prasad,Arrest,2024-10-29,Bengaluru City,Girish Nayak
7744,12977,0,Fatima Naik,Arrest,2024-10-29,Bengaluru City,Girish Patil
7746,12979,0,Lakshmi Murthy,Arrest,2024-10-29,Ballari,Yashwanth Rao
7748,12983,0,Anitha Desai,Arrest,2024-10-29,Vijayapura,Joseph Desai
7750,12985,0,Deepak Hegde,Arrest,2024-10-29,Mangaluru (DK),Kiran Nayak
7752,12987,0,Nagaraj Gowda,Arrest,2024-10-29,Hubballi-Dharwad,Ravi Shetty
7754,12989,0,Deepak Kumar,Arrest,2024-10-30,Tumakuru,Joseph Gowda
7755,12991,0,Pooja Shetty,Surrender,2024-10-30,Bengaluru Rural,Girish Desai
7756,12993,0,Chetan Nayak,Arrest,2024-10-30,Vijayapura,Manjunath Nayak
7758,12997,0,Ashwini Murthy,Arrest,2024-10-30,Davanagere,Rekha Kumar
7759,12999,0,Ravi Shetty,Arrest,2024-10-30,Bengaluru Rural,Mary Iyengar
7760,13001,0,Chetan Reddy,Arrest,2024-10-30,Ballari,Yashwanth Murthy
7763,13007,0,Imran Murthy,Arrest,2024-10-30,Shivamogga,Girish Naik
7766,13011,0,Yashwanth Rao,Arrest,2024-10-30,Bengaluru City,Chetan Patil
7767,13013,0,Fatima Naik,Arrest,2024-10-30,Bengaluru City,Lakshmi Naik
7770,13017,0,Shivakumar Kumar,Arrest,2024-10-30,Ballari,Basavaraj Desai
7772,13021,0,Prakash Naik,Arrest,2024-10-30,Davanagere,Manjunath Kumar
7774,13023,0,Rekha Reddy,Arrest,2024-10-30,Mysuru,Mary Bhat
7776,13025,0,Rekha Murthy,Arrest,2024-10-30,Bengaluru City,Ravi Bhat
7777,13027,0,Pooja Patil,Arrest,2024-10-30,Shivamogga,Yashwanth Nayak
7779,13029,0,Joseph Kumar,Arrest,2024-10-30,Hubballi-Dharwad,Fatima Naik
7780,13031,0,Suresh Iyengar,Surrender,2024-10-30,Ballari,Vinutha Prasad
7781,13033,0,Ravi Nayak,Surrender,2024-10-30,Belagavi,Lakshmi Murthy
7782,13035,0,Ravi Bhat,Surrender,2024-10-30,Bengaluru City,Ravi Shetty
7783,13037,0,Deepak Nayak,Arrest,2024-10-30,Bengaluru City,Nagaraj Shetty
7785,13039,0,Nagaraj Kulkarni,Arrest,2024-10-31,Mangaluru (DK),Kiran Murthy
7788,13043,0,Mary Naik,Surrender,2024-10-31,Hassan,Vinutha Murthy
7790,13045,0,Vinutha Patil,Arrest,2024-10-31,Bengaluru City,Ravi Nayak
7793,13055,0,Deepak Nayak,Arrest,2024-10-31,Hassan,Bhavana Murthy
7797,13063,0,Suresh Gowda,Arrest,2024-10-31,Bengaluru Rural,Lakshmi Patil
7798,13065,0,Manjunath Reddy,Arrest,2024-10-31,Shivamogga,Ravi Bhat
7800,13067,0,Joseph Gowda,Surrender,2024-10-31,Bengaluru City,Rekha Rao
7802,13073,0,Yashwanth Patil,Arrest,2024-10-31,Bengaluru City,Manjunath Desai
7803,13075,0,Basavaraj Hegde,Arrest,2024-10-31,Bengaluru City,Chetan Gowda
7805,13079,0,Bhavana Desai,Arrest,2024-10-31,Bengaluru Rural,Fatima Rao
7808,13085,0,Deepak Naik,Arrest,2024-10-31,Bengaluru Rural,Bhavana Rao
7810,13087,0,Vinutha Rao,Surrender,2024-10-31,Kalaburagi,Chetan Shetty
7814,13095,0,Basavaraj Rao,Surrender,2024-11-01,Hubballi-Dharwad,Basavaraj Naik
7815,13099,0,Anitha Nayak,Arrest,2024-11-01,Bengaluru City,Prakash Kumar
7817,13103,0,Girish Hegde,Arrest,2024-11-01,Bengaluru City,Prakash Desai
7819,13105,0,Manjunath Nayak,Arrest,2024-11-01,Udupi,Kiran Kumar
7821,13107,0,Kiran Naik,Arrest,2024-11-01,Bengaluru City,Lakshmi Reddy
7822,13109,0,Lakshmi Hegde,Arrest,2024-11-01,Belagavi,Imran Hegde
7825,13113,0,Basavaraj Bhat,Arrest,2024-11-01,Bengaluru City,Mary Bhat
7826,13115,0,Chetan Naik,Arrest,2024-11-01,Mysuru,Pooja Hegde
7829,13121,0,Manjunath Nayak,Arrest,2024-11-01,Bengaluru Rural,Joseph Reddy
7831,13123,0,Pooja Bhat,Arrest,2024-11-01,Mysuru,Bhavana Nayak
7834,13131,0,Suresh Murthy,Arrest,2024-11-01,Tumakuru,Imran Patil
7836,13133,0,Bhavana Prasad,Arrest,2024-11-01,Mysuru,Nagaraj Rao
7837,13135,0,Prakash Nayak,Arrest,2024-11-01,Kalaburagi,Girish Prasad
7840,13141,0,Prakash Patil,Arrest,2024-11-01,Kalaburagi,Pooja Bhat
7842,13143,0,Nagaraj Iyengar,Arrest,2024-11-01,Bengaluru Rural,Kiran Rao
7843,13145,0,Kiran Murthy,Arrest,2024-11-01,Vijayapura,Ashwini Nayak
7844,13147,0,Lakshmi Nayak,Arrest,2024-11-02,Davanagere,Girish Gowda
7847,13157,0,Ravi Reddy,Arrest,2024-11-02,Raichur,Basavaraj Kulkarni
7849,13159,0,Lakshmi Bhat,Arrest,2024-11-02,Bengaluru City,Basavaraj Iyengar
7850,13161,0,Girish Nayak,Arrest,2024-11-02,Davanagere,Suresh Desai
7855,13173,0,Shivakumar Kumar,Arrest,2024-11-02,Bengaluru City,Mary Gowda
7857,13181,0,Rekha Nayak,Arrest,2024-11-02,Shivamogga,Deepak Murthy
7859,13185,0,Bhavana Iyengar,Arrest,2024-11-02,Hassan,Girish Gowda
7861,13187,0,Anitha Desai,Arrest,2024-11-02,Vijayapura,Yashwanth Desai
7864,13191,0,Shivakumar Gowda,Arrest,2024-11-03,Kalaburagi,Bhavana Shetty
7867,13195,0,Prakash Nayak,Arrest,2024-11-03,Raichur,Mary Bhat
7868,13197,0,Prakash Iyengar,Arrest,2024-11-03,Hubballi-Dharwad,Suresh Hegde
7870,13199,0,Ravi Iyengar,Surrender,2024-11-03,Ballari,Shivakumar Desai
7872,13201,0,Girish Patil,Arrest,2024-11-03,Tumakuru,Fatima Desai
7874,13203,0,Chetan Prasad,Surrender,2024-11-03,Hubballi-Dharwad,Pooja Patil
7877,13207,0,Yashwanth Nayak,Arrest,2024-11-03,Mysuru,Prakash Hegde
7879,13209,0,Suresh Rao,Arrest,2024-11-03,Mysuru,Vinutha Shetty
7882,13213,0,Bhavana Gowda,Arrest,2024-11-03,Ballari,Ravi Shetty
7884,13217,0,Kiran Iyengar,Surrender,2024-11-03,Mangaluru (DK),Nagaraj Bhat
7886,13219,0,Kiran Prasad,Surrender,2024-11-03,Bengaluru City,Bhavana Desai
7888,13221,0,Shivakumar Bhat,Arrest,2024-11-03,Bengaluru City,Chetan Murthy
7889,13223,0,Anitha Bhat,Arrest,2024-11-03,Tumakuru,Ravi Gowda
7890,13225,0,Nagaraj Bhat,Arrest,2024-11-03,Udupi,Girish Hegde
7896,13235,0,Joseph Bhat,Arrest,2024-11-04,Ballari,Fatima Hegde
7899,13239,0,Nagaraj Nayak,Surrender,2024-11-04,Belagavi,Vinutha Gowda
7900,13241,0,Rekha Patil,Arrest,2024-11-04,Bengaluru Rural,Manjunath Patil
7904,13249,0,Pooja Nayak,Arrest,2024-11-04,Hubballi-Dharwad,Ravi Rao
7906,13251,0,Basavaraj Nayak,Arrest,2024-11-04,Bengaluru Rural,Lakshmi Shetty
7908,13253,0,Girish Bhat,Arrest,2024-11-04,Hubballi-Dharwad,Joseph Hegde
7912,13259,0,Ravi Murthy,Surrender,2024-11-04,Bengaluru City,Shivakumar Iyengar
7914,13261,0,Pooja Iyengar,Arrest,2024-11-04,Hubballi-Dharwad,Prakash Patil
7916,13265,0,Kiran Iyengar,Arrest,2024-11-04,Hubballi-Dharwad,Pooja Gowda
7918,13267,0,Girish Iyengar,Arrest,2024-11-04,Bengaluru City,Fatima Bhat
7925,13281,0,Deepak Reddy,Surrender,2024-11-05,Bengaluru City,Deepak Rao
7927,13283,0,Anitha Bhat,Arrest,2024-11-05,Bengaluru City,Girish Iyengar
7928,13287,0,Fatima Naik,Surrender,2024-11-05,Belagavi,Yashwanth Reddy
7930,13291,0,Rekha Kumar,Arrest,2024-11-05,Bengaluru City,Nagaraj Nayak
7932,13293,0,Pooja Desai,Arrest,2024-11-05,Tumakuru,Chetan Murthy
7933,13299,0,Prakash Reddy,Arrest,2024-11-05,Bengaluru Rural,Fatima Desai
7935,13301,0,Ravi Gowda,Arrest,2024-11-05,Bengaluru City,Fatima Reddy
7937,13303,0,Suresh Patil,Surrender,2024-11-05,Bengaluru City,Chetan Iyengar
7938,13305,0,Ravi Patil,Arrest,2024-11-05,Bengaluru City,Imran Bhat
7939,13307,0,Basavaraj Reddy,Arrest,2024-11-05,Kalaburagi,Rekha Kulkarni
7940,13309,0,Shivakumar Naik,Arrest,2024-11-05,Raichur,Mary Hegde
7941,13311,0,Ravi Gowda,Arrest,2024-11-05,Hassan,Yashwanth Iyengar
7942,13315,0,Anitha Kumar,Surrender,2024-11-05,Mysuru,Ravi Kumar
7943,13317,0,Manjunath Kulkarni,Arrest,2024-11-05,Bengaluru City,Rekha Bhat
7945,13319,0,Girish Shetty,Arrest,2024-11-05,Mangaluru (DK),Deepak Murthy
7947,13323,0,Shivakumar Kulkarni,Arrest,2024-11-05,Bengaluru Rural,Suresh Murthy
7948,13329,0,Rekha Bhat,Arrest,2024-11-06,Hubballi-Dharwad,Ravi Murthy
7950,13331,0,Prakash Reddy,Arrest,2024-11-06,Bengaluru City,Ravi Kumar
7952,13333,0,Prakash Reddy,Arrest,2024-11-06,Bengaluru City,Fatima Hegde
7954,13337,0,Nagaraj Patil,Arrest,2024-11-06,Bengaluru City,Vinutha Kumar
7956,13339,0,Chetan Rao,Arrest,2024-11-06,Bengaluru Rural,Pooja Bhat
7959,13345,0,Chetan Kumar,Arrest,2024-11-06,Bengaluru Rural,Joseph Naik
7961,13347,0,Shivakumar Kumar,Arrest,2024-11-06,Shivamogga,Girish Kulkarni
7963,13349,0,Nagaraj Kulkarni,Arrest,2024-11-06,Bengaluru Rural,Imran Kulkarni
7965,13351,0,Suresh Gowda,Arrest,2024-11-06,Mysuru,Rekha Reddy
7966,13353,0,Yashwanth Murthy,Arrest,2024-11-06,Bengaluru City,Imran Nayak
7968,13355,0,Nagaraj Desai,Arrest,2024-11-06,Belagavi,Yashwanth Prasad
7970,13357,0,Rekha Shetty,Arrest,2024-11-06,Raichur,Ravi Murthy
7972,13361,0,Chetan Bhat,Arrest,2024-11-06,Davanagere,Suresh Kumar
7974,13363,0,Ravi Hegde,Arrest,2024-11-06,Vijayapura,Fatima Hegde
7975,13365,0,Nagaraj Iyengar,Arrest,2024-11-06,Bengaluru City,Prakash Murthy
7977,13367,0,Ashwini Reddy,Arrest,2024-11-06,Bengaluru City,Nagaraj Shetty
7978,13369,0,Lakshmi Rao,Arrest,2024-11-06,Davanagere,Rekha Shetty
7980,13371,0,Chetan Nayak,Arrest,2024-11-06,Mangaluru (DK),Chetan Kulkarni
7982,13373,0,Vinutha Naik,Arrest,2024-11-06,Raichur,Ravi Naik
7984,13375,0,Mary Naik,Arrest,2024-11-07,Bengaluru Rural,Lakshmi Murthy
7985,13377,0,Rekha Reddy,Arrest,2024-11-07,Belagavi,Nagaraj Kulkarni
7987,13379,0,Kiran Rao,Arrest,2024-11-07,Mysuru,Pooja Shetty
7988,13383,0,Vinutha Murthy,Arrest,2024-11-07,Mysuru,Girish Shetty
7991,13387,0,Prakash Patil,Arrest,2024-11-07,Bengaluru City,Prakash Naik
7993,13389,0,Rekha Desai,Surrender,2024-11-07,Hubballi-Dharwad,Bhavana Patil
7997,13395,0,Rekha Kumar,Arrest,2024-11-07,Mysuru,Suresh Kumar
7998,13397,0,Girish Desai,Arrest,2024-11-07,Bengaluru Rural,Vinutha Kumar
8000,13399,0,Vinutha Prasad,Arrest,2024-11-07,Mangaluru (DK),Bhavana Kumar
8002,13401,0,Fatima Patil,Arrest,2024-11-07,Kalaburagi,Mary Reddy
8003,13403,0,Ashwini Patil,Arrest,2024-11-07,Vijayapura,Yashwanth Bhat
8004,13405,0,Ravi Prasad,Arrest,2024-11-07,Tumakuru,Imran Gowda
8006,13407,0,Ravi Bhat,Arrest,2024-11-07,Shivamogga,Manjunath Kumar
8007,13409,0,Bhavana Gowda,Arrest,2024-11-07,Bengaluru City,Ravi Prasad
8009,13411,0,Chetan Prasad,Arrest,2024-11-07,Hassan,Joseph Bhat
8011,13413,0,Chetan Iyengar,Arrest,2024-11-07,Bengaluru City,Lakshmi Desai
8012,13415,0,Fatima Hegde,Arrest,2024-11-07,Bengaluru City,Manjunath Bhat
8015,13421,0,Basavaraj Murthy,Arrest,2024-11-07,Shivamogga,Lakshmi Desai
8016,13423,0,Imran Nayak,Arrest,2024-11-07,Bengaluru City,Fatima Patil
8019,13427,0,Prakash Desai,Arrest,2024-11-07,Bengaluru City,Lakshmi Iyengar
8020,13429,0,Imran Murthy,Arrest,2024-11-07,Hubballi-Dharwad,Mary Naik
8021,13431,0,Manjunath Prasad,Arrest,2024-11-08,Belagavi,Rekha Rao
8023,13433,0,Anitha Desai,Arrest,2024-11-08,Bengaluru City,Yashwanth Desai
8025,13437,0,Ravi Iyengar,Arrest,2024-11-08,Mangaluru (DK),Shivakumar Kulkarni
8028,13447,0,Vinutha Shetty,Arrest,2024-11-08,Mysuru,Manjunath Murthy
8032,13455,0,Prakash Kulkarni,Arrest,2024-11-08,Bengaluru City,Ashwini Iyengar
8036,13461,0,Bhavana Gowda,Arrest,2024-11-08,Kalaburagi,Deepak Patil
8038,13463,0,Prakash Naik,Arrest,2024-11-08,Belagavi,Suresh Prasad
8040,13467,0,Kiran Kumar,Arrest,2024-11-08,Davanagere,Girish Reddy
8042,13469,0,Anitha Nayak,Arrest,2024-11-08,Belagavi,Pooja Kumar
8043,13473,0,Chetan Kulkarni,Arrest,2024-11-08,Bengaluru City,Ravi Nayak
8044,13481,0,Mary Rao,Arrest,2024-11-08,Ballari,Deepak Bhat
8046,13483,0,Suresh Iyengar,Arrest,2024-11-08,Mysuru,Shivakumar Reddy
8047,13485,0,Kiran Iyengar,Arrest,2024-11-08,Raichur,Girish Iyengar
8049,13489,0,Deepak Rao,Arrest,2024-11-08,Davanagere,Manjunath Desai
8051,13491,0,Bhavana Nayak,Arrest,2024-11-08,Bengaluru City,Basavaraj Nayak
8052,13493,0,Prakash Kulkarni,Arrest,2024-11-08,Bengaluru City,Deepak Rao
8053,13495,0,Manjunath Hegde,Arrest,2024-11-08,Belagavi,Nagaraj Kulkarni
8055,13499,0,Yashwanth Reddy,Arrest,2024-11-09,Vijayapura,Bhavana Hegde
8057,13501,0,Pooja Iyengar,Arrest,2024-11-09,Bengaluru City,Vinutha Naik
8059,13503,0,Pooja Rao,Arrest,2024-11-09,Davanagere,Joseph Bhat
8064,13511,0,Manjunath Gowda,Arrest,2024-11-09,Udupi,Yashwanth Prasad
8066,13513,0,Mary Murthy,Arrest,2024-11-09,Kalaburagi,Imran Kulkarni
8067,13515,0,Rekha Naik,Arrest,2024-11-09,Mangaluru (DK),Lakshmi Hegde
8068,13517,0,Lakshmi Desai,Arrest,2024-11-09,Raichur,Kiran Naik
8070,13519,0,Yashwanth Gowda,Arrest,2024-11-09,Davanagere,Deepak Patil
8072,13523,0,Rekha Kumar,Surrender,2024-11-09,Raichur,Girish Iyengar
8074,13525,0,Imran Kulkarni,Arrest,2024-11-09,Bengaluru City,Kiran Reddy
8076,13527,0,Mary Gowda,Surrender,2024-11-09,Shivamogga,Suresh Desai
8078,13529,0,Prakash Nayak,Arrest,2024-11-09,Bengaluru City,Chetan Patil
8080,13531,0,Ravi Reddy,Arrest,2024-11-09,Kalaburagi,Ashwini Rao
8081,13535,0,Fatima Hegde,Arrest,2024-11-09,Hubballi-Dharwad,Prakash Prasad
8083,13537,0,Joseph Gowda,Arrest,2024-11-09,Mysuru,Rekha Desai
8085,13539,0,Bhavana Shetty,Arrest,2024-11-09,Hubballi-Dharwad,Lakshmi Gowda
8086,13541,0,Lakshmi Kumar,Arrest,2024-11-09,Shivamogga,Girish Shetty
8089,13545,0,Ravi Bhat,Arrest,2024-11-09,Raichur,Anitha Kulkarni
8090,13547,0,Pooja Kumar,Arrest,2024-11-09,Kalaburagi,Suresh Desai
8092,13549,0,Prakash Iyengar,Arrest,2024-11-09,Bengaluru City,Kiran Nayak
8093,13551,0,Joseph Nayak,Surrender,2024-11-09,Raichur,Girish Prasad
8094,13553,0,Nagaraj Iyengar,Arrest,2024-11-09,Bengaluru City,Deepak Nayak
8095,13555,0,Lakshmi Kulkarni,Arrest,2024-11-10,Davanagere,Anitha Desai
8097,13557,0,Yashwanth Murthy,Arrest,2024-11-10,Hassan,Basavaraj Prasad
8098,13559,0,Anitha Rao,Arrest,2024-11-10,Shivamogga,Lakshmi Hegde
8100,13561,0,Prakash Patil,Arrest,2024-11-10,Bengaluru City,Prakash Gowda
8102,13563,0,Ravi Reddy,Surrender,2024-11-10,Raichur,Mary Gowda
8104,13569,0,Fatima Desai,Arrest,2024-11-10,Bengaluru Rural,Joseph Gowda
8106,13571,0,Imran Murthy,Arrest,2024-11-10,Kalaburagi,Girish Desai
8109,13577,0,Chetan Patil,Arrest,2024-11-10,Hubballi-Dharwad,Nagaraj Hegde
8110,13579,0,Rekha Kulkarni,Arrest,2024-11-10,Kalaburagi,Pooja Hegde
8113,13583,0,Rekha Patil,Arrest,2024-11-10,Mangaluru (DK),Manjunath Patil
8115,13585,0,Pooja Patil,Surrender,2024-11-10,Mysuru,Girish Kulkarni
8118,13589,0,Chetan Gowda,Arrest,2024-11-10,Davanagere,Shivakumar Nayak
8121,13595,0,Vinutha Patil,Arrest,2024-11-10,Hassan,Yashwanth Kulkarni
8124,13599,0,Manjunath Nayak,Arrest,2024-11-10,Mysuru,Imran Bhat
8126,13603,0,Prakash Bhat,Arrest,2024-11-10,Mangaluru (DK),Joseph Murthy
8128,13605,0,Nagaraj Reddy,Arrest,2024-11-11,Bengaluru City,Shivakumar Gowda
8130,13607,0,Ravi Nayak,Arrest,2024-11-11,Bengaluru City,Nagaraj Murthy
8131,13609,0,Fatima Iyengar,Surrender,2024-11-11,Mysuru,Mary Naik
8133,13611,0,Rekha Kulkarni,Arrest,2024-11-11,Hubballi-Dharwad,Fatima Kumar
8134,13613,0,Prakash Iyengar,Arrest,2024-11-11,Mysuru,Prakash Nayak
8138,13621,0,Deepak Gowda,Arrest,2024-11-11,Tumakuru,Suresh Gowda
8140,13623,0,Basavaraj Gowda,Arrest,2024-11-11,Kalaburagi,Imran Hegde
8143,13627,0,Girish Nayak,Arrest,2024-11-11,Shivamogga,Kiran Kulkarni
8145,13629,0,Fatima Patil,Arrest,2024-11-11,Bengaluru City,Lakshmi Naik
8147,13631,0,Ashwini Naik,Arrest,2024-11-11,Bengaluru City,Mary Kumar
8149,13637,0,Lakshmi Reddy,Arrest,2024-11-11,Bengaluru City,Ravi Shetty
8151,13641,0,Fatima Rao,Surrender,2024-11-11,Tumakuru,Joseph Murthy
8153,13645,0,Joseph Murthy,Arrest,2024-11-11,Hassan,Chetan Rao
8155,13647,0,Suresh Rao,Arrest,2024-11-11,Bengaluru Rural,Ravi Hegde
8157,13649,0,Lakshmi Gowda,Arrest,2024-11-11,Raichur,Nagaraj Iyengar
8159,13653,0,Girish Shetty,Arrest,2024-11-12,Bengaluru City,Vinutha Hegde
8160,13655,0,Nagaraj Hegde,Arrest,2024-11-12,Ballari,Manjunath Shetty
8162,13657,0,Girish Bhat,Arrest,2024-11-12,Hassan,Shivakumar Nayak
8163,13659,0,Manjunath Rao,Arrest,2024-11-12,Bengaluru Rural,Ashwini Kulkarni
8164,13661,0,Imran Murthy,Arrest,2024-11-12,Vijayapura,Deepak Bhat
8168,13669,0,Basavaraj Prasad,Arrest,2024-11-12,Kalaburagi,Girish Desai
8170,13673,0,Yashwanth Patil,Arrest,2024-11-12,Mysuru,Ravi Patil
8173,13677,0,Mary Murthy,Arrest,2024-11-12,Shivamogga,Shivakumar Hegde
8174,13679,0,Basavaraj Rao,Arrest,2024-11-12,Tumakuru,Nagaraj Reddy
8177,13685,0,Nagaraj Prasad,Arrest,2024-11-12,Mysuru,Ashwini Prasad
8179,13687,0,Vinutha Reddy,Arrest,2024-11-12,Bengaluru City,Mary Naik
8180,13689,0,Rekha Shetty,Arrest,2024-11-12,Bengaluru Rural,Imran Hegde
8183,13695,0,Manjunath Prasad,Arrest,2024-11-12,Udupi,Nagaraj Rao
8184,13697,0,Pooja Prasad,Surrender,2024-11-12,Bengaluru Rural,Suresh Naik
8187,13705,0,Ravi Hegde,Surrender,2024-11-12,Davanagere,Joseph Gowda
8190,13709,0,Deepak Iyengar,Arrest,2024-11-12,Raichur,Suresh Naik
8192,13711,0,Nagaraj Bhat,Arrest,2024-11-12,Belagavi,Deepak Reddy
8194,13713,0,Shivakumar Shetty,Arrest,2024-11-13,Tumakuru,Imran Shetty
8195,13717,0,Kiran Patil,Arrest,2024-11-13,Bengaluru Rural,Basavaraj Desai
8198,13723,0,Rekha Murthy,Arrest,2024-11-13,Mysuru,Lakshmi Kulkarni
8200,13725,0,Rekha Iyengar,Arrest,2024-11-13,Mysuru,Bhavana Naik
8201,13727,0,Chetan Gowda,Arrest,2024-11-13,Mangaluru (DK),Nagaraj Rao
8203,13729,0,Fatima Desai,Arrest,2024-11-13,Hubballi-Dharwad,Nagaraj Murthy
8205,13731,0,Imran Desai,Arrest,2024-11-13,Bengaluru City,Suresh Nayak
8206,13733,0,Nagaraj Nayak,Arrest,2024-11-13,Ballari,Yashwanth Prasad
8208,13735,0,Lakshmi Shetty,Arrest,2024-11-13,Bengaluru Rural,Deepak Bhat
8210,13741,0,Lakshmi Nayak,Arrest,2024-11-13,Hubballi-Dharwad,Ashwini Desai
8212,13743,0,Joseph Kulkarni,Arrest,2024-11-13,Tumakuru,Chetan Desai
8214,13749,0,Shivakumar Nayak,Arrest,2024-11-13,Raichur,Joseph Bhat
8215,13751,0,Nagaraj Rao,Arrest,2024-11-13,Shivamogga,Lakshmi Gowda
8217,13753,0,Kiran Nayak,Arrest,2024-11-13,Ballari,Mary Kumar
8219,13757,0,Prakash Gowda,Arrest,2024-11-13,Davanagere,Prakash Rao
8221,13759,0,Imran Reddy,Arrest,2024-11-13,Mysuru,Nagaraj Murthy
8223,13761,0,Manjunath Reddy,Arrest,2024-11-13,Mysuru,Chetan Prasad
8224,13763,0,Deepak Rao,Arrest,2024-11-13,Hubballi-Dharwad,Lakshmi Iyengar
8226,13765,0,Shivakumar Prasad,Surrender,2024-11-13,Mysuru,Ravi Prasad
8230,13773,0,Bhavana Patil,Surrender,2024-11-14,Shivamogga,Lakshmi Naik
8232,13775,0,Vinutha Hegde,Arrest,2024-11-14,Vijayapura,Ravi Patil
8234,13777,0,Suresh Kumar,Arrest,2024-11-14,Mysuru,Manjunath Kulkarni
8236,13779,0,Suresh Naik,Arrest,2024-11-14,Bengaluru City,Lakshmi Iyengar
8238,13785,0,Mary Naik,Surrender,2024-11-14,Davanagere,Manjunath Bhat
8240,13791,0,Shivakumar Nayak,Arrest,2024-11-14,Tumakuru,Pooja Rao
8241,13793,0,Fatima Reddy,Arrest,2024-11-14,Hubballi-Dharwad,Nagaraj Murthy
8242,13795,0,Bhavana Gowda,Arrest,2024-11-14,Mysuru,Chetan Reddy
8243,13797,0,Shivakumar Shetty,Arrest,2024-11-14,Ballari,Kiran Kulkarni
8245,13801,0,Suresh Nayak,Arrest,2024-11-14,Hassan,Imran Prasad
8246,13803,0,Deepak Naik,Arrest,2024-11-14,Ballari,Suresh Naik
8249,13809,0,Anitha Desai,Surrender,2024-11-14,Kalaburagi,Manjunath Murthy
8252,13815,0,Fatima Gowda,Arrest,2024-11-14,Kalaburagi,Anitha Nayak
8254,13817,0,Girish Rao,Arrest,2024-11-14,Mangaluru (DK),Girish Patil
8256,13819,0,Rekha Reddy,Arrest,2024-11-14,Mangaluru (DK),Vinutha Shetty
8259,13825,0,Manjunath Bhat,Arrest,2024-11-14,Mangaluru (DK),Manjunath Reddy
8261,13827,0,Prakash Shetty,Arrest,2024-11-15,Bengaluru City,Prakash Desai
8262,13829,0,Yashwanth Murthy,Surrender,2024-11-15,Hassan,Joseph Kulkarni
8263,13831,0,Suresh Patil,Arrest,2024-11-15,Hubballi-Dharwad,Suresh Shetty
8264,13833,0,Manjunath Desai,Arrest,2024-11-15,Ballari,Rekha Gowda
8267,13837,0,Ashwini Kulkarni,Surrender,2024-11-15,Ballari,Nagaraj Kulkarni
8268,13839,0,Ravi Desai,Arrest,2024-11-15,Udupi,Nagaraj Naik
8270,13843,0,Girish Prasad,Arrest,2024-11-15,Bengaluru City,Imran Desai
8272,13847,0,Vinutha Bhat,Arrest,2024-11-15,Tumakuru,Suresh Naik
8273,13853,0,Deepak Prasad,Surrender,2024-11-15,Bengaluru City,Deepak Hegde
8276,13857,0,Vinutha Nayak,Surrender,2024-11-15,Tumakuru,Vinutha Patil
8279,13863,0,Manjunath Naik,Arrest,2024-11-15,Hassan,Ashwini Iyengar
8280,13865,0,Suresh Patil,Surrender,2024-11-15,Mysuru,Nagaraj Patil
8281,13867,0,Nagaraj Kumar,Arrest,2024-11-15,Hubballi-Dharwad,Prakash Bhat
8285,13873,0,Basavaraj Nayak,Surrender,2024-11-15,Belagavi,Pooja Kumar
8287,13877,0,Ashwini Desai,Arrest,2024-11-16,Vijayapura,Rekha Nayak
8290,13881,0,Manjunath Patil,Surrender,2024-11-16,Mysuru,Nagaraj Kulkarni
8292,13883,0,Bhavana Murthy,Arrest,2024-11-16,Bengaluru City,Pooja Reddy
8293,13887,0,Chetan Reddy,Surrender,2024-11-16,Kalaburagi,Yashwanth Nayak
8296,13891,0,Bhavana Nayak,Arrest,2024-11-16,Bengaluru Rural,Joseph Naik
8298,13893,0,Ravi Kumar,Arrest,2024-11-16,Raichur,Kiran Murthy
8301,13897,0,Manjunath Iyengar,Arrest,2024-11-16,Ballari,Mary Naik
8302,13899,0,Prakash Murthy,Arrest,2024-11-16,Ballari,Fatima Iyengar
8304,13903,0,Chetan Patil,Arrest,2024-11-16,Bengaluru City,Ravi Iyengar
8305,13905,0,Chetan Bhat,Arrest,2024-11-16,Bengaluru City,Bhavana Bhat
8307,13907,0,Rekha Shetty,Arrest,2024-11-16,Kalaburagi,Bhavana Murthy
8310,13911,0,Rekha Gowda,Arrest,2024-11-16,Mysuru,Fatima Patil
8311,13913,0,Kiran Desai,Arrest,2024-11-16,Belagavi,Deepak Shetty
8312,13915,0,Manjunath Hegde,Arrest,2024-11-16,Udupi,Rekha Rao
8314,13917,0,Kiran Shetty,Arrest,2024-11-16,Bengaluru City,Bhavana Rao
8315,13919,0,Mary Kumar,Arrest,2024-11-16,Mysuru,Vinutha Kumar
8316,13921,0,Basavaraj Rao,Arrest,2024-11-16,Bengaluru City,Anitha Prasad
8318,13923,0,Shivakumar Shetty,Arrest,2024-11-16,Bengaluru Rural,Joseph Iyengar
8321,13927,0,Imran Reddy,Surrender,2024-11-16,Hassan,Yashwanth Naik
8323,13929,0,Prakash Prasad,Arrest,2024-11-16,Belagavi,Imran Prasad
8324,13931,0,Ashwini Desai,Arrest,2024-11-16,Belagavi,Deepak Rao
8326,13933,0,Shivakumar Shetty,Arrest,2024-11-16,Bengaluru City,Pooja Patil
8327,13937,0,Kiran Rao,Arrest,2024-11-17,Bengaluru City,Prakash Shetty
8328,13939,0,Pooja Hegde,Surrender,2024-11-17,Tumakuru,Suresh Murthy
8330,13941,0,Shivakumar Prasad,Arrest,2024-11-17,Kalaburagi,Manjunath Kumar
8332,13943,0,Deepak Iyengar,Arrest,2024-11-17,Bengaluru City,Pooja Murthy
8334,13945,0,Suresh Nayak,Arrest,2024-11-17,Mangaluru (DK),Joseph Kumar
8335,13947,0,Manjunath Kumar,Surrender,2024-11-17,Davanagere,Chetan Shetty
8337,13949,0,Lakshmi Kumar,Arrest,2024-11-17,Mangaluru (DK),Girish Prasad
8339,13951,0,Manjunath Patil,Arrest,2024-11-17,Belagavi,Suresh Patil
8341,13953,0,Joseph Nayak,Arrest,2024-11-17,Kalaburagi,Rekha Kumar
8343,13959,0,Shivakumar Kulkarni,Arrest,2024-11-17,Belagavi,Vinutha Kulkarni
8344,13961,0,Anitha Prasad,Arrest,2024-11-17,Ballari,Lakshmi Iyengar
8345,13963,0,Mary Kulkarni,Arrest,2024-11-17,Ballari,Rekha Hegde
8346,13965,0,Chetan Reddy,Arrest,2024-11-17,Hubballi-Dharwad,Fatima Kumar
8348,13967,0,Basavaraj Nayak,Arrest,2024-11-17,Bengaluru City,Vinutha Kumar
8350,13969,0,Vinutha Naik,Arrest,2024-11-17,Davanagere,Kiran Naik
8352,13971,0,Shivakumar Gowda,Arrest,2024-11-17,Davanagere,Deepak Bhat
8353,13973,0,Bhavana Shetty,Arrest,2024-11-17,Belagavi,Ravi Naik
8354,13975,0,Joseph Hegde,Arrest,2024-11-18,Bengaluru City,Fatima Nayak
8358,13981,0,Deepak Iyengar,Arrest,2024-11-18,Bengaluru City,Mary Reddy
8361,13987,0,Imran Desai,Arrest,2024-11-18,Raichur,Anitha Naik
8364,13991,0,Shivakumar Hegde,Arrest,2024-11-18,Tumakuru,Anitha Nayak
8365,13993,0,Shivakumar Patil,Arrest,2024-11-18,Belagavi,Girish Naik
8368,13997,0,Lakshmi Murthy,Arrest,2024-11-18,Bengaluru City,Basavaraj Naik
8371,14001,0,Girish Gowda,Surrender,2024-11-18,Hubballi-Dharwad,Imran Patil
8373,14003,0,Imran Murthy,Arrest,2024-11-18,Belagavi,Basavaraj Rao
8375,14007,0,Rekha Shetty,Surrender,2024-11-18,Shivamogga,Fatima Kulkarni
8377,14009,0,Ravi Naik,Arrest,2024-11-18,Tumakuru,Chetan Bhat
8379,14011,0,Prakash Murthy,Arrest,2024-11-18,Bengaluru City,Anitha Hegde
8380,14013,0,Anitha Patil,Arrest,2024-11-18,Kalaburagi,Bhavana Murthy
8383,14017,0,Pooja Iyengar,Arrest,2024-11-18,Belagavi,Girish Shetty
8386,14023,0,Bhavana Kulkarni,Surrender,2024-11-18,Belagavi,Manjunath Kulkarni
8387,14025,0,Kiran Nayak,Arrest,2024-11-18,Tumakuru,Manjunath Prasad
8389,14027,0,Anitha Patil,Arrest,2024-11-19,Bengaluru City,Shivakumar Reddy
8392,14031,0,Prakash Desai,Arrest,2024-11-19,Bengaluru Rural,Vinutha Naik
8394,14033,0,Yashwanth Kumar,Arrest,2024-11-19,Bengaluru City,Deepak Iyengar
8395,14035,0,Pooja Iyengar,Arrest,2024-11-19,Mysuru,Shivakumar Murthy
8397,14037,0,Kiran Shetty,Arrest,2024-11-19,Ballari,Joseph Prasad
8399,14039,0,Chetan Gowda,Surrender,2024-11-19,Tumakuru,Yashwanth Naik
8401,14041,0,Girish Bhat,Arrest,2024-11-19,Hassan,Suresh Kulkarni
8403,14043,0,Vinutha Murthy,Arrest,2024-11-19,Bengaluru City,Joseph Kulkarni
8405,14047,0,Fatima Nayak,Arrest,2024-11-19,Davanagere,Bhavana Bhat
8406,14051,0,Basavaraj Rao,Arrest,2024-11-19,Hassan,Prakash Reddy
8407,14053,0,Suresh Patil,Arrest,2024-11-19,Udupi,Chetan Prasad
8409,14055,0,Suresh Prasad,Arrest,2024-11-19,Belagavi,Pooja Rao
8410,14057,0,Ashwini Desai,Arrest,2024-11-19,Ballari,Ravi Murthy
8411,14059,0,Yashwanth Desai,Surrender,2024-11-19,Bengaluru City,Shivakumar Shetty
8412,14061,0,Anitha Patil,Surrender,2024-11-19,Ballari,Yashwanth Iyengar
8415,14067,0,Vinutha Bhat,Arrest,2024-11-19,Hubballi-Dharwad,Lakshmi Gowda
8417,14069,0,Nagaraj Kumar,Surrender,2024-11-19,Davanagere,Lakshmi Kulkarni
8419,14071,0,Ashwini Gowda,Arrest,2024-11-19,Bengaluru City,Imran Gowda
8420,14073,0,Ravi Hegde,Arrest,2024-11-19,Udupi,Bhavana Rao
8422,14075,0,Anitha Hegde,Arrest,2024-11-19,Tumakuru,Basavaraj Kumar
8425,14081,0,Basavaraj Kumar,Arrest,2024-11-20,Mangaluru (DK),Imran Patil
8427,14085,0,Chetan Kulkarni,Arrest,2024-11-20,Bengaluru City,Shivakumar Hegde
8429,14087,0,Prakash Reddy,Arrest,2024-11-20,Kalaburagi,Vinutha Prasad
8431,14089,0,Ravi Patil,Arrest,2024-11-20,Davanagere,Ravi Prasad
8433,14093,0,Lakshmi Patil,Arrest,2024-11-20,Bengaluru Rural,Vinutha Reddy
8436,14097,0,Chetan Bhat,Arrest,2024-11-20,Davanagere,Ashwini Kulkarni
8440,14105,0,Lakshmi Kulkarni,Arrest,2024-11-20,Mysuru,Prakash Desai
8441,14107,0,Nagaraj Hegde,Arrest,2024-11-20,Vijayapura,Prakash Rao
8443,14113,0,Ravi Nayak,Arrest,2024-11-20,Bengaluru City,Imran Iyengar
8444,14115,0,Lakshmi Kulkarni,Arrest,2024-11-20,Tumakuru,Ashwini Rao
8446,14117,0,Girish Bhat,Arrest,2024-11-20,Mangaluru (DK),Anitha Gowda
8448,14121,0,Manjunath Murthy,Arrest,2024-11-20,Belagavi,Basavaraj Shetty
8450,14123,0,Ashwini Bhat,Arrest,2024-11-20,Udupi,Manjunath Desai
8451,14125,0,Lakshmi Patil,Surrender,2024-11-20,Bengaluru City,Yashwanth Nayak
8454,14129,0,Yashwanth Kulkarni,Arrest,2024-11-20,Hassan,Anitha Kulkarni
8456,14131,0,Prakash Naik,Arrest,2024-11-21,Bengaluru City,Prakash Gowda
8458,14133,0,Rekha Naik,Surrender,2024-11-21,Bengaluru City,Kiran Reddy
8460,14135,0,Rekha Reddy,Arrest,2024-11-21,Davanagere,Anitha Kumar
8461,14137,0,Suresh Prasad,Arrest,2024-11-21,Bengaluru City,Yashwanth Nayak
8464,14143,0,Basavaraj Nayak,Surrender,2024-11-21,Bengaluru City,Pooja Gowda
8466,14145,0,Imran Gowda,Arrest,2024-11-21,Vijayapura,Rekha Hegde
8468,14147,0,Deepak Prasad,Arrest,2024-11-21,Tumakuru,Mary Patil
8470,14149,0,Rekha Bhat,Arrest,2024-11-21,Bengaluru City,Suresh Shetty
8472,14151,0,Mary Reddy,Arrest,2024-11-21,Hubballi-Dharwad,Shivakumar Kumar
8474,14153,0,Fatima Iyengar,Surrender,2024-11-21,Hassan,Mary Kulkarni
8476,14155,0,Deepak Reddy,Arrest,2024-11-21,Bengaluru Rural,Yashwanth Iyengar
8480,14163,0,Ashwini Shetty,Arrest,2024-11-21,Tumakuru,Prakash Kumar
8483,14169,0,Prakash Prasad,Arrest,2024-11-21,Mysuru,Kiran Bhat
8488,14177,0,Manjunath Patil,Arrest,2024-11-21,Mysuru,Lakshmi Reddy
8489,14179,0,Imran Gowda,Arrest,2024-11-21,Bengaluru City,Prakash Rao
8492,14183,0,Vinutha Rao,Arrest,2024-11-22,Kalaburagi,Nagaraj Kulkarni
8493,14185,0,Basavaraj Gowda,Arrest,2024-11-22,Belagavi,Mary Kumar
8494,14187,0,Vinutha Rao,Arrest,2024-11-22,Tumakuru,Basavaraj Bhat
8498,14193,0,Lakshmi Nayak,Arrest,2024-11-22,Bengaluru City,Shivakumar Rao
8501,14197,0,Rekha Kumar,Arrest,2024-11-22,Kalaburagi,Shivakumar Prasad
8502,14199,0,Anitha Nayak,Arrest,2024-11-22,Bengaluru Rural,Mary Desai
8503,14201,0,Anitha Naik,Arrest,2024-11-22,Shivamogga,Imran Patil
8505,14205,0,Imran Murthy,Surrender,2024-11-22,Bengaluru City,Imran Shetty
8506,14207,0,Joseph Reddy,Arrest,2024-11-22,Bengaluru City,Ashwini Shetty
8508,14211,0,Mary Patil,Arrest,2024-11-22,Shivamogga,Nagaraj Kumar
8509,14217,0,Imran Desai,Arrest,2024-11-22,Hassan,Yashwanth Patil
8511,14219,0,Rekha Shetty,Arrest,2024-11-22,Hassan,Anitha Gowda
8512,14221,0,Rekha Rao,Arrest,2024-11-22,Tumakuru,Manjunath Patil
8513,14225,0,Chetan Hegde,Arrest,2024-11-22,Belagavi,Nagaraj Rao
8515,14227,0,Rekha Gowda,Arrest,2024-11-22,Belagavi,Basavaraj Kulkarni
8516,14229,0,Girish Murthy,Arrest,2024-11-22,Mangaluru (DK),Yashwanth Prasad
8518,14231,0,Manjunath Kulkarni,Arrest,2024-11-22,Bengaluru City,Vinutha Gowda
8520,14233,0,Ashwini Reddy,Arrest,2024-11-22,Davanagere,Prakash Murthy
8522,14235,0,Kiran Reddy,Arrest,2024-11-23,Tumakuru,Ashwini Shetty
8524,14237,0,Joseph Rao,Arrest,2024-11-23,Tumakuru,Rekha Kumar
8526,14243,0,Yashwanth Patil,Arrest,2024-11-23,Bengaluru City,Shivakumar Patil
8528,14245,0,Prakash Rao,Arrest,2024-11-23,Mangaluru (DK),Ashwini Hegde
8530,14247,0,Suresh Kumar,Arrest,2024-11-23,Bengaluru City,Kiran Kumar
8532,14249,0,Basavaraj Kumar,Arrest,2024-11-23,Mangaluru (DK),Basavaraj Iyengar
8534,14251,0,Pooja Reddy,Arrest,2024-11-23,Kalaburagi,Vinutha Patil
8537,14255,0,Mary Kulkarni,Arrest,2024-11-23,Tumakuru,Ashwini Kulkarni
8539,14257,0,Manjunath Shetty,Arrest,2024-11-23,Ballari,Kiran Shetty
8540,14259,0,Deepak Murthy,Surrender,2024-11-23,Shivamogga,Mary Shetty
8541,14261,0,Prakash Hegde,Arrest,2024-11-23,Udupi,Anitha Murthy
8543,14263,0,Lakshmi Kumar,Arrest,2024-11-23,Bengaluru City,Basavaraj Bhat
8544,14265,0,Nagaraj Iyengar,Arrest,2024-11-23,Hubballi-Dharwad,Manjunath Murthy
8546,14267,0,Pooja Iyengar,Arrest,2024-11-23,Kalaburagi,Girish Murthy
8547,14269,0,Yashwanth Bhat,Arrest,2024-11-23,Shivamogga,Bhavana Rao
8549,14271,0,Mary Iyengar,Arrest,2024-11-23,Mangaluru (DK),Prakash Prasad
8553,14277,0,Manjunath Gowda,Arrest,2024-11-23,Bengaluru City,Shivakumar Iyengar
8555,14281,0,Anitha Prasad,Arrest,2024-11-23,Raichur,Mary Patil
8556,14283,0,Mary Murthy,Arrest,2024-11-23,Hubballi-Dharwad,Ravi Hegde
8558,14285,0,Fatima Nayak,Arrest,2024-11-24,Mysuru,Ashwini Kulkarni
8561,14289,0,Kiran Reddy,Arrest,2024-11-24,Bengaluru City,Vinutha Iyengar
8563,14293,0,Suresh Reddy,Arrest,2024-11-24,Belagavi,Basavaraj Gowda
8564,14295,0,Rekha Murthy,Arrest,2024-11-24,Bengaluru City,Basavaraj Kumar
8566,14299,0,Imran Bhat,Arrest,2024-11-24,Mysuru,Manjunath Shetty
8568,14301,0,Nagaraj Rao,Surrender,2024-11-24,Kalaburagi,Deepak Hegde
8570,14305,0,Kiran Bhat,Arrest,2024-11-24,Kalaburagi,Girish Shetty
8572,14307,0,Fatima Shetty,Arrest,2024-11-24,Bengaluru Rural,Anitha Desai
8574,14309,0,Yashwanth Patil,Arrest,2024-11-24,Bengaluru City,Kiran Murthy
8576,14311,0,Joseph Iyengar,Arrest,2024-11-24,Hassan,Pooja Reddy
8578,14315,0,Fatima Patil,Arrest,2024-11-24,Bengaluru City,Basavaraj Prasad
8580,14317,0,Shivakumar Prasad,Arrest,2024-11-24,Ballari,Girish Patil
8584,14323,0,Suresh Iyengar,Arrest,2024-11-25,Raichur,Ravi Reddy
8586,14325,0,Lakshmi Gowda,Surrender,2024-11-25,Vijayapura,Manjunath Gowda
8589,14331,0,Rekha Iyengar,Arrest,2024-11-25,Bengaluru City,Chetan Iyengar
8591,14335,0,Lakshmi Gowda,Arrest,2024-11-25,Mysuru,Fatima Rao
8593,14337,0,Bhavana Nayak,Arrest,2024-11-25,Shivamogga,Vinutha Iyengar
8595,14339,0,Nagaraj Prasad,Arrest,2024-11-25,Mangaluru (DK),Ashwini Prasad
8597,14341,0,Lakshmi Patil,Surrender,2024-11-25,Udupi,Nagaraj Kulkarni
8599,14345,0,Rekha Bhat,Arrest,2024-11-25,Bengaluru City,Deepak Murthy
8603,14353,0,Prakash Kulkarni,Arrest,2024-11-25,Belagavi,Anitha Reddy
8605,14355,0,Imran Bhat,Arrest,2024-11-25,Bengaluru City,Imran Desai
8607,14357,0,Pooja Iyengar,Arrest,2024-11-25,Bengaluru City,Kiran Kulkarni
8610,14361,0,Kiran Nayak,Arrest,2024-11-25,Bengaluru City,Nagaraj Naik
8612,14367,0,Manjunath Desai,Arrest,2024-11-25,Mysuru,Imran Iyengar
8616,14373,0,Ashwini Nayak,Arrest,2024-11-26,Bengaluru City,Deepak Nayak
8618,14377,0,Fatima Bhat,Arrest,2024-11-26,Ballari,Basavaraj Iyengar
8620,14379,0,Prakash Iyengar,Arrest,2024-11-26,Mysuru,Kiran Iyengar
8624,14387,0,Suresh Murthy,Arrest,2024-11-26,Hubballi-Dharwad,Shivakumar Rao
8626,14389,0,Anitha Naik,Arrest,2024-11-26,Hubballi-Dharwad,Fatima Kumar
8628,14393,0,Deepak Kulkarni,Surrender,2024-11-26,Vijayapura,Fatima Hegde
8630,14395,0,Lakshmi Nayak,Arrest,2024-11-26,Udupi,Fatima Shetty
8632,14397,0,Chetan Shetty,Arrest,2024-11-26,Hubballi-Dharwad,Fatima Kumar
8634,14401,0,Shivakumar Shetty,Arrest,2024-11-26,Tumakuru,Suresh Kumar
8635,14403,0,Deepak Patil,Arrest,2024-11-26,Kalaburagi,Nagaraj Kulkarni
8636,14405,0,Fatima Rao,Arrest,2024-11-26,Bengaluru City,Deepak Prasad
8638,14407,0,Deepak Kulkarni,Arrest,2024-11-26,Kalaburagi,Manjunath Nayak
8640,14409,0,Mary Shetty,Arrest,2024-11-26,Mysuru,Bhavana Reddy
8642,14411,0,Shivakumar Bhat,Arrest,2024-11-27,Davanagere,Basavaraj Bhat
8644,14413,0,Girish Hegde,Arrest,2024-11-27,Tumakuru,Rekha Murthy
8645,14415,0,Suresh Patil,Arrest,2024-11-27,Shivamogga,Nagaraj Reddy
8646,14417,0,Mary Naik,Arrest,2024-11-27,Kalaburagi,Nagaraj Shetty
8648,14421,0,Joseph Prasad,Arrest,2024-11-27,Bengaluru City,Lakshmi Kulkarni
8650,14423,0,Suresh Rao,Surrender,2024-11-27,Bengaluru City,Deepak Patil
8653,14429,0,Pooja Kulkarni,Arrest,2024-11-27,Mysuru,Ravi Murthy
8659,14447,0,Basavaraj Desai,Surrender,2024-11-27,Bengaluru Rural,Prakash Iyengar
8661,14449,0,Suresh Desai,Arrest,2024-11-28,Vijayapura,Ravi Desai
8664,14453,0,Girish Kumar,Arrest,2024-11-28,Vijayapura,Ravi Kulkarni
8666,14459,0,Girish Prasad,Arrest,2024-11-28,Bengaluru City,Yashwanth Gowda
8668,14461,0,Ashwini Gowda,Arrest,2024-11-28,Tumakuru,Imran Reddy
8670,14463,0,Mary Prasad,Arrest,2024-11-28,Bengaluru Rural,Rekha Kulkarni
8672,14465,0,Mary Desai,Arrest,2024-11-28,Bengaluru City,Mary Reddy
8674,14467,0,Fatima Desai,Arrest,2024-11-28,Shivamogga,Ravi Iyengar
8677,14473,0,Manjunath Reddy,Arrest,2024-11-28,Bengaluru City,Ashwini Kumar
8679,14475,0,Suresh Reddy,Arrest,2024-11-28,Kalaburagi,Yashwanth Kumar
8681,14477,0,Nagaraj Gowda,Arrest,2024-11-28,Bengaluru City,Basavaraj Shetty
8683,14479,0,Mary Murthy,Arrest,2024-11-28,Bengaluru City,Shivakumar Gowda
8684,14481,0,Chetan Shetty,Arrest,2024-11-28,Hubballi-Dharwad,Ashwini Patil
8686,14485,0,Mary Naik,Arrest,2024-11-28,Shivamogga,Mary Patil
8689,14489,0,Deepak Prasad,Surrender,2024-11-28,Bengaluru City,Ravi Bhat
8691,14491,0,Chetan Nayak,Arrest,2024-11-28,Mangaluru (DK),Chetan Patil
8693,14493,0,Rekha Desai,Surrender,2024-11-28,Kalaburagi,Manjunath Rao
8695,14495,0,Bhavana Kulkarni,Arrest,2024-11-28,Bengaluru City,Suresh Nayak
8698,14499,0,Anitha Shetty,Surrender,2024-11-29,Vijayapura,Vinutha Iyengar
8699,14501,0,Chetan Kumar,Arrest,2024-11-29,Udupi,Shivakumar Prasad
8701,14503,0,Manjunath Patil,Arrest,2024-11-29,Udupi,Prakash Kumar
8704,14507,0,Suresh Nayak,Arrest,2024-11-29,Belagavi,Suresh Naik
8705,14509,0,Shivakumar Kumar,Arrest,2024-11-29,Mangaluru (DK),Imran Reddy
8707,14511,0,Kiran Hegde,Surrender,2024-11-29,Shivamogga,Anitha Bhat
8709,14515,0,Pooja Patil,Arrest,2024-11-29,Bengaluru City,Lakshmi Hegde
8711,14517,0,Suresh Gowda,Arrest,2024-11-29,Bengaluru City,Ashwini Naik
8713,14519,0,Rekha Kulkarni,Arrest,2024-11-29,Bengaluru City,Pooja Shetty
8716,14523,0,Girish Iyengar,Arrest,2024-11-29,Hubballi-Dharwad,Ashwini Rao
8719,14527,0,Suresh Nayak,Arrest,2024-11-29,Udupi,Anitha Nayak
8721,14529,0,Imran Shetty,Arrest,2024-11-29,Bengaluru City,Prakash Kumar
8723,14531,0,Nagaraj Kumar,Arrest,2024-11-29,Hassan,Prakash Nayak
8725,14533,0,Yashwanth Reddy,Arrest,2024-11-29,Belagavi,Ravi Hegde
8726,14535,0,Shivakumar Kulkarni,Arrest,2024-11-29,Mangaluru (DK),Ravi Desai
8729,14539,0,Basavaraj Rao,Arrest,2024-11-29,Davanagere,Chetan Bhat
8732,14543,0,Nagaraj Rao,Arrest,2024-11-29,Vijayapura,Bhavana Nayak
8733,14547,0,Girish Desai,Arrest,2024-11-29,Kalaburagi,Imran Patil
8736,14551,0,Bhavana Shetty,Arrest,2024-11-29,Tumakuru,Deepak Shetty
8738,14553,0,Kiran Kumar,Arrest,2024-11-29,Mangaluru (DK),Chetan Kumar
8740,14555,0,Suresh Kulkarni,Arrest,2024-11-29,Belagavi,Anitha Prasad
8744,14561,0,Prakash Naik,Arrest,2024-11-30,Bengaluru Rural,Pooja Bhat
8745,14563,0,Manjunath Desai,Surrender,2024-11-30,Shivamogga,Chetan Gowda
8746,14565,0,Ashwini Kulkarni,Arrest,2024-11-30,Mangaluru (DK),Chetan Iyengar
8748,14567,0,Nagaraj Prasad,Arrest,2024-11-30,Bengaluru City,Deepak Gowda
8750,14571,0,Shivakumar Naik,Arrest,2024-11-30,Raichur,Fatima Rao
8751,14573,0,Mary Murthy,Arrest,2024-11-30,Bengaluru City,Shivakumar Kulkarni
8753,14577,0,Shivakumar Nayak,Arrest,2024-11-30,Belagavi,Imran Desai
8756,14581,0,Deepak Shetty,Arrest,2024-11-30,Shivamogga,Shivakumar Gowda
8759,14585,0,Chetan Rao,Arrest,2024-11-30,Raichur,Joseph Kulkarni
8761,14587,0,Mary Kulkarni,Arrest,2024-11-30,Bengaluru City,Fatima Prasad
8764,14593,0,Ravi Prasad,Arrest,2024-11-30,Vijayapura,Ashwini Nayak
8766,14595,0,Vinutha Gowda,Arrest,2024-11-30,Bengaluru Rural,Lakshmi Murthy
8770,14603,0,Prakash Kulkarni,Arrest,2024-11-30,Kalaburagi,Nagaraj Naik
8771,14607,0,Yashwanth Rao,Arrest,2024-12-01,Belagavi,Fatima Rao
8774,14613,0,Fatima Bhat,Arrest,2024-12-01,Bengaluru Rural,Shivakumar Hegde
8776,14619,0,Deepak Iyengar,Arrest,2024-12-01,Ballari,Shivakumar Kulkarni
8778,14623,0,Lakshmi Bhat,Arrest,2024-12-01,Bengaluru City,Rekha Gowda
8779,14625,0,Prakash Shetty,Arrest,2024-12-01,Tumakuru,Manjunath Bhat
8780,14627,0,Chetan Gowda,Arrest,2024-12-01,Vijayapura,Imran Kulkarni
8781,14629,0,Anitha Murthy,Arrest,2024-12-01,Hubballi-Dharwad,Anitha Gowda
8782,14633,0,Chetan Bhat,Arrest,2024-12-01,Bengaluru City,Prakash Hegde
8783,14635,0,Rekha Shetty,Arrest,2024-12-01,Mysuru,Chetan Shetty
8785,14637,0,Pooja Shetty,Arrest,2024-12-01,Shivamogga,Lakshmi Iyengar
8787,14639,0,Prakash Kumar,Arrest,2024-12-01,Davanagere,Basavaraj Prasad
8788,14641,0,Ravi Gowda,Arrest,2024-12-01,Bengaluru City,Ravi Gowda
8790,14643,0,Yashwanth Kumar,Arrest,2024-12-01,Tumakuru,Ravi Patil
8791,14645,0,Suresh Prasad,Arrest,2024-12-01,Hubballi-Dharwad,Prakash Nayak
8793,14649,0,Yashwanth Desai,Surrender,2024-12-01,Udupi,Lakshmi Iyengar
8796,14653,0,Shivakumar Rao,Arrest,2024-12-02,Bengaluru City,Basavaraj Desai
8799,14659,0,Ravi Bhat,Arrest,2024-12-02,Bengaluru City,Joseph Bhat
8801,14663,0,Yashwanth Shetty,Surrender,2024-12-02,Raichur,Ravi Murthy
8802,14665,0,Ravi Bhat,Arrest,2024-12-02,Bengaluru Rural,Prakash Iyengar
8804,14667,0,Pooja Kumar,Arrest,2024-12-02,Bengaluru City,Rekha Murthy
8807,14671,0,Prakash Kumar,Arrest,2024-12-02,Bengaluru City,Shivakumar Nayak
8808,14675,0,Lakshmi Kumar,Arrest,2024-12-02,Udupi,Joseph Patil
8809,14677,0,Girish Reddy,Arrest,2024-12-02,Mysuru,Vinutha Bhat
8811,14681,0,Prakash Prasad,Arrest,2024-12-02,Shivamogga,Girish Reddy
8813,14683,0,Prakash Prasad,Arrest,2024-12-02,Bengaluru City,Shivakumar Bhat
8816,14689,0,Nagaraj Gowda,Arrest,2024-12-02,Raichur,Joseph Shetty
8818,14691,0,Manjunath Desai,Arrest,2024-12-02,Ballari,Yashwanth Shetty
8820,14693,0,Shivakumar Hegde,Surrender,2024-12-02,Bengaluru City,Prakash Kulkarni
8822,14695,0,Nagaraj Reddy,Surrender,2024-12-03,Shivamogga,Ashwini Gowda
8823,14697,0,Yashwanth Reddy,Arrest,2024-12-03,Shivamogga,Nagaraj Murthy
8824,14699,0,Ashwini Gowda,Arrest,2024-12-03,Bengaluru City,Ravi Kulkarni
8826,14703,0,Basavaraj Patil,Arrest,2024-12-03,Bengaluru Rural,Imran Reddy
8828,14707,0,Shivakumar Nayak,Arrest,2024-12-03,Davanagere,Rekha Murthy
8830,14709,0,Prakash Rao,Arrest,2024-12-03,Hassan,Prakash Rao
8833,14715,0,Prakash Desai,Arrest,2024-12-03,Mangaluru (DK),Chetan Naik
8834,14717,0,Ashwini Iyengar,Surrender,2024-12-03,Mangaluru (DK),Lakshmi Gowda
8836,14721,0,Yashwanth Naik,Surrender,2024-12-03,Bengaluru City,Suresh Desai
8837,14723,0,Bhavana Naik,Arrest,2024-12-03,Bengaluru City,Imran Gowda
8838,14725,0,Vinutha Murthy,Arrest,2024-12-03,Hassan,Pooja Iyengar
8839,14727,0,Rekha Kumar,Arrest,2024-12-03,Kalaburagi,Lakshmi Bhat
8840,14729,0,Rekha Rao,Arrest,2024-12-03,Hubballi-Dharwad,Pooja Kulkarni
8844,14739,0,Prakash Reddy,Surrender,2024-12-03,Bengaluru Rural,Fatima Desai
8846,14741,0,Shivakumar Nayak,Arrest,2024-12-04,Mangaluru (DK),Ashwini Naik
8848,14743,0,Chetan Reddy,Arrest,2024-12-04,Bengaluru Rural,Deepak Rao
8849,14745,0,Suresh Patil,Arrest,2024-12-04,Bengaluru City,Prakash Desai
8852,14749,0,Kiran Naik,Arrest,2024-12-04,Belagavi,Shivakumar Bhat
8853,14751,0,Mary Nayak,Arrest,2024-12-04,Belagavi,Yashwanth Kumar
8855,14753,0,Mary Prasad,Arrest,2024-12-04,Belagavi,Kiran Kulkarni
8857,14759,0,Joseph Kulkarni,Arrest,2024-12-04,Shivamogga,Anitha Hegde
8858,14761,0,Deepak Kulkarni,Arrest,2024-12-04,Bengaluru City,Ashwini Hegde
8859,14763,0,Prakash Patil,Surrender,2024-12-04,Hubballi-Dharwad,Mary Rao
8861,14765,0,Bhavana Nayak,Arrest,2024-12-04,Bengaluru City,Imran Desai
8863,14767,0,Bhavana Kumar,Arrest,2024-12-04,Bengaluru City,Manjunath Hegde
8866,14771,0,Deepak Hegde,Surrender,2024-12-04,Hassan,Kiran Prasad
8869,14775,0,Joseph Nayak,Arrest,2024-12-04,Shivamogga,Imran Prasad
8871,14781,0,Imran Hegde,Arrest,2024-12-04,Kalaburagi,Yashwanth Hegde
8875,14787,0,Deepak Kulkarni,Arrest,2024-12-05,Bengaluru City,Bhavana Hegde
8877,14791,0,Manjunath Patil,Arrest,2024-12-05,Tumakuru,Ravi Kumar
8880,14797,0,Ravi Gowda,Surrender,2024-12-05,Bengaluru City,Manjunath Kumar
8882,14801,0,Kiran Shetty,Arrest,2024-12-05,Shivamogga,Chetan Gowda
8883,14803,0,Suresh Prasad,Arrest,2024-12-05,Shivamogga,Joseph Reddy
8884,14809,0,Manjunath Murthy,Arrest,2024-12-05,Raichur,Mary Hegde
8886,14813,0,Nagaraj Patil,Arrest,2024-12-05,Bengaluru City,Rekha Hegde
8888,14815,0,Yashwanth Rao,Arrest,2024-12-05,Tumakuru,Lakshmi Rao
8890,14819,0,Deepak Bhat,Arrest,2024-12-05,Davanagere,Ravi Kumar
8892,14821,0,Deepak Reddy,Arrest,2024-12-05,Bengaluru Rural,Shivakumar Patil
8895,14825,0,Basavaraj Reddy,Arrest,2024-12-05,Davanagere,Ashwini Bhat
8897,14827,0,Pooja Nayak,Arrest,2024-12-05,Kalaburagi,Yashwanth Murthy
8898,14829,0,Bhavana Bhat,Arrest,2024-12-05,Bengaluru City,Deepak Iyengar
8901,14835,0,Pooja Desai,Arrest,2024-12-05,Bengaluru City,Rekha Iyengar
8903,14839,0,Shivakumar Iyengar,Arrest,2024-12-05,Vijayapura,Yashwanth Hegde
8905,14843,0,Chetan Iyengar,Arrest,2024-12-06,Bengaluru City,Kiran Patil
8907,14845,0,Prakash Nayak,Arrest,2024-12-06,Hassan,Deepak Bhat
8908,14847,0,Suresh Patil,Surrender,2024-12-06,Hubballi-Dharwad,Pooja Rao
8910,14851,0,Suresh Bhat,Arrest,2024-12-06,Belagavi,Ravi Murthy
8911,14853,0,Lakshmi Nayak,Arrest,2024-12-06,Belagavi,Pooja Nayak
8914,14859,0,Lakshmi Murthy,Surrender,2024-12-06,Kalaburagi,Anitha Patil
8916,14861,0,Vinutha Rao,Arrest,2024-12-06,Belagavi,Yashwanth Desai
8918,14863,0,Joseph Nayak,Arrest,2024-12-06,Mangaluru (DK),Chetan Prasad
8920,14865,0,Ashwini Prasad,Arrest,2024-12-06,Mangaluru (DK),Fatima Rao
8924,14871,0,Mary Reddy,Surrender,2024-12-06,Belagavi,Ravi Hegde
8925,14873,0,Pooja Iyengar,Arrest,2024-12-06,Bengaluru City,Manjunath Gowda
8928,14879,0,Pooja Shetty,Arrest,2024-12-06,Hassan,Shivakumar Desai
8930,14881,0,Lakshmi Naik,Arrest,2024-12-06,Tumakuru,Kiran Kumar
8932,14883,0,Lakshmi Hegde,Arrest,2024-12-06,Belagavi,Pooja Rao
8933,14885,0,Vinutha Gowda,Surrender,2024-12-06,Tumakuru,Rekha Prasad
8934,14887,0,Vinutha Rao,Arrest,2024-12-06,Ballari,Chetan Patil
8937,14891,0,Bhavana Kulkarni,Arrest,2024-12-06,Hassan,Lakshmi Hegde
8939,14893,0,Ravi Naik,Surrender,2024-12-06,Bengaluru City,Deepak Gowda
8940,14895,0,Kiran Hegde,Arrest,2024-12-06,Mysuru,Anitha Iyengar
8941,14899,0,Lakshmi Prasad,Surrender,2024-12-06,Bengaluru City,Nagaraj Iyengar
8943,14905,0,Manjunath Hegde,Arrest,2024-12-07,Mysuru,Deepak Bhat
8945,14907,0,Kiran Hegde,Arrest,2024-12-07,Mangaluru (DK),Suresh Gowda
8946,14909,0,Mary Gowda,Arrest,2024-12-07,Hubballi-Dharwad,Shivakumar Desai
8948,14911,0,Nagaraj Kulkarni,Arrest,2024-12-07,Belagavi,Anitha Gowda
8949,14913,0,Basavaraj Naik,Surrender,2024-12-07,Bengaluru City,Girish Reddy
8951,14917,0,Ashwini Rao,Arrest,2024-12-07,Bengaluru City,Anitha Naik
8952,14921,0,Bhavana Desai,Arrest,2024-12-07,Ballari,Pooja Kumar
8953,14923,0,Manjunath Gowda,Arrest,2024-12-07,Hubballi-Dharwad,Manjunath Shetty
8955,14927,0,Bhavana Iyengar,Surrender,2024-12-07,Davanagere,Prakash Nayak
8957,14929,0,Shivakumar Desai,Arrest,2024-12-07,Bengaluru City,Anitha Kulkarni
8959,14933,0,Vinutha Patil,Surrender,2024-12-07,Bengaluru City,Prakash Naik
8961,14939,0,Anitha Kumar,Surrender,2024-12-07,Bengaluru City,Ashwini Kumar
8965,14945,0,Manjunath Reddy,Arrest,2024-12-07,Tumakuru,Vinutha Kulkarni
8966,14947,0,Fatima Patil,Arrest,2024-12-08,Hubballi-Dharwad,Manjunath Kumar
8968,14951,0,Lakshmi Murthy,Arrest,2024-12-08,Bengaluru Rural,Imran Gowda
8971,14955,0,Basavaraj Bhat,Arrest,2024-12-08,Bengaluru Rural,Kiran Kulkarni
8972,14957,0,Lakshmi Desai,Arrest,2024-12-08,Hassan,Prakash Kumar
8974,14961,0,Suresh Hegde,Arrest,2024-12-08,Bengaluru City,Shivakumar Kulkarni
8976,14963,0,Imran Bhat,Arrest,2024-12-08,Kalaburagi,Imran Kulkarni
8978,14967,0,Prakash Kumar,Arrest,2024-12-08,Shivamogga,Kiran Desai
8980,14969,0,Fatima Hegde,Arrest,2024-12-08,Shivamogga,Suresh Shetty
8981,14971,0,Pooja Kumar,Surrender,2024-12-08,Bengaluru City,Girish Nayak
8982,14973,0,Manjunath Hegde,Arrest,2024-12-08,Hubballi-Dharwad,Rekha Kulkarni
8983,14975,0,Ravi Nayak,Arrest,2024-12-08,Mysuru,Imran Naik
8984,14979,0,Deepak Naik,Arrest,2024-12-08,Bengaluru City,Imran Reddy
8985,14981,0,Lakshmi Prasad,Surrender,2024-12-08,Bengaluru City,Suresh Kulkarni
8986,14983,0,Suresh Iyengar,Arrest,2024-12-08,Bengaluru City,Ashwini Rao
8988,14985,0,Yashwanth Shetty,Arrest,2024-12-08,Bengaluru City,Ashwini Kulkarni
8990,14987,0,Rekha Murthy,Arrest,2024-12-08,Belagavi,Kiran Murthy
8991,14989,0,Vinutha Reddy,Arrest,2024-12-08,Bengaluru City,Pooja Patil
8993,14991,0,Vinutha Gowda,Arrest,2024-12-08,Davanagere,Ravi Nayak
8994,14993,0,Ashwini Patil,Arrest,2024-12-08,Udupi,Girish Naik
8995,14995,0,Yashwanth Bhat,Arrest,2024-12-08,Ballari,Ravi Nayak
8996,14997,0,Vinutha Hegde,Arrest,2024-12-08,Tumakuru,Pooja Desai
8997,14999,0,Vinutha Shetty,Surrender,2024-12-08,Vijayapura,Joseph Naik
8998,15005,0,Lakshmi Reddy,Arrest,2024-12-09,Shivamogga,Vinutha Kulkarni
9000,15007,0,Deepak Murthy,Surrender,2024-12-09,Udupi,Fatima Patil
9003,15011,0,Prakash Gowda,Arrest,2024-12-09,Mangaluru (DK),Mary Shetty
9004,15013,0,Mary Prasad,Arrest,2024-12-09,Ballari,Basavaraj Gowda
9006,15017,0,Prakash Hegde,Arrest,2024-12-09,Hassan,Pooja Patil
9009,15023,0,Yashwanth Murthy,Arrest,2024-12-09,Hubballi-Dharwad,Ashwini Kumar
9012,15027,0,Kiran Naik,Arrest,2024-12-09,Kalaburagi,Vinutha Gowda
9014,15031,0,Mary Murthy,Arrest,2024-12-09,Bengaluru City,Ashwini Naik
9015,15035,0,Vinutha Rao,Arrest,2024-12-09,Vijayapura,Kiran Bhat
9016,15043,0,Yashwanth Hegde,Surrender,2024-12-10,Davanagere,Kiran Hegde
9017,15045,0,Nagaraj Desai,Arrest,2024-12-10,Kalaburagi,Yashwanth Shetty
9018,15047,0,Ashwini Desai,Arrest,2024-12-10,Hassan,Joseph Prasad
9020,15049,0,Basavaraj Patil,Arrest,2024-12-10,Bengaluru City,Mary Gowda
9022,15051,0,Basavaraj Rao,Arrest,2024-12-10,Bengaluru City,Mary Prasad
9023,15055,0,Ravi Reddy,Surrender,2024-12-10,Bengaluru City,Manjunath Kulkarni
9025,15059,0,Girish Patil,Arrest,2024-12-10,Belagavi,Yashwanth Kumar
9026,15061,0,Ashwini Hegde,Arrest,2024-12-10,Bengaluru City,Prakash Patil
9027,15063,0,Girish Nayak,Arrest,2024-12-10,Hubballi-Dharwad,Chetan Kulkarni
9028,15065,0,Yashwanth Desai,Arrest,2024-12-10,Bengaluru City,Chetan Reddy
9030,15069,0,Nagaraj Bhat,Arrest,2024-12-10,Shivamogga,Anitha Reddy
9031,15071,0,Kiran Desai,Arrest,2024-12-10,Tumakuru,Ravi Kumar
9032,15073,0,Vinutha Rao,Arrest,2024-12-10,Bengaluru City,Lakshmi Iyengar
9034,15077,0,Suresh Reddy,Arrest,2024-12-10,Shivamogga,Chetan Hegde
9037,15081,0,Nagaraj Kumar,Arrest,2024-12-10,Hubballi-Dharwad,Kiran Desai
9040,15087,0,Anitha Desai,Arrest,2024-12-10,Belagavi,Kiran Nayak
9042,15091,0,Kiran Kumar,Surrender,2024-12-11,Mangaluru (DK),Kiran Hegde
9044,15093,0,Prakash Murthy,Arrest,2024-12-11,Mangaluru (DK),Nagaraj Nayak
9046,15095,0,Shivakumar Hegde,Arrest,2024-12-11,Hubballi-Dharwad,Manjunath Naik
9049,15099,0,Girish Patil,Arrest,2024-12-11,Belagavi,Joseph Iyengar
9050,15101,0,Nagaraj Kulkarni,Surrender,2024-12-11,Belagavi,Anitha Prasad
9052,15103,0,Manjunath Shetty,Arrest,2024-12-11,Bengaluru City,Anitha Kulkarni
9054,15105,0,Kiran Nayak,Arrest,2024-12-11,Bengaluru City,Ravi Rao
9056,15111,0,Bhavana Kulkarni,Arrest,2024-12-11,Kalaburagi,Yashwanth Rao
9058,15113,0,Ravi Hegde,Arrest,2024-12-11,Hassan,Ashwini Prasad
9060,15123,0,Imran Prasad,Arrest,2024-12-11,Bengaluru City,Deepak Kumar
9062,15125,0,Mary Patil,Surrender,2024-12-11,Bengaluru City,Rekha Naik
9064,15127,0,Fatima Rao,Arrest,2024-12-11,Hubballi-Dharwad,Rekha Desai
9066,15131,0,Girish Kumar,Arrest,2024-12-11,Vijayapura,Mary Hegde
9068,15137,0,Girish Prasad,Surrender,2024-12-12,Belagavi,Basavaraj Iyengar
9070,15139,0,Mary Reddy,Arrest,2024-12-12,Mysuru,Bhavana Naik
9071,15141,0,Vinutha Nayak,Arrest,2024-12-12,Mysuru,Fatima Gowda
9072,15143,0,Manjunath Shetty,Arrest,2024-12-12,Bengaluru City,Rekha Murthy
9073,15149,0,Vinutha Desai,Arrest,2024-12-12,Bengaluru City,Nagaraj Rao
9075,15153,0,Nagaraj Rao,Arrest,2024-12-12,Bengaluru Rural,Anitha Kulkarni
9077,15155,0,Joseph Nayak,Arrest,2024-12-12,Davanagere,Fatima Bhat
9079,15157,0,Lakshmi Shetty,Surrender,2024-12-12,Bengaluru City,Fatima Hegde
9081,15159,0,Lakshmi Prasad,Arrest,2024-12-12,Belagavi,Fatima Desai
9083,15163,0,Ravi Rao,Arrest,2024-12-12,Kalaburagi,Manjunath Prasad
9085,15165,0,Girish Murthy,Arrest,2024-12-12,Udupi,Lakshmi Hegde
9086,15169,0,Anitha Kumar,Arrest,2024-12-12,Ballari,Basavaraj Kulkarni
9088,15173,0,Prakash Iyengar,Arrest,2024-12-12,Davanagere,Imran Kumar
9090,15175,0,Lakshmi Rao,Arrest,2024-12-12,Hassan,Vinutha Reddy
9093,15179,0,Fatima Shetty,Arrest,2024-12-12,Mysuru,Vinutha Naik
9095,15183,0,Kiran Murthy,Arrest,2024-12-12,Hassan,Pooja Naik
9097,15187,0,Suresh Gowda,Arrest,2024-12-12,Bengaluru City,Kiran Murthy
9099,15189,0,Lakshmi Patil,Arrest,2024-12-12,Hubballi-Dharwad,Vinutha Iyengar
9101,15191,0,Imran Gowda,Arrest,2024-12-12,Ballari,Manjunath Shetty
9102,15193,0,Basavaraj Reddy,Arrest,2024-12-12,Bengaluru City,Nagaraj Iyengar
9103,15195,0,Rekha Iyengar,Surrender,2024-12-12,Udupi,Suresh Prasad
9105,15197,0,Deepak Kulkarni,Arrest,2024-12-13,Vijayapura,Mary Bhat
9107,15199,0,Nagaraj Bhat,Arrest,2024-12-13,Mangaluru (DK),Ashwini Desai
9108,15201,0,Anitha Desai,Arrest,2024-12-13,Tumakuru,Shivakumar Nayak
9110,15203,0,Nagaraj Hegde,Arrest,2024-12-13,Mysuru,Pooja Reddy
9111,15205,0,Ashwini Prasad,Arrest,2024-12-13,Tumakuru,Lakshmi Gowda
9113,15207,0,Joseph Prasad,Surrender,2024-12-13,Tumakuru,Shivakumar Desai
9117,15213,0,Yashwanth Naik,Arrest,2024-12-13,Vijayapura,Ashwini Kumar
9118,15215,0,Yashwanth Bhat,Arrest,2024-12-13,Vijayapura,Fatima Murthy
9125,15231,0,Pooja Reddy,Arrest,2024-12-13,Hubballi-Dharwad,Girish Patil
9128,15237,0,Basavaraj Iyengar,Arrest,2024-12-13,Bengaluru Rural,Lakshmi Desai
9130,15239,0,Lakshmi Hegde,Arrest,2024-12-13,Shivamogga,Manjunath Gowda
9131,15241,0,Imran Naik,Arrest,2024-12-13,Shivamogga,Ravi Rao
9133,15243,0,Fatima Iyengar,Arrest,2024-12-13,Belagavi,Anitha Kulkarni
9134,15245,0,Ashwini Shetty,Arrest,2024-12-13,Belagavi,Kiran Kulkarni
9137,15249,0,Manjunath Reddy,Surrender,2024-12-13,Mysuru,Anitha Nayak
9138,15251,0,Pooja Murthy,Arrest,2024-12-13,Hassan,Yashwanth Hegde
9139,15253,0,Kiran Desai,Arrest,2024-12-13,Tumakuru,Shivakumar Iyengar
9140,15255,0,Imran Nayak,Arrest,2024-12-13,Belagavi,Kiran Naik
9142,15257,0,Ashwini Desai,Arrest,2024-12-14,Mysuru,Anitha Rao
9144,15259,0,Fatima Bhat,Arrest,2024-12-14,Vijayapura,Vinutha Reddy
9146,15263,0,Girish Reddy,Arrest,2024-12-14,Bengaluru City,Ashwini Patil
9148,15265,0,Fatima Reddy,Arrest,2024-12-14,Davanagere,Mary Iyengar
9150,15269,0,Nagaraj Bhat,Arrest,2024-12-14,Tumakuru,Ashwini Prasad
9152,15271,0,Nagaraj Naik,Surrender,2024-12-14,Shivamogga,Lakshmi Shetty
9154,15273,0,Lakshmi Shetty,Arrest,2024-12-14,Davanagere,Bhavana Reddy
9157,15279,0,Manjunath Kulkarni,Arrest,2024-12-14,Belagavi,Yashwanth Kulkarni
9158,15281,0,Manjunath Nayak,Surrender,2024-12-14,Bengaluru City,Girish Rao
9160,15283,0,Vinutha Patil,Arrest,2024-12-14,Mangaluru (DK),Vinutha Hegde
9161,15285,0,Kiran Iyengar,Arrest,2024-12-14,Hassan,Mary Kulkarni
9162,15287,0,Imran Rao,Arrest,2024-12-14,Belagavi,Yashwanth Patil
9166,15297,0,Basavaraj Prasad,Arrest,2024-12-14,Bengaluru City,Pooja Naik
9168,15301,0,Kiran Murthy,Arrest,2024-12-14,Mysuru,Ravi Kumar
9169,15303,0,Bhavana Bhat,Arrest,2024-12-14,Bengaluru City,Suresh Bhat
9171,15305,0,Joseph Rao,Arrest,2024-12-14,Shivamogga,Pooja Rao
9172,15307,0,Girish Nayak,Arrest,2024-12-14,Mangaluru (DK),Anitha Desai
9174,15311,0,Manjunath Hegde,Surrender,2024-12-14,Bengaluru City,Pooja Prasad
9176,15315,0,Yashwanth Patil,Arrest,2024-12-15,Mysuru,Deepak Desai
9178,15321,0,Bhavana Gowda,Surrender,2024-12-15,Hubballi-Dharwad,Anitha Bhat
9179,15323,0,Basavaraj Gowda,Arrest,2024-12-15,Bengaluru City,Manjunath Patil
9181,15325,0,Bhavana Murthy,Surrender,2024-12-15,Bengaluru City,Ravi Shetty
9183,15327,0,Bhavana Nayak,Arrest,2024-12-15,Kalaburagi,Nagaraj Kumar
9185,15329,0,Kiran Nayak,Arrest,2024-12-15,Udupi,Ashwini Gowda
9191,15341,0,Ravi Patil,Arrest,2024-12-15,Raichur,Fatima Kulkarni
9193,15343,0,Pooja Prasad,Arrest,2024-12-15,Raichur,Suresh Iyengar
9196,15349,0,Kiran Kulkarni,Surrender,2024-12-15,Bengaluru City,Anitha Rao
9198,15353,0,Basavaraj Reddy,Surrender,2024-12-15,Belagavi,Ravi Naik
9200,15355,0,Bhavana Nayak,Arrest,2024-12-16,Shivamogga,Kiran Nayak
9202,15357,0,Rekha Gowda,Surrender,2024-12-16,Bengaluru City,Anitha Prasad
9203,15359,0,Nagaraj Bhat,Arrest,2024-12-16,Bengaluru City,Anitha Rao
9205,15363,0,Yashwanth Bhat,Surrender,2024-12-16,Belagavi,Kiran Patil
9207,15367,0,Fatima Hegde,Surrender,2024-12-16,Bengaluru City,Rekha Patil
9209,15369,0,Bhavana Nayak,Surrender,2024-12-16,Bengaluru City,Chetan Iyengar
9211,15371,0,Manjunath Patil,Arrest,2024-12-16,Shivamogga,Basavaraj Reddy
9213,15373,0,Shivakumar Naik,Arrest,2024-12-16,Kalaburagi,Prakash Naik
9215,15377,0,Anitha Gowda,Arrest,2024-12-16,Bengaluru City,Lakshmi Bhat
9221,15387,0,Mary Prasad,Arrest,2024-12-16,Udupi,Ashwini Patil
9223,15389,0,Joseph Kumar,Arrest,2024-12-16,Tumakuru,Rekha Naik
9226,15393,0,Basavaraj Kumar,Arrest,2024-12-16,Ballari,Ravi Bhat
9228,15395,0,Yashwanth Rao,Arrest,2024-12-16,Mysuru,Fatima Naik
9231,15399,0,Joseph Desai,Arrest,2024-12-16,Hassan,Fatima Shetty
9232,15401,0,Yashwanth Naik,Arrest,2024-12-16,Bengaluru City,Girish Iyengar
9234,15405,0,Rekha Shetty,Arrest,2024-12-17,Hassan,Deepak Kulkarni
9235,15407,0,Fatima Patil,Arrest,2024-12-17,Tumakuru,Vinutha Hegde
9236,15409,0,Ashwini Naik,Arrest,2024-12-17,Shivamogga,Anitha Bhat
9238,15413,0,Ashwini Gowda,Arrest,2024-12-17,Vijayapura,Deepak Shetty
9240,15419,0,Prakash Kulkarni,Arrest,2024-12-17,Hassan,Deepak Reddy
9241,15421,0,Manjunath Nayak,Arrest,2024-12-17,Ballari,Basavaraj Nayak
9243,15423,0,Nagaraj Murthy,Arrest,2024-12-17,Davanagere,Nagaraj Rao
9245,15427,0,Pooja Murthy,Arrest,2024-12-17,Vijayapura,Manjunath Hegde
9247,15431,0,Yashwanth Naik,Arrest,2024-12-17,Davanagere,Joseph Hegde
9249,15435,0,Anitha Iyengar,Arrest,2024-12-17,Shivamogga,Imran Murthy
9251,15437,0,Joseph Desai,Arrest,2024-12-17,Bengaluru City,Kiran Patil
9252,15439,0,Prakash Prasad,Arrest,2024-12-17,Tumakuru,Suresh Naik
9254,15441,0,Girish Kumar,Arrest,2024-12-17,Bengaluru City,Basavaraj Nayak
9256,15443,0,Joseph Kulkarni,Arrest,2024-12-17,Mangaluru (DK),Anitha Hegde
9258,15445,0,Ravi Hegde,Arrest,2024-12-17,Bengaluru City,Vinutha Nayak
9260,15447,0,Nagaraj Rao,Arrest,2024-12-17,Tumakuru,Ashwini Hegde
9262,15449,0,Chetan Kulkarni,Surrender,2024-12-18,Shivamogga,Prakash Iyengar
9265,15453,0,Basavaraj Naik,Arrest,2024-12-18,Hassan,Anitha Hegde
9267,15455,0,Basavaraj Bhat,Arrest,2024-12-18,Hubballi-Dharwad,Imran Reddy
9269,15459,0,Deepak Kumar,Arrest,2024-12-18,Kalaburagi,Lakshmi Nayak
9272,15463,0,Basavaraj Bhat,Arrest,2024-12-18,Bengaluru City,Anitha Nayak
9275,15467,0,Manjunath Gowda,Surrender,2024-12-18,Bengaluru City,Nagaraj Reddy
9278,15471,0,Girish Patil,Arrest,2024-12-18,Bengaluru City,Suresh Gowda
9279,15475,0,Imran Shetty,Arrest,2024-12-18,Shivamogga,Bhavana Kulkarni
9281,15477,0,Pooja Bhat,Arrest,2024-12-18,Davanagere,Shivakumar Gowda
9283,15479,0,Shivakumar Kulkarni,Arrest,2024-12-18,Hassan,Ravi Gowda
9286,15483,0,Prakash Reddy,Arrest,2024-12-18,Bengaluru City,Ravi Hegde
9288,15485,0,Basavaraj Rao,Arrest,2024-12-18,Hassan,Manjunath Kumar
9290,15487,0,Pooja Hegde,Surrender,2024-12-18,Hassan,Ravi Bhat
9292,15489,0,Joseph Prasad,Arrest,2024-12-18,Bengaluru City,Yashwanth Nayak
9294,15493,0,Manjunath Reddy,Arrest,2024-12-18,Hassan,Kiran Rao
9295,15495,0,Anitha Nayak,Arrest,2024-12-18,Tumakuru,Anitha Desai
9297,15497,0,Mary Desai,Surrender,2024-12-18,Kalaburagi,Ashwini Kulkarni
9298,15499,0,Kiran Kumar,Arrest,2024-12-19,Mangaluru (DK),Rekha Patil
9300,15501,0,Suresh Prasad,Arrest,2024-12-19,Bengaluru City,Chetan Hegde
9304,15507,0,Yashwanth Bhat,Arrest,2024-12-19,Mysuru,Bhavana Prasad
9306,15509,0,Pooja Hegde,Arrest,2024-12-19,Bengaluru City,Ravi Hegde
9307,15511,0,Prakash Prasad,Arrest,2024-12-19,Udupi,Lakshmi Murthy
9308,15513,0,Manjunath Rao,Arrest,2024-12-19,Mangaluru (DK),Shivakumar Nayak
9310,15517,0,Shivakumar Naik,Arrest,2024-12-19,Kalaburagi,Pooja Shetty
9311,15519,0,Bhavana Nayak,Arrest,2024-12-19,Mangaluru (DK),Basavaraj Reddy
9313,15523,0,Yashwanth Gowda,Arrest,2024-12-19,Bengaluru City,Fatima Naik
9314,15525,0,Joseph Iyengar,Arrest,2024-12-19,Mysuru,Imran Reddy
9316,15531,0,Ashwini Reddy,Arrest,2024-12-19,Hassan,Chetan Kumar
9318,15537,0,Chetan Nayak,Arrest,2024-12-19,Mysuru,Joseph Kulkarni
9319,15539,0,Ashwini Desai,Arrest,2024-12-19,Bengaluru City,Kiran Reddy
9320,15543,0,Kiran Nayak,Arrest,2024-12-19,Hubballi-Dharwad,Suresh Bhat
9321,15545,0,Chetan Kulkarni,Arrest,2024-12-19,Hassan,Kiran Prasad
9323,15549,0,Pooja Reddy,Arrest,2024-12-20,Tumakuru,Imran Prasad
9325,15551,0,Chetan Kulkarni,Arrest,2024-12-20,Bengaluru City,Suresh Bhat
9327,15553,0,Anitha Prasad,Surrender,2024-12-20,Hubballi-Dharwad,Ravi Prasad
9329,15555,0,Yashwanth Naik,Arrest,2024-12-20,Bengaluru City,Manjunath Kulkarni
9330,15557,0,Joseph Patil,Arrest,2024-12-20,Mangaluru (DK),Chetan Nayak
9332,15559,0,Joseph Iyengar,Arrest,2024-12-20,Mysuru,Vinutha Iyengar
9334,15563,0,Imran Bhat,Arrest,2024-12-20,Bengaluru City,Yashwanth Bhat
9336,15567,0,Ashwini Murthy,Arrest,2024-12-20,Davanagere,Rekha Rao
9338,15569,0,Fatima Reddy,Arrest,2024-12-20,Davanagere,Lakshmi Kulkarni
9341,15573,0,Pooja Gowda,Arrest,2024-12-20,Hubballi-Dharwad,Chetan Rao
9343,15579,0,Vinutha Bhat,Arrest,2024-12-20,Belagavi,Joseph Desai
9344,15581,0,Deepak Bhat,Arrest,2024-12-20,Belagavi,Lakshmi Nayak
9346,15583,0,Joseph Naik,Arrest,2024-12-20,Belagavi,Pooja Reddy
9348,15587,0,Girish Murthy,Arrest,2024-12-20,Bengaluru City,Mary Iyengar
9351,15593,0,Bhavana Shetty,Arrest,2024-12-20,Mangaluru (DK),Imran Desai
9352,15595,0,Vinutha Rao,Arrest,2024-12-20,Tumakuru,Nagaraj Gowda
9353,15597,0,Imran Kumar,Arrest,2024-12-20,Mangaluru (DK),Basavaraj Nayak
9355,15599,0,Prakash Rao,Arrest,2024-12-20,Hubballi-Dharwad,Anitha Kulkarni
9357,15601,0,Mary Rao,Arrest,2024-12-20,Bengaluru Rural,Suresh Kumar
9358,15603,0,Prakash Patil,Arrest,2024-12-20,Bengaluru City,Suresh Kumar
9359,15607,0,Lakshmi Kulkarni,Arrest,2024-12-21,Raichur,Kiran Murthy
9360,15609,0,Vinutha Iyengar,Arrest,2024-12-21,Tumakuru,Ashwini Desai
9362,15611,0,Prakash Prasad,Arrest,2024-12-21,Mangaluru (DK),Bhavana Patil
9363,15615,0,Imran Prasad,Arrest,2024-12-21,Shivamogga,Ashwini Shetty
9364,15617,0,Imran Gowda,Arrest,2024-12-21,Mangaluru (DK),Ashwini Hegde
9366,15621,0,Fatima Hegde,Arrest,2024-12-21,Ballari,Ashwini Reddy
9368,15623,0,Anitha Desai,Arrest,2024-12-21,Belagavi,Imran Kulkarni
9370,15625,0,Kiran Patil,Surrender,2024-12-21,Bengaluru City,Pooja Reddy
9372,15627,0,Fatima Gowda,Arrest,2024-12-21,Bengaluru City,Nagaraj Nayak
9374,15629,0,Deepak Nayak,Arrest,2024-12-21,Mangaluru (DK),Anitha Patil
9376,15631,0,Ashwini Kumar,Arrest,2024-12-21,Belagavi,Shivakumar Kulkarni
9381,15645,0,Deepak Patil,Arrest,2024-12-21,Bengaluru City,Ravi Patil
9383,15647,0,Fatima Kumar,Arrest,2024-12-21,Bengaluru City,Girish Prasad
9385,15649,0,Girish Gowda,Surrender,2024-12-21,Bengaluru City,Shivakumar Prasad
9386,15653,0,Imran Kumar,Arrest,2024-12-21,Shivamogga,Basavaraj Nayak
9387,15655,0,Bhavana Hegde,Arrest,2024-12-21,Hubballi-Dharwad,Ravi Patil
9388,15657,0,Basavaraj Naik,Arrest,2024-12-21,Bengaluru City,Manjunath Kumar
9390,15659,0,Ashwini Patil,Arrest,2024-12-21,Bengaluru City,Imran Iyengar
9393,15663,0,Vinutha Rao,Arrest,2024-12-21,Hassan,Manjunath Iyengar
9396,15667,0,Vinutha Rao,Arrest,2024-12-22,Hubballi-Dharwad,Bhavana Prasad
9397,15669,0,Basavaraj Bhat,Surrender,2024-12-22,Bengaluru City,Pooja Iyengar
9398,15671,0,Anitha Patil,Arrest,2024-12-22,Hassan,Mary Rao
9400,15673,0,Kiran Kumar,Arrest,2024-12-22,Bengaluru City,Ashwini Bhat
9401,15675,0,Prakash Gowda,Arrest,2024-12-22,Davanagere,Deepak Bhat
9403,15677,0,Imran Nayak,Arrest,2024-12-22,Hassan,Ravi Rao
9404,15679,0,Vinutha Iyengar,Arrest,2024-12-22,Kalaburagi,Deepak Murthy
9405,15681,0,Girish Murthy,Arrest,2024-12-22,Mangaluru (DK),Deepak Nayak
9408,15687,0,Joseph Gowda,Arrest,2024-12-22,Belagavi,Basavaraj Naik
9409,15691,0,Pooja Naik,Arrest,2024-12-22,Bengaluru City,Imran Iyengar
9411,15693,0,Chetan Bhat,Arrest,2024-12-22,Tumakuru,Ashwini Desai
9413,15695,0,Shivakumar Hegde,Arrest,2024-12-22,Bengaluru City,Rekha Rao
9417,15701,0,Nagaraj Bhat,Arrest,2024-12-22,Shivamogga,Kiran Hegde
9420,15705,0,Chetan Naik,Surrender,2024-12-22,Ballari,Nagaraj Kulkarni
9422,15707,0,Bhavana Reddy,Arrest,2024-12-22,Bengaluru City,Shivakumar Gowda
9423,15709,0,Suresh Gowda,Arrest,2024-12-22,Bengaluru City,Girish Hegde
9428,15717,0,Imran Kulkarni,Arrest,2024-12-22,Tumakuru,Lakshmi Iyengar
9430,15719,0,Mary Naik,Arrest,2024-12-22,Ballari,Suresh Iyengar
9432,15721,0,Pooja Kulkarni,Arrest,2024-12-22,Mysuru,Shivakumar Kumar
9433,15723,0,Mary Nayak,Arrest,2024-12-23,Udupi,Fatima Rao
9434,15725,0,Ravi Hegde,Arrest,2024-12-23,Belagavi,Girish Iyengar
9436,15729,0,Nagaraj Kulkarni,Arrest,2024-12-23,Mangaluru (DK),Mary Hegde
9438,15735,0,Basavaraj Naik,Surrender,2024-12-23,Bengaluru City,Prakash Naik
9439,15737,0,Basavaraj Naik,Surrender,2024-12-23,Raichur,Mary Bhat
9441,15739,0,Yashwanth Reddy,Surrender,2024-12-23,Shivamogga,Vinutha Hegde
9444,15745,0,Ravi Hegde,Arrest,2024-12-23,Bengaluru City,Kiran Reddy
9446,15747,0,Mary Patil,Arrest,2024-12-23,Kalaburagi,Basavaraj Hegde
9448,15751,0,Suresh Rao,Arrest,2024-12-23,Bengaluru City,Rekha Murthy
9450,15753,0,Shivakumar Nayak,Surrender,2024-12-23,Belagavi,Imran Hegde
9451,15757,0,Ravi Kulkarni,Arrest,2024-12-23,Hassan,Suresh Shetty
9453,15759,0,Fatima Hegde,Arrest,2024-12-23,Hubballi-Dharwad,Pooja Shetty
9456,15763,0,Pooja Nayak,Surrender,2024-12-23,Mysuru,Nagaraj Bhat
9459,15767,0,Rekha Desai,Arrest,2024-12-23,Ballari,Shivakumar Shetty
9460,15769,0,Rekha Kumar,Arrest,2024-12-23,Bengaluru City,Basavaraj Murthy
9462,15771,0,Yashwanth Shetty,Arrest,2024-12-23,Hassan,Ashwini Iyengar
9464,15773,0,Bhavana Kulkarni,Arrest,2024-12-23,Hubballi-Dharwad,Fatima Gowda
9465,15775,0,Yashwanth Gowda,Surrender,2024-12-24,Ballari,Shivakumar Nayak
9468,15781,0,Bhavana Kulkarni,Arrest,2024-12-24,Mangaluru (DK),Lakshmi Kulkarni
9470,15783,0,Chetan Rao,Arrest,2024-12-24,Belagavi,Mary Murthy
9471,15785,0,Basavaraj Hegde,Arrest,2024-12-24,Raichur,Lakshmi Gowda
9473,15787,0,Bhavana Desai,Arrest,2024-12-24,Bengaluru City,Ravi Murthy
9476,15793,0,Kiran Bhat,Arrest,2024-12-24,Raichur,Pooja Desai
9480,15801,0,Imran Gowda,Arrest,2024-12-24,Belagavi,Rekha Rao
9481,15803,0,Suresh Hegde,Surrender,2024-12-24,Belagavi,Ravi Desai
9484,15809,0,Girish Iyengar,Arrest,2024-12-24,Bengaluru City,Basavaraj Shetty
9487,15813,0,Rekha Bhat,Surrender,2024-12-24,Bengaluru City,Girish Reddy
9488,15815,0,Nagaraj Desai,Arrest,2024-12-24,Mysuru,Deepak Gowda
9490,15817,0,Anitha Hegde,Arrest,2024-12-24,Hassan,Ravi Bhat
9491,15819,0,Joseph Hegde,Arrest,2024-12-24,Mangaluru (DK),Girish Bhat
9492,15821,0,Manjunath Murthy,Arrest,2024-12-24,Mysuru,Vinutha Rao
9493,15823,0,Bhavana Desai,Arrest,2024-12-24,Hubballi-Dharwad,Imran Kulkarni
9494,15825,0,Joseph Bhat,Arrest,2024-12-24,Kalaburagi,Ashwini Kulkarni
9496,15827,0,Vinutha Nayak,Arrest,2024-12-25,Belagavi,Ashwini Reddy
9497,15829,0,Yashwanth Rao,Arrest,2024-12-25,Ballari,Vinutha Desai
9498,15833,0,Anitha Naik,Surrender,2024-12-25,Ballari,Ravi Prasad
9500,15835,0,Nagaraj Gowda,Arrest,2024-12-25,Belagavi,Chetan Reddy
9502,15837,0,Mary Kulkarni,Arrest,2024-12-25,Mysuru,Kiran Kumar
9503,15843,0,Shivakumar Kumar,Arrest,2024-12-25,Bengaluru City,Bhavana Bhat
9504,15845,0,Suresh Murthy,Arrest,2024-12-25,Shivamogga,Anitha Kulkarni
9508,15851,0,Fatima Reddy,Arrest,2024-12-25,Shivamogga,Anitha Kulkarni
9510,15857,0,Suresh Reddy,Arrest,2024-12-25,Bengaluru Rural,Pooja Shetty
9513,15863,0,Girish Patil,Arrest,2024-12-25,Raichur,Mary Naik
9514,15865,0,Deepak Gowda,Arrest,2024-12-25,Belagavi,Anitha Hegde
9516,15867,0,Mary Reddy,Surrender,2024-12-25,Hubballi-Dharwad,Ravi Kumar
9517,15869,0,Suresh Iyengar,Arrest,2024-12-25,Hubballi-Dharwad,Nagaraj Prasad
9519,15871,0,Shivakumar Naik,Arrest,2024-12-25,Belagavi,Ravi Iyengar
9523,15879,0,Nagaraj Bhat,Arrest,2024-12-25,Hubballi-Dharwad,Manjunath Rao
9524,15881,0,Pooja Bhat,Arrest,2024-12-25,Bengaluru City,Kiran Nayak
9525,15883,0,Ashwini Prasad,Arrest,2024-12-25,Bengaluru City,Fatima Shetty
9528,15889,0,Kiran Prasad,Arrest,2024-12-26,Tumakuru,Ravi Naik
9529,15891,0,Yashwanth Nayak,Arrest,2024-12-26,Tumakuru,Imran Shetty
9530,15893,0,Prakash Iyengar,Arrest,2024-12-26,Shivamogga,Manjunath Kulkarni
9532,15899,0,Fatima Kumar,Arrest,2024-12-26,Mysuru,Kiran Desai
9533,15901,0,Kiran Kumar,Arrest,2024-12-26,Belagavi,Chetan Shetty
9537,15907,0,Vinutha Patil,Surrender,2024-12-26,Bengaluru City,Ashwini Prasad
9539,15909,0,Mary Murthy,Surrender,2024-12-26,Shivamogga,Vinutha Shetty
9540,15911,0,Ravi Iyengar,Arrest,2024-12-26,Mysuru,Basavaraj Shetty
9543,15917,0,Prakash Shetty,Arrest,2024-12-26,Mysuru,Deepak Patil
9544,15919,0,Lakshmi Hegde,Arrest,2024-12-26,Bengaluru Rural,Basavaraj Desai
9546,15921,0,Vinutha Gowda,Arrest,2024-12-26,Davanagere,Imran Iyengar
9548,15923,0,Ashwini Bhat,Arrest,2024-12-26,Mysuru,Girish Prasad
9551,15929,0,Joseph Kumar,Arrest,2024-12-26,Hubballi-Dharwad,Rekha Reddy
9552,15933,0,Fatima Kumar,Arrest,2024-12-26,Mysuru,Pooja Kulkarni
9554,15935,0,Deepak Iyengar,Arrest,2024-12-27,Vijayapura,Vinutha Nayak
9556,15939,0,Yashwanth Gowda,Arrest,2024-12-27,Bengaluru City,Ashwini Iyengar
9560,15949,0,Basavaraj Gowda,Arrest,2024-12-27,Bengaluru City,Yashwanth Desai
9562,15953,0,Fatima Patil,Arrest,2024-12-27,Bengaluru City,Vinutha Shetty
9564,15955,0,Joseph Kumar,Arrest,2024-12-27,Hassan,Lakshmi Gowda
9567,15961,0,Bhavana Patil,Arrest,2024-12-27,Bengaluru City,Suresh Kumar
9569,15963,0,Chetan Kulkarni,Arrest,2024-12-27,Bengaluru City,Kiran Gowda
9570,15965,0,Shivakumar Gowda,Arrest,2024-12-27,Bengaluru City,Chetan Iyengar
9572,15967,0,Imran Nayak,Arrest,2024-12-27,Bengaluru City,Basavaraj Reddy
9573,15969,0,Fatima Hegde,Arrest,2024-12-27,Mysuru,Pooja Desai
9576,15981,0,Bhavana Kumar,Arrest,2024-12-27,Shivamogga,Ravi Hegde
9577,15983,0,Lakshmi Kulkarni,Surrender,2024-12-27,Bengaluru Rural,Kiran Prasad
9579,15985,0,Nagaraj Rao,Arrest,2024-12-27,Mangaluru (DK),Kiran Rao
9582,15993,0,Manjunath Iyengar,Arrest,2024-12-28,Shivamogga,Nagaraj Hegde
9585,16001,0,Anitha Shetty,Surrender,2024-12-28,Shivamogga,Nagaraj Kumar
9586,16003,0,Manjunath Kulkarni,Arrest,2024-12-28,Mangaluru (DK),Anitha Prasad
9589,16013,0,Prakash Reddy,Arrest,2024-12-28,Bengaluru City,Girish Murthy
9590,16015,0,Manjunath Patil,Arrest,2024-12-28,Davanagere,Ravi Rao
9591,16017,0,Bhavana Shetty,Arrest,2024-12-28,Bengaluru City,Anitha Patil
9592,16019,0,Ashwini Reddy,Arrest,2024-12-28,Raichur,Girish Reddy
9593,16021,0,Prakash Murthy,Arrest,2024-12-28,Vijayapura,Manjunath Murthy
9595,16023,0,Girish Bhat,Arrest,2024-12-28,Belagavi,Deepak Patil
9597,16025,0,Vinutha Shetty,Arrest,2024-12-28,Mysuru,Rekha Gowda
9598,16027,0,Ashwini Naik,Surrender,2024-12-28,Hubballi-Dharwad,Girish Nayak
9600,16029,0,Ravi Desai,Surrender,2024-12-28,Belagavi,Kiran Hegde
9602,16031,0,Lakshmi Shetty,Arrest,2024-12-28,Bengaluru City,Imran Gowda
9604,16033,0,Manjunath Iyengar,Surrender,2024-12-29,Mysuru,Ashwini Iyengar
9606,16037,0,Prakash Gowda,Arrest,2024-12-29,Belagavi,Ashwini Iyengar
9609,16041,0,Joseph Desai,Arrest,2024-12-29,Bengaluru City,Suresh Reddy
9612,16045,0,Girish Patil,Surrender,2024-12-29,Mysuru,Basavaraj Desai
9615,16051,0,Fatima Kumar,Arrest,2024-12-29,Mangaluru (DK),Chetan Gowda
9617,16055,0,Manjunath Reddy,Arrest,2024-12-29,Ballari,Girish Naik
9619,16057,0,Ashwini Desai,Arrest,2024-12-29,Bengaluru Rural,Ravi Bhat
9620,16061,0,Manjunath Nayak,Arrest,2024-12-29,Bengaluru City,Nagaraj Desai
9621,16063,0,Vinutha Hegde,Arrest,2024-12-29,Mangaluru (DK),Rekha Desai
9623,16067,0,Yashwanth Kulkarni,Arrest,2024-12-29,Bengaluru City,Fatima Kulkarni
9625,16069,0,Prakash Rao,Arrest,2024-12-29,Ballari,Basavaraj Kulkarni
9627,16073,0,Shivakumar Shetty,Arrest,2024-12-29,Bengaluru City,Mary Hegde
9629,16075,0,Kiran Naik,Arrest,2024-12-29,Belagavi,Manjunath Bhat
9631,16077,0,Pooja Murthy,Arrest,2024-12-29,Bengaluru City,Yashwanth Rao
9633,16079,0,Kiran Gowda,Arrest,2024-12-29,Kalaburagi,Rekha Patil
9634,16081,0,Kiran Naik,Arrest,2024-12-30,Ballari,Manjunath Murthy
9636,16083,0,Ravi Naik,Arrest,2024-12-30,Hubballi-Dharwad,Deepak Reddy
9639,16087,0,Pooja Kulkarni,Arrest,2024-12-30,Bengaluru Rural,Bhavana Hegde
9641,16089,0,Vinutha Reddy,Arrest,2024-12-30,Mangaluru (DK),Shivakumar Reddy
9644,16093,0,Vinutha Naik,Arrest,2024-12-30,Vijayapura,Manjunath Prasad
9646,16095,0,Shivakumar Shetty,Arrest,2024-12-30,Kalaburagi,Girish Rao
9647,16097,0,Ashwini Iyengar,Arrest,2024-12-30,Bengaluru City,Basavaraj Patil
9648,16099,0,Ravi Rao,Arrest,2024-12-30,Udupi,Basavaraj Hegde
9650,16105,0,Bhavana Hegde,Arrest,2024-12-30,Bengaluru City,Prakash Rao
9652,16109,0,Vinutha Prasad,Arrest,2024-12-30,Bengaluru City,Ravi Naik
9654,16113,0,Ravi Rao,Arrest,2024-12-30,Mangaluru (DK),Joseph Desai
9655,16115,0,Lakshmi Shetty,Surrender,2024-12-30,Raichur,Suresh Patil
9656,16117,0,Imran Reddy,Arrest,2024-12-30,Mangaluru (DK),Lakshmi Patil
9657,16119,0,Suresh Patil,Arrest,2024-12-30,Kalaburagi,Bhavana Rao
9660,16125,0,Vinutha Hegde,Surrender,2024-12-30,Mangaluru (DK),Prakash Nayak
9661,16127,0,Chetan Rao,Surrender,2024-12-30,Hassan,Deepak Kulkarni
9663,16129,0,Basavaraj Patil,Arrest,2024-12-30,Bengaluru City,Chetan Naik
9666,16133,0,Lakshmi Shetty,Arrest,2024-12-30,Kalaburagi,Kiran Kulkarni
9670,16139,0,Pooja Kulkarni,Surrender,2024-12-30,Bengaluru City,Prakash Murthy
9671,16141,0,Vinutha Murthy,Arrest,2024-12-31,Hubballi-Dharwad,Suresh Nayak
9673,16143,0,Bhavana Bhat,Arrest,2024-12-31,Bengaluru City,Shivakumar Patil
9674,16145,0,Vinutha Patil,Arrest,2024-12-31,Davanagere,Anitha Kulkarni
9676,16147,0,Yashwanth Kumar,Arrest,2024-12-31,Hassan,Imran Naik
9677,16149,0,Joseph Hegde,Arrest,2024-12-31,Mysuru,Basavaraj Gowda
9682,16157,0,Shivakumar Gowda,Arrest,2024-12-31,Udupi,Girish Iyengar
9684,16163,0,Anitha Kumar,Arrest,2024-12-31,Mysuru,Lakshmi Reddy
9686,16165,0,Pooja Kumar,Surrender,2024-12-31,Belagavi,Vinutha Hegde
9688,16169,0,Ashwini Reddy,Arrest,2024-12-31,Hubballi-Dharwad,Anitha Rao
9690,16171,0,Basavaraj Prasad,Arrest,2024-12-31,Ballari,Joseph Desai
9692,16173,0,Lakshmi Kulkarni,Surrender,2024-12-31,Bengaluru City,Suresh Gowda
9695,16177,0,Shivakumar Naik,Surrender,2024-12-31,Belagavi,Manjunath Kulkarni
9698,16181,0,Yashwanth Iyengar,Arrest,2024-12-31,Bengaluru City,Yashwanth Prasad
9700,16183,0,Suresh Shetty,Arrest,2024-12-31,Bengaluru City,Manjunath Prasad
9701,16185,0,Girish Patil,Arrest,2024-12-31,Udupi,Joseph Reddy
9702,16189,0,Kiran Kulkarni,Arrest,2024-12-31,Bengaluru City,Prakash Rao
9703,16195,0,Nagaraj Kulkarni,Arrest,2024-12-31,Bengaluru Rural,Kiran Prasad
9705,16197,0,Joseph Hegde,Arrest,2024-12-31,Bengaluru City,Bhavana Iyengar
9707,16199,0,Basavaraj Naik,Arrest,2024-12-31,Kalaburagi,Ashwini Patil
9709,16205,0,Manjunath Murthy,Arrest,2025-01-01,Vijayapura,Nagaraj Rao
9710,16207,0,Deepak Shetty,Arrest,2025-01-01,Belagavi,Yashwanth Kumar
9712,16209,0,Prakash Bhat,Surrender,2025-01-01,Hubballi-Dharwad,Mary Iyengar
9714,16211,0,Basavaraj Prasad,Arrest,2025-01-01,Bengaluru City,Joseph Nayak
9718,16217,0,Fatima Kulkarni,Arrest,2025-01-01,Bengaluru City,Nagaraj Iyengar
9719,16219,0,Suresh Iyengar,Arrest,2025-01-01,Bengaluru Rural,Bhavana Nayak
9721,16223,0,Rekha Hegde,Arrest,2025-01-01,Hubballi-Dharwad,Rekha Nayak
9724,16229,0,Rekha Patil,Arrest,2025-01-01,Tumakuru,Chetan Iyengar
9725,16231,0,Imran Nayak,Arrest,2025-01-01,Vijayapura,Imran Gowda
9727,16233,0,Prakash Bhat,Arrest,2025-01-01,Ballari,Chetan Patil
9729,16235,0,Suresh Patil,Arrest,2025-01-01,Bengaluru City,Suresh Desai
9733,16247,0,Nagaraj Patil,Arrest,2025-01-01,Mangaluru (DK),Nagaraj Shetty
9734,16249,0,Bhavana Naik,Surrender,2025-01-01,Belagavi,Ashwini Rao
9735,16251,0,Nagaraj Patil,Arrest,2025-01-01,Hubballi-Dharwad,Pooja Reddy
9737,16253,0,Ravi Desai,Arrest,2025-01-02,Tumakuru,Joseph Gowda
9739,16257,0,Ashwini Naik,Surrender,2025-01-02,Bengaluru Rural,Rekha Desai
9741,16259,0,Manjunath Hegde,Arrest,2025-01-02,Raichur,Nagaraj Iyengar
9742,16261,0,Fatima Reddy,Arrest,2025-01-02,Belagavi,Shivakumar Prasad
9744,16267,0,Fatima Reddy,Arrest,2025-01-02,Mysuru,Nagaraj Murthy
9745,16269,0,Basavaraj Nayak,Arrest,2025-01-02,Bengaluru City,Imran Reddy
9746,16271,0,Joseph Kumar,Arrest,2025-01-02,Hubballi-Dharwad,Chetan Hegde
9748,16273,0,Rekha Murthy,Arrest,2025-01-02,Belagavi,Imran Gowda
9751,16277,0,Kiran Bhat,Arrest,2025-01-02,Hassan,Kiran Reddy
9752,16279,0,Vinutha Bhat,Arrest,2025-01-02,Tumakuru,Nagaraj Patil
9753,16281,0,Shivakumar Desai,Arrest,2025-01-02,Bengaluru City,Pooja Prasad
9755,16285,0,Deepak Nayak,Arrest,2025-01-02,Bengaluru City,Prakash Shetty
9757,16287,0,Shivakumar Iyengar,Surrender,2025-01-02,Ballari,Girish Kumar
9758,16291,0,Fatima Nayak,Surrender,2025-01-02,Mysuru,Shivakumar Iyengar
9761,16295,0,Ashwini Gowda,Arrest,2025-01-02,Shivamogga,Rekha Shetty
9765,16301,0,Yashwanth Rao,Arrest,2025-01-03,Bengaluru Rural,Bhavana Murthy
9767,16305,0,Joseph Bhat,Arrest,2025-01-03,Ballari,Mary Prasad
9769,16307,0,Vinutha Murthy,Arrest,2025-01-03,Tumakuru,Yashwanth Naik
9771,16311,0,Nagaraj Kulkarni,Arrest,2025-01-03,Kalaburagi,Rekha Hegde
9773,16313,0,Lakshmi Murthy,Arrest,2025-01-03,Bengaluru City,Imran Patil
9775,16315,0,Yashwanth Nayak,Surrender,2025-01-03,Kalaburagi,Vinutha Gowda
9776,16317,0,Mary Murthy,Arrest,2025-01-03,Bengaluru City,Vinutha Patil
9778,16319,0,Anitha Reddy,Arrest,2025-01-03,Belagavi,Bhavana Iyengar
9780,16321,0,Pooja Iyengar,Arrest,2025-01-03,Tumakuru,Pooja Prasad
9782,16325,0,Basavaraj Patil,Surrender,2025-01-03,Belagavi,Kiran Kumar
9785,16335,0,Kiran Desai,Arrest,2025-01-03,Davanagere,Ashwini Desai
9787,16337,0,Joseph Reddy,Arrest,2025-01-03,Hassan,Mary Kumar
9789,16341,0,Shivakumar Iyengar,Arrest,2025-01-03,Tumakuru,Suresh Naik
9793,16351,0,Ravi Kumar,Arrest,2025-01-04,Bengaluru City,Anitha Bhat
9795,16353,0,Chetan Desai,Arrest,2025-01-04,Bengaluru City,Shivakumar Iyengar
9797,16355,0,Manjunath Rao,Arrest,2025-01-04,Hubballi-Dharwad,Lakshmi Murthy
9799,16357,0,Lakshmi Kulkarni,Arrest,2025-01-04,Shivamogga,Girish Murthy
9800,16359,0,Imran Nayak,Arrest,2025-01-04,Hassan,Vinutha Murthy
9801,16363,0,Basavaraj Prasad,Arrest,2025-01-04,Bengaluru Rural,Pooja Bhat
9803,16365,0,Fatima Bhat,Arrest,2025-01-04,Hassan,Ashwini Gowda
9805,16367,0,Imran Gowda,Surrender,2025-01-04,Tumakuru,Rekha Bhat
9808,16371,0,Rekha Bhat,Arrest,2025-01-04,Bengaluru City,Bhavana Kulkarni
9810,16373,0,Rekha Kulkarni,Arrest,2025-01-04,Bengaluru City,Joseph Reddy
9812,16375,0,Fatima Shetty,Arrest,2025-01-04,Hubballi-Dharwad,Shivakumar Bhat
9813,16377,0,Fatima Hegde,Surrender,2025-01-04,Mysuru,Vinutha Kulkarni
9816,16381,0,Ravi Prasad,Arrest,2025-01-04,Shivamogga,Bhavana Kumar
9818,16383,0,Girish Shetty,Arrest,2025-01-05,Vijayapura,Anitha Hegde
9819,16385,0,Nagaraj Rao,Arrest,2025-01-05,Bengaluru City,Ravi Desai
9821,16387,0,Mary Prasad,Arrest,2025-01-05,Bengaluru City,Girish Murthy
9822,16389,0,Nagaraj Desai,Arrest,2025-01-05,Tumakuru,Bhavana Shetty
9824,16391,0,Joseph Prasad,Arrest,2025-01-05,Bengaluru City,Vinutha Desai
9826,16393,0,Deepak Rao,Arrest,2025-01-05,Bengaluru City,Prakash Naik
9829,16399,0,Suresh Shetty,Arrest,2025-01-05,Bengaluru City,Kiran Murthy
9832,16403,0,Basavaraj Desai,Arrest,2025-01-05,Ballari,Girish Nayak
9834,16405,0,Imran Bhat,Arrest,2025-01-05,Kalaburagi,Nagaraj Shetty
9835,16407,0,Girish Rao,Arrest,2025-01-05,Udupi,Manjunath Iyengar
9837,16409,0,Manjunath Desai,Arrest,2025-01-05,Shivamogga,Yashwanth Kumar
9840,16413,0,Vinutha Bhat,Arrest,2025-01-05,Bengaluru City,Kiran Patil
9843,16417,0,Nagaraj Prasad,Arrest,2025-01-06,Ballari,Lakshmi Kumar
9844,16419,0,Basavaraj Iyengar,Arrest,2025-01-06,Bengaluru City,Basavaraj Iyengar
9847,16423,0,Rekha Nayak,Arrest,2025-01-06,Raichur,Anitha Naik
9848,16425,0,Bhavana Nayak,Arrest,2025-01-06,Belagavi,Imran Rao
9850,16427,0,Kiran Kulkarni,Arrest,2025-01-06,Bengaluru City,Joseph Iyengar
9853,16431,0,Ashwini Shetty,Surrender,2025-01-06,Tumakuru,Deepak Nayak
9855,16433,0,Deepak Iyengar,Arrest,2025-01-06,Hubballi-Dharwad,Girish Hegde
9858,16437,0,Anitha Kumar,Arrest,2025-01-06,Udupi,Fatima Kumar
9859,16441,0,Anitha Bhat,Arrest,2025-01-06,Hubballi-Dharwad,Deepak Hegde
9861,16445,0,Chetan Iyengar,Arrest,2025-01-06,Udupi,Prakash Desai
9863,16447,0,Fatima Naik,Arrest,2025-01-06,Ballari,Lakshmi Bhat
9865,16449,0,Yashwanth Kulkarni,Arrest,2025-01-06,Belagavi,Mary Rao
9867,16451,0,Manjunath Gowda,Arrest,2025-01-06,Bengaluru City,Vinutha Gowda
9868,16453,0,Chetan Shetty,Arrest,2025-01-06,Belagavi,Chetan Iyengar
9869,16459,0,Pooja Nayak,Arrest,2025-01-07,Belagavi,Basavaraj Kulkarni
9871,16461,0,Ashwini Prasad,Arrest,2025-01-07,Bengaluru City,Fatima Reddy
9872,16463,0,Anitha Prasad,Arrest,2025-01-07,Bengaluru City,Fatima Murthy
9874,16465,0,Lakshmi Nayak,Arrest,2025-01-07,Belagavi,Rekha Rao
9876,16467,0,Lakshmi Kulkarni,Arrest,2025-01-07,Bengaluru Rural,Deepak Naik
9878,16469,0,Nagaraj Kumar,Arrest,2025-01-07,Belagavi,Joseph Reddy
9880,16471,0,Fatima Iyengar,Arrest,2025-01-07,Mysuru,Chetan Shetty
9883,16479,0,Manjunath Reddy,Arrest,2025-01-07,Mangaluru (DK),Chetan Naik
9884,16481,0,Chetan Bhat,Arrest,2025-01-07,Mysuru,Shivakumar Reddy
9885,16483,0,Rekha Naik,Arrest,2025-01-07,Belagavi,Basavaraj Kumar
9886,16485,0,Girish Gowda,Arrest,2025-01-07,Bengaluru City,Basavaraj Prasad
9887,16487,0,Kiran Prasad,Arrest,2025-01-07,Bengaluru City,Ravi Desai
9890,16491,0,Manjunath Kulkarni,Arrest,2025-01-07,Ballari,Girish Prasad
9893,16495,0,Kiran Nayak,Arrest,2025-01-07,Bengaluru City,Chetan Naik
9895,16497,0,Mary Bhat,Arrest,2025-01-07,Hubballi-Dharwad,Rekha Hegde
9897,16499,0,Pooja Kulkarni,Arrest,2025-01-07,Bengaluru City,Girish Reddy
9898,16501,0,Vinutha Hegde,Arrest,2025-01-07,Bengaluru City,Anitha Kumar
9900,16503,0,Shivakumar Naik,Arrest,2025-01-07,Vijayapura,Manjunath Bhat
9902,16505,0,Lakshmi Kulkarni,Arrest,2025-01-07,Kalaburagi,Joseph Shetty
9904,16507,0,Lakshmi Naik,Arrest,2025-01-08,Davanagere,Anitha Rao
9906,16511,0,Joseph Patil,Arrest,2025-01-08,Vijayapura,Vinutha Rao
9908,16515,0,Yashwanth Gowda,Arrest,2025-01-08,Belagavi,Bhavana Rao
9909,16517,0,Ashwini Kulkarni,Surrender,2025-01-08,Mysuru,Prakash Rao
9910,16519,0,Girish Reddy,Arrest,2025-01-08,Belagavi,Pooja Hegde
9911,16521,0,Yashwanth Murthy,Arrest,2025-01-08,Kalaburagi,Suresh Reddy
9912,16523,0,Ravi Shetty,Arrest,2025-01-08,Bengaluru City,Rekha Naik
9914,16525,0,Bhavana Nayak,Arrest,2025-01-08,Hubballi-Dharwad,Pooja Hegde
9916,16527,0,Pooja Iyengar,Arrest,2025-01-08,Bengaluru City,Nagaraj Gowda
9918,16529,0,Girish Iyengar,Arrest,2025-01-08,Bengaluru City,Nagaraj Patil
9920,16531,0,Bhavana Hegde,Arrest,2025-01-08,Tumakuru,Chetan Shetty
9921,16533,0,Girish Hegde,Arrest,2025-01-08,Hubballi-Dharwad,Lakshmi Reddy
9923,16539,0,Rekha Murthy,Arrest,2025-01-08,Bengaluru Rural,Shivakumar Kumar
9926,16543,0,Manjunath Bhat,Arrest,2025-01-08,Hubballi-Dharwad,Bhavana Iyengar
9929,16547,0,Lakshmi Patil,Arrest,2025-01-08,Davanagere,Ravi Iyengar
9931,16549,0,Prakash Prasad,Arrest,2025-01-08,Bengaluru City,Kiran Nayak
9933,16553,0,Girish Naik,Surrender,2025-01-08,Mangaluru (DK),Imran Hegde
9936,16557,0,Nagaraj Kumar,Arrest,2025-01-09,Bengaluru City,Nagaraj Shetty
9940,16565,0,Ravi Murthy,Arrest,2025-01-09,Davanagere,Bhavana Kumar
9941,16569,0,Kiran Bhat,Arrest,2025-01-09,Hubballi-Dharwad,Imran Hegde
9943,16571,0,Vinutha Shetty,Arrest,2025-01-09,Shivamogga,Kiran Prasad
9945,16577,0,Chetan Kulkarni,Arrest,2025-01-09,Tumakuru,Chetan Naik
9949,16585,0,Manjunath Kulkarni,Arrest,2025-01-09,Bengaluru City,Ravi Naik
9951,16589,0,Prakash Patil,Arrest,2025-01-09,Mysuru,Ravi Kumar
9953,16593,0,Suresh Nayak,Arrest,2025-01-09,Mysuru,Vinutha Bhat
9954,16595,0,Suresh Desai,Surrender,2025-01-09,Ballari,Joseph Murthy
9956,16597,0,Basavaraj Patil,Arrest,2025-01-09,Hubballi-Dharwad,Mary Rao
9957,16599,0,Deepak Bhat,Arrest,2025-01-10,Bengaluru Rural,Bhavana Reddy
9960,16605,0,Deepak Rao,Surrender,2025-01-10,Bengaluru City,Anitha Gowda
9961,16607,0,Ashwini Reddy,Arrest,2025-01-10,Mangaluru (DK),Chetan Kulkarni
9962,16609,0,Girish Shetty,Arrest,2025-01-10,Bengaluru City,Bhavana Kumar
9965,16615,0,Deepak Shetty,Arrest,2025-01-10,Bengaluru City,Ashwini Nayak
9967,16617,0,Fatima Desai,Arrest,2025-01-10,Belagavi,Yashwanth Kumar
9969,16619,0,Prakash Murthy,Arrest,2025-01-10,Raichur,Suresh Kulkarni
9973,16625,0,Anitha Reddy,Arrest,2025-01-10,Mysuru,Basavaraj Kulkarni
9975,16635,0,Prakash Bhat,Surrender,2025-01-10,Belagavi,Chetan Nayak
9978,16641,0,Suresh Hegde,Arrest,2025-01-10,Davanagere,Ravi Kumar
9981,16645,0,Vinutha Kumar,Arrest,2025-01-10,Hassan,Ashwini Murthy
9982,16647,0,Ashwini Gowda,Arrest,2025-01-10,Kalaburagi,Joseph Murthy
9984,16649,0,Rekha Patil,Arrest,2025-01-10,Vijayapura,Manjunath Reddy
9987,16653,0,Joseph Hegde,Arrest,2025-01-11,Belagavi,Vinutha Iyengar
9989,16657,0,Chetan Shetty,Arrest,2025-01-11,Mangaluru (DK),Basavaraj Rao
9991,16661,0,Ashwini Reddy,Arrest,2025-01-11,Bengaluru City,Shivakumar Hegde
9992,16663,0,Deepak Patil,Arrest,2025-01-11,Hassan,Deepak Bhat
9994,16665,0,Suresh Patil,Arrest,2025-01-11,Bengaluru City,Pooja Prasad
9996,16667,0,Girish Shetty,Arrest,2025-01-11,Bengaluru Rural,Basavaraj Patil
9998,16669,0,Deepak Bhat,Arrest,2025-01-11,Bengaluru City,Mary Kumar
10000,16671,0,Girish Patil,Arrest,2025-01-11,Tumakuru,Nagaraj Hegde
10002,16673,0,Kiran Prasad,Arrest,2025-01-11,Shivamogga,Girish Patil
10004,16677,0,Joseph Rao,Arrest,2025-01-11,Kalaburagi,Manjunath Nayak
10006,16681,0,Ashwini Kulkarni,Arrest,2025-01-11,Bengaluru City,Lakshmi Naik
10009,16687,0,Suresh Gowda,Arrest,2025-01-11,Bengaluru Rural,Joseph Naik
10012,16691,0,Deepak Iyengar,Surrender,2025-01-11,Raichur,Lakshmi Prasad
10013,16693,0,Ravi Naik,Arrest,2025-01-11,Ballari,Suresh Gowda
10015,16695,0,Kiran Patil,Arrest,2025-01-11,Bengaluru City,Girish Desai
10016,16697,0,Chetan Kumar,Surrender,2025-01-11,Udupi,Fatima Reddy
10017,16699,0,Lakshmi Kulkarni,Arrest,2025-01-12,Bengaluru City,Lakshmi Patil
10019,16703,0,Deepak Bhat,Arrest,2025-01-12,Mangaluru (DK),Kiran Naik
10022,16707,0,Basavaraj Shetty,Surrender,2025-01-12,Tumakuru,Rekha Kumar
10023,16711,0,Pooja Prasad,Arrest,2025-01-12,Kalaburagi,Chetan Shetty
10024,16713,0,Mary Desai,Arrest,2025-01-12,Vijayapura,Bhavana Bhat
10030,16725,0,Suresh Gowda,Arrest,2025-01-12,Ballari,Pooja Gowda
10032,16727,0,Nagaraj Rao,Arrest,2025-01-12,Bengaluru City,Girish Desai
10034,16729,0,Lakshmi Reddy,Arrest,2025-01-13,Bengaluru City,Anitha Prasad
10036,16731,0,Prakash Shetty,Surrender,2025-01-13,Vijayapura,Bhavana Prasad
10038,16733,0,Girish Kulkarni,Arrest,2025-01-13,Bengaluru Rural,Pooja Patil
10039,16735,0,Shivakumar Murthy,Arrest,2025-01-13,Shivamogga,Deepak Iyengar
10040,16737,0,Girish Murthy,Arrest,2025-01-13,Bengaluru City,Mary Iyengar
10044,16751,0,Vinutha Desai,Arrest,2025-01-13,Kalaburagi,Manjunath Gowda
10046,16753,0,Prakash Reddy,Arrest,2025-01-13,Bengaluru City,Vinutha Murthy
10049,16759,0,Ashwini Desai,Arrest,2025-01-13,Hubballi-Dharwad,Joseph Reddy
10051,16761,0,Joseph Reddy,Arrest,2025-01-14,Hassan,Chetan Prasad
10057,16773,0,Bhavana Iyengar,Arrest,2025-01-14,Davanagere,Ashwini Hegde
10060,16777,0,Nagaraj Kulkarni,Arrest,2025-01-14,Bengaluru City,Vinutha Kumar
10062,16779,0,Manjunath Hegde,Arrest,2025-01-14,Bengaluru City,Chetan Kulkarni
10064,16783,0,Ravi Iyengar,Arrest,2025-01-14,Bengaluru City,Rekha Nayak
10065,16785,0,Bhavana Naik,Surrender,2025-01-14,Kalaburagi,Nagaraj Kulkarni
10067,16787,0,Nagaraj Patil,Arrest,2025-01-14,Bengaluru City,Joseph Prasad
10068,16789,0,Vinutha Hegde,Surrender,2025-01-14,Bengaluru City,Girish Reddy
10070,16791,0,Girish Kulkarni,Surrender,2025-01-14,Mangaluru (DK),Vinutha Prasad
10073,16795,0,Yashwanth Bhat,Surrender,2025-01-14,Tumakuru,Suresh Hegde
10075,16797,0,Kiran Nayak,Arrest,2025-01-14,Tumakuru,Manjunath Nayak
10077,16803,0,Prakash Patil,Arrest,2025-01-14,Ballari,Suresh Iyengar
10079,16805,0,Girish Iyengar,Arrest,2025-01-14,Bengaluru City,Prakash Desai
10082,16811,0,Prakash Gowda,Surrender,2025-01-15,Bengaluru City,Bhavana Shetty
10084,16815,0,Nagaraj Rao,Arrest,2025-01-15,Bengaluru City,Chetan Kumar
10086,16817,0,Shivakumar Patil,Arrest,2025-01-15,Bengaluru City,Ravi Naik
10087,16819,0,Manjunath Iyengar,Surrender,2025-01-15,Mysuru,Yashwanth Naik
10089,16823,0,Rekha Reddy,Surrender,2025-01-15,Belagavi,Ashwini Kumar
10091,16825,0,Ashwini Naik,Surrender,2025-01-15,Ballari,Shivakumar Kulkarni
10093,16827,0,Nagaraj Gowda,Arrest,2025-01-15,Mysuru,Ravi Patil
10094,16829,0,Rekha Naik,Arrest,2025-01-15,Belagavi,Fatima Kumar
10095,16833,0,Mary Naik,Arrest,2025-01-15,Hubballi-Dharwad,Deepak Reddy
10096,16835,0,Prakash Patil,Arrest,2025-01-15,Belagavi,Joseph Kumar
10098,16839,0,Joseph Nayak,Arrest,2025-01-15,Bengaluru City,Ashwini Patil
10101,16843,0,Pooja Reddy,Arrest,2025-01-16,Tumakuru,Ravi Shetty
10102,16845,0,Shivakumar Kulkarni,Arrest,2025-01-16,Mangaluru (DK),Pooja Gowda
10103,16849,0,Joseph Hegde,Arrest,2025-01-16,Davanagere,Vinutha Murthy
10105,16851,0,Prakash Nayak,Surrender,2025-01-16,Raichur,Joseph Gowda
10108,16857,0,Suresh Desai,Arrest,2025-01-16,Udupi,Nagaraj Kumar
10110,16859,0,Shivakumar Nayak,Arrest,2025-01-16,Bengaluru City,Shivakumar Gowda
10111,16861,0,Nagaraj Kulkarni,Arrest,2025-01-16,Belagavi,Kiran Naik
10113,16863,0,Rekha Reddy,Arrest,2025-01-16,Bengaluru Rural,Deepak Iyengar
10115,16865,0,Chetan Shetty,Arrest,2025-01-16,Ballari,Mary Rao
10117,16869,0,Basavaraj Bhat,Arrest,2025-01-16,Tumakuru,Basavaraj Hegde
10119,16871,0,Yashwanth Patil,Arrest,2025-01-16,Bengaluru City,Joseph Prasad
10120,16873,0,Bhavana Hegde,Surrender,2025-01-16,Shivamogga,Mary Rao
10123,16877,0,Nagaraj Kumar,Arrest,2025-01-16,Bengaluru Rural,Vinutha Nayak
10124,16881,0,Kiran Kumar,Arrest,2025-01-17,Hubballi-Dharwad,Chetan Prasad
10126,16883,0,Girish Kulkarni,Arrest,2025-01-17,Hassan,Deepak Kulkarni
10128,16889,0,Kiran Iyengar,Arrest,2025-01-17,Bengaluru City,Basavaraj Kulkarni
10130,16893,0,Deepak Rao,Arrest,2025-01-17,Belagavi,Fatima Gowda
10133,16899,0,Imran Gowda,Arrest,2025-01-17,Bengaluru City,Prakash Patil
10135,16903,0,Basavaraj Bhat,Arrest,2025-01-17,Belagavi,Shivakumar Reddy
10137,16907,0,Ashwini Iyengar,Arrest,2025-01-17,Bengaluru City,Ravi Reddy
10140,16911,0,Kiran Hegde,Surrender,2025-01-17,Kalaburagi,Anitha Gowda
10142,16913,0,Yashwanth Kulkarni,Surrender,2025-01-17,Mangaluru (DK),Lakshmi Gowda
10144,16915,0,Chetan Kulkarni,Arrest,2025-01-17,Shivamogga,Nagaraj Shetty
10146,16917,0,Joseph Prasad,Arrest,2025-01-18,Ballari,Shivakumar Prasad
10149,16925,0,Fatima Kumar,Arrest,2025-01-18,Bengaluru Rural,Imran Patil
10151,16931,0,Vinutha Bhat,Arrest,2025-01-18,Hassan,Imran Nayak
10153,16939,0,Imran Murthy,Arrest,2025-01-18,Bengaluru City,Rekha Rao
10156,16943,0,Chetan Bhat,Arrest,2025-01-18,Ballari,Vinutha Iyengar
10161,16951,0,Lakshmi Patil,Arrest,2025-01-18,Bengaluru City,Rekha Murthy
10165,16957,0,Fatima Patil,Arrest,2025-01-18,Belagavi,Rekha Rao
10167,16961,0,Suresh Bhat,Surrender,2025-01-19,Bengaluru City,Chetan Nayak
10169,16963,0,Kiran Kumar,Arrest,2025-01-19,Vijayapura,Chetan Reddy
10171,16965,0,Nagaraj Patil,Arrest,2025-01-19,Belagavi,Yashwanth Kumar
10173,16969,0,Joseph Kumar,Arrest,2025-01-19,Hassan,Rekha Kumar
10179,16979,0,Basavaraj Prasad,Arrest,2025-01-19,Bengaluru City,Shivakumar Nayak
10182,16983,0,Lakshmi Prasad,Arrest,2025-01-19,Mysuru,Shivakumar Kumar
10184,16985,0,Rekha Reddy,Arrest,2025-01-19,Hubballi-Dharwad,Bhavana Reddy
10187,16991,0,Kiran Prasad,Arrest,2025-01-19,Bengaluru City,Bhavana Hegde
10189,16993,0,Chetan Naik,Arrest,2025-01-20,Ballari,Chetan Kulkarni
10192,16997,0,Nagaraj Nayak,Surrender,2025-01-20,Tumakuru,Nagaraj Murthy
10193,16999,0,Pooja Iyengar,Arrest,2025-01-20,Mysuru,Ashwini Iyengar
10195,17001,0,Chetan Desai,Arrest,2025-01-20,Hubballi-Dharwad,Lakshmi Bhat
10197,17003,0,Ravi Gowda,Arrest,2025-01-20,Bengaluru City,Kiran Patil
10199,17005,0,Anitha Murthy,Arrest,2025-01-20,Kalaburagi,Kiran Bhat
10201,17007,0,Prakash Rao,Arrest,2025-01-20,Bengaluru City,Ravi Kulkarni
10203,17011,0,Anitha Shetty,Surrender,2025-01-20,Mysuru,Bhavana Gowda
10205,17013,0,Chetan Bhat,Arrest,2025-01-20,Shivamogga,Rekha Iyengar
10209,17019,0,Joseph Kulkarni,Arrest,2025-01-21,Hassan,Deepak Patil
10210,17021,0,Rekha Prasad,Arrest,2025-01-21,Belagavi,Rekha Patil
10211,17023,0,Bhavana Gowda,Arrest,2025-01-21,Bengaluru Rural,Pooja Kulkarni
10212,17025,0,Yashwanth Hegde,Arrest,2025-01-21,Bengaluru City,Yashwanth Reddy
10215,17029,0,Suresh Iyengar,Arrest,2025-01-21,Bengaluru City,Basavaraj Reddy
10217,17031,0,Yashwanth Patil,Arrest,2025-01-21,Bengaluru Rural,Ashwini Kulkarni
10218,17033,0,Imran Bhat,Surrender,2025-01-21,Bengaluru Rural,Bhavana Nayak
10219,17035,0,Manjunath Patil,Arrest,2025-01-21,Belagavi,Prakash Prasad
10221,17037,0,Chetan Kulkarni,Arrest,2025-01-21,Raichur,Lakshmi Desai
10223,17045,0,Pooja Prasad,Arrest,2025-01-21,Shivamogga,Fatima Shetty
10225,17049,0,Girish Nayak,Surrender,2025-01-22,Mangaluru (DK),Ashwini Rao
10227,17051,0,Lakshmi Rao,Arrest,2025-01-22,Mangaluru (DK),Suresh Rao
10229,17057,0,Yashwanth Patil,Arrest,2025-01-22,Ballari,Suresh Kumar
10230,17059,0,Kiran Patil,Arrest,2025-01-22,Bengaluru City,Pooja Rao
10232,17061,0,Deepak Rao,Arrest,2025-01-22,Belagavi,Bhavana Nayak
10234,17063,0,Kiran Desai,Arrest,2025-01-22,Belagavi,Suresh Kulkarni
10237,17069,0,Lakshmi Nayak,Arrest,2025-01-22,Ballari,Imran Naik
10239,17071,0,Lakshmi Desai,Arrest,2025-01-22,Vijayapura,Chetan Bhat
10241,17073,0,Nagaraj Bhat,Arrest,2025-01-22,Mysuru,Deepak Kumar
10243,17079,0,Fatima Patil,Surrender,2025-01-22,Mysuru,Suresh Iyengar
10244,17081,0,Vinutha Hegde,Arrest,2025-01-22,Mysuru,Deepak Iyengar
10245,17083,0,Mary Prasad,Arrest,2025-01-22,Bengaluru Rural,Rekha Reddy
10246,17085,0,Shivakumar Murthy,Arrest,2025-01-22,Mangaluru (DK),Nagaraj Nayak
10248,17087,0,Mary Desai,Arrest,2025-01-22,Vijayapura,Lakshmi Iyengar
10250,17091,0,Pooja Murthy,Arrest,2025-01-22,Shivamogga,Ravi Nayak
10252,17093,0,Yashwanth Shetty,Surrender,2025-01-23,Belagavi,Anitha Iyengar
10253,17095,0,Mary Bhat,Arrest,2025-01-23,Vijayapura,Suresh Bhat
10255,17099,0,Suresh Murthy,Arrest,2025-01-23,Belagavi,Joseph Iyengar
10257,17101,0,Anitha Patil,Arrest,2025-01-23,Belagavi,Girish Nayak
10259,17105,0,Lakshmi Kumar,Arrest,2025-01-23,Bengaluru City,Girish Reddy
10261,17107,0,Basavaraj Gowda,Arrest,2025-01-23,Bengaluru City,Mary Kulkarni
10265,17113,0,Basavaraj Gowda,Arrest,2025-01-23,Bengaluru Rural,Girish Kumar
10267,17115,0,Bhavana Rao,Arrest,2025-01-23,Kalaburagi,Shivakumar Gowda
10268,17119,0,Chetan Naik,Surrender,2025-01-23,Bengaluru City,Fatima Kulkarni
10272,17131,0,Deepak Kulkarni,Arrest,2025-01-23,Bengaluru City,Bhavana Gowda
10275,17137,0,Pooja Iyengar,Arrest,2025-01-24,Tumakuru,Lakshmi Gowda
10277,17139,0,Vinutha Reddy,Arrest,2025-01-24,Shivamogga,Manjunath Iyengar
10279,17143,0,Deepak Reddy,Arrest,2025-01-24,Shivamogga,Kiran Rao
10281,17147,0,Manjunath Patil,Arrest,2025-01-24,Ballari,Kiran Bhat
10282,17149,0,Ravi Patil,Arrest,2025-01-24,Mysuru,Suresh Kumar
10284,17153,0,Ravi Iyengar,Arrest,2025-01-24,Mysuru,Deepak Gowda
10285,17155,0,Joseph Nayak,Arrest,2025-01-24,Mysuru,Imran Shetty
10288,17159,0,Manjunath Naik,Surrender,2025-01-24,Hubballi-Dharwad,Kiran Desai
10291,17163,0,Nagaraj Patil,Arrest,2025-01-24,Bengaluru City,Fatima Kumar
10293,17171,0,Prakash Patil,Arrest,2025-01-25,Raichur,Yashwanth Naik
10295,17173,0,Anitha Bhat,Arrest,2025-01-25,Bengaluru City,Ashwini Prasad
10297,17175,0,Manjunath Kumar,Arrest,2025-01-25,Bengaluru City,Pooja Murthy
10298,17179,0,Ashwini Naik,Arrest,2025-01-25,Bengaluru City,Shivakumar Naik
10300,17181,0,Yashwanth Kulkarni,Arrest,2025-01-25,Tumakuru,Vinutha Kumar
10301,17183,0,Mary Kumar,Arrest,2025-01-25,Belagavi,Joseph Naik
10302,17185,0,Joseph Bhat,Surrender,2025-01-25,Bengaluru City,Joseph Naik
10304,17187,0,Chetan Kumar,Surrender,2025-01-25,Ballari,Bhavana Rao
10305,17191,0,Girish Nayak,Surrender,2025-01-25,Ballari,Yashwanth Reddy
10307,17193,0,Kiran Gowda,Arrest,2025-01-25,Davanagere,Manjunath Patil
10309,17195,0,Vinutha Kumar,Arrest,2025-01-25,Ballari,Joseph Iyengar
10311,17197,0,Anitha Rao,Arrest,2025-01-25,Bengaluru City,Lakshmi Bhat
10312,17199,0,Chetan Patil,Arrest,2025-01-25,Bengaluru City,Manjunath Kumar
10313,17201,0,Suresh Nayak,Arrest,2025-01-25,Bengaluru City,Pooja Patil
10315,17203,0,Yashwanth Gowda,Arrest,2025-01-25,Shivamogga,Manjunath Patil
10317,17205,0,Ravi Bhat,Arrest,2025-01-25,Bengaluru City,Basavaraj Bhat
10320,17209,0,Mary Reddy,Arrest,2025-01-25,Kalaburagi,Imran Hegde
10321,17215,0,Suresh Reddy,Arrest,2025-01-26,Hubballi-Dharwad,Deepak Patil
10324,17221,0,Pooja Hegde,Arrest,2025-01-26,Shivamogga,Suresh Rao
10325,17227,0,Manjunath Prasad,Arrest,2025-01-26,Belagavi,Joseph Gowda
10326,17229,0,Vinutha Desai,Arrest,2025-01-26,Ballari,Vinutha Bhat
10328,17231,0,Rekha Kumar,Arrest,2025-01-26,Ballari,Pooja Hegde
10329,17233,0,Nagaraj Kumar,Arrest,2025-01-26,Ballari,Ravi Desai
10330,17235,0,Bhavana Gowda,Arrest,2025-01-26,Bengaluru City,Bhavana Kumar
10334,17241,0,Ravi Hegde,Arrest,2025-01-26,Hassan,Shivakumar Patil
10335,17243,0,Rekha Rao,Surrender,2025-01-26,Bengaluru City,Girish Rao
10337,17245,0,Shivakumar Desai,Arrest,2025-01-26,Ballari,Ashwini Bhat
10339,17247,0,Girish Murthy,Arrest,2025-01-26,Vijayapura,Mary Desai
10341,17249,0,Joseph Shetty,Arrest,2025-01-27,Bengaluru City,Chetan Rao
10344,17253,0,Lakshmi Kumar,Arrest,2025-01-27,Bengaluru City,Joseph Shetty
10346,17255,0,Prakash Patil,Arrest,2025-01-27,Mysuru,Nagaraj Kumar
10352,17269,0,Prakash Patil,Arrest,2025-01-27,Hassan,Ashwini Kumar
10354,17271,0,Anitha Naik,Arrest,2025-01-27,Ballari,Nagaraj Nayak
10356,17273,0,Bhavana Iyengar,Surrender,2025-01-27,Hubballi-Dharwad,Girish Shetty
10358,17275,0,Yashwanth Gowda,Arrest,2025-01-27,Raichur,Girish Iyengar
10359,17277,0,Lakshmi Shetty,Arrest,2025-01-27,Mysuru,Suresh Gowda
10361,17279,0,Yashwanth Murthy,Arrest,2025-01-27,Raichur,Kiran Bhat
10362,17281,0,Joseph Prasad,Arrest,2025-01-28,Tumakuru,Suresh Kumar
10364,17283,0,Joseph Patil,Arrest,2025-01-28,Shivamogga,Joseph Gowda
10366,17285,0,Kiran Rao,Arrest,2025-01-28,Hubballi-Dharwad,Deepak Rao
10368,17287,0,Suresh Reddy,Arrest,2025-01-28,Ballari,Ravi Shetty
10369,17289,0,Kiran Shetty,Arrest,2025-01-28,Udupi,Suresh Gowda
10371,17297,0,Rekha Bhat,Surrender,2025-01-28,Mangaluru (DK),Rekha Rao
10373,17299,0,Shivakumar Hegde,Arrest,2025-01-28,Kalaburagi,Lakshmi Shetty
10374,17301,0,Suresh Patil,Arrest,2025-01-28,Hubballi-Dharwad,Fatima Reddy
10377,17307,0,Chetan Patil,Arrest,2025-01-28,Bengaluru City,Prakash Desai
10381,17315,0,Vinutha Shetty,Arrest,2025-01-28,Raichur,Joseph Naik
10384,17319,0,Joseph Kulkarni,Surrender,2025-01-28,Vijayapura,Anitha Shetty
10385,17323,0,Shivakumar Shetty,Surrender,2025-01-28,Bengaluru City,Rekha Iyengar
10387,17325,0,Ashwini Shetty,Arrest,2025-01-29,Kalaburagi,Ashwini Murthy
10388,17327,0,Ashwini Nayak,Arrest,2025-01-29,Mysuru,Prakash Kumar
10391,17331,0,Kiran Kulkarni,Arrest,2025-01-29,Tumakuru,Prakash Nayak
10393,17333,0,Nagaraj Kulkarni,Arrest,2025-01-29,Bengaluru City,Shivakumar Hegde
10396,17339,0,Chetan Shetty,Arrest,2025-01-29,Bengaluru Rural,Vinutha Bhat
10397,17341,0,Kiran Kulkarni,Arrest,2025-01-29,Mangaluru (DK),Manjunath Naik
10399,17345,0,Manjunath Shetty,Arrest,2025-01-29,Bengaluru City,Yashwanth Patil
10400,17347,0,Kiran Naik,Arrest,2025-01-29,Ballari,Nagaraj Reddy
10403,17355,0,Lakshmi Kumar,Arrest,2025-01-29,Bengaluru City,Imran Kulkarni
10405,17359,0,Yashwanth Desai,Arrest,2025-01-30,Bengaluru City,Rekha Prasad
10408,17365,0,Ravi Desai,Surrender,2025-01-30,Hubballi-Dharwad,Nagaraj Hegde
10410,17369,0,Girish Desai,Arrest,2025-01-30,Tumakuru,Joseph Kulkarni
10412,17373,0,Deepak Shetty,Surrender,2025-01-30,Bengaluru City,Basavaraj Kulkarni
10414,17375,0,Basavaraj Kumar,Surrender,2025-01-30,Mysuru,Kiran Bhat
10416,17377,0,Ashwini Desai,Arrest,2025-01-30,Mysuru,Lakshmi Iyengar
10419,17383,0,Nagaraj Nayak,Arrest,2025-01-30,Bengaluru City,Ashwini Kulkarni
10421,17387,0,Ashwini Patil,Arrest,2025-01-30,Hubballi-Dharwad,Yashwanth Gowda
10423,17389,0,Manjunath Shetty,Arrest,2025-01-30,Tumakuru,Chetan Bhat
10427,17397,0,Chetan Naik,Surrender,2025-01-30,Shivamogga,Suresh Bhat
10430,17403,0,Ashwini Prasad,Arrest,2025-01-30,Tumakuru,Pooja Kulkarni
10431,17407,0,Yashwanth Murthy,Arrest,2025-01-31,Tumakuru,Shivakumar Prasad
10432,17409,0,Ravi Murthy,Arrest,2025-01-31,Belagavi,Ravi Shetty
10435,17413,0,Yashwanth Bhat,Arrest,2025-01-31,Bengaluru City,Vinutha Kumar
10436,17415,0,Imran Rao,Arrest,2025-01-31,Bengaluru City,Manjunath Patil
10437,17417,0,Nagaraj Bhat,Arrest,2025-01-31,Mangaluru (DK),Nagaraj Kumar
10439,17419,0,Basavaraj Hegde,Arrest,2025-01-31,Belagavi,Yashwanth Kulkarni
10441,17421,0,Mary Murthy,Arrest,2025-01-31,Belagavi,Rekha Kumar
10442,17423,0,Fatima Naik,Surrender,2025-01-31,Bengaluru City,Deepak Reddy
10443,17425,0,Shivakumar Kumar,Arrest,2025-01-31,Davanagere,Imran Desai
10447,17435,0,Bhavana Shetty,Surrender,2025-01-31,Bengaluru City,Vinutha Prasad
10449,17437,0,Lakshmi Kulkarni,Arrest,2025-01-31,Bengaluru City,Girish Shetty
10450,17439,0,Suresh Patil,Arrest,2025-01-31,Mysuru,Prakash Iyengar
10452,17441,0,Fatima Nayak,Arrest,2025-01-31,Belagavi,Manjunath Nayak
10454,17443,0,Ravi Patil,Arrest,2025-01-31,Ballari,Shivakumar Patil
10456,17447,0,Ashwini Hegde,Arrest,2025-01-31,Mysuru,Vinutha Gowda
10457,17449,0,Bhavana Naik,Surrender,2025-01-31,Bengaluru City,Joseph Kulkarni
10458,17451,0,Bhavana Bhat,Arrest,2025-01-31,Mysuru,Bhavana Prasad
10460,17453,0,Joseph Gowda,Surrender,2025-01-31,Bengaluru Rural,Fatima Hegde
10463,17463,0,Shivakumar Kumar,Arrest,2025-02-01,Bengaluru Rural,Pooja Kulkarni
10465,17471,0,Lakshmi Nayak,Arrest,2025-02-01,Hubballi-Dharwad,Yashwanth Desai
10467,17475,0,Kiran Naik,Arrest,2025-02-01,Bengaluru Rural,Imran Patil
10468,17477,0,Ashwini Prasad,Arrest,2025-02-01,Belagavi,Lakshmi Murthy
10470,17479,0,Nagaraj Murthy,Arrest,2025-02-01,Tumakuru,Kiran Reddy
10472,17483,0,Kiran Patil,Arrest,2025-02-01,Hassan,Mary Murthy
10475,17487,0,Prakash Bhat,Arrest,2025-02-01,Vijayapura,Shivakumar Nayak
10478,17495,0,Nagaraj Gowda,Arrest,2025-02-02,Shivamogga,Girish Kumar
10480,17499,0,Rekha Iyengar,Arrest,2025-02-02,Bengaluru City,Prakash Gowda
10482,17501,0,Joseph Reddy,Arrest,2025-02-02,Mysuru,Manjunath Gowda
10484,17505,0,Shivakumar Reddy,Arrest,2025-02-02,Bengaluru City,Fatima Kumar
10486,17507,0,Prakash Gowda,Arrest,2025-02-02,Mangaluru (DK),Basavaraj Prasad
10488,17509,0,Bhavana Shetty,Arrest,2025-02-02,Mysuru,Ravi Patil
10490,17511,0,Ravi Murthy,Arrest,2025-02-02,Bengaluru City,Lakshmi Reddy
10492,17513,0,Mary Desai,Arrest,2025-02-02,Shivamogga,Manjunath Kulkarni
10494,17515,0,Basavaraj Desai,Surrender,2025-02-03,Bengaluru City,Deepak Rao
10497,17521,0,Girish Iyengar,Arrest,2025-02-03,Vijayapura,Ashwini Prasad
10499,17527,0,Chetan Kulkarni,Arrest,2025-02-03,Bengaluru City,Nagaraj Prasad
10501,17531,0,Manjunath Kulkarni,Arrest,2025-02-03,Mangaluru (DK),Ravi Kulkarni
10502,17533,0,Girish Hegde,Arrest,2025-02-03,Bengaluru City,Anitha Reddy
10505,17539,0,Imran Shetty,Arrest,2025-02-03,Mangaluru (DK),Fatima Murthy
10507,17543,0,Suresh Hegde,Surrender,2025-02-03,Kalaburagi,Bhavana Murthy
10509,17547,0,Nagaraj Rao,Arrest,2025-02-03,Mangaluru (DK),Imran Kulkarni
10510,17549,0,Girish Nayak,Arrest,2025-02-03,Shivamogga,Fatima Nayak
10511,17551,0,Ashwini Naik,Arrest,2025-02-03,Bengaluru City,Anitha Kumar
10512,17555,0,Fatima Desai,Arrest,2025-02-04,Bengaluru Rural,Girish Patil
10514,17559,0,Lakshmi Desai,Arrest,2025-02-04,Ballari,Shivakumar Bhat
10515,17561,0,Ashwini Iyengar,Arrest,2025-02-04,Bengaluru City,Imran Shetty
10517,17563,0,Yashwanth Kulkarni,Surrender,2025-02-04,Belagavi,Shivakumar Bhat
10519,17565,0,Fatima Bhat,Arrest,2025-02-04,Udupi,Anitha Naik
10521,17567,0,Deepak Naik,Surrender,2025-02-04,Mysuru,Prakash Kulkarni
10522,17569,0,Anitha Patil,Arrest,2025-02-04,Kalaburagi,Chetan Rao
10525,17573,0,Yashwanth Reddy,Arrest,2025-02-04,Kalaburagi,Nagaraj Patil
10527,17575,0,Vinutha Patil,Arrest,2025-02-04,Hassan,Basavaraj Kulkarni
10529,17577,0,Bhavana Kulkarni,Arrest,2025-02-04,Mangaluru (DK),Prakash Patil
10530,17579,0,Mary Shetty,Arrest,2025-02-04,Bengaluru Rural,Vinutha Shetty
10532,17581,0,Deepak Kumar,Arrest,2025-02-04,Raichur,Kiran Iyengar
10534,17583,0,Pooja Gowda,Arrest,2025-02-04,Hassan,Joseph Reddy
10537,17589,0,Rekha Kulkarni,Arrest,2025-02-05,Belagavi,Lakshmi Kumar
10538,17591,0,Bhavana Kulkarni,Arrest,2025-02-05,Tumakuru,Mary Kumar
10540,17593,0,Girish Bhat,Arrest,2025-02-05,Bengaluru City,Joseph Nayak
10541,17595,0,Mary Gowda,Arrest,2025-02-05,Shivamogga,Suresh Kumar
10542,17597,0,Suresh Murthy,Arrest,2025-02-05,Bengaluru City,Pooja Reddy
10544,17599,0,Ravi Kulkarni,Arrest,2025-02-05,Bengaluru Rural,Shivakumar Prasad
10546,17601,0,Fatima Kumar,Arrest,2025-02-05,Kalaburagi,Yashwanth Rao
10547,17603,0,Suresh Kulkarni,Arrest,2025-02-05,Belagavi,Chetan Iyengar
10549,17607,0,Shivakumar Murthy,Surrender,2025-02-05,Ballari,Rekha Nayak
10551,17609,0,Deepak Kulkarni,Arrest,2025-02-05,Bengaluru Rural,Deepak Desai
10553,17611,0,Anitha Nayak,Arrest,2025-02-05,Hassan,Rekha Prasad
10555,17613,0,Bhavana Gowda,Arrest,2025-02-05,Mysuru,Rekha Reddy
10556,17615,0,Prakash Prasad,Arrest,2025-02-05,Bengaluru City,Anitha Prasad
10558,17617,0,Shivakumar Reddy,Arrest,2025-02-05,Belagavi,Fatima Hegde
10559,17619,0,Ravi Naik,Surrender,2025-02-05,Bengaluru City,Basavaraj Rao
10561,17621,0,Ashwini Kulkarni,Surrender,2025-02-05,Hubballi-Dharwad,Kiran Kulkarni
10562,17623,0,Rekha Murthy,Arrest,2025-02-05,Bengaluru City,Imran Shetty
10564,17625,0,Pooja Murthy,Arrest,2025-02-05,Tumakuru,Mary Nayak
10566,17629,0,Shivakumar Murthy,Arrest,2025-02-06,Hubballi-Dharwad,Mary Kumar
10568,17631,0,Chetan Bhat,Surrender,2025-02-06,Bengaluru City,Vinutha Kulkarni
10569,17633,0,Anitha Patil,Arrest,2025-02-06,Bengaluru City,Basavaraj Desai
10571,17637,0,Yashwanth Prasad,Arrest,2025-02-06,Belagavi,Joseph Iyengar
10572,17641,0,Nagaraj Nayak,Arrest,2025-02-06,Bengaluru City,Joseph Gowda
10573,17643,0,Deepak Prasad,Arrest,2025-02-06,Vijayapura,Imran Gowda
10575,17645,0,Shivakumar Kumar,Arrest,2025-02-06,Hassan,Nagaraj Murthy
10577,17651,0,Suresh Shetty,Arrest,2025-02-06,Hubballi-Dharwad,Suresh Kumar
10579,17653,0,Nagaraj Shetty,Arrest,2025-02-06,Shivamogga,Rekha Kulkarni
10580,17655,0,Prakash Murthy,Arrest,2025-02-07,Bengaluru City,Manjunath Kulkarni
10581,17659,0,Ravi Prasad,Arrest,2025-02-07,Kalaburagi,Chetan Hegde
10583,17661,0,Chetan Kulkarni,Surrender,2025-02-07,Bengaluru City,Girish Kumar
10584,17663,0,Shivakumar Shetty,Arrest,2025-02-07,Bengaluru City,Nagaraj Naik
10585,17665,0,Chetan Shetty,Arrest,2025-02-07,Davanagere,Girish Naik
10588,17671,0,Rekha Reddy,Arrest,2025-02-07,Hassan,Prakash Kulkarni
10591,17675,0,Manjunath Desai,Arrest,2025-02-07,Mysuru,Vinutha Reddy
10593,17677,0,Anitha Kumar,Arrest,2025-02-07,Bengaluru Rural,Ravi Bhat
10595,17679,0,Manjunath Rao,Arrest,2025-02-07,Bengaluru City,Basavaraj Iyengar
10599,17685,0,Rekha Reddy,Arrest,2025-02-07,Bengaluru City,Deepak Naik
10602,17697,0,Anitha Naik,Surrender,2025-02-07,Vijayapura,Shivakumar Murthy
10603,17699,0,Imran Naik,Surrender,2025-02-07,Mysuru,Pooja Prasad
10605,17701,0,Vinutha Kulkarni,Arrest,2025-02-07,Mysuru,Nagaraj Shetty
10608,17709,0,Lakshmi Shetty,Surrender,2025-02-08,Belagavi,Bhavana Kumar
10610,17711,0,Anitha Hegde,Arrest,2025-02-08,Hubballi-Dharwad,Bhavana Shetty
10612,17713,0,Anitha Kumar,Arrest,2025-02-08,Kalaburagi,Lakshmi Kulkarni
10615,17719,0,Mary Gowda,Arrest,2025-02-08,Davanagere,Fatima Kumar
10617,17721,0,Chetan Naik,Arrest,2025-02-08,Vijayapura,Suresh Murthy
10619,17723,0,Deepak Prasad,Surrender,2025-02-08,Ballari,Manjunath Rao
10620,17725,0,Ashwini Murthy,Arrest,2025-02-08,Bengaluru City,Lakshmi Reddy
10622,17727,0,Rekha Reddy,Arrest,2025-02-08,Mysuru,Rekha Desai
10626,17735,0,Deepak Reddy,Arrest,2025-02-08,Davanagere,Bhavana Kulkarni
10627,17741,0,Anitha Kulkarni,Arrest,2025-02-08,Belagavi,Ravi Desai
10628,17743,0,Rekha Rao,Arrest,2025-02-08,Bengaluru City,Suresh Rao
10629,17745,0,Imran Bhat,Arrest,2025-02-08,Raichur,Suresh Patil
10631,17747,0,Basavaraj Shetty,Arrest,2025-02-08,Bengaluru City,Rekha Murthy
10634,17753,0,Girish Shetty,Arrest,2025-02-08,Davanagere,Nagaraj Bhat
10635,17755,0,Ashwini Nayak,Arrest,2025-02-08,Vijayapura,Girish Prasad
10638,17761,0,Prakash Desai,Arrest,2025-02-09,Hassan,Basavaraj Hegde
10640,17763,0,Ravi Hegde,Arrest,2025-02-09,Hubballi-Dharwad,Yashwanth Patil
10642,17769,0,Prakash Kulkarni,Arrest,2025-02-09,Belagavi,Suresh Murthy
10644,17771,0,Bhavana Iyengar,Arrest,2025-02-09,Hubballi-Dharwad,Deepak Bhat
10646,17773,0,Vinutha Nayak,Arrest,2025-02-09,Ballari,Ashwini Kulkarni
10647,17775,0,Suresh Naik,Arrest,2025-02-09,Hubballi-Dharwad,Fatima Gowda
10648,17777,0,Lakshmi Iyengar,Arrest,2025-02-09,Mangaluru (DK),Girish Reddy
10651,17781,0,Nagaraj Kumar,Surrender,2025-02-09,Mysuru,Vinutha Gowda
10655,17787,0,Prakash Hegde,Surrender,2025-02-09,Davanagere,Fatima Prasad
10658,17791,0,Shivakumar Desai,Arrest,2025-02-09,Tumakuru,Lakshmi Patil
10660,17793,0,Ravi Reddy,Arrest,2025-02-09,Tumakuru,Prakash Hegde
10661,17795,0,Anitha Prasad,Surrender,2025-02-09,Hubballi-Dharwad,Mary Murthy
10662,17797,0,Nagaraj Kumar,Arrest,2025-02-09,Bengaluru City,Ravi Prasad
10664,17799,0,Fatima Reddy,Arrest,2025-02-09,Bengaluru Rural,Nagaraj Kulkarni
10667,17803,0,Shivakumar Desai,Arrest,2025-02-09,Raichur,Manjunath Naik
10668,17805,0,Nagaraj Bhat,Arrest,2025-02-09,Kalaburagi,Prakash Nayak
10669,17807,0,Vinutha Nayak,Arrest,2025-02-09,Davanagere,Ravi Prasad
10672,17817,0,Kiran Prasad,Arrest,2025-02-09,Tumakuru,Chetan Prasad
10674,17819,0,Manjunath Shetty,Arrest,2025-02-09,Bengaluru City,Joseph Gowda
10677,17823,0,Basavaraj Patil,Arrest,2025-02-09,Tumakuru,Vinutha Patil
10678,17825,0,Manjunath Bhat,Arrest,2025-02-10,Bengaluru City,Pooja Nayak
10680,17827,0,Ravi Shetty,Arrest,2025-02-10,Davanagere,Ashwini Naik
10681,17829,0,Rekha Kulkarni,Arrest,2025-02-10,Tumakuru,Suresh Bhat
10683,17831,0,Kiran Prasad,Surrender,2025-02-10,Hubballi-Dharwad,Pooja Iyengar
10685,17833,0,Ashwini Patil,Arrest,2025-02-10,Mysuru,Ravi Desai
10689,17839,0,Joseph Iyengar,Surrender,2025-02-10,Kalaburagi,Mary Kumar
10690,17841,0,Kiran Bhat,Arrest,2025-02-10,Bengaluru City,Vinutha Rao
10692,17847,0,Shivakumar Rao,Arrest,2025-02-10,Mysuru,Fatima Nayak
10694,17849,0,Deepak Reddy,Arrest,2025-02-10,Shivamogga,Kiran Prasad
10696,17851,0,Imran Reddy,Arrest,2025-02-10,Bengaluru City,Chetan Kulkarni
10698,17855,0,Ashwini Prasad,Arrest,2025-02-11,Belagavi,Bhavana Reddy
10700,17857,0,Anitha Patil,Arrest,2025-02-11,Mangaluru (DK),Fatima Shetty
10702,17859,0,Nagaraj Kulkarni,Surrender,2025-02-11,Bengaluru City,Pooja Kumar
10706,17865,0,Kiran Prasad,Arrest,2025-02-11,Mysuru,Prakash Desai
10708,17867,0,Bhavana Rao,Arrest,2025-02-11,Bengaluru Rural,Kiran Gowda
10710,17869,0,Basavaraj Desai,Arrest,2025-02-11,Davanagere,Rekha Reddy
10711,17871,0,Anitha Nayak,Surrender,2025-02-11,Belagavi,Mary Iyengar
10712,17873,0,Suresh Hegde,Arrest,2025-02-11,Mysuru,Prakash Iyengar
10716,17879,0,Chetan Hegde,Surrender,2025-02-11,Mysuru,Imran Prasad
10717,17881,0,Deepak Prasad,Arrest,2025-02-11,Bengaluru Rural,Girish Nayak
10719,17883,0,Rekha Murthy,Arrest,2025-02-11,Hubballi-Dharwad,Manjunath Shetty
10720,17885,0,Deepak Iyengar,Arrest,2025-02-11,Mangaluru (DK),Deepak Hegde
10722,17889,0,Deepak Iyengar,Arrest,2025-02-11,Tumakuru,Manjunath Kulkarni
10723,17891,0,Prakash Kulkarni,Arrest,2025-02-11,Hubballi-Dharwad,Lakshmi Gowda
10725,17897,0,Manjunath Shetty,Arrest,2025-02-11,Hubballi-Dharwad,Joseph Iyengar
10727,17903,0,Mary Desai,Arrest,2025-02-12,Bengaluru City,Fatima Rao
10728,17905,0,Mary Reddy,Arrest,2025-02-12,Belagavi,Ashwini Reddy
10731,17909,0,Joseph Prasad,Arrest,2025-02-12,Hassan,Joseph Hegde
10732,17911,0,Kiran Iyengar,Arrest,2025-02-12,Mysuru,Prakash Hegde
10734,17913,0,Fatima Desai,Arrest,2025-02-12,Vijayapura,Girish Gowda
10736,17915,0,Joseph Murthy,Arrest,2025-02-12,Bengaluru Rural,Nagaraj Prasad
10738,17917,0,Lakshmi Kumar,Arrest,2025-02-12,Bengaluru City,Deepak Hegde
10740,17919,0,Rekha Iyengar,Arrest,2025-02-12,Bengaluru City,Imran Nayak
10742,17921,0,Yashwanth Naik,Arrest,2025-02-12,Mysuru,Bhavana Kumar
10744,17925,0,Kiran Hegde,Arrest,2025-02-12,Kalaburagi,Nagaraj Rao
10746,17929,0,Vinutha Shetty,Arrest,2025-02-12,Vijayapura,Yashwanth Naik
10747,17931,0,Chetan Naik,Arrest,2025-02-12,Bengaluru Rural,Prakash Naik
10748,17933,0,Nagaraj Iyengar,Arrest,2025-02-12,Davanagere,Lakshmi Prasad
10749,17935,0,Kiran Bhat,Arrest,2025-02-13,Mysuru,Deepak Rao
10754,17943,0,Fatima Naik,Arrest,2025-02-13,Kalaburagi,Chetan Naik
10756,17945,0,Ashwini Nayak,Arrest,2025-02-13,Davanagere,Manjunath Desai
10758,17947,0,Joseph Reddy,Surrender,2025-02-13,Hubballi-Dharwad,Pooja Bhat
10759,17949,0,Fatima Gowda,Arrest,2025-02-13,Mysuru,Mary Iyengar
10760,17951,0,Anitha Prasad,Arrest,2025-02-13,Hubballi-Dharwad,Fatima Desai
10762,17953,0,Mary Nayak,Arrest,2025-02-13,Ballari,Chetan Hegde
10764,17957,0,Shivakumar Prasad,Arrest,2025-02-13,Belagavi,Deepak Bhat
10766,17959,0,Ashwini Naik,Arrest,2025-02-13,Bengaluru City,Deepak Reddy
10768,17961,0,Fatima Hegde,Arrest,2025-02-13,Kalaburagi,Ravi Rao
10769,17963,0,Yashwanth Kumar,Arrest,2025-02-13,Hubballi-Dharwad,Nagaraj Hegde
10770,17967,0,Deepak Patil,Arrest,2025-02-13,Mangaluru (DK),Nagaraj Reddy
10772,17971,0,Basavaraj Hegde,Arrest,2025-02-13,Mangaluru (DK),Ashwini Murthy
10773,17975,0,Nagaraj Reddy,Arrest,2025-02-14,Udupi,Manjunath Kumar
10776,17979,0,Shivakumar Naik,Surrender,2025-02-14,Bengaluru City,Bhavana Nayak
10780,17985,0,Fatima Kumar,Arrest,2025-02-14,Kalaburagi,Lakshmi Gowda
10781,17987,0,Basavaraj Bhat,Arrest,2025-02-14,Bengaluru City,Kiran Reddy
10783,17989,0,Suresh Kumar,Arrest,2025-02-14,Bengaluru City,Manjunath Reddy
10786,17995,0,Deepak Murthy,Arrest,2025-02-14,Ballari,Lakshmi Patil
10789,17999,0,Manjunath Iyengar,Arrest,2025-02-14,Belagavi,Bhavana Patil
10791,18001,0,Deepak Hegde,Arrest,2025-02-14,Davanagere,Pooja Iyengar
10792,18003,0,Yashwanth Bhat,Arrest,2025-02-14,Bengaluru City,Basavaraj Hegde
10794,18007,0,Imran Iyengar,Arrest,2025-02-14,Bengaluru Rural,Rekha Shetty
10796,18011,0,Pooja Rao,Arrest,2025-02-14,Belagavi,Joseph Prasad
10798,18013,0,Manjunath Shetty,Arrest,2025-02-14,Mangaluru (DK),Basavaraj Bhat
10800,18015,0,Nagaraj Iyengar,Arrest,2025-02-14,Bengaluru City,Joseph Rao
10802,18017,0,Manjunath Hegde,Arrest,2025-02-14,Bengaluru City,Anitha Gowda
10803,18019,0,Bhavana Bhat,Arrest,2025-02-14,Raichur,Prakash Bhat
10805,18021,0,Prakash Nayak,Arrest,2025-02-14,Udupi,Bhavana Reddy
10806,18023,0,Basavaraj Reddy,Arrest,2025-02-14,Mangaluru (DK),Mary Desai
10808,18025,0,Imran Kumar,Surrender,2025-02-15,Hubballi-Dharwad,Chetan Kulkarni
10810,18027,0,Pooja Kulkarni,Arrest,2025-02-15,Ballari,Ravi Desai
10812,18029,0,Deepak Kulkarni,Arrest,2025-02-15,Kalaburagi,Girish Kumar
10813,18031,0,Manjunath Kulkarni,Arrest,2025-02-15,Ballari,Rekha Desai
10815,18033,0,Fatima Rao,Arrest,2025-02-15,Mysuru,Bhavana Patil
10819,18041,0,Vinutha Rao,Arrest,2025-02-15,Belagavi,Prakash Desai
10820,18043,0,Bhavana Reddy,Arrest,2025-02-15,Tumakuru,Chetan Prasad
10823,18047,0,Rekha Kulkarni,Arrest,2025-02-15,Hubballi-Dharwad,Suresh Gowda
10826,18051,0,Prakash Patil,Arrest,2025-02-15,Bengaluru City,Deepak Rao
10828,18053,0,Ravi Shetty,Surrender,2025-02-15,Mysuru,Kiran Iyengar
10830,18055,0,Bhavana Reddy,Arrest,2025-02-15,Tumakuru,Yashwanth Naik
10835,18063,0,Basavaraj Patil,Surrender,2025-02-16,Shivamogga,Ravi Naik
10837,18065,0,Girish Reddy,Arrest,2025-02-16,Shivamogga,Ravi Patil
10838,18067,0,Joseph Hegde,Arrest,2025-02-16,Mysuru,Suresh Bhat
10840,18073,0,Suresh Bhat,Arrest,2025-02-16,Bengaluru City,Chetan Prasad
10842,18077,0,Ashwini Iyengar,Arrest,2025-02-16,Bengaluru City,Nagaraj Murthy
10846,18083,0,Basavaraj Reddy,Arrest,2025-02-16,Mysuru,Ravi Gowda
10848,18085,0,Deepak Naik,Arrest,2025-02-16,Bengaluru Rural,Nagaraj Rao
10850,18087,0,Anitha Naik,Arrest,2025-02-16,Bengaluru Rural,Suresh Reddy
10853,18095,0,Mary Iyengar,Surrender,2025-02-16,Bengaluru Rural,Vinutha Kumar
10854,18097,0,Deepak Murthy,Arrest,2025-02-16,Bengaluru Rural,Imran Prasad
10856,18101,0,Prakash Prasad,Arrest,2025-02-16,Ballari,Manjunath Bhat
10857,18105,0,Anitha Reddy,Arrest,2025-02-17,Vijayapura,Deepak Hegde
10859,18107,0,Vinutha Rao,Arrest,2025-02-17,Davanagere,Lakshmi Naik
10860,18111,0,Nagaraj Bhat,Arrest,2025-02-17,Mysuru,Deepak Gowda
10862,18115,0,Shivakumar Hegde,Surrender,2025-02-17,Hassan,Ashwini Patil
10864,18119,0,Yashwanth Rao,Arrest,2025-02-17,Shivamogga,Lakshmi Prasad
10866,18121,0,Bhavana Naik,Surrender,2025-02-17,Bengaluru Rural,Imran Gowda
10868,18125,0,Fatima Iyengar,Arrest,2025-02-17,Vijayapura,Nagaraj Rao
10870,18127,0,Suresh Nayak,Arrest,2025-02-17,Mysuru,Joseph Kulkarni
10872,18133,0,Ashwini Shetty,Arrest,2025-02-17,Bengaluru City,Anitha Hegde
10874,18135,0,Yashwanth Murthy,Arrest,2025-02-17,Belagavi,Vinutha Hegde
10876,18139,0,Kiran Hegde,Surrender,2025-02-18,Vijayapura,Deepak Desai
10877,18141,0,Bhavana Rao,Arrest,2025-02-18,Bengaluru City,Imran Desai
10880,18147,0,Nagaraj Gowda,Arrest,2025-02-18,Hubballi-Dharwad,Kiran Patil
10881,18149,0,Imran Kumar,Arrest,2025-02-18,Udupi,Nagaraj Prasad
10882,18151,0,Imran Murthy,Surrender,2025-02-18,Davanagere,Suresh Rao
10884,18155,0,Manjunath Bhat,Arrest,2025-02-18,Kalaburagi,Ravi Desai
10885,18157,0,Joseph Prasad,Arrest,2025-02-18,Hassan,Prakash Kumar
10888,18165,0,Rekha Shetty,Arrest,2025-02-19,Hassan,Pooja Reddy
10890,18167,0,Chetan Patil,Arrest,2025-02-19,Bengaluru City,Bhavana Iyengar
10892,18169,0,Shivakumar Naik,Surrender,2025-02-19,Kalaburagi,Chetan Iyengar
10894,18171,0,Pooja Murthy,Arrest,2025-02-19,Hubballi-Dharwad,Deepak Hegde
10896,18173,0,Pooja Nayak,Arrest,2025-02-19,Tumakuru,Suresh Kumar
10899,18177,0,Ravi Bhat,Arrest,2025-02-19,Vijayapura,Manjunath Hegde
10901,18181,0,Manjunath Reddy,Arrest,2025-02-19,Mysuru,Rekha Murthy
10902,18183,0,Yashwanth Prasad,Arrest,2025-02-19,Bengaluru City,Kiran Rao
10904,18189,0,Deepak Murthy,Arrest,2025-02-19,Bengaluru Rural,Anitha Prasad
10906,18191,0,Prakash Gowda,Arrest,2025-02-19,Tumakuru,Suresh Patil
10908,18193,0,Pooja Gowda,Arrest,2025-02-19,Udupi,Ravi Nayak
10910,18195,0,Vinutha Naik,Arrest,2025-02-19,Bengaluru City,Anitha Shetty
10913,18203,0,Ashwini Naik,Arrest,2025-02-20,Bengaluru City,Lakshmi Iyengar
10914,18205,0,Kiran Rao,Arrest,2025-02-20,Hubballi-Dharwad,Pooja Naik
10916,18207,0,Mary Murthy,Surrender,2025-02-20,Vijayapura,Yashwanth Prasad
10919,18215,0,Rekha Desai,Arrest,2025-02-20,Tumakuru,Manjunath Reddy
10920,18217,0,Imran Iyengar,Arrest,2025-02-20,Bengaluru City,Imran Shetty
10921,18219,0,Shivakumar Kulkarni,Surrender,2025-02-20,Bengaluru City,Joseph Gowda
10923,18223,0,Joseph Desai,Arrest,2025-02-20,Mysuru,Chetan Kulkarni
10925,18225,0,Shivakumar Reddy,Surrender,2025-02-20,Belagavi,Shivakumar Patil
10927,18227,0,Bhavana Kulkarni,Arrest,2025-02-20,Kalaburagi,Pooja Gowda
10929,18237,0,Ashwini Iyengar,Arrest,2025-02-20,Bengaluru City,Bhavana Iyengar
10931,18243,0,Pooja Murthy,Surrender,2025-02-21,Kalaburagi,Joseph Rao
10932,18245,0,Joseph Shetty,Arrest,2025-02-21,Bengaluru City,Ravi Prasad
10934,18251,0,Lakshmi Desai,Arrest,2025-02-21,Bengaluru City,Prakash Prasad
10935,18253,0,Yashwanth Rao,Arrest,2025-02-21,Mangaluru (DK),Lakshmi Iyengar
10940,18265,0,Basavaraj Murthy,Surrender,2025-02-21,Bengaluru City,Joseph Rao
10942,18267,0,Kiran Kumar,Surrender,2025-02-21,Shivamogga,Lakshmi Rao
10946,18275,0,Imran Reddy,Arrest,2025-02-21,Ballari,Yashwanth Kulkarni
10948,18277,0,Ashwini Bhat,Arrest,2025-02-21,Ballari,Lakshmi Nayak
10949,18279,0,Suresh Rao,Arrest,2025-02-21,Davanagere,Yashwanth Rao
10951,18287,0,Imran Shetty,Surrender,2025-02-22,Davanagere,Suresh Nayak
10952,18289,0,Anitha Nayak,Surrender,2025-02-22,Tumakuru,Yashwanth Bhat
10953,18291,0,Suresh Shetty,Arrest,2025-02-22,Raichur,Mary Murthy
10955,18295,0,Girish Iyengar,Arrest,2025-02-22,Davanagere,Fatima Kulkarni
10958,18299,0,Girish Murthy,Arrest,2025-02-22,Belagavi,Ravi Shetty
10960,18301,0,Bhavana Reddy,Arrest,2025-02-22,Bengaluru City,Bhavana Murthy
10962,18303,0,Chetan Bhat,Arrest,2025-02-22,Bengaluru City,Chetan Kumar
10964,18307,0,Mary Rao,Arrest,2025-02-22,Bengaluru City,Fatima Reddy
10965,18311,0,Fatima Hegde,Arrest,2025-02-22,Raichur,Deepak Iyengar
10966,18313,0,Girish Hegde,Arrest,2025-02-22,Bengaluru Rural,Nagaraj Hegde
10967,18315,0,Ashwini Prasad,Arrest,2025-02-22,Mysuru,Ashwini Prasad
10972,18325,0,Yashwanth Hegde,Arrest,2025-02-22,Udupi,Nagaraj Rao
10975,18331,0,Nagaraj Kumar,Arrest,2025-02-23,Hubballi-Dharwad,Basavaraj Hegde
10977,18333,0,Girish Prasad,Arrest,2025-02-23,Raichur,Kiran Naik
10980,18339,0,Suresh Iyengar,Arrest,2025-02-23,Bengaluru City,Girish Kulkarni
10982,18341,0,Bhavana Iyengar,Arrest,2025-02-23,Belagavi,Yashwanth Kulkarni
10988,18351,0,Ravi Murthy,Arrest,2025-02-23,Shivamogga,Vinutha Naik
10990,18353,0,Rekha Desai,Arrest,2025-02-23,Shivamogga,Mary Hegde
10992,18355,0,Suresh Kumar,Arrest,2025-02-23,Hubballi-Dharwad,Nagaraj Shetty
10994,18357,0,Shivakumar Desai,Arrest,2025-02-23,Belagavi,Girish Naik
10996,18359,0,Ashwini Prasad,Arrest,2025-02-23,Belagavi,Mary Iyengar
10998,18361,0,Deepak Prasad,Arrest,2025-02-23,Mangaluru (DK),Vinutha Gowda
11002,18367,0,Joseph Naik,Arrest,2025-02-23,Belagavi,Kiran Naik
11006,18373,0,Prakash Bhat,Arrest,2025-02-24,Mysuru,Kiran Naik
11008,18377,0,Mary Gowda,Arrest,2025-02-24,Mangaluru (DK),Yashwanth Prasad
11011,18381,0,Deepak Naik,Surrender,2025-02-24,Mysuru,Kiran Bhat
11013,18385,0,Shivakumar Naik,Surrender,2025-02-24,Bengaluru Rural,Lakshmi Murthy
11016,18389,0,Deepak Shetty,Surrender,2025-02-24,Kalaburagi,Suresh Nayak
11017,18391,0,Lakshmi Shetty,Arrest,2025-02-24,Bengaluru City,Pooja Gowda
11019,18393,0,Ravi Shetty,Arrest,2025-02-24,Hubballi-Dharwad,Bhavana Bhat
11021,18397,0,Fatima Desai,Surrender,2025-02-24,Mysuru,Girish Gowda
11024,18407,0,Joseph Gowda,Arrest,2025-02-24,Mangaluru (DK),Pooja Patil
11026,18409,0,Joseph Prasad,Arrest,2025-02-25,Hubballi-Dharwad,Prakash Prasad
11027,18413,0,Ashwini Bhat,Arrest,2025-02-25,Hubballi-Dharwad,Pooja Iyengar
11028,18415,0,Joseph Prasad,Surrender,2025-02-25,Bengaluru City,Bhavana Reddy
11031,18423,0,Prakash Kumar,Arrest,2025-02-25,Udupi,Joseph Patil
11034,18431,0,Vinutha Rao,Arrest,2025-02-25,Bengaluru City,Anitha Bhat
11036,18437,0,Prakash Shetty,Arrest,2025-02-25,Bengaluru City,Ashwini Kumar
11037,18443,0,Yashwanth Hegde,Arrest,2025-02-26,Bengaluru City,Deepak Patil
11040,18447,0,Rekha Iyengar,Arrest,2025-02-26,Bengaluru City,Vinutha Kulkarni
11041,18449,0,Joseph Kulkarni,Arrest,2025-02-26,Mysuru,Imran Bhat
11044,18453,0,Fatima Reddy,Arrest,2025-02-26,Mysuru,Pooja Kulkarni
11047,18457,0,Imran Reddy,Arrest,2025-02-26,Bengaluru Rural,Kiran Shetty
11049,18459,0,Fatima Iyengar,Surrender,2025-02-26,Shivamogga,Bhavana Rao
11051,18463,0,Manjunath Iyengar,Arrest,2025-02-26,Raichur,Lakshmi Kumar
11053,18465,0,Lakshmi Reddy,Arrest,2025-02-26,Mysuru,Lakshmi Bhat
11054,18467,0,Basavaraj Bhat,Arrest,2025-02-26,Bengaluru City,Basavaraj Bhat
11056,18471,0,Manjunath Gowda,Arrest,2025-02-27,Hubballi-Dharwad,Lakshmi Reddy
11059,18475,0,Yashwanth Kumar,Arrest,2025-02-27,Bengaluru City,Imran Reddy
11060,18477,0,Lakshmi Shetty,Arrest,2025-02-27,Bengaluru City,Girish Naik
11062,18479,0,Vinutha Kumar,Arrest,2025-02-27,Mangaluru (DK),Fatima Nayak
11064,18481,0,Joseph Reddy,Arrest,2025-02-27,Belagavi,Joseph Prasad
11065,18483,0,Nagaraj Murthy,Arrest,2025-02-27,Bengaluru City,Joseph Nayak
11067,18485,0,Prakash Hegde,Arrest,2025-02-27,Mysuru,Yashwanth Kumar
11074,18501,0,Joseph Kumar,Surrender,2025-02-27,Mangaluru (DK),Ravi Prasad
11077,18505,0,Imran Kumar,Arrest,2025-02-27,Hubballi-Dharwad,Kiran Naik
11079,18509,0,Yashwanth Nayak,Arrest,2025-02-28,Davanagere,Vinutha Prasad
11080,18511,0,Yashwanth Desai,Arrest,2025-02-28,Kalaburagi,Pooja Reddy
11082,18513,0,Bhavana Nayak,Arrest,2025-02-28,Mangaluru (DK),Bhavana Naik
11085,18517,0,Vinutha Prasad,Arrest,2025-02-28,Mysuru,Ravi Bhat
11086,18523,0,Yashwanth Prasad,Arrest,2025-02-28,Bengaluru Rural,Imran Patil
11087,18525,0,Imran Desai,Arrest,2025-02-28,Ballari,Chetan Kulkarni
11088,18527,0,Lakshmi Hegde,Arrest,2025-02-28,Davanagere,Deepak Prasad
11090,18529,0,Suresh Desai,Arrest,2025-02-28,Bengaluru Rural,Prakash Reddy
11092,18533,0,Manjunath Murthy,Arrest,2025-02-28,Tumakuru,Chetan Hegde
11094,18535,0,Chetan Shetty,Surrender,2025-02-28,Udupi,Anitha Gowda
11096,18539,0,Ravi Nayak,Arrest,2025-02-28,Kalaburagi,Kiran Bhat
11097,18541,0,Lakshmi Kumar,Arrest,2025-02-28,Bengaluru City,Ashwini Murthy
11099,18545,0,Fatima Iyengar,Surrender,2025-02-28,Raichur,Nagaraj Bhat
11101,18551,0,Nagaraj Bhat,Arrest,2025-03-01,Raichur,Nagaraj Bhat
11102,18553,0,Ravi Hegde,Arrest,2025-03-01,Kalaburagi,Mary Bhat
11103,18555,0,Mary Nayak,Arrest,2025-03-01,Mysuru,Anitha Desai
11106,18561,0,Suresh Desai,Arrest,2025-03-01,Bengaluru City,Prakash Nayak
11110,18567,0,Chetan Kulkarni,Arrest,2025-03-01,Bengaluru City,Suresh Prasad
11112,18569,0,Ravi Reddy,Arrest,2025-03-01,Bengaluru Rural,Manjunath Patil
11114,18575,0,Yashwanth Shetty,Arrest,2025-03-01,Hubballi-Dharwad,Suresh Naik
11116,18577,0,Prakash Kumar,Arrest,2025-03-01,Bengaluru City,Imran Murthy
11118,18579,0,Manjunath Reddy,Surrender,2025-03-01,Bengaluru City,Fatima Iyengar
11120,18581,0,Manjunath Nayak,Arrest,2025-03-01,Belagavi,Imran Desai
11121,18585,0,Mary Naik,Arrest,2025-03-01,Bengaluru City,Joseph Kumar
11123,18591,0,Basavaraj Bhat,Arrest,2025-03-02,Mysuru,Ravi Reddy
11124,18593,0,Nagaraj Reddy,Surrender,2025-03-02,Mysuru,Shivakumar Murthy
11126,18595,0,Manjunath Nayak,Arrest,2025-03-02,Shivamogga,Nagaraj Prasad
11127,18597,0,Kiran Nayak,Arrest,2025-03-02,Hubballi-Dharwad,Mary Bhat
11128,18599,0,Imran Hegde,Arrest,2025-03-02,Tumakuru,Anitha Desai
11130,18601,0,Deepak Shetty,Arrest,2025-03-02,Bengaluru Rural,Mary Hegde
11132,18605,0,Imran Nayak,Arrest,2025-03-02,Tumakuru,Anitha Desai
11133,18607,0,Deepak Patil,Arrest,2025-03-02,Mysuru,Prakash Patil
11137,18613,0,Fatima Gowda,Arrest,2025-03-02,Bengaluru City,Pooja Kulkarni
11138,18615,0,Anitha Gowda,Arrest,2025-03-02,Mysuru,Ravi Iyengar
11140,18617,0,Anitha Iyengar,Arrest,2025-03-02,Belagavi,Rekha Patil
11142,18621,0,Lakshmi Shetty,Arrest,2025-03-02,Ballari,Bhavana Kumar
11143,18623,0,Kiran Shetty,Arrest,2025-03-02,Shivamogga,Ravi Murthy
11148,18633,0,Pooja Rao,Surrender,2025-03-03,Tumakuru,Rekha Rao
11154,18645,0,Deepak Bhat,Arrest,2025-03-03,Belagavi,Deepak Prasad
11157,18649,0,Deepak Kumar,Surrender,2025-03-03,Mysuru,Prakash Hegde
11159,18651,0,Joseph Iyengar,Surrender,2025-03-03,Bengaluru City,Pooja Murthy
11160,18653,0,Vinutha Rao,Arrest,2025-03-03,Mangaluru (DK),Yashwanth Patil
11161,18657,0,Yashwanth Desai,Arrest,2025-03-03,Bengaluru City,Prakash Gowda
11164,18667,0,Joseph Nayak,Arrest,2025-03-03,Ballari,Ravi Shetty
11165,18669,0,Mary Nayak,Arrest,2025-03-03,Bengaluru Rural,Deepak Reddy
11167,18671,0,Pooja Patil,Arrest,2025-03-03,Hubballi-Dharwad,Basavaraj Hegde
11168,18673,0,Prakash Shetty,Arrest,2025-03-03,Bengaluru City,Fatima Desai
11169,18675,0,Ashwini Shetty,Arrest,2025-03-03,Kalaburagi,Joseph Naik
11171,18677,0,Pooja Iyengar,Arrest,2025-03-03,Mysuru,Lakshmi Naik
11173,18681,0,Deepak Patil,Arrest,2025-03-04,Mysuru,Suresh Naik
11175,18683,0,Deepak Naik,Arrest,2025-03-04,Mysuru,Manjunath Nayak
11179,18689,0,Anitha Hegde,Surrender,2025-03-04,Vijayapura,Rekha Hegde
11181,18693,0,Bhavana Gowda,Surrender,2025-03-04,Shivamogga,Rekha Prasad
11182,18695,0,Prakash Prasad,Arrest,2025-03-04,Belagavi,Basavaraj Kulkarni
11183,18697,0,Anitha Gowda,Arrest,2025-03-04,Hubballi-Dharwad,Girish Reddy
11185,18699,0,Pooja Prasad,Arrest,2025-03-04,Hubballi-Dharwad,Deepak Gowda
11190,18707,0,Manjunath Bhat,Arrest,2025-03-04,Davanagere,Vinutha Desai
11194,18715,0,Yashwanth Patil,Arrest,2025-03-04,Belagavi,Bhavana Gowda
11196,18717,0,Manjunath Shetty,Arrest,2025-03-04,Bengaluru City,Basavaraj Patil
11198,18721,0,Rekha Hegde,Arrest,2025-03-05,Belagavi,Shivakumar Patil
11200,18723,0,Fatima Kulkarni,Arrest,2025-03-05,Hassan,Suresh Prasad
11202,18725,0,Suresh Murthy,Arrest,2025-03-05,Davanagere,Anitha Prasad
11203,18727,0,Mary Gowda,Arrest,2025-03-05,Udupi,Vinutha Patil
11204,18729,0,Lakshmi Nayak,Arrest,2025-03-05,Hubballi-Dharwad,Deepak Nayak
11205,18733,0,Nagaraj Rao,Surrender,2025-03-05,Udupi,Yashwanth Murthy
11207,18737,0,Ravi Hegde,Arrest,2025-03-05,Shivamogga,Chetan Kumar
11208,18741,0,Anitha Rao,Arrest,2025-03-05,Tumakuru,Girish Kumar
11210,18743,0,Lakshmi Kumar,Arrest,2025-03-05,Bengaluru City,Imran Rao
11212,18745,0,Kiran Naik,Arrest,2025-03-05,Bengaluru City,Manjunath Naik
11214,18749,0,Chetan Kumar,Surrender,2025-03-05,Vijayapura,Nagaraj Shetty
11216,18751,0,Shivakumar Kumar,Arrest,2025-03-05,Vijayapura,Deepak Naik
11218,18753,0,Prakash Naik,Arrest,2025-03-05,Hubballi-Dharwad,Prakash Kumar
11221,18759,0,Lakshmi Kumar,Arrest,2025-03-06,Bengaluru Rural,Shivakumar Desai
11222,18761,0,Yashwanth Rao,Arrest,2025-03-06,Hubballi-Dharwad,Ravi Gowda
11224,18763,0,Imran Iyengar,Arrest,2025-03-06,Mysuru,Fatima Desai
11225,18765,0,Ravi Hegde,Arrest,2025-03-06,Hubballi-Dharwad,Shivakumar Kulkarni
11226,18767,0,Mary Shetty,Arrest,2025-03-06,Ballari,Shivakumar Murthy
11228,18769,0,Fatima Shetty,Arrest,2025-03-06,Hubballi-Dharwad,Shivakumar Iyengar
11230,18771,0,Ravi Gowda,Arrest,2025-03-06,Raichur,Pooja Rao
11233,18777,0,Suresh Desai,Arrest,2025-03-06,Bengaluru Rural,Ashwini Gowda
11236,18781,0,Deepak Prasad,Arrest,2025-03-06,Mangaluru (DK),Manjunath Reddy
11238,18783,0,Yashwanth Iyengar,Arrest,2025-03-06,Shivamogga,Deepak Kulkarni
11240,18785,0,Deepak Rao,Surrender,2025-03-06,Mysuru,Joseph Iyengar
11242,18787,0,Vinutha Rao,Arrest,2025-03-06,Vijayapura,Prakash Murthy
11244,18789,0,Basavaraj Patil,Surrender,2025-03-06,Bengaluru City,Vinutha Iyengar
11246,18793,0,Rekha Hegde,Arrest,2025-03-06,Tumakuru,Mary Nayak
11247,18795,0,Basavaraj Prasad,Surrender,2025-03-06,Ballari,Rekha Reddy
11248,18799,0,Vinutha Kulkarni,Arrest,2025-03-06,Kalaburagi,Mary Desai
11249,18801,0,Kiran Murthy,Arrest,2025-03-06,Bengaluru Rural,Ashwini Naik
11250,18803,0,Girish Desai,Arrest,2025-03-07,Mangaluru (DK),Girish Iyengar
11251,18805,0,Joseph Reddy,Arrest,2025-03-07,Udupi,Imran Kumar
11252,18809,0,Fatima Rao,Arrest,2025-03-07,Hassan,Ravi Bhat
11254,18811,0,Girish Kumar,Arrest,2025-03-07,Ballari,Chetan Rao
11255,18813,0,Yashwanth Kumar,Arrest,2025-03-07,Mangaluru (DK),Girish Bhat
11256,18815,0,Ravi Kumar,Surrender,2025-03-07,Bengaluru City,Yashwanth Kulkarni
11258,18817,0,Prakash Prasad,Arrest,2025-03-07,Mysuru,Lakshmi Patil
11260,18821,0,Ashwini Naik,Arrest,2025-03-07,Bengaluru City,Deepak Murthy
11263,18825,0,Lakshmi Bhat,Arrest,2025-03-07,Hubballi-Dharwad,Ashwini Prasad
11264,18827,0,Mary Desai,Arrest,2025-03-07,Hubballi-Dharwad,Bhavana Kumar
11266,18829,0,Anitha Iyengar,Arrest,2025-03-07,Mysuru,Kiran Nayak
11269,18833,0,Ashwini Iyengar,Arrest,2025-03-07,Bengaluru City,Chetan Hegde
11272,18839,0,Basavaraj Reddy,Arrest,2025-03-07,Bengaluru Rural,Kiran Gowda
11274,18841,0,Bhavana Kulkarni,Arrest,2025-03-07,Davanagere,Ashwini Iyengar
11277,18845,0,Rekha Nayak,Arrest,2025-03-07,Mysuru,Ravi Hegde
11279,18847,0,Ashwini Naik,Arrest,2025-03-07,Bengaluru City,Lakshmi Hegde
11281,18853,0,Joseph Hegde,Arrest,2025-03-07,Mangaluru (DK),Imran Reddy
11282,18859,0,Basavaraj Murthy,Arrest,2025-03-08,Bengaluru Rural,Kiran Desai
11283,18861,0,Bhavana Rao,Surrender,2025-03-08,Belagavi,Anitha Kumar
11284,18863,0,Anitha Shetty,Arrest,2025-03-08,Bengaluru City,Deepak Kulkarni
11287,18867,0,Pooja Shetty,Arrest,2025-03-08,Hubballi-Dharwad,Basavaraj Gowda
11288,18869,0,Joseph Hegde,Arrest,2025-03-08,Hassan,Lakshmi Iyengar
11289,18871,0,Suresh Nayak,Arrest,2025-03-08,Tumakuru,Shivakumar Nayak
11292,18877,0,Pooja Kumar,Surrender,2025-03-08,Hubballi-Dharwad,Manjunath Kulkarni
11294,18881,0,Manjunath Desai,Arrest,2025-03-08,Belagavi,Fatima Hegde
11295,18885,0,Chetan Hegde,Surrender,2025-03-08,Mysuru,Vinutha Reddy
11297,18887,0,Kiran Desai,Arrest,2025-03-08,Bengaluru City,Bhavana Desai
11299,18889,0,Suresh Murthy,Arrest,2025-03-08,Bengaluru City,Yashwanth Murthy
11301,18893,0,Joseph Nayak,Arrest,2025-03-08,Hubballi-Dharwad,Joseph Nayak
11302,18895,0,Joseph Prasad,Arrest,2025-03-08,Bengaluru City,Anitha Kumar
11303,18897,0,Yashwanth Desai,Arrest,2025-03-08,Mysuru,Suresh Bhat
11305,18899,0,Suresh Bhat,Arrest,2025-03-09,Udupi,Rekha Murthy
11310,18907,0,Mary Reddy,Arrest,2025-03-09,Hubballi-Dharwad,Deepak Naik
11312,18909,0,Suresh Shetty,Arrest,2025-03-09,Tumakuru,Manjunath Murthy
11314,18911,0,Fatima Rao,Arrest,2025-03-09,Bengaluru City,Anitha Hegde
11317,18915,0,Mary Nayak,Arrest,2025-03-09,Bengaluru City,Lakshmi Shetty
11318,18919,0,Girish Iyengar,Arrest,2025-03-09,Shivamogga,Imran Reddy
11321,18923,0,Joseph Nayak,Surrender,2025-03-09,Belagavi,Shivakumar Shetty
11323,18925,0,Lakshmi Shetty,Arrest,2025-03-09,Vijayapura,Fatima Iyengar
11325,18929,0,Fatima Patil,Arrest,2025-03-09,Bengaluru City,Manjunath Kumar
11327,18931,0,Lakshmi Shetty,Arrest,2025-03-09,Bengaluru City,Joseph Reddy
11329,18933,0,Kiran Gowda,Arrest,2025-03-10,Hubballi-Dharwad,Lakshmi Hegde
11330,18935,0,Ravi Murthy,Arrest,2025-03-10,Bengaluru City,Fatima Kumar
11332,18937,0,Fatima Desai,Arrest,2025-03-10,Tumakuru,Joseph Gowda
11334,18939,0,Anitha Naik,Arrest,2025-03-10,Bengaluru Rural,Lakshmi Iyengar
11336,18943,0,Kiran Iyengar,Arrest,2025-03-10,Mysuru,Deepak Hegde
11337,18945,0,Bhavana Naik,Arrest,2025-03-10,Shivamogga,Joseph Gowda
11339,18947,0,Mary Gowda,Arrest,2025-03-10,Udupi,Chetan Rao
11341,18951,0,Pooja Bhat,Surrender,2025-03-10,Kalaburagi,Ravi Naik
11343,18953,0,Suresh Rao,Arrest,2025-03-10,Mangaluru (DK),Lakshmi Naik
11345,18955,0,Kiran Iyengar,Arrest,2025-03-10,Hassan,Kiran Shetty
11349,18961,0,Shivakumar Kulkarni,Arrest,2025-03-10,Mysuru,Suresh Rao
11351,18963,0,Joseph Patil,Arrest,2025-03-10,Belagavi,Bhavana Gowda
11353,18969,0,Anitha Bhat,Arrest,2025-03-11,Vijayapura,Fatima Kumar
11355,18971,0,Mary Nayak,Arrest,2025-03-11,Kalaburagi,Lakshmi Murthy
11358,18975,0,Mary Desai,Arrest,2025-03-11,Davanagere,Manjunath Nayak
11360,18977,0,Lakshmi Gowda,Arrest,2025-03-11,Hassan,Pooja Naik
11362,18979,0,Suresh Patil,Arrest,2025-03-11,Hubballi-Dharwad,Nagaraj Prasad
11363,18981,0,Suresh Kulkarni,Arrest,2025-03-11,Ballari,Girish Bhat
11365,18983,0,Bhavana Gowda,Arrest,2025-03-11,Hubballi-Dharwad,Kiran Reddy
11366,18985,0,Lakshmi Prasad,Arrest,2025-03-11,Bengaluru City,Chetan Kumar
11371,18997,0,Ashwini Rao,Arrest,2025-03-11,Bengaluru City,Basavaraj Murthy
11373,19001,0,Deepak Iyengar,Arrest,2025-03-11,Raichur,Kiran Kumar
11375,19003,0,Yashwanth Hegde,Arrest,2025-03-12,Hassan,Basavaraj Nayak
11376,19007,0,Chetan Prasad,Arrest,2025-03-12,Kalaburagi,Prakash Iyengar
11380,19013,0,Basavaraj Shetty,Arrest,2025-03-12,Hubballi-Dharwad,Girish Kumar
11382,19015,0,Bhavana Shetty,Arrest,2025-03-12,Belagavi,Yashwanth Nayak
11385,19019,0,Shivakumar Rao,Surrender,2025-03-12,Kalaburagi,Mary Naik
11387,19025,0,Suresh Desai,Arrest,2025-03-12,Bengaluru City,Vinutha Shetty
11390,19029,0,Manjunath Kulkarni,Arrest,2025-03-12,Mysuru,Joseph Reddy
11392,19031,0,Girish Hegde,Arrest,2025-03-12,Hubballi-Dharwad,Bhavana Naik
11394,19033,0,Ashwini Gowda,Arrest,2025-03-12,Hubballi-Dharwad,Shivakumar Hegde
11395,19035,0,Imran Shetty,Arrest,2025-03-12,Ballari,Kiran Iyengar
11397,19037,0,Basavaraj Desai,Arrest,2025-03-12,Bengaluru City,Girish Bhat
11399,19039,0,Manjunath Iyengar,Arrest,2025-03-12,Davanagere,Kiran Bhat
11401,19045,0,Kiran Prasad,Arrest,2025-03-13,Kalaburagi,Chetan Iyengar
11404,19049,0,Chetan Reddy,Arrest,2025-03-13,Kalaburagi,Suresh Nayak
11407,19055,0,Yashwanth Patil,Arrest,2025-03-13,Bengaluru City,Shivakumar Kulkarni
11408,19057,0,Fatima Kulkarni,Arrest,2025-03-13,Udupi,Lakshmi Shetty
11410,19059,0,Lakshmi Bhat,Arrest,2025-03-13,Bengaluru City,Suresh Naik
11411,19061,0,Anitha Murthy,Arrest,2025-03-13,Hubballi-Dharwad,Vinutha Patil
11413,19063,0,Lakshmi Kulkarni,Arrest,2025-03-13,Davanagere,Joseph Bhat
11416,19067,0,Rekha Kumar,Arrest,2025-03-13,Hubballi-Dharwad,Ashwini Rao
11419,19071,0,Bhavana Nayak,Arrest,2025-03-13,Hassan,Prakash Rao
11420,19075,0,Joseph Shetty,Arrest,2025-03-13,Belagavi,Fatima Nayak
11422,19079,0,Yashwanth Patil,Arrest,2025-03-13,Shivamogga,Manjunath Patil
11424,19081,0,Vinutha Bhat,Arrest,2025-03-13,Bengaluru City,Nagaraj Desai
11426,19083,0,Ravi Prasad,Arrest,2025-03-13,Belagavi,Mary Prasad
11429,19087,0,Ravi Iyengar,Arrest,2025-03-13,Bengaluru City,Rekha Iyengar
11432,19095,0,Mary Kulkarni,Arrest,2025-03-14,Bengaluru City,Nagaraj Patil
11434,19099,0,Chetan Iyengar,Surrender,2025-03-14,Kalaburagi,Manjunath Iyengar
11435,19101,0,Manjunath Gowda,Arrest,2025-03-14,Bengaluru City,Nagaraj Rao
11437,19103,0,Bhavana Gowda,Arrest,2025-03-14,Kalaburagi,Shivakumar Kulkarni
11438,19105,0,Ashwini Iyengar,Arrest,2025-03-14,Raichur,Mary Murthy
11441,19109,0,Vinutha Rao,Surrender,2025-03-14,Mysuru,Prakash Prasad
11443,19111,0,Mary Kulkarni,Arrest,2025-03-14,Mangaluru (DK),Joseph Gowda
11445,19113,0,Suresh Kumar,Arrest,2025-03-14,Ballari,Anitha Reddy
11446,19115,0,Deepak Patil,Arrest,2025-03-14,Davanagere,Manjunath Murthy
11447,19119,0,Rekha Shetty,Arrest,2025-03-14,Hubballi-Dharwad,Basavaraj Murthy
11450,19125,0,Fatima Reddy,Arrest,2025-03-14,Bengaluru Rural,Lakshmi Gowda
11452,19127,0,Deepak Bhat,Arrest,2025-03-14,Kalaburagi,Lakshmi Gowda
11454,19129,0,Suresh Rao,Arrest,2025-03-14,Hubballi-Dharwad,Anitha Kulkarni
11456,19131,0,Rekha Kulkarni,Surrender,2025-03-14,Belagavi,Manjunath Gowda
11457,19133,0,Vinutha Kulkarni,Arrest,2025-03-14,Ballari,Suresh Shetty
11459,19135,0,Ashwini Rao,Arrest,2025-03-14,Kalaburagi,Nagaraj Murthy
11461,19137,0,Kiran Kulkarni,Surrender,2025-03-14,Hubballi-Dharwad,Nagaraj Prasad
11463,19139,0,Joseph Bhat,Surrender,2025-03-14,Mysuru,Deepak Patil
11465,19141,0,Rekha Nayak,Arrest,2025-03-14,Mysuru,Pooja Nayak
11467,19143,0,Rekha Patil,Arrest,2025-03-14,Ballari,Kiran Kulkarni
11468,19145,0,Kiran Kulkarni,Arrest,2025-03-14,Vijayapura,Shivakumar Bhat
11471,19149,0,Ravi Naik,Arrest,2025-03-15,Hubballi-Dharwad,Anitha Patil
11473,19151,0,Mary Patil,Arrest,2025-03-15,Tumakuru,Ravi Murthy
11474,19153,0,Fatima Hegde,Arrest,2025-03-15,Ballari,Bhavana Gowda
11476,19155,0,Pooja Prasad,Arrest,2025-03-15,Bengaluru City,Ashwini Kumar
11478,19159,0,Kiran Bhat,Arrest,2025-03-15,Vijayapura,Ravi Hegde
11480,19161,0,Kiran Bhat,Arrest,2025-03-15,Tumakuru,Imran Bhat
11481,19165,0,Ravi Rao,Arrest,2025-03-15,Bengaluru City,Imran Nayak
11482,19167,0,Shivakumar Kulkarni,Surrender,2025-03-15,Vijayapura,Vinutha Prasad
11483,19169,0,Mary Iyengar,Arrest,2025-03-15,Kalaburagi,Nagaraj Hegde
11488,19181,0,Pooja Bhat,Arrest,2025-03-16,Davanagere,Fatima Patil
11491,19185,0,Yashwanth Murthy,Arrest,2025-03-16,Kalaburagi,Girish Naik
11493,19187,0,Ravi Naik,Arrest,2025-03-16,Belagavi,Mary Reddy
11495,19191,0,Imran Bhat,Surrender,2025-03-16,Bengaluru Rural,Anitha Patil
11497,19195,0,Joseph Gowda,Arrest,2025-03-16,Udupi,Joseph Kulkarni
11498,19197,0,Mary Murthy,Arrest,2025-03-16,Bengaluru Rural,Anitha Hegde
11502,19203,0,Girish Naik,Surrender,2025-03-16,Vijayapura,Chetan Prasad
11503,19205,0,Chetan Desai,Arrest,2025-03-16,Mysuru,Deepak Desai
11504,19207,0,Prakash Bhat,Arrest,2025-03-16,Belagavi,Manjunath Patil
11505,19209,0,Bhavana Desai,Arrest,2025-03-16,Hassan,Prakash Prasad
11507,19213,0,Basavaraj Rao,Arrest,2025-03-16,Bengaluru Rural,Joseph Kumar
11509,19215,0,Pooja Gowda,Arrest,2025-03-16,Bengaluru City,Joseph Shetty
11511,19219,0,Suresh Gowda,Arrest,2025-03-16,Mangaluru (DK),Shivakumar Kulkarni
11512,19221,0,Girish Prasad,Arrest,2025-03-16,Bengaluru City,Vinutha Nayak
11514,19223,0,Yashwanth Patil,Arrest,2025-03-16,Bengaluru City,Lakshmi Gowda
11515,19225,0,Ashwini Rao,Arrest,2025-03-17,Bengaluru Rural,Bhavana Kulkarni
11517,19227,0,Vinutha Kulkarni,Arrest,2025-03-17,Bengaluru Rural,Ashwini Murthy
11519,19231,0,Deepak Kumar,Surrender,2025-03-17,Bengaluru City,Pooja Nayak
11520,19233,0,Imran Nayak,Surrender,2025-03-17,Bengaluru City,Yashwanth Bhat
11521,19235,0,Fatima Gowda,Arrest,2025-03-17,Bengaluru City,Basavaraj Desai
11524,19245,0,Chetan Shetty,Arrest,2025-03-17,Raichur,Chetan Patil
11525,19247,0,Suresh Patil,Arrest,2025-03-17,Bengaluru City,Manjunath Shetty
11526,19249,0,Deepak Gowda,Arrest,2025-03-17,Davanagere,Chetan Patil
11529,19253,0,Pooja Iyengar,Arrest,2025-03-17,Kalaburagi,Pooja Gowda
11530,19255,0,Deepak Naik,Arrest,2025-03-17,Bengaluru City,Fatima Patil
11531,19257,0,Fatima Bhat,Arrest,2025-03-17,Kalaburagi,Mary Desai
11534,19265,0,Fatima Hegde,Arrest,2025-03-17,Belagavi,Kiran Murthy
11537,19269,0,Manjunath Reddy,Arrest,2025-03-17,Bengaluru City,Girish Prasad
11539,19271,0,Pooja Naik,Arrest,2025-03-17,Bengaluru City,Girish Nayak
11541,19273,0,Girish Iyengar,Surrender,2025-03-17,Raichur,Chetan Bhat
11543,19275,0,Mary Desai,Arrest,2025-03-18,Belagavi,Joseph Hegde
11545,19279,0,Ashwini Rao,Surrender,2025-03-18,Raichur,Yashwanth Naik
11547,19281,0,Nagaraj Naik,Arrest,2025-03-18,Belagavi,Girish Reddy
11550,19285,0,Fatima Naik,Arrest,2025-03-18,Mangaluru (DK),Prakash Prasad
11551,19287,0,Deepak Bhat,Arrest,2025-03-18,Bengaluru City,Vinutha Shetty
11553,19289,0,Ravi Gowda,Arrest,2025-03-18,Kalaburagi,Mary Rao
11555,19291,0,Imran Kulkarni,Arrest,2025-03-18,Vijayapura,Yashwanth Bhat
11559,19299,0,Deepak Bhat,Arrest,2025-03-18,Hassan,Shivakumar Gowda
11561,19303,0,Girish Murthy,Arrest,2025-03-18,Bengaluru City,Chetan Hegde
11563,19305,0,Girish Nayak,Arrest,2025-03-18,Hubballi-Dharwad,Mary Iyengar
11564,19309,0,Fatima Bhat,Surrender,2025-03-18,Mangaluru (DK),Prakash Shetty
11567,19313,0,Ashwini Bhat,Arrest,2025-03-19,Mangaluru (DK),Nagaraj Desai
11569,19315,0,Shivakumar Shetty,Surrender,2025-03-19,Tumakuru,Fatima Gowda
11570,19319,0,Rekha Hegde,Surrender,2025-03-19,Tumakuru,Manjunath Nayak
11571,19321,0,Fatima Nayak,Arrest,2025-03-19,Shivamogga,Ashwini Kumar
11573,19323,0,Chetan Rao,Arrest,2025-03-19,Belagavi,Basavaraj Bhat
11575,19325,0,Ravi Hegde,Surrender,2025-03-19,Tumakuru,Chetan Kumar
11578,19331,0,Fatima Naik,Arrest,2025-03-19,Tumakuru,Pooja Naik
11580,19333,0,Lakshmi Nayak,Arrest,2025-03-19,Mangaluru (DK),Yashwanth Iyengar
11582,19337,0,Manjunath Patil,Arrest,2025-03-19,Davanagere,Imran Murthy
11583,19339,0,Manjunath Nayak,Arrest,2025-03-19,Bengaluru Rural,Bhavana Naik
11586,19345,0,Bhavana Naik,Arrest,2025-03-19,Belagavi,Prakash Bhat
11589,19349,0,Vinutha Rao,Surrender,2025-03-19,Bengaluru City,Joseph Naik
11591,19351,0,Prakash Bhat,Arrest,2025-03-19,Bengaluru City,Suresh Patil
11592,19353,0,Bhavana Reddy,Arrest,2025-03-19,Hassan,Prakash Murthy
11594,19355,0,Prakash Prasad,Surrender,2025-03-19,Kalaburagi,Nagaraj Shetty
11595,19357,0,Bhavana Bhat,Arrest,2025-03-19,Vijayapura,Prakash Murthy
11597,19359,0,Fatima Bhat,Arrest,2025-03-20,Bengaluru City,Anitha Iyengar
11599,19361,0,Imran Nayak,Arrest,2025-03-20,Bengaluru City,Fatima Rao
11601,19363,0,Nagaraj Prasad,Arrest,2025-03-20,Bengaluru City,Nagaraj Naik
11603,19369,0,Lakshmi Reddy,Arrest,2025-03-20,Kalaburagi,Imran Iyengar
11604,19371,0,Manjunath Kumar,Arrest,2025-03-20,Bengaluru City,Vinutha Rao
11606,19373,0,Prakash Kumar,Arrest,2025-03-20,Hubballi-Dharwad,Suresh Prasad
11608,19375,0,Prakash Naik,Arrest,2025-03-20,Kalaburagi,Girish Desai
11609,19377,0,Rekha Desai,Arrest,2025-03-20,Shivamogga,Mary Kumar
11612,19381,0,Fatima Bhat,Arrest,2025-03-20,Belagavi,Prakash Naik
11614,19383,0,Deepak Bhat,Arrest,2025-03-20,Hassan,Deepak Prasad
11615,19385,0,Ravi Iyengar,Arrest,2025-03-20,Bengaluru City,Basavaraj Rao
11617,19389,0,Joseph Kulkarni,Arrest,2025-03-20,Hassan,Yashwanth Bhat
11619,19391,0,Girish Bhat,Arrest,2025-03-20,Hassan,Joseph Naik
11622,19395,0,Joseph Shetty,Arrest,2025-03-20,Hassan,Girish Rao
11624,19397,0,Fatima Nayak,Surrender,2025-03-20,Bengaluru City,Bhavana Reddy
11626,19401,0,Ashwini Bhat,Arrest,2025-03-20,Bengaluru City,Manjunath Naik
11628,19405,0,Ashwini Hegde,Arrest,2025-03-20,Hassan,Prakash Murthy
11629,19407,0,Joseph Bhat,Surrender,2025-03-20,Raichur,Mary Kulkarni
11631,19409,0,Chetan Reddy,Arrest,2025-03-20,Ballari,Pooja Desai
11634,19417,0,Basavaraj Kulkarni,Arrest,2025-03-21,Bengaluru Rural,Manjunath Gowda
11636,19421,0,Ashwini Murthy,Arrest,2025-03-21,Bengaluru City,Deepak Iyengar
11638,19423,0,Imran Prasad,Arrest,2025-03-21,Kalaburagi,Lakshmi Naik
11639,19425,0,Kiran Rao,Surrender,2025-03-21,Mysuru,Ashwini Iyengar
11640,19427,0,Ashwini Shetty,Arrest,2025-03-21,Bengaluru Rural,Bhavana Desai
11642,19429,0,Vinutha Kulkarni,Arrest,2025-03-21,Mysuru,Pooja Reddy
11644,19431,0,Vinutha Reddy,Surrender,2025-03-21,Mysuru,Nagaraj Bhat
11646,19433,0,Vinutha Kumar,Arrest,2025-03-21,Tumakuru,Kiran Murthy
11648,19437,0,Joseph Nayak,Arrest,2025-03-21,Belagavi,Rekha Naik
11650,19439,0,Deepak Shetty,Arrest,2025-03-21,Shivamogga,Ashwini Prasad
11652,19445,0,Lakshmi Shetty,Arrest,2025-03-21,Bengaluru City,Manjunath Reddy
11654,19447,0,Rekha Kumar,Arrest,2025-03-21,Mysuru,Ashwini Rao
11655,19449,0,Lakshmi Reddy,Arrest,2025-03-21,Bengaluru City,Girish Desai
11657,19453,0,Vinutha Murthy,Arrest,2025-03-21,Bengaluru City,Suresh Rao
11659,19455,0,Yashwanth Reddy,Arrest,2025-03-21,Mangaluru (DK),Lakshmi Nayak
11660,19457,0,Ashwini Nayak,Arrest,2025-03-21,Mysuru,Chetan Iyengar
11662,19459,0,Mary Rao,Arrest,2025-03-21,Bengaluru City,Nagaraj Gowda
11663,19461,0,Pooja Bhat,Arrest,2025-03-22,Kalaburagi,Ashwini Kumar
11664,19467,0,Prakash Prasad,Surrender,2025-03-22,Belagavi,Mary Bhat
11667,19471,0,Nagaraj Iyengar,Arrest,2025-03-22,Vijayapura,Joseph Shetty
11670,19475,0,Prakash Iyengar,Arrest,2025-03-22,Mysuru,Nagaraj Patil
11671,19477,0,Rekha Iyengar,Arrest,2025-03-22,Ballari,Suresh Desai
11674,19481,0,Prakash Shetty,Arrest,2025-03-22,Bengaluru City,Rekha Patil
11675,19483,0,Nagaraj Reddy,Arrest,2025-03-22,Belagavi,Rekha Naik
11676,19485,0,Kiran Rao,Arrest,2025-03-22,Mysuru,Basavaraj Iyengar
11679,19491,0,Bhavana Reddy,Arrest,2025-03-22,Vijayapura,Fatima Kumar
11680,19493,0,Rekha Rao,Arrest,2025-03-22,Shivamogga,Imran Reddy
11681,19495,0,Vinutha Bhat,Arrest,2025-03-22,Belagavi,Basavaraj Iyengar
11684,19505,0,Kiran Murthy,Arrest,2025-03-23,Hassan,Mary Reddy
11686,19509,0,Pooja Desai,Surrender,2025-03-23,Mysuru,Vinutha Gowda
11688,19511,0,Girish Murthy,Arrest,2025-03-23,Bengaluru City,Joseph Nayak
11692,19517,0,Mary Murthy,Arrest,2025-03-23,Hassan,Rekha Rao
11694,19519,0,Suresh Hegde,Arrest,2025-03-23,Hubballi-Dharwad,Girish Kumar
11695,19521,0,Girish Naik,Arrest,2025-03-23,Bengaluru City,Bhavana Kulkarni
11696,19523,0,Suresh Hegde,Arrest,2025-03-23,Bengaluru City,Nagaraj Bhat
11698,19525,0,Suresh Kumar,Arrest,2025-03-23,Raichur,Deepak Murthy
11700,19527,0,Pooja Iyengar,Arrest,2025-03-23,Bengaluru City,Ashwini Shetty
11702,19529,0,Ravi Hegde,Arrest,2025-03-23,Raichur,Ravi Iyengar
11705,19533,0,Lakshmi Naik,Arrest,2025-03-23,Davanagere,Imran Patil
11707,19535,0,Lakshmi Naik,Arrest,2025-03-23,Hubballi-Dharwad,Rekha Murthy
11710,19539,0,Prakash Bhat,Arrest,2025-03-23,Belagavi,Prakash Reddy
11712,19541,0,Mary Bhat,Arrest,2025-03-23,Mangaluru (DK),Ashwini Kumar
11714,19543,0,Shivakumar Reddy,Arrest,2025-03-23,Raichur,Ashwini Shetty
11716,19545,0,Kiran Kumar,Arrest,2025-03-23,Vijayapura,Ashwini Kumar
11720,19551,0,Chetan Kulkarni,Surrender,2025-03-23,Belagavi,Lakshmi Naik
11721,19555,0,Nagaraj Shetty,Arrest,2025-03-24,Vijayapura,Rekha Hegde
11722,19557,0,Yashwanth Prasad,Arrest,2025-03-24,Mysuru,Basavaraj Gowda
11724,19559,0,Vinutha Patil,Arrest,2025-03-24,Hubballi-Dharwad,Ravi Murthy
11726,19567,0,Suresh Rao,Arrest,2025-03-24,Bengaluru City,Nagaraj Patil
11727,19569,0,Rekha Iyengar,Arrest,2025-03-24,Bengaluru City,Rekha Murthy
11728,19571,0,Chetan Kumar,Arrest,2025-03-24,Bengaluru City,Suresh Kumar
11730,19573,0,Chetan Iyengar,Arrest,2025-03-24,Belagavi,Bhavana Shetty
11733,19579,0,Yashwanth Prasad,Arrest,2025-03-24,Hubballi-Dharwad,Bhavana Iyengar
11734,19581,0,Chetan Patil,Surrender,2025-03-24,Bengaluru City,Ravi Desai
11737,19585,0,Shivakumar Nayak,Arrest,2025-03-24,Tumakuru,Nagaraj Hegde
11738,19587,0,Rekha Kumar,Arrest,2025-03-24,Belagavi,Suresh Rao
11740,19593,0,Nagaraj Rao,Arrest,2025-03-24,Mysuru,Yashwanth Naik
11742,19597,0,Prakash Patil,Arrest,2025-03-25,Vijayapura,Manjunath Nayak
11745,19601,0,Prakash Gowda,Surrender,2025-03-25,Bengaluru City,Girish Patil
11746,19603,0,Ashwini Gowda,Surrender,2025-03-25,Mysuru,Suresh Iyengar
11748,19605,0,Pooja Murthy,Surrender,2025-03-25,Bengaluru City,Mary Kumar
11750,19607,0,Vinutha Kulkarni,Arrest,2025-03-25,Udupi,Deepak Desai
11752,19611,0,Mary Bhat,Arrest,2025-03-25,Shivamogga,Mary Prasad
11755,19615,0,Ravi Shetty,Arrest,2025-03-25,Bengaluru City,Mary Desai
11756,19617,0,Pooja Patil,Arrest,2025-03-25,Hassan,Girish Hegde
11758,19619,0,Anitha Kulkarni,Surrender,2025-03-25,Belagavi,Ashwini Gowda
11760,19621,0,Ravi Patil,Arrest,2025-03-25,Hassan,Suresh Hegde
11761,19623,0,Fatima Prasad,Arrest,2025-03-25,Bengaluru City,Chetan Kumar
11763,19629,0,Joseph Iyengar,Arrest,2025-03-25,Bengaluru City,Suresh Hegde
11765,19631,0,Shivakumar Patil,Arrest,2025-03-26,Bengaluru Rural,Prakash Desai
11767,19633,0,Joseph Nayak,Arrest,2025-03-26,Mysuru,Rekha Nayak
11769,19635,0,Fatima Shetty,Arrest,2025-03-26,Kalaburagi,Deepak Hegde
11772,19639,0,Deepak Shetty,Arrest,2025-03-26,Belagavi,Ashwini Prasad
11773,19641,0,Imran Patil,Arrest,2025-03-26,Mangaluru (DK),Pooja Nayak
11775,19647,0,Bhavana Gowda,Arrest,2025-03-26,Bengaluru City,Yashwanth Patil
11777,19649,0,Anitha Reddy,Arrest,2025-03-26,Bengaluru City,Mary Kumar
11778,19651,0,Vinutha Iyengar,Arrest,2025-03-26,Bengaluru City,Ravi Kulkarni
11780,19653,0,Kiran Kulkarni,Arrest,2025-03-26,Bengaluru City,Pooja Reddy
11782,19655,0,Anitha Naik,Arrest,2025-03-26,Mangaluru (DK),Fatima Gowda
11785,19663,0,Deepak Desai,Arrest,2025-03-27,Bengaluru City,Yashwanth Reddy
11787,19665,0,Rekha Gowda,Arrest,2025-03-27,Bengaluru City,Ashwini Kumar
11788,19667,0,Basavaraj Naik,Arrest,2025-03-27,Belagavi,Girish Murthy
11790,19669,0,Rekha Kulkarni,Arrest,2025-03-27,Belagavi,Nagaraj Desai
11791,19671,0,Chetan Desai,Arrest,2025-03-27,Kalaburagi,Kiran Bhat
11793,19673,0,Joseph Murthy,Arrest,2025-03-27,Bengaluru Rural,Basavaraj Desai
11794,19675,0,Deepak Kumar,Arrest,2025-03-27,Kalaburagi,Rekha Murthy
11795,19677,0,Basavaraj Patil,Surrender,2025-03-27,Udupi,Imran Iyengar
11797,19679,0,Manjunath Bhat,Arrest,2025-03-27,Udupi,Imran Bhat
11799,19681,0,Shivakumar Hegde,Arrest,2025-03-27,Hubballi-Dharwad,Anitha Nayak
11802,19689,0,Vinutha Rao,Arrest,2025-03-27,Belagavi,Anitha Desai
11805,19703,0,Ravi Nayak,Arrest,2025-03-27,Ballari,Ravi Prasad
11807,19707,0,Anitha Kumar,Arrest,2025-03-28,Bengaluru Rural,Bhavana Kulkarni
11810,19711,0,Yashwanth Naik,Arrest,2025-03-28,Bengaluru City,Yashwanth Bhat
11811,19713,0,Chetan Kulkarni,Arrest,2025-03-28,Hubballi-Dharwad,Vinutha Murthy
11813,19715,0,Deepak Reddy,Arrest,2025-03-28,Kalaburagi,Fatima Hegde
11814,19717,0,Chetan Kulkarni,Surrender,2025-03-28,Raichur,Ashwini Kumar
11816,19721,0,Basavaraj Rao,Arrest,2025-03-28,Bengaluru City,Lakshmi Murthy
11818,19723,0,Fatima Shetty,Arrest,2025-03-28,Vijayapura,Vinutha Kumar
11820,19725,0,Nagaraj Naik,Arrest,2025-03-28,Udupi,Pooja Murthy
11823,19729,0,Yashwanth Kumar,Arrest,2025-03-28,Tumakuru,Deepak Nayak
11825,19731,0,Bhavana Naik,Arrest,2025-03-28,Hubballi-Dharwad,Anitha Rao
11827,19733,0,Anitha Reddy,Surrender,2025-03-28,Hubballi-Dharwad,Manjunath Patil
11829,19735,0,Mary Reddy,Arrest,2025-03-28,Ballari,Shivakumar Reddy
11831,19737,0,Chetan Patil,Arrest,2025-03-28,Bengaluru City,Girish Hegde
11833,19739,0,Suresh Reddy,Arrest,2025-03-28,Kalaburagi,Nagaraj Murthy
11835,19743,0,Chetan Nayak,Arrest,2025-03-28,Hubballi-Dharwad,Yashwanth Reddy
11837,19745,0,Pooja Kumar,Arrest,2025-03-28,Mysuru,Basavaraj Desai
11839,19747,0,Imran Shetty,Arrest,2025-03-28,Udupi,Ravi Naik
11841,19757,0,Mary Gowda,Arrest,2025-03-28,Bengaluru City,Nagaraj Reddy
11842,19759,0,Imran Rao,Arrest,2025-03-29,Mysuru,Manjunath Prasad
11844,19761,0,Kiran Shetty,Arrest,2025-03-29,Bengaluru City,Pooja Bhat
11846,19763,0,Manjunath Nayak,Arrest,2025-03-29,Bengaluru Rural,Imran Naik
11848,19767,0,Ravi Nayak,Arrest,2025-03-29,Bengaluru Rural,Kiran Iyengar
11852,19773,0,Manjunath Naik,Arrest,2025-03-29,Shivamogga,Fatima Hegde
11854,19775,0,Basavaraj Kumar,Arrest,2025-03-29,Bengaluru City,Deepak Desai
11856,19777,0,Nagaraj Prasad,Arrest,2025-03-29,Bengaluru Rural,Pooja Rao
11857,19779,0,Joseph Rao,Arrest,2025-03-29,Mysuru,Lakshmi Kulkarni
11859,19781,0,Pooja Desai,Arrest,2025-03-29,Bengaluru City,Joseph Kulkarni
11861,19783,0,Manjunath Shetty,Arrest,2025-03-29,Hubballi-Dharwad,Ashwini Iyengar
11864,19789,0,Bhavana Patil,Surrender,2025-03-29,Kalaburagi,Vinutha Patil
11865,19791,0,Girish Patil,Arrest,2025-03-30,Ballari,Girish Rao
11868,19795,0,Ashwini Bhat,Arrest,2025-03-30,Mysuru,Chetan Prasad
11869,19797,0,Pooja Kulkarni,Arrest,2025-03-30,Hubballi-Dharwad,Shivakumar Prasad
11871,19799,0,Ashwini Reddy,Arrest,2025-03-30,Mysuru,Manjunath Murthy
11875,19813,0,Ravi Gowda,Arrest,2025-03-30,Hubballi-Dharwad,Deepak Kulkarni
11876,19815,0,Imran Kulkarni,Arrest,2025-03-30,Bengaluru City,Manjunath Kulkarni
11878,19817,0,Kiran Gowda,Arrest,2025-03-30,Bengaluru City,Kiran Nayak
11880,19821,0,Kiran Hegde,Arrest,2025-03-31,Bengaluru City,Basavaraj Nayak
11884,19827,0,Imran Shetty,Arrest,2025-03-31,Shivamogga,Vinutha Naik
11886,19829,0,Nagaraj Murthy,Arrest,2025-03-31,Mysuru,Yashwanth Reddy
11887,19831,0,Suresh Nayak,Surrender,2025-03-31,Davanagere,Joseph Gowda
11889,19833,0,Prakash Prasad,Arrest,2025-03-31,Hassan,Ashwini Hegde
11892,19837,0,Pooja Rao,Arrest,2025-03-31,Vijayapura,Imran Hegde
11894,19839,0,Chetan Reddy,Arrest,2025-03-31,Shivamogga,Imran Rao
11896,19843,0,Kiran Hegde,Arrest,2025-03-31,Mangaluru (DK),Ravi Gowda
11898,19847,0,Girish Shetty,Arrest,2025-03-31,Mangaluru (DK),Rekha Patil
11899,19849,0,Anitha Nayak,Arrest,2025-03-31,Vijayapura,Manjunath Murthy
11900,19853,0,Basavaraj Gowda,Arrest,2025-03-31,Hubballi-Dharwad,Shivakumar Shetty
11902,19855,0,Nagaraj Patil,Arrest,2025-03-31,Mysuru,Imran Desai
11905,19859,0,Suresh Desai,Arrest,2025-03-31,Bengaluru City,Basavaraj Shetty
11906,19861,0,Mary Hegde,Surrender,2025-03-31,Belagavi,Vinutha Shetty
11907,19865,0,Bhavana Kulkarni,Arrest,2025-04-01,Bengaluru City,Ashwini Shetty
11910,19869,0,Girish Reddy,Surrender,2025-04-01,Hubballi-Dharwad,Prakash Prasad
11913,19875,0,Deepak Desai,Arrest,2025-04-01,Kalaburagi,Ashwini Bhat
11914,19877,0,Manjunath Prasad,Arrest,2025-04-01,Kalaburagi,Ashwini Reddy
11918,19883,0,Fatima Shetty,Arrest,2025-04-01,Mysuru,Girish Bhat
11921,19887,0,Joseph Desai,Arrest,2025-04-01,Davanagere,Ashwini Rao
11923,19889,0,Prakash Rao,Arrest,2025-04-01,Shivamogga,Chetan Murthy
11924,19891,0,Vinutha Nayak,Surrender,2025-04-01,Mysuru,Prakash Murthy
11926,19893,0,Imran Desai,Arrest,2025-04-01,Bengaluru City,Kiran Iyengar
11929,19899,0,Mary Shetty,Arrest,2025-04-01,Udupi,Ashwini Nayak
11930,19901,0,Ashwini Bhat,Arrest,2025-04-01,Mysuru,Ravi Patil
11932,19905,0,Deepak Iyengar,Arrest,2025-04-01,Mysuru,Joseph Bhat
11934,19909,0,Suresh Kumar,Arrest,2025-04-02,Shivamogga,Chetan Shetty
11937,19917,0,Vinutha Prasad,Arrest,2025-04-02,Vijayapura,Mary Reddy
11939,19919,0,Basavaraj Murthy,Surrender,2025-04-02,Tumakuru,Yashwanth Kulkarni
11940,19923,0,Ravi Patil,Arrest,2025-04-02,Mysuru,Manjunath Murthy
11942,19925,0,Shivakumar Prasad,Arrest,2025-04-02,Bengaluru City,Deepak Hegde
11944,19927,0,Rekha Desai,Arrest,2025-04-02,Raichur,Lakshmi Bhat
11945,19929,0,Kiran Murthy,Arrest,2025-04-02,Vijayapura,Nagaraj Desai
11947,19931,0,Bhavana Prasad,Arrest,2025-04-02,Mysuru,Anitha Patil
11949,19933,0,Girish Patil,Arrest,2025-04-02,Belagavi,Chetan Rao
11951,19935,0,Mary Nayak,Arrest,2025-04-02,Mangaluru (DK),Ravi Kumar
11953,19939,0,Kiran Desai,Arrest,2025-04-02,Vijayapura,Rekha Prasad
11954,19943,0,Lakshmi Prasad,Arrest,2025-04-02,Bengaluru City,Deepak Bhat
11956,19947,0,Prakash Naik,Arrest,2025-04-03,Vijayapura,Manjunath Desai
11958,19949,0,Girish Shetty,Arrest,2025-04-03,Belagavi,Ravi Gowda
11960,19953,0,Lakshmi Kulkarni,Surrender,2025-04-03,Bengaluru City,Chetan Bhat
11961,19955,0,Deepak Reddy,Arrest,2025-04-03,Hubballi-Dharwad,Deepak Prasad
11963,19961,0,Girish Nayak,Arrest,2025-04-03,Belagavi,Yashwanth Rao
11966,19965,0,Anitha Bhat,Arrest,2025-04-03,Davanagere,Shivakumar Reddy
11968,19967,0,Vinutha Prasad,Arrest,2025-04-03,Bengaluru City,Ashwini Hegde
11970,19971,0,Ravi Gowda,Arrest,2025-04-03,Raichur,Manjunath Patil
11973,19977,0,Yashwanth Desai,Arrest,2025-04-03,Bengaluru City,Mary Desai
11976,19983,0,Bhavana Reddy,Arrest,2025-04-03,Tumakuru,Suresh Reddy
11977,19985,0,Prakash Gowda,Arrest,2025-04-03,Mangaluru (DK),Bhavana Iyengar
11978,19987,0,Nagaraj Kumar,Arrest,2025-04-03,Bengaluru City,Prakash Gowda
11980,19989,0,Mary Shetty,Arrest,2025-04-04,Bengaluru City,Deepak Rao
11981,19991,0,Deepak Kumar,Arrest,2025-04-04,Bengaluru City,Yashwanth Patil
11982,19995,0,Lakshmi Patil,Surrender,2025-04-04,Ballari,Girish Shetty
11983,19997,0,Yashwanth Prasad,Arrest,2025-04-04,Mysuru,Bhavana Murthy
11986,20001,0,Ravi Nayak,Arrest,2025-04-04,Bengaluru City,Ravi Reddy
11988,20003,0,Girish Kulkarni,Arrest,2025-04-04,Vijayapura,Joseph Rao
11989,20005,0,Nagaraj Gowda,Arrest,2025-04-04,Ballari,Shivakumar Reddy
11991,20007,0,Suresh Prasad,Arrest,2025-04-04,Belagavi,Anitha Hegde
11993,20009,0,Kiran Gowda,Surrender,2025-04-04,Kalaburagi,Shivakumar Naik
11995,20011,0,Ashwini Kulkarni,Arrest,2025-04-04,Belagavi,Lakshmi Patil
11996,20013,0,Deepak Murthy,Surrender,2025-04-04,Shivamogga,Anitha Gowda
11998,20015,0,Deepak Murthy,Arrest,2025-04-04,Mysuru,Prakash Gowda
12000,20017,0,Prakash Rao,Arrest,2025-04-04,Hubballi-Dharwad,Manjunath Kulkarni
12002,20019,0,Prakash Kulkarni,Arrest,2025-04-04,Davanagere,Prakash Patil
12005,20023,0,Anitha Shetty,Surrender,2025-04-04,Mysuru,Rekha Bhat
12006,20025,0,Manjunath Shetty,Arrest,2025-04-04,Bengaluru City,Chetan Desai
12007,20027,0,Vinutha Patil,Arrest,2025-04-04,Hubballi-Dharwad,Shivakumar Shetty
12008,20029,0,Suresh Murthy,Arrest,2025-04-04,Kalaburagi,Imran Rao
12009,20033,0,Mary Reddy,Arrest,2025-04-04,Mysuru,Basavaraj Desai
12012,20039,0,Pooja Prasad,Surrender,2025-04-05,Mysuru,Joseph Iyengar
12014,20047,0,Manjunath Bhat,Arrest,2025-04-05,Tumakuru,Chetan Reddy
12016,20049,0,Fatima Murthy,Arrest,2025-04-05,Raichur,Ravi Naik
12018,20051,0,Anitha Rao,Arrest,2025-04-05,Vijayapura,Lakshmi Shetty
12020,20055,0,Prakash Rao,Arrest,2025-04-05,Mysuru,Bhavana Kumar
12025,20065,0,Lakshmi Nayak,Arrest,2025-04-05,Belagavi,Pooja Desai
12026,20067,0,Lakshmi Iyengar,Arrest,2025-04-05,Mysuru,Yashwanth Desai
12029,20071,0,Fatima Shetty,Arrest,2025-04-05,Mysuru,Lakshmi Rao
12031,20073,0,Nagaraj Naik,Arrest,2025-04-05,Mysuru,Fatima Gowda
12033,20075,0,Nagaraj Bhat,Arrest,2025-04-05,Hubballi-Dharwad,Kiran Prasad
12035,20077,0,Nagaraj Shetty,Arrest,2025-04-05,Ballari,Vinutha Kumar
12037,20081,0,Imran Iyengar,Arrest,2025-04-06,Kalaburagi,Pooja Iyengar
12040,20089,0,Rekha Gowda,Arrest,2025-04-06,Bengaluru Rural,Vinutha Prasad
12041,20091,0,Fatima Shetty,Surrender,2025-04-06,Bengaluru City,Mary Shetty
12044,20097,0,Suresh Iyengar,Surrender,2025-04-06,Tumakuru,Anitha Kulkarni
12046,20103,0,Fatima Kulkarni,Arrest,2025-04-06,Shivamogga,Deepak Nayak
12050,20113,0,Chetan Bhat,Arrest,2025-04-06,Raichur,Bhavana Desai
12052,20115,0,Rekha Bhat,Arrest,2025-04-06,Udupi,Prakash Rao
12054,20119,0,Girish Kumar,Arrest,2025-04-06,Shivamogga,Lakshmi Gowda
12056,20121,0,Yashwanth Prasad,Arrest,2025-04-06,Ballari,Rekha Gowda
12058,20123,0,Vinutha Prasad,Arrest,2025-04-07,Ballari,Basavaraj Desai
12059,20127,0,Anitha Bhat,Arrest,2025-04-07,Mangaluru (DK),Girish Kulkarni
12061,20129,0,Anitha Nayak,Arrest,2025-04-07,Bengaluru City,Imran Bhat
12062,20131,0,Prakash Reddy,Surrender,2025-04-07,Bengaluru City,Rekha Hegde
12064,20135,0,Vinutha Reddy,Surrender,2025-04-07,Belagavi,Deepak Murthy
12068,20141,0,Joseph Nayak,Arrest,2025-04-07,Bengaluru City,Anitha Rao
12072,20147,0,Ashwini Kumar,Arrest,2025-04-07,Mysuru,Deepak Hegde
12075,20155,0,Lakshmi Rao,Arrest,2025-04-07,Davanagere,Rekha Gowda
12077,20159,0,Suresh Murthy,Arrest,2025-04-07,Hubballi-Dharwad,Bhavana Desai
12078,20161,0,Joseph Murthy,Surrender,2025-04-07,Shivamogga,Yashwanth Gowda
12080,20163,0,Prakash Hegde,Arrest,2025-04-08,Mysuru,Nagaraj Iyengar
12082,20165,0,Ravi Naik,Arrest,2025-04-08,Raichur,Vinutha Desai
12086,20171,0,Kiran Hegde,Arrest,2025-04-08,Hubballi-Dharwad,Basavaraj Kulkarni
12088,20173,0,Bhavana Gowda,Surrender,2025-04-08,Mysuru,Ashwini Desai
12090,20175,0,Mary Iyengar,Surrender,2025-04-08,Mysuru,Ashwini Rao
12092,20179,0,Deepak Murthy,Arrest,2025-04-08,Bengaluru City,Mary Desai
12094,20183,0,Prakash Rao,Arrest,2025-04-08,Bengaluru City,Ashwini Kulkarni
12096,20187,0,Basavaraj Hegde,Arrest,2025-04-08,Mysuru,Rekha Hegde
12097,20191,0,Shivakumar Bhat,Arrest,2025-04-08,Tumakuru,Mary Hegde
12098,20195,0,Lakshmi Iyengar,Arrest,2025-04-08,Hubballi-Dharwad,Rekha Reddy
12099,20197,0,Prakash Naik,Arrest,2025-04-08,Mysuru,Basavaraj Gowda
12100,20199,0,Deepak Desai,Surrender,2025-04-08,Bengaluru City,Ravi Shetty
12101,20201,0,Chetan Iyengar,Arrest,2025-04-08,Hubballi-Dharwad,Ashwini Iyengar
12102,20205,0,Suresh Prasad,Arrest,2025-04-08,Mangaluru (DK),Ashwini Shetty
12104,20211,0,Pooja Shetty,Arrest,2025-04-08,Hassan,Fatima Kumar
12106,20213,0,Anitha Bhat,Arrest,2025-04-09,Ballari,Girish Shetty
12107,20215,0,Basavaraj Bhat,Surrender,2025-04-09,Davanagere,Nagaraj Nayak
12108,20217,0,Vinutha Reddy,Arrest,2025-04-09,Belagavi,Mary Hegde
12110,20219,0,Yashwanth Desai,Arrest,2025-04-09,Belagavi,Prakash Hegde
12111,20221,0,Lakshmi Iyengar,Arrest,2025-04-09,Hassan,Mary Murthy
12112,20223,0,Bhavana Murthy,Arrest,2025-04-09,Kalaburagi,Deepak Prasad
12114,20225,0,Fatima Nayak,Surrender,2025-04-09,Mysuru,Deepak Reddy
12115,20227,0,Joseph Iyengar,Arrest,2025-04-09,Hassan,Girish Hegde
12117,20229,0,Joseph Reddy,Arrest,2025-04-09,Bengaluru City,Suresh Patil
12119,20233,0,Kiran Prasad,Arrest,2025-04-09,Mysuru,Mary Desai
12121,20235,0,Mary Kumar,Arrest,2025-04-09,Bengaluru City,Ashwini Kumar
12124,20239,0,Kiran Kulkarni,Arrest,2025-04-09,Shivamogga,Joseph Reddy
12126,20241,0,Imran Patil,Arrest,2025-04-09,Davanagere,Vinutha Naik
12127,20243,0,Anitha Murthy,Arrest,2025-04-09,Belagavi,Chetan Reddy
12131,20251,0,Kiran Patil,Arrest,2025-04-09,Raichur,Chetan Desai
12132,20253,0,Pooja Kumar,Arrest,2025-04-10,Hassan,Nagaraj Nayak
12134,20255,0,Shivakumar Shetty,Arrest,2025-04-10,Bengaluru Rural,Manjunath Kulkarni
12137,20259,0,Anitha Gowda,Arrest,2025-04-10,Belagavi,Yashwanth Gowda
12140,20265,0,Bhavana Desai,Arrest,2025-04-10,Kalaburagi,Shivakumar Desai
12142,20267,0,Fatima Iyengar,Surrender,2025-04-10,Kalaburagi,Anitha Hegde
12143,20269,0,Suresh Gowda,Arrest,2025-04-10,Shivamogga,Girish Naik
12144,20271,0,Basavaraj Kumar,Arrest,2025-04-10,Hassan,Joseph Shetty
12146,20273,0,Deepak Iyengar,Arrest,2025-04-10,Mysuru,Lakshmi Bhat
12148,20275,0,Yashwanth Murthy,Arrest,2025-04-10,Hassan,Kiran Kumar
12150,20277,0,Imran Naik,Arrest,2025-04-10,Bengaluru City,Girish Hegde
12151,20279,0,Yashwanth Naik,Arrest,2025-04-10,Bengaluru City,Ashwini Bhat
12152,20281,0,Ravi Shetty,Arrest,2025-04-10,Kalaburagi,Anitha Reddy
12156,20295,0,Kiran Iyengar,Arrest,2025-04-10,Shivamogga,Ashwini Naik
12158,20299,0,Chetan Naik,Arrest,2025-04-10,Bengaluru City,Suresh Murthy
12160,20301,0,Nagaraj Desai,Arrest,2025-04-10,Bengaluru City,Joseph Hegde
12162,20305,0,Anitha Iyengar,Arrest,2025-04-11,Raichur,Basavaraj Shetty
12163,20307,0,Girish Shetty,Surrender,2025-04-11,Belagavi,Mary Prasad
12165,20309,0,Prakash Kulkarni,Arrest,2025-04-11,Mysuru,Kiran Naik
12166,20311,0,Shivakumar Hegde,Arrest,2025-04-11,Mysuru,Bhavana Patil
12168,20313,0,Ashwini Reddy,Arrest,2025-04-11,Bengaluru City,Deepak Naik
12170,20315,0,Kiran Gowda,Arrest,2025-04-11,Bengaluru City,Fatima Kulkarni
12171,20317,0,Deepak Kumar,Surrender,2025-04-11,Bengaluru City,Suresh Shetty
12172,20319,0,Prakash Patil,Arrest,2025-04-11,Ballari,Shivakumar Naik
12174,20321,0,Pooja Iyengar,Surrender,2025-04-11,Bengaluru City,Pooja Prasad
12176,20323,0,Vinutha Gowda,Surrender,2025-04-11,Bengaluru City,Joseph Iyengar
12178,20327,0,Prakash Naik,Arrest,2025-04-11,Tumakuru,Nagaraj Shetty
12180,20329,0,Deepak Kumar,Surrender,2025-04-11,Davanagere,Kiran Gowda
12183,20335,0,Nagaraj Rao,Arrest,2025-04-11,Belagavi,Chetan Shetty
12184,20337,0,Chetan Gowda,Arrest,2025-04-11,Belagavi,Ravi Iyengar
12186,20339,0,Mary Naik,Arrest,2025-04-11,Bengaluru City,Girish Kulkarni
12189,20343,0,Deepak Bhat,Arrest,2025-04-11,Mysuru,Kiran Desai
12190,20345,0,Joseph Gowda,Surrender,2025-04-12,Mangaluru (DK),Ravi Patil
12192,20347,0,Chetan Prasad,Arrest,2025-04-12,Mysuru,Imran Gowda
12194,20349,0,Vinutha Desai,Arrest,2025-04-12,Mysuru,Basavaraj Naik
12196,20353,0,Mary Kulkarni,Arrest,2025-04-12,Bengaluru City,Anitha Iyengar
12198,20357,0,Joseph Reddy,Arrest,2025-04-12,Hassan,Lakshmi Kumar
12199,20365,0,Prakash Naik,Arrest,2025-04-12,Mysuru,Joseph Kumar
12202,20371,0,Ravi Reddy,Arrest,2025-04-12,Hassan,Chetan Kulkarni
12203,20373,0,Prakash Nayak,Surrender,2025-04-12,Mysuru,Chetan Kumar
12205,20375,0,Suresh Hegde,Arrest,2025-04-12,Bengaluru City,Girish Kulkarni
12207,20377,0,Chetan Gowda,Arrest,2025-04-12,Mysuru,Girish Naik
12209,20379,0,Rekha Murthy,Arrest,2025-04-12,Mysuru,Nagaraj Nayak
12210,20381,0,Anitha Patil,Surrender,2025-04-12,Mysuru,Mary Patil
12213,20385,0,Imran Reddy,Arrest,2025-04-12,Bengaluru City,Bhavana Reddy
12214,20387,0,Bhavana Iyengar,Arrest,2025-04-13,Ballari,Deepak Shetty
12217,20393,0,Nagaraj Patil,Surrender,2025-04-13,Shivamogga,Imran Murthy
12219,20395,0,Suresh Kulkarni,Arrest,2025-04-13,Davanagere,Ravi Patil
12221,20399,0,Joseph Iyengar,Arrest,2025-04-13,Vijayapura,Ravi Bhat
12223,20401,0,Ravi Kulkarni,Arrest,2025-04-13,Bengaluru City,Ashwini Shetty
12224,20403,0,Prakash Naik,Arrest,2025-04-13,Kalaburagi,Shivakumar Reddy
12226,20405,0,Fatima Naik,Arrest,2025-04-13,Vijayapura,Girish Shetty
12229,20409,0,Rekha Patil,Arrest,2025-04-13,Kalaburagi,Suresh Desai
12230,20415,0,Nagaraj Murthy,Surrender,2025-04-13,Bengaluru Rural,Prakash Shetty
12231,20417,0,Girish Reddy,Arrest,2025-04-13,Mysuru,Ravi Reddy
12233,20421,0,Deepak Gowda,Arrest,2025-04-13,Hubballi-Dharwad,Nagaraj Kumar
12235,20423,0,Rekha Reddy,Arrest,2025-04-13,Bengaluru City,Nagaraj Gowda
12237,20425,0,Bhavana Reddy,Arrest,2025-04-13,Bengaluru City,Basavaraj Prasad
12238,20427,0,Pooja Gowda,Arrest,2025-04-13,Bengaluru City,Mary Shetty
12239,20429,0,Deepak Murthy,Arrest,2025-04-13,Kalaburagi,Joseph Kumar
12241,20431,0,Shivakumar Desai,Arrest,2025-04-14,Bengaluru City,Imran Hegde
12242,20437,0,Yashwanth Rao,Arrest,2025-04-14,Bengaluru City,Pooja Naik
12243,20439,0,Fatima Iyengar,Surrender,2025-04-14,Belagavi,Mary Reddy
12244,20441,0,Kiran Naik,Surrender,2025-04-14,Raichur,Pooja Gowda
12245,20443,0,Yashwanth Nayak,Surrender,2025-04-14,Belagavi,Girish Rao
12247,20445,0,Manjunath Iyengar,Arrest,2025-04-14,Ballari,Imran Bhat
12249,20447,0,Kiran Bhat,Arrest,2025-04-14,Hubballi-Dharwad,Chetan Hegde
12251,20449,0,Shivakumar Rao,Surrender,2025-04-14,Davanagere,Suresh Desai
12252,20451,0,Suresh Prasad,Arrest,2025-04-14,Bengaluru City,Prakash Bhat
12254,20453,0,Imran Kumar,Surrender,2025-04-14,Tumakuru,Suresh Gowda
12256,20455,0,Kiran Desai,Arrest,2025-04-14,Hubballi-Dharwad,Ravi Desai
12257,20457,0,Basavaraj Prasad,Surrender,2025-04-14,Vijayapura,Pooja Desai
12259,20459,0,Ashwini Reddy,Arrest,2025-04-14,Hubballi-Dharwad,Imran Kumar
12260,20461,0,Vinutha Gowda,Arrest,2025-04-14,Belagavi,Nagaraj Murthy
12263,20471,0,Deepak Patil,Arrest,2025-04-14,Kalaburagi,Bhavana Reddy
12264,20473,0,Kiran Kumar,Arrest,2025-04-14,Belagavi,Deepak Iyengar
12267,20477,0,Ashwini Kulkarni,Arrest,2025-04-15,Hubballi-Dharwad,Joseph Kulkarni
12269,20479,0,Yashwanth Desai,Surrender,2025-04-15,Bengaluru City,Joseph Shetty
12272,20485,0,Mary Prasad,Surrender,2025-04-15,Kalaburagi,Nagaraj Hegde
12274,20487,0,Yashwanth Hegde,Surrender,2025-04-15,Bengaluru City,Vinutha Murthy
12280,20501,0,Nagaraj Kulkarni,Arrest,2025-04-15,Belagavi,Prakash Nayak
12282,20503,0,Pooja Shetty,Arrest,2025-04-15,Vijayapura,Rekha Naik
12284,20505,0,Bhavana Rao,Arrest,2025-04-15,Bengaluru City,Ashwini Prasad
12287,20513,0,Shivakumar Shetty,Arrest,2025-04-15,Belagavi,Bhavana Patil
12289,20517,0,Rekha Bhat,Surrender,2025-04-16,Udupi,Kiran Patil
12291,20519,0,Vinutha Gowda,Arrest,2025-04-16,Hubballi-Dharwad,Anitha Desai
12292,20521,0,Yashwanth Murthy,Arrest,2025-04-16,Hassan,Nagaraj Naik
12293,20523,0,Fatima Hegde,Surrender,2025-04-16,Bengaluru City,Anitha Reddy
12295,20527,0,Rekha Reddy,Arrest,2025-04-16,Raichur,Mary Kulkarni
12298,20533,0,Chetan Desai,Arrest,2025-04-16,Mysuru,Chetan Gowda
12302,20539,0,Joseph Patil,Arrest,2025-04-16,Mysuru,Joseph Shetty
12303,20541,0,Vinutha Murthy,Arrest,2025-04-16,Belagavi,Nagaraj Reddy
12305,20543,0,Joseph Gowda,Surrender,2025-04-16,Bengaluru City,Ravi Naik
12307,20545,0,Deepak Naik,Surrender,2025-04-16,Bengaluru City,Pooja Murthy
12308,20547,0,Anitha Naik,Arrest,2025-04-16,Mangaluru (DK),Girish Desai
12310,20551,0,Joseph Naik,Arrest,2025-04-16,Mysuru,Anitha Patil
12314,20561,0,Chetan Nayak,Arrest,2025-04-16,Hubballi-Dharwad,Anitha Shetty
12315,20563,0,Anitha Reddy,Arrest,2025-04-17,Hubballi-Dharwad,Suresh Naik
12319,20569,0,Chetan Shetty,Arrest,2025-04-17,Ballari,Suresh Hegde
12322,20573,0,Chetan Nayak,Arrest,2025-04-17,Bengaluru City,Rekha Rao
12323,20575,0,Yashwanth Reddy,Arrest,2025-04-17,Tumakuru,Ravi Nayak
12326,20585,0,Yashwanth Desai,Arrest,2025-04-17,Belagavi,Prakash Murthy
12328,20587,0,Girish Patil,Arrest,2025-04-17,Bengaluru City,Ashwini Shetty
12330,20591,0,Deepak Nayak,Arrest,2025-04-17,Kalaburagi,Rekha Nayak
12332,20593,0,Vinutha Rao,Surrender,2025-04-17,Mysuru,Ravi Naik
12334,20595,0,Mary Iyengar,Arrest,2025-04-17,Bengaluru City,Imran Murthy
12337,20599,0,Kiran Iyengar,Arrest,2025-04-17,Ballari,Yashwanth Naik
12338,20601,0,Suresh Nayak,Arrest,2025-04-17,Tumakuru,Yashwanth Nayak
12341,20609,0,Girish Naik,Arrest,2025-04-18,Belagavi,Bhavana Rao
12343,20611,0,Prakash Prasad,Arrest,2025-04-18,Davanagere,Imran Shetty
12345,20615,0,Basavaraj Iyengar,Surrender,2025-04-18,Davanagere,Prakash Desai
12346,20619,0,Yashwanth Bhat,Arrest,2025-04-18,Bengaluru City,Anitha Nayak
12348,20621,0,Joseph Hegde,Arrest,2025-04-18,Belagavi,Mary Bhat
12350,20623,0,Kiran Gowda,Arrest,2025-04-18,Raichur,Nagaraj Bhat
12352,20625,0,Kiran Desai,Arrest,2025-04-18,Mysuru,Vinutha Desai
12354,20627,0,Pooja Rao,Arrest,2025-04-18,Bengaluru City,Fatima Naik
12357,20631,0,Girish Murthy,Arrest,2025-04-18,Shivamogga,Ravi Murthy
12360,20635,0,Lakshmi Gowda,Arrest,2025-04-18,Bengaluru City,Anitha Naik
12364,20643,0,Ashwini Gowda,Arrest,2025-04-19,Mysuru,Basavaraj Bhat
12365,20647,0,Vinutha Bhat,Arrest,2025-04-19,Vijayapura,Vinutha Murthy
12368,20651,0,Joseph Iyengar,Arrest,2025-04-19,Belagavi,Girish Kumar
12369,20653,0,Ashwini Rao,Surrender,2025-04-19,Vijayapura,Ravi Gowda
12370,20657,0,Nagaraj Naik,Arrest,2025-04-19,Mysuru,Rekha Hegde
12372,20659,0,Manjunath Nayak,Arrest,2025-04-19,Kalaburagi,Imran Rao
12375,20663,0,Imran Kulkarni,Arrest,2025-04-19,Bengaluru City,Basavaraj Hegde
12377,20665,0,Fatima Kulkarni,Arrest,2025-04-19,Hassan,Prakash Gowda
12379,20669,0,Ashwini Reddy,Arrest,2025-04-19,Bengaluru Rural,Suresh Prasad
12382,20675,0,Joseph Reddy,Arrest,2025-04-19,Mysuru,Bhavana Bhat
12383,20677,0,Lakshmi Murthy,Arrest,2025-04-19,Mangaluru (DK),Bhavana Rao
12386,20681,0,Deepak Reddy,Arrest,2025-04-19,Hubballi-Dharwad,Joseph Reddy
12389,20685,0,Basavaraj Patil,Arrest,2025-04-19,Bengaluru City,Ashwini Kulkarni
12392,20689,0,Shivakumar Kulkarni,Arrest,2025-04-19,Kalaburagi,Shivakumar Nayak
12395,20695,0,Rekha Shetty,Arrest,2025-04-20,Ballari,Prakash Bhat
12397,20697,0,Nagaraj Murthy,Arrest,2025-04-20,Raichur,Joseph Desai
12398,20699,0,Lakshmi Rao,Arrest,2025-04-20,Kalaburagi,Mary Hegde
12399,20701,0,Chetan Kumar,Arrest,2025-04-20,Kalaburagi,Basavaraj Patil
12401,20703,0,Vinutha Prasad,Arrest,2025-04-20,Bengaluru City,Manjunath Iyengar
12403,20713,0,Imran Nayak,Arrest,2025-04-20,Hassan,Ravi Rao
12404,20715,0,Mary Prasad,Arrest,2025-04-20,Tumakuru,Shivakumar Nayak
12406,20717,0,Girish Rao,Arrest,2025-04-20,Belagavi,Fatima Nayak
12407,20719,0,Joseph Shetty,Surrender,2025-04-20,Belagavi,Shivakumar Murthy
12409,20723,0,Bhavana Rao,Surrender,2025-04-20,Bengaluru City,Bhavana Iyengar
12411,20725,0,Ravi Kulkarni,Surrender,2025-04-20,Bengaluru City,Suresh Kulkarni
12413,20727,0,Joseph Hegde,Surrender,2025-04-21,Belagavi,Pooja Desai
12414,20729,0,Basavaraj Kulkarni,Surrender,2025-04-21,Bengaluru City,Fatima Kulkarni
12416,20731,0,Rekha Shetty,Arrest,2025-04-21,Bengaluru City,Joseph Naik
12418,20737,0,Ashwini Kulkarni,Arrest,2025-04-21,Hubballi-Dharwad,Ravi Shetty
12420,20741,0,Kiran Hegde,Arrest,2025-04-21,Mangaluru (DK),Pooja Patil
12421,20745,0,Kiran Prasad,Surrender,2025-04-21,Bengaluru City,Anitha Nayak
12424,20749,0,Lakshmi Reddy,Arrest,2025-04-21,Mangaluru (DK),Chetan Bhat
12425,20751,0,Lakshmi Murthy,Arrest,2025-04-21,Hassan,Vinutha Murthy
12427,20753,0,Chetan Shetty,Arrest,2025-04-21,Tumakuru,Rekha Iyengar
12429,20755,0,Vinutha Iyengar,Arrest,2025-04-21,Hubballi-Dharwad,Chetan Patil
12431,20761,0,Ravi Iyengar,Arrest,2025-04-21,Hubballi-Dharwad,Deepak Shetty
12433,20763,0,Lakshmi Nayak,Arrest,2025-04-21,Ballari,Imran Patil
12435,20765,0,Manjunath Hegde,Arrest,2025-04-21,Mysuru,Imran Kulkarni
12438,20771,0,Suresh Patil,Arrest,2025-04-22,Bengaluru City,Manjunath Reddy
12441,20777,0,Basavaraj Patil,Arrest,2025-04-22,Bengaluru City,Shivakumar Rao
12442,20781,0,Shivakumar Bhat,Arrest,2025-04-22,Bengaluru City,Girish Kumar
12444,20783,0,Kiran Patil,Arrest,2025-04-22,Mysuru,Imran Bhat
12447,20787,0,Imran Prasad,Arrest,2025-04-22,Bengaluru City,Deepak Reddy
12448,20789,0,Joseph Patil,Arrest,2025-04-22,Hassan,Ravi Nayak
12449,20791,0,Pooja Naik,Arrest,2025-04-22,Bengaluru City,Suresh Desai
12451,20793,0,Lakshmi Prasad,Arrest,2025-04-22,Mysuru,Joseph Murthy
12453,20795,0,Joseph Iyengar,Arrest,2025-04-22,Ballari,Prakash Iyengar
12455,20797,0,Girish Patil,Arrest,2025-04-22,Vijayapura,Ashwini Rao
12456,20799,0,Ashwini Reddy,Arrest,2025-04-22,Belagavi,Shivakumar Naik
12457,20801,0,Shivakumar Desai,Arrest,2025-04-22,Hubballi-Dharwad,Bhavana Nayak
12459,20803,0,Fatima Reddy,Arrest,2025-04-22,Udupi,Girish Patil
12460,20805,0,Pooja Desai,Arrest,2025-04-23,Hubballi-Dharwad,Joseph Kulkarni
12464,20811,0,Manjunath Desai,Surrender,2025-04-23,Bengaluru City,Prakash Hegde
12465,20813,0,Suresh Shetty,Arrest,2025-04-23,Bengaluru City,Imran Rao
12467,20815,0,Joseph Murthy,Arrest,2025-04-23,Shivamogga,Chetan Kulkarni
12469,20817,0,Ravi Desai,Arrest,2025-04-23,Belagavi,Kiran Rao
12472,20823,0,Shivakumar Naik,Arrest,2025-04-23,Mangaluru (DK),Ravi Patil
12474,20825,0,Kiran Shetty,Arrest,2025-04-23,Bengaluru City,Girish Kulkarni
12477,20829,0,Imran Prasad,Arrest,2025-04-23,Bengaluru City,Girish Iyengar
12481,20837,0,Deepak Kumar,Arrest,2025-04-23,Hubballi-Dharwad,Lakshmi Iyengar
12482,20839,0,Manjunath Patil,Arrest,2025-04-23,Bengaluru City,Suresh Nayak
12484,20841,0,Basavaraj Gowda,Arrest,2025-04-23,Bengaluru Rural,Vinutha Rao
12486,20843,0,Prakash Nayak,Surrender,2025-04-23,Bengaluru City,Chetan Kulkarni
12488,20845,0,Basavaraj Shetty,Arrest,2025-04-23,Bengaluru City,Prakash Shetty
12491,20849,0,Rekha Reddy,Arrest,2025-04-23,Belagavi,Vinutha Prasad
12493,20851,0,Fatima Hegde,Arrest,2025-04-23,Bengaluru City,Imran Reddy
12494,20855,0,Yashwanth Prasad,Arrest,2025-04-24,Bengaluru City,Deepak Prasad
12497,20859,0,Ravi Shetty,Arrest,2025-04-24,Bengaluru City,Mary Gowda
12499,20863,0,Fatima Hegde,Arrest,2025-04-24,Davanagere,Bhavana Nayak
12501,20865,0,Basavaraj Nayak,Arrest,2025-04-24,Vijayapura,Chetan Patil
12502,20869,0,Fatima Kumar,Surrender,2025-04-24,Bengaluru City,Fatima Patil
12504,20871,0,Joseph Gowda,Arrest,2025-04-24,Bengaluru Rural,Joseph Rao
12505,20875,0,Pooja Kumar,Arrest,2025-04-24,Udupi,Girish Kumar
12508,20881,0,Girish Bhat,Arrest,2025-04-24,Kalaburagi,Chetan Murthy
12509,20883,0,Girish Shetty,Arrest,2025-04-24,Kalaburagi,Anitha Hegde
12511,20885,0,Vinutha Prasad,Surrender,2025-04-24,Davanagere,Prakash Desai
12515,20895,0,Rekha Hegde,Arrest,2025-04-25,Mysuru,Rekha Rao
12517,20897,0,Vinutha Kumar,Surrender,2025-04-25,Ballari,Suresh Iyengar
12518,20899,0,Imran Patil,Arrest,2025-04-25,Bengaluru City,Nagaraj Prasad
12521,20911,0,Girish Hegde,Arrest,2025-04-25,Raichur,Yashwanth Shetty
12524,20915,0,Fatima Patil,Arrest,2025-04-25,Bengaluru Rural,Pooja Gowda
12525,20917,0,Bhavana Prasad,Arrest,2025-04-25,Kalaburagi,Mary Iyengar
12527,20919,0,Prakash Bhat,Arrest,2025-04-25,Bengaluru City,Lakshmi Nayak
12529,20923,0,Nagaraj Prasad,Arrest,2025-04-25,Davanagere,Deepak Iyengar
12530,20925,0,Deepak Shetty,Arrest,2025-04-25,Davanagere,Deepak Kulkarni
12532,20927,0,Shivakumar Hegde,Arrest,2025-04-25,Davanagere,Fatima Desai
12534,20931,0,Shivakumar Murthy,Arrest,2025-04-25,Shivamogga,Nagaraj Prasad
12536,20933,0,Girish Kulkarni,Surrender,2025-04-25,Mysuru,Girish Reddy
12538,20937,0,Anitha Rao,Arrest,2025-04-26,Bengaluru City,Manjunath Iyengar
12539,20939,0,Yashwanth Iyengar,Arrest,2025-04-26,Bengaluru City,Suresh Desai
12542,20943,0,Nagaraj Desai,Arrest,2025-04-26,Bengaluru City,Shivakumar Rao
12544,20945,0,Prakash Hegde,Surrender,2025-04-26,Hassan,Suresh Kulkarni
12546,20947,0,Mary Murthy,Arrest,2025-04-26,Bengaluru City,Nagaraj Hegde
12549,20953,0,Nagaraj Gowda,Arrest,2025-04-26,Belagavi,Vinutha Naik
12551,20955,0,Kiran Iyengar,Arrest,2025-04-26,Bengaluru City,Fatima Gowda
12553,20957,0,Fatima Kumar,Surrender,2025-04-26,Bengaluru City,Bhavana Naik
12556,20961,0,Shivakumar Rao,Surrender,2025-04-26,Raichur,Basavaraj Murthy
12559,20965,0,Kiran Patil,Arrest,2025-04-26,Bengaluru City,Joseph Gowda
12562,20971,0,Deepak Kulkarni,Arrest,2025-04-26,Raichur,Kiran Rao
12564,20973,0,Shivakumar Kumar,Arrest,2025-04-26,Mysuru,Mary Murthy
12566,20975,0,Vinutha Nayak,Arrest,2025-04-26,Kalaburagi,Deepak Prasad
12567,20979,0,Fatima Hegde,Arrest,2025-04-27,Belagavi,Prakash Kulkarni
12569,20983,0,Imran Reddy,Arrest,2025-04-27,Tumakuru,Deepak Patil
12572,20987,0,Basavaraj Kulkarni,Arrest,2025-04-27,Davanagere,Basavaraj Patil
12573,20989,0,Anitha Patil,Arrest,2025-04-27,Davanagere,Nagaraj Patil
12575,20993,0,Yashwanth Prasad,Arrest,2025-04-27,Bengaluru City,Kiran Rao
12577,20999,0,Girish Gowda,Arrest,2025-04-27,Bengaluru City,Joseph Naik
12579,21001,0,Kiran Gowda,Arrest,2025-04-27,Hubballi-Dharwad,Imran Naik
12581,21003,0,Ravi Patil,Arrest,2025-04-27,Mangaluru (DK),Bhavana Desai
12583,21005,0,Joseph Iyengar,Surrender,2025-04-27,Hassan,Rekha Reddy
12587,21011,0,Imran Rao,Arrest,2025-04-27,Bengaluru City,Manjunath Naik
12590,21017,0,Lakshmi Gowda,Arrest,2025-04-28,Davanagere,Bhavana Nayak
12593,21021,0,Lakshmi Hegde,Arrest,2025-04-28,Bengaluru City,Mary Bhat
12598,21029,0,Chetan Iyengar,Surrender,2025-04-28,Bengaluru City,Joseph Bhat
12600,21031,0,Shivakumar Kumar,Arrest,2025-04-28,Bengaluru City,Pooja Gowda
12602,21033,0,Shivakumar Desai,Arrest,2025-04-28,Davanagere,Girish Gowda
12604,21035,0,Bhavana Nayak,Arrest,2025-04-28,Shivamogga,Manjunath Prasad
12605,21037,0,Ravi Murthy,Arrest,2025-04-28,Tumakuru,Manjunath Rao
12607,21039,0,Joseph Prasad,Arrest,2025-04-28,Mysuru,Rekha Patil
12608,21041,0,Fatima Prasad,Arrest,2025-04-28,Bengaluru Rural,Shivakumar Iyengar
12610,21045,0,Fatima Nayak,Arrest,2025-04-28,Mysuru,Ravi Kumar
12615,21057,0,Bhavana Naik,Arrest,2025-04-28,Ballari,Manjunath Naik
12617,21067,0,Girish Bhat,Arrest,2025-04-29,Hassan,Joseph Murthy
12619,21069,0,Fatima Desai,Arrest,2025-04-29,Tumakuru,Anitha Iyengar
12621,21071,0,Prakash Patil,Arrest,2025-04-29,Davanagere,Imran Shetty
12624,21075,0,Mary Murthy,Arrest,2025-04-29,Belagavi,Chetan Desai
12625,21077,0,Vinutha Rao,Arrest,2025-04-29,Belagavi,Suresh Gowda
12627,21081,0,Basavaraj Naik,Arrest,2025-04-29,Davanagere,Shivakumar Kulkarni
12629,21083,0,Yashwanth Rao,Arrest,2025-04-29,Davanagere,Deepak Kumar
12634,21095,0,Girish Prasad,Arrest,2025-04-30,Bengaluru Rural,Ravi Bhat
12636,21099,0,Vinutha Bhat,Surrender,2025-04-30,Belagavi,Chetan Hegde
12637,21101,0,Ashwini Reddy,Arrest,2025-04-30,Bengaluru City,Lakshmi Prasad
12639,21103,0,Yashwanth Desai,Surrender,2025-04-30,Bengaluru City,Anitha Bhat
12641,21107,0,Shivakumar Murthy,Arrest,2025-04-30,Bengaluru City,Fatima Kumar
12643,21109,0,Rekha Gowda,Arrest,2025-04-30,Vijayapura,Basavaraj Murthy
12645,21111,0,Mary Bhat,Arrest,2025-04-30,Mysuru,Imran Kulkarni
12646,21113,0,Shivakumar Bhat,Arrest,2025-04-30,Bengaluru City,Deepak Iyengar
12648,21117,0,Kiran Hegde,Surrender,2025-04-30,Mysuru,Ravi Shetty
12649,21119,0,Fatima Naik,Arrest,2025-04-30,Davanagere,Ashwini Rao
12651,21121,0,Anitha Rao,Surrender,2025-04-30,Davanagere,Fatima Kulkarni
12654,21127,0,Mary Hegde,Arrest,2025-04-30,Shivamogga,Anitha Kulkarni
12657,21139,0,Rekha Nayak,Surrender,2025-05-01,Davanagere,Yashwanth Murthy
12660,21145,0,Girish Gowda,Surrender,2025-05-01,Bengaluru City,Manjunath Prasad
12662,21147,0,Girish Patil,Arrest,2025-05-01,Vijayapura,Kiran Nayak
12664,21149,0,Yashwanth Kulkarni,Arrest,2025-05-01,Mysuru,Anitha Patil
12667,21155,0,Girish Iyengar,Arrest,2025-05-01,Bengaluru City,Anitha Reddy
12670,21159,0,Lakshmi Hegde,Arrest,2025-05-01,Hassan,Basavaraj Rao
12673,21163,0,Pooja Gowda,Arrest,2025-05-01,Hassan,Prakash Kulkarni
12674,21167,0,Lakshmi Shetty,Arrest,2025-05-01,Tumakuru,Fatima Patil
12678,21177,0,Yashwanth Kulkarni,Arrest,2025-05-02,Davanagere,Basavaraj Iyengar
12679,21179,0,Prakash Rao,Arrest,2025-05-02,Bengaluru Rural,Basavaraj Shetty
12682,21183,0,Mary Desai,Arrest,2025-05-02,Ballari,Shivakumar Hegde
12684,21187,0,Anitha Nayak,Arrest,2025-05-02,Bengaluru City,Girish Iyengar
12686,21189,0,Girish Patil,Arrest,2025-05-02,Bengaluru City,Joseph Hegde
12687,21191,0,Prakash Kumar,Surrender,2025-05-02,Mysuru,Bhavana Kulkarni
12688,21193,0,Girish Gowda,Arrest,2025-05-02,Hubballi-Dharwad,Fatima Patil
12689,21195,0,Manjunath Patil,Arrest,2025-05-02,Bengaluru City,Rekha Bhat
12690,21199,0,Lakshmi Murthy,Arrest,2025-05-02,Belagavi,Rekha Shetty
12694,21205,0,Suresh Gowda,Surrender,2025-05-02,Bengaluru City,Joseph Reddy
12696,21207,0,Anitha Kulkarni,Arrest,2025-05-02,Kalaburagi,Mary Nayak
12698,21211,0,Fatima Nayak,Arrest,2025-05-02,Belagavi,Kiran Hegde
12700,21213,0,Manjunath Kumar,Arrest,2025-05-02,Mangaluru (DK),Pooja Patil
12702,21217,0,Anitha Bhat,Arrest,2025-05-02,Bengaluru Rural,Imran Reddy
12703,21219,0,Lakshmi Iyengar,Surrender,2025-05-02,Belagavi,Joseph Prasad
12707,21227,0,Rekha Reddy,Arrest,2025-05-02,Bengaluru City,Kiran Shetty
12709,21231,0,Basavaraj Patil,Arrest,2025-05-03,Hubballi-Dharwad,Imran Iyengar
12711,21233,0,Shivakumar Patil,Arrest,2025-05-03,Belagavi,Girish Reddy
12712,21235,0,Kiran Murthy,Arrest,2025-05-03,Hubballi-Dharwad,Prakash Prasad
12714,21239,0,Lakshmi Hegde,Arrest,2025-05-03,Belagavi,Fatima Bhat
12715,21241,0,Anitha Naik,Arrest,2025-05-03,Vijayapura,Anitha Shetty
12717,21247,0,Bhavana Nayak,Arrest,2025-05-03,Kalaburagi,Imran Shetty
12719,21251,0,Anitha Nayak,Arrest,2025-05-03,Bengaluru Rural,Pooja Prasad
12720,21255,0,Girish Iyengar,Surrender,2025-05-03,Bengaluru City,Manjunath Gowda
12722,21259,0,Nagaraj Prasad,Arrest,2025-05-03,Mysuru,Bhavana Nayak
12724,21261,0,Pooja Hegde,Arrest,2025-05-03,Belagavi,Rekha Murthy
12725,21263,0,Fatima Hegde,Arrest,2025-05-03,Bengaluru City,Suresh Patil
12727,21265,0,Imran Bhat,Arrest,2025-05-03,Bengaluru City,Yashwanth Hegde
12730,21269,0,Girish Hegde,Arrest,2025-05-03,Vijayapura,Ashwini Murthy
12731,21271,0,Mary Iyengar,Arrest,2025-05-03,Belagavi,Prakash Reddy
12733,21273,0,Yashwanth Gowda,Arrest,2025-05-04,Bengaluru City,Shivakumar Desai
12735,21277,0,Anitha Prasad,Arrest,2025-05-04,Belagavi,Ravi Shetty
12737,21279,0,Bhavana Murthy,Arrest,2025-05-04,Bengaluru City,Nagaraj Patil
12739,21281,0,Girish Patil,Arrest,2025-05-04,Bengaluru City,Bhavana Naik
12741,21283,0,Mary Naik,Arrest,2025-05-04,Vijayapura,Girish Patil
12742,21285,0,Kiran Nayak,Arrest,2025-05-04,Bengaluru City,Nagaraj Kulkarni
12743,21289,0,Lakshmi Nayak,Arrest,2025-05-04,Bengaluru Rural,Vinutha Iyengar
12745,21293,0,Rekha Kumar,Surrender,2025-05-04,Hubballi-Dharwad,Manjunath Hegde
12747,21295,0,Nagaraj Hegde,Arrest,2025-05-04,Bengaluru City,Anitha Bhat
12749,21299,0,Girish Desai,Arrest,2025-05-04,Kalaburagi,Ashwini Iyengar
12751,21303,0,Lakshmi Bhat,Arrest,2025-05-04,Bengaluru City,Pooja Murthy
12754,21307,0,Yashwanth Rao,Arrest,2025-05-04,Bengaluru City,Suresh Gowda
12756,21311,0,Vinutha Murthy,Arrest,2025-05-04,Bengaluru City,Vinutha Nayak
12759,21315,0,Manjunath Desai,Arrest,2025-05-05,Hubballi-Dharwad,Vinutha Prasad
12761,21317,0,Joseph Kumar,Arrest,2025-05-05,Vijayapura,Vinutha Hegde
12764,21321,0,Anitha Rao,Arrest,2025-05-05,Bengaluru City,Vinutha Patil
12768,21327,0,Nagaraj Reddy,Arrest,2025-05-05,Davanagere,Suresh Rao
12770,21331,0,Prakash Patil,Arrest,2025-05-05,Ballari,Yashwanth Shetty
12771,21333,0,Chetan Naik,Arrest,2025-05-05,Ballari,Mary Reddy
12774,21337,0,Shivakumar Naik,Arrest,2025-05-05,Bengaluru City,Yashwanth Kulkarni
12776,21339,0,Fatima Shetty,Arrest,2025-05-05,Davanagere,Kiran Patil
12778,21341,0,Bhavana Gowda,Arrest,2025-05-05,Mysuru,Deepak Rao
12780,21343,0,Yashwanth Iyengar,Arrest,2025-05-05,Bengaluru City,Anitha Gowda
12781,21345,0,Imran Reddy,Arrest,2025-05-05,Bengaluru City,Deepak Prasad
12782,21347,0,Chetan Bhat,Arrest,2025-05-05,Raichur,Prakash Gowda
12784,21351,0,Anitha Reddy,Arrest,2025-05-05,Bengaluru City,Joseph Patil
12786,21353,0,Pooja Prasad,Arrest,2025-05-05,Ballari,Lakshmi Reddy
12788,21355,0,Joseph Gowda,Arrest,2025-05-05,Bengaluru City,Basavaraj Gowda
12790,21361,0,Kiran Patil,Arrest,2025-05-05,Belagavi,Rekha Shetty
12793,21367,0,Rekha Bhat,Arrest,2025-05-06,Tumakuru,Kiran Bhat
12794,21369,0,Mary Nayak,Arrest,2025-05-06,Vijayapura,Lakshmi Murthy
12796,21371,0,Bhavana Naik,Arrest,2025-05-06,Bengaluru City,Fatima Patil
12797,21373,0,Basavaraj Shetty,Arrest,2025-05-06,Hassan,Deepak Patil
12798,21377,0,Lakshmi Reddy,Arrest,2025-05-06,Vijayapura,Yashwanth Kumar
12800,21379,0,Vinutha Shetty,Arrest,2025-05-06,Udupi,Shivakumar Desai
12802,21381,0,Prakash Kulkarni,Arrest,2025-05-06,Raichur,Kiran Iyengar
12804,21383,0,Rekha Kulkarni,Arrest,2025-05-06,Bengaluru City,Pooja Iyengar
12806,21385,0,Nagaraj Prasad,Surrender,2025-05-06,Mysuru,Mary Prasad
12807,21387,0,Joseph Reddy,Surrender,2025-05-06,Belagavi,Prakash Hegde
12809,21389,0,Anitha Iyengar,Arrest,2025-05-06,Raichur,Yashwanth Naik
12811,21391,0,Joseph Nayak,Arrest,2025-05-06,Bengaluru City,Shivakumar Prasad
12812,21393,0,Pooja Naik,Arrest,2025-05-06,Belagavi,Yashwanth Rao
12815,21403,0,Rekha Naik,Arrest,2025-05-06,Mysuru,Shivakumar Patil
12818,21407,0,Manjunath Gowda,Arrest,2025-05-06,Hubballi-Dharwad,Basavaraj Naik
12820,21409,0,Vinutha Nayak,Arrest,2025-05-06,Bengaluru City,Pooja Bhat
12822,21411,0,Ashwini Rao,Surrender,2025-05-06,Belagavi,Girish Hegde
12825,21419,0,Deepak Kulkarni,Arrest,2025-05-07,Mangaluru (DK),Joseph Hegde
12827,21421,0,Manjunath Desai,Arrest,2025-05-07,Bengaluru City,Rekha Iyengar
12830,21427,0,Basavaraj Reddy,Arrest,2025-05-07,Mangaluru (DK),Pooja Patil
12831,21429,0,Mary Kumar,Arrest,2025-05-07,Hubballi-Dharwad,Shivakumar Kulkarni
12835,21435,0,Prakash Hegde,Arrest,2025-05-07,Bengaluru Rural,Girish Kumar
12837,21437,0,Pooja Rao,Surrender,2025-05-07,Bengaluru City,Anitha Iyengar
12838,21439,0,Rekha Desai,Arrest,2025-05-07,Mysuru,Lakshmi Prasad
12840,21441,0,Ashwini Desai,Arrest,2025-05-07,Udupi,Shivakumar Bhat
12842,21443,0,Ashwini Kulkarni,Surrender,2025-05-07,Mysuru,Vinutha Kumar
12843,21445,0,Lakshmi Nayak,Arrest,2025-05-07,Mysuru,Nagaraj Patil
12845,21449,0,Anitha Naik,Arrest,2025-05-07,Bengaluru City,Kiran Naik
12848,21453,0,Bhavana Gowda,Arrest,2025-05-07,Belagavi,Mary Kulkarni
12851,21457,0,Basavaraj Gowda,Arrest,2025-05-07,Bengaluru City,Prakash Iyengar
12853,21461,0,Bhavana Kumar,Arrest,2025-05-07,Belagavi,Shivakumar Iyengar
12855,21463,0,Anitha Nayak,Arrest,2025-05-07,Mysuru,Lakshmi Murthy
12856,21465,0,Chetan Hegde,Arrest,2025-05-07,Belagavi,Deepak Murthy
12859,21469,0,Lakshmi Patil,Arrest,2025-05-08,Udupi,Kiran Murthy
12861,21471,0,Yashwanth Prasad,Arrest,2025-05-08,Udupi,Nagaraj Shetty
12862,21473,0,Kiran Bhat,Arrest,2025-05-08,Mysuru,Yashwanth Bhat
12864,21475,0,Anitha Patil,Arrest,2025-05-08,Bengaluru City,Shivakumar Nayak
12865,21477,0,Yashwanth Nayak,Surrender,2025-05-08,Shivamogga,Basavaraj Prasad
12867,21479,0,Rekha Iyengar,Arrest,2025-05-08,Hassan,Mary Murthy
12869,21481,0,Lakshmi Naik,Arrest,2025-05-08,Belagavi,Rekha Gowda
12870,21483,0,Kiran Prasad,Surrender,2025-05-08,Raichur,Kiran Kumar
12872,21487,0,Deepak Kumar,Surrender,2025-05-08,Belagavi,Lakshmi Patil
12875,21497,0,Vinutha Patil,Arrest,2025-05-08,Hassan,Anitha Rao
12877,21499,0,Anitha Bhat,Surrender,2025-05-08,Ballari,Nagaraj Naik
12879,21501,0,Ravi Desai,Arrest,2025-05-08,Hubballi-Dharwad,Joseph Reddy
12882,21505,0,Fatima Bhat,Arrest,2025-05-08,Ballari,Imran Prasad
12884,21509,0,Pooja Iyengar,Arrest,2025-05-08,Bengaluru City,Girish Kulkarni
12886,21513,0,Anitha Naik,Surrender,2025-05-09,Raichur,Deepak Rao
12889,21519,0,Anitha Shetty,Arrest,2025-05-09,Ballari,Basavaraj Kumar
12890,21521,0,Manjunath Naik,Arrest,2025-05-09,Bengaluru City,Ravi Murthy
12891,21523,0,Mary Reddy,Arrest,2025-05-09,Davanagere,Vinutha Kulkarni
12893,21525,0,Shivakumar Shetty,Arrest,2025-05-09,Hubballi-Dharwad,Imran Kulkarni
12894,21527,0,Deepak Murthy,Surrender,2025-05-09,Bengaluru City,Nagaraj Kulkarni
12895,21529,0,Manjunath Bhat,Arrest,2025-05-09,Shivamogga,Bhavana Reddy
12896,21533,0,Joseph Murthy,Arrest,2025-05-09,Bengaluru City,Imran Hegde
12898,21541,0,Nagaraj Rao,Arrest,2025-05-09,Shivamogga,Girish Reddy
12900,21543,0,Yashwanth Rao,Arrest,2025-05-09,Hassan,Kiran Gowda
12903,21547,0,Imran Prasad,Arrest,2025-05-09,Belagavi,Shivakumar Patil
12907,21553,0,Pooja Patil,Arrest,2025-05-09,Mysuru,Bhavana Kumar
12908,21555,0,Lakshmi Kumar,Arrest,2025-05-09,Kalaburagi,Prakash Iyengar
12909,21557,0,Deepak Patil,Arrest,2025-05-09,Hassan,Rekha Kumar
12912,21561,0,Yashwanth Kulkarni,Arrest,2025-05-10,Vijayapura,Deepak Kulkarni
12915,21571,0,Shivakumar Reddy,Arrest,2025-05-10,Bengaluru City,Bhavana Prasad
12916,21573,0,Lakshmi Prasad,Arrest,2025-05-10,Ballari,Shivakumar Desai
12919,21579,0,Anitha Reddy,Arrest,2025-05-10,Shivamogga,Rekha Iyengar
12921,21581,0,Bhavana Gowda,Surrender,2025-05-10,Mangaluru (DK),Girish Murthy
12924,21585,0,Shivakumar Hegde,Arrest,2025-05-10,Belagavi,Ashwini Bhat
12926,21589,0,Pooja Rao,Arrest,2025-05-10,Shivamogga,Shivakumar Patil
12927,21591,0,Anitha Reddy,Arrest,2025-05-10,Bengaluru City,Anitha Iyengar
12928,21593,0,Suresh Rao,Arrest,2025-05-10,Ballari,Vinutha Iyengar
12929,21595,0,Yashwanth Bhat,Arrest,2025-05-10,Bengaluru City,Mary Reddy
12931,21597,0,Mary Shetty,Arrest,2025-05-10,Hassan,Mary Murthy
12933,21599,0,Deepak Desai,Surrender,2025-05-10,Ballari,Fatima Hegde
12936,21605,0,Deepak Shetty,Arrest,2025-05-10,Hubballi-Dharwad,Manjunath Patil
12938,21607,0,Rekha Patil,Surrender,2025-05-10,Raichur,Mary Hegde
12941,21611,0,Prakash Bhat,Arrest,2025-05-11,Raichur,Mary Kumar
12943,21613,0,Nagaraj Desai,Arrest,2025-05-11,Vijayapura,Girish Bhat
12945,21617,0,Manjunath Bhat,Arrest,2025-05-11,Mysuru,Prakash Bhat
12947,21619,0,Joseph Gowda,Surrender,2025-05-11,Mangaluru (DK),Manjunath Desai
12951,21625,0,Basavaraj Naik,Arrest,2025-05-11,Kalaburagi,Kiran Iyengar
12953,21627,0,Fatima Murthy,Arrest,2025-05-11,Kalaburagi,Ravi Hegde
12954,21631,0,Bhavana Nayak,Arrest,2025-05-11,Tumakuru,Joseph Reddy
12956,21633,0,Prakash Desai,Arrest,2025-05-11,Bengaluru City,Kiran Reddy
12958,21635,0,Deepak Nayak,Arrest,2025-05-11,Shivamogga,Anitha Shetty
12961,21639,0,Lakshmi Kumar,Surrender,2025-05-11,Bengaluru City,Mary Prasad
12964,21645,0,Lakshmi Shetty,Arrest,2025-05-11,Tumakuru,Mary Kumar
12966,21647,0,Imran Kumar,Arrest,2025-05-11,Bengaluru Rural,Joseph Rao
12968,21651,0,Girish Gowda,Arrest,2025-05-11,Bengaluru City,Imran Kulkarni
12970,21653,0,Imran Patil,Arrest,2025-05-11,Hubballi-Dharwad,Basavaraj Bhat
12972,21655,0,Chetan Rao,Surrender,2025-05-11,Bengaluru City,Shivakumar Patil
12975,21659,0,Joseph Desai,Arrest,2025-05-11,Raichur,Yashwanth Murthy
12978,21663,0,Yashwanth Bhat,Arrest,2025-05-12,Shivamogga,Rekha Desai
12980,21667,0,Kiran Kumar,Arrest,2025-05-12,Ballari,Imran Murthy
12982,21671,0,Mary Murthy,Arrest,2025-05-12,Bengaluru City,Deepak Kulkarni
12984,21673,0,Anitha Nayak,Arrest,2025-05-12,Tumakuru,Mary Murthy
12985,21677,0,Ravi Desai,Surrender,2025-05-12,Bengaluru City,Anitha Kumar
12987,21679,0,Fatima Bhat,Arrest,2025-05-12,Bengaluru City,Suresh Hegde
12991,21685,0,Yashwanth Iyengar,Surrender,2025-05-12,Bengaluru Rural,Fatima Prasad
12993,21687,0,Nagaraj Hegde,Arrest,2025-05-12,Kalaburagi,Ravi Desai
12995,21693,0,Suresh Bhat,Arrest,2025-05-12,Ballari,Vinutha Naik
12998,21697,0,Manjunath Bhat,Arrest,2025-05-12,Kalaburagi,Kiran Kumar
12999,21701,0,Lakshmi Gowda,Arrest,2025-05-12,Tumakuru,Ashwini Rao
13001,21705,0,Imran Desai,Surrender,2025-05-13,Kalaburagi,Nagaraj Prasad
13003,21707,0,Anitha Prasad,Surrender,2025-05-13,Hassan,Mary Kumar
13006,21713,0,Basavaraj Patil,Arrest,2025-05-13,Kalaburagi,Fatima Rao
13009,21719,0,Yashwanth Rao,Arrest,2025-05-13,Shivamogga,Basavaraj Hegde
13011,21721,0,Shivakumar Reddy,Arrest,2025-05-13,Bengaluru City,Chetan Shetty
13013,21725,0,Vinutha Nayak,Arrest,2025-05-13,Mangaluru (DK),Prakash Nayak
13015,21727,0,Prakash Gowda,Arrest,2025-05-13,Mysuru,Basavaraj Rao
13017,21729,0,Bhavana Bhat,Arrest,2025-05-13,Tumakuru,Girish Bhat
13019,21731,0,Mary Kulkarni,Arrest,2025-05-13,Tumakuru,Fatima Prasad
13024,21743,0,Lakshmi Prasad,Arrest,2025-05-13,Vijayapura,Girish Nayak
13025,21745,0,Lakshmi Rao,Arrest,2025-05-13,Kalaburagi,Bhavana Kulkarni
13026,21747,0,Pooja Kumar,Arrest,2025-05-13,Belagavi,Yashwanth Kulkarni
13029,21751,0,Mary Murthy,Arrest,2025-05-13,Mangaluru (DK),Girish Nayak
13031,21757,0,Kiran Murthy,Arrest,2025-05-13,Shivamogga,Suresh Patil
13033,21765,0,Kiran Naik,Arrest,2025-05-14,Bengaluru City,Anitha Desai
13036,21773,0,Kiran Shetty,Arrest,2025-05-14,Bengaluru City,Shivakumar Kumar
13039,21781,0,Bhavana Shetty,Arrest,2025-05-14,Davanagere,Bhavana Rao
13040,21783,0,Bhavana Patil,Arrest,2025-05-14,Bengaluru City,Fatima Naik
13042,21785,0,Ashwini Kulkarni,Arrest,2025-05-14,Davanagere,Joseph Kumar
13044,21787,0,Pooja Kumar,Arrest,2025-05-14,Mangaluru (DK),Joseph Reddy
13046,21789,0,Fatima Patil,Arrest,2025-05-14,Bengaluru City,Ravi Iyengar
13048,21791,0,Nagaraj Hegde,Arrest,2025-05-14,Bengaluru City,Shivakumar Nayak
13050,21795,0,Bhavana Shetty,Surrender,2025-05-14,Bengaluru City,Nagaraj Desai
13052,21797,0,Kiran Patil,Arrest,2025-05-15,Bengaluru City,Basavaraj Iyengar
13054,21799,0,Fatima Shetty,Arrest,2025-05-15,Vijayapura,Bhavana Hegde
13057,21803,0,Anitha Reddy,Arrest,2025-05-15,Bengaluru City,Joseph Nayak
13060,21807,0,Ashwini Desai,Arrest,2025-05-15,Hubballi-Dharwad,Girish Reddy
13063,21811,0,Rekha Reddy,Arrest,2025-05-15,Bengaluru City,Shivakumar Iyengar
13065,21813,0,Manjunath Kulkarni,Arrest,2025-05-15,Raichur,Shivakumar Patil
13066,21815,0,Anitha Rao,Arrest,2025-05-15,Bengaluru City,Girish Reddy
13068,21817,0,Pooja Bhat,Arrest,2025-05-15,Bengaluru City,Kiran Shetty
13070,21819,0,Rekha Desai,Arrest,2025-05-15,Shivamogga,Pooja Bhat
13072,21821,0,Manjunath Reddy,Arrest,2025-05-15,Kalaburagi,Anitha Shetty
13074,21825,0,Pooja Bhat,Arrest,2025-05-15,Kalaburagi,Joseph Prasad
13076,21827,0,Anitha Shetty,Arrest,2025-05-15,Hubballi-Dharwad,Vinutha Murthy
13077,21831,0,Pooja Desai,Arrest,2025-05-15,Hassan,Deepak Naik
13078,21833,0,Kiran Reddy,Arrest,2025-05-15,Bengaluru Rural,Pooja Nayak
13081,21837,0,Mary Nayak,Surrender,2025-05-15,Bengaluru City,Lakshmi Hegde
13083,21841,0,Rekha Shetty,Arrest,2025-05-16,Bengaluru City,Rekha Nayak
13085,21843,0,Imran Shetty,Arrest,2025-05-16,Tumakuru,Fatima Iyengar
13088,21851,0,Imran Desai,Arrest,2025-05-16,Hassan,Fatima Murthy
13089,21853,0,Manjunath Gowda,Surrender,2025-05-16,Belagavi,Kiran Patil
13091,21857,0,Shivakumar Murthy,Arrest,2025-05-16,Bengaluru City,Kiran Patil
13094,21865,0,Lakshmi Bhat,Arrest,2025-05-16,Davanagere,Pooja Kumar
13098,21871,0,Manjunath Reddy,Arrest,2025-05-16,Shivamogga,Ashwini Naik
13100,21877,0,Girish Gowda,Arrest,2025-05-16,Bengaluru City,Chetan Desai
13104,21885,0,Ravi Shetty,Arrest,2025-05-16,Bengaluru City,Kiran Kulkarni
13106,21887,0,Shivakumar Shetty,Arrest,2025-05-16,Mangaluru (DK),Prakash Kumar
13107,21889,0,Basavaraj Nayak,Arrest,2025-05-16,Raichur,Girish Kumar
13108,21891,0,Girish Rao,Surrender,2025-05-16,Hubballi-Dharwad,Vinutha Hegde
13109,21893,0,Anitha Reddy,Arrest,2025-05-16,Hubballi-Dharwad,Pooja Murthy
13110,21895,0,Imran Nayak,Arrest,2025-05-16,Bengaluru City,Kiran Murthy
13112,21897,0,Vinutha Shetty,Arrest,2025-05-16,Bengaluru City,Nagaraj Rao
13116,21905,0,Joseph Kumar,Arrest,2025-05-16,Bengaluru Rural,Anitha Shetty
13117,21907,0,Fatima Kumar,Arrest,2025-05-16,Kalaburagi,Prakash Murthy
13121,21913,0,Deepak Kumar,Arrest,2025-05-17,Hubballi-Dharwad,Shivakumar Nayak
13122,21917,0,Manjunath Patil,Surrender,2025-05-17,Bengaluru Rural,Chetan Prasad
13125,21921,0,Kiran Desai,Arrest,2025-05-17,Bengaluru City,Lakshmi Rao
13127,21923,0,Anitha Nayak,Arrest,2025-05-17,Mysuru,Mary Desai
13130,21927,0,Joseph Kumar,Arrest,2025-05-17,Hassan,Anitha Desai
13135,21939,0,Kiran Murthy,Arrest,2025-05-17,Shivamogga,Rekha Shetty
13137,21941,0,Chetan Kulkarni,Arrest,2025-05-17,Davanagere,Deepak Rao
13140,21945,0,Rekha Prasad,Arrest,2025-05-17,Bengaluru City,Nagaraj Rao
13143,21949,0,Vinutha Rao,Arrest,2025-05-18,Bengaluru City,Pooja Reddy
13145,21951,0,Girish Iyengar,Arrest,2025-05-18,Kalaburagi,Kiran Murthy
13148,21957,0,Manjunath Patil,Arrest,2025-05-18,Vijayapura,Kiran Kulkarni
13149,21959,0,Bhavana Rao,Arrest,2025-05-18,Shivamogga,Pooja Shetty
13152,21963,0,Suresh Murthy,Arrest,2025-05-18,Bengaluru City,Basavaraj Murthy
13154,21965,0,Nagaraj Patil,Arrest,2025-05-18,Bengaluru Rural,Prakash Iyengar
13155,21969,0,Rekha Murthy,Arrest,2025-05-18,Vijayapura,Rekha Kulkarni
13157,21971,0,Prakash Hegde,Arrest,2025-05-18,Udupi,Chetan Reddy
13159,21975,0,Kiran Kumar,Arrest,2025-05-18,Bengaluru City,Anitha Kulkarni
13160,21977,0,Ravi Prasad,Arrest,2025-05-18,Bengaluru City,Vinutha Reddy
13162,21979,0,Ravi Iyengar,Arrest,2025-05-18,Raichur,Ravi Rao
13164,21981,0,Nagaraj Murthy,Arrest,2025-05-18,Hassan,Vinutha Kumar
13166,21985,0,Mary Hegde,Arrest,2025-05-18,Belagavi,Girish Shetty
13168,21987,0,Chetan Murthy,Arrest,2025-05-18,Hubballi-Dharwad,Fatima Gowda
13170,21989,0,Rekha Desai,Arrest,2025-05-19,Davanagere,Vinutha Rao
13172,21991,0,Chetan Hegde,Arrest,2025-05-19,Ballari,Mary Iyengar
13173,21993,0,Vinutha Iyengar,Arrest,2025-05-19,Shivamogga,Deepak Reddy
13175,22001,0,Nagaraj Rao,Arrest,2025-05-19,Belagavi,Chetan Murthy
13177,22003,0,Vinutha Desai,Arrest,2025-05-19,Raichur,Ravi Shetty
13178,22007,0,Ravi Gowda,Arrest,2025-05-19,Bengaluru Rural,Vinutha Reddy
13179,22009,0,Kiran Iyengar,Arrest,2025-05-19,Vijayapura,Joseph Naik
13181,22011,0,Bhavana Rao,Arrest,2025-05-19,Mysuru,Ashwini Desai
13184,22017,0,Vinutha Gowda,Arrest,2025-05-19,Bengaluru City,Kiran Hegde
13186,22019,0,Bhavana Shetty,Arrest,2025-05-19,Belagavi,Ravi Gowda
13188,22025,0,Ashwini Desai,Arrest,2025-05-19,Tumakuru,Ashwini Prasad
13190,22027,0,Chetan Iyengar,Arrest,2025-05-19,Tumakuru,Shivakumar Shetty
13191,22031,0,Imran Rao,Surrender,2025-05-19,Tumakuru,Lakshmi Hegde
13193,22033,0,Girish Reddy,Arrest,2025-05-19,Bengaluru City,Imran Iyengar
13195,22035,0,Yashwanth Patil,Surrender,2025-05-19,Mangaluru (DK),Suresh Kumar
13197,22039,0,Bhavana Shetty,Arrest,2025-05-19,Udupi,Bhavana Reddy
13199,22041,0,Manjunath Gowda,Arrest,2025-05-20,Bengaluru City,Pooja Desai
13201,22043,0,Nagaraj Naik,Arrest,2025-05-20,Bengaluru City,Nagaraj Bhat
13203,22047,0,Kiran Prasad,Arrest,2025-05-20,Bengaluru City,Chetan Gowda
13207,22053,0,Lakshmi Patil,Arrest,2025-05-20,Bengaluru City,Yashwanth Iyengar
13210,22057,0,Prakash Gowda,Arrest,2025-05-20,Mysuru,Manjunath Reddy
13211,22059,0,Chetan Nayak,Arrest,2025-05-20,Bengaluru City,Joseph Reddy
13214,22063,0,Anitha Desai,Arrest,2025-05-20,Mangaluru (DK),Chetan Kulkarni
13215,22065,0,Pooja Nayak,Arrest,2025-05-20,Belagavi,Anitha Hegde
13219,22071,0,Pooja Reddy,Surrender,2025-05-20,Bengaluru City,Joseph Shetty
13220,22073,0,Lakshmi Bhat,Arrest,2025-05-20,Bengaluru City,Girish Murthy
13222,22075,0,Deepak Rao,Arrest,2025-05-20,Kalaburagi,Girish Prasad
13223,22077,0,Chetan Kulkarni,Arrest,2025-05-20,Kalaburagi,Anitha Iyengar
13225,22079,0,Pooja Desai,Arrest,2025-05-20,Shivamogga,Ravi Kulkarni
13229,22091,0,Shivakumar Reddy,Arrest,2025-05-21,Hubballi-Dharwad,Pooja Desai
13231,22093,0,Prakash Kumar,Arrest,2025-05-21,Hassan,Nagaraj Nayak
13232,22095,0,Ravi Rao,Surrender,2025-05-21,Davanagere,Deepak Patil
13233,22097,0,Girish Nayak,Arrest,2025-05-21,Bengaluru City,Mary Kulkarni
13234,22099,0,Kiran Shetty,Arrest,2025-05-21,Mysuru,Manjunath Naik
13237,22105,0,Yashwanth Kulkarni,Arrest,2025-05-21,Tumakuru,Deepak Nayak
13239,22107,0,Rekha Rao,Arrest,2025-05-21,Bengaluru City,Pooja Naik
13241,22109,0,Prakash Kumar,Surrender,2025-05-21,Tumakuru,Ashwini Naik
13244,22115,0,Rekha Kulkarni,Arrest,2025-05-21,Hubballi-Dharwad,Shivakumar Reddy
13246,22117,0,Vinutha Prasad,Arrest,2025-05-21,Mysuru,Anitha Prasad
13248,22119,0,Nagaraj Prasad,Arrest,2025-05-21,Bengaluru City,Rekha Patil
13249,22123,0,Manjunath Iyengar,Arrest,2025-05-21,Raichur,Chetan Murthy
13251,22125,0,Lakshmi Rao,Arrest,2025-05-21,Bengaluru City,Nagaraj Patil
13252,22127,0,Yashwanth Prasad,Arrest,2025-05-21,Mysuru,Ravi Reddy
13254,22131,0,Prakash Rao,Surrender,2025-05-21,Bengaluru City,Girish Naik
13256,22133,0,Shivakumar Desai,Arrest,2025-05-22,Mysuru,Anitha Bhat
13260,22139,0,Prakash Reddy,Arrest,2025-05-22,Bengaluru Rural,Ravi Bhat
13262,22141,0,Ravi Iyengar,Arrest,2025-05-22,Tumakuru,Pooja Iyengar
13264,22145,0,Suresh Rao,Arrest,2025-05-22,Mysuru,Chetan Bhat
13266,22147,0,Ravi Hegde,Surrender,2025-05-22,Mysuru,Bhavana Patil
13268,22149,0,Fatima Patil,Surrender,2025-05-22,Udupi,Pooja Reddy
13271,22155,0,Deepak Gowda,Arrest,2025-05-22,Bengaluru City,Joseph Nayak
13273,22157,0,Ravi Nayak,Arrest,2025-05-22,Mysuru,Fatima Desai
13275,22159,0,Ravi Reddy,Arrest,2025-05-22,Belagavi,Rekha Rao
13277,22161,0,Mary Kumar,Arrest,2025-05-22,Kalaburagi,Anitha Murthy
13279,22163,0,Lakshmi Shetty,Arrest,2025-05-22,Bengaluru City,Rekha Shetty
13281,22169,0,Shivakumar Bhat,Arrest,2025-05-22,Bengaluru Rural,Yashwanth Reddy
13283,22173,0,Yashwanth Iyengar,Arrest,2025-05-22,Bengaluru City,Shivakumar Rao
13284,22177,0,Ashwini Patil,Arrest,2025-05-22,Bengaluru City,Yashwanth Naik
13287,22181,0,Fatima Nayak,Arrest,2025-05-22,Bengaluru City,Shivakumar Gowda
13289,22183,0,Nagaraj Desai,Arrest,2025-05-22,Bengaluru City,Deepak Murthy
13294,22191,0,Basavaraj Gowda,Arrest,2025-05-23,Raichur,Bhavana Murthy
13297,22195,0,Shivakumar Shetty,Arrest,2025-05-23,Hubballi-Dharwad,Deepak Kulkarni
13298,22199,0,Mary Naik,Arrest,2025-05-23,Mysuru,Pooja Desai
13300,22201,0,Kiran Rao,Arrest,2025-05-23,Bengaluru City,Fatima Murthy
13302,22207,0,Imran Desai,Arrest,2025-05-23,Bengaluru City,Shivakumar Gowda
13305,22211,0,Girish Naik,Arrest,2025-05-23,Bengaluru City,Yashwanth Shetty
13306,22213,0,Rekha Bhat,Arrest,2025-05-23,Shivamogga,Imran Naik
13308,22215,0,Prakash Gowda,Arrest,2025-05-23,Belagavi,Imran Patil
13310,22217,0,Rekha Shetty,Arrest,2025-05-23,Mysuru,Deepak Iyengar
13312,22223,0,Suresh Gowda,Arrest,2025-05-23,Davanagere,Lakshmi Shetty
13313,22225,0,Bhavana Bhat,Arrest,2025-05-23,Tumakuru,Chetan Bhat
13315,22227,0,Vinutha Kulkarni,Arrest,2025-05-23,Mangaluru (DK),Chetan Nayak
13316,22229,0,Suresh Bhat,Surrender,2025-05-24,Bengaluru City,Anitha Iyengar
13318,22235,0,Lakshmi Shetty,Arrest,2025-05-24,Bengaluru Rural,Suresh Naik
13320,22237,0,Yashwanth Gowda,Arrest,2025-05-24,Shivamogga,Fatima Kumar
13324,22243,0,Manjunath Prasad,Arrest,2025-05-24,Bengaluru Rural,Suresh Patil
13326,22245,0,Mary Desai,Arrest,2025-05-24,Hubballi-Dharwad,Kiran Iyengar
13329,22249,0,Rekha Kumar,Arrest,2025-05-24,Bengaluru City,Yashwanth Iyengar
13331,22253,0,Manjunath Gowda,Arrest,2025-05-24,Bengaluru City,Manjunath Murthy
13332,22255,0,Anitha Murthy,Arrest,2025-05-24,Mysuru,Vinutha Patil
13334,22259,0,Yashwanth Prasad,Arrest,2025-05-24,Udupi,Bhavana Desai
13337,22263,0,Bhavana Rao,Arrest,2025-05-24,Tumakuru,Prakash Kulkarni
13340,22267,0,Shivakumar Gowda,Arrest,2025-05-24,Mysuru,Manjunath Nayak
13342,22271,0,Bhavana Kulkarni,Arrest,2025-05-24,Mysuru,Kiran Kumar
13345,22275,0,Deepak Iyengar,Arrest,2025-05-24,Shivamogga,Pooja Rao
13347,22277,0,Suresh Nayak,Arrest,2025-05-25,Davanagere,Bhavana Murthy
13349,22279,0,Chetan Shetty,Surrender,2025-05-25,Hubballi-Dharwad,Suresh Shetty
13351,22281,0,Manjunath Iyengar,Arrest,2025-05-25,Raichur,Anitha Murthy
13353,22283,0,Nagaraj Rao,Arrest,2025-05-25,Bengaluru City,Ravi Reddy
13354,22285,0,Bhavana Murthy,Arrest,2025-05-25,Bengaluru City,Kiran Kumar
13356,22287,0,Joseph Desai,Surrender,2025-05-25,Bengaluru City,Vinutha Reddy
13357,22289,0,Ravi Murthy,Arrest,2025-05-25,Bengaluru City,Suresh Shetty
13359,22291,0,Suresh Nayak,Surrender,2025-05-25,Hassan,Nagaraj Shetty
13361,22293,0,Pooja Kumar,Arrest,2025-05-25,Vijayapura,Ashwini Hegde
13363,22297,0,Bhavana Nayak,Arrest,2025-05-25,Belagavi,Pooja Kulkarni
13365,22299,0,Yashwanth Nayak,Arrest,2025-05-25,Bengaluru City,Fatima Kulkarni
13367,22305,0,Pooja Nayak,Arrest,2025-05-25,Belagavi,Ashwini Reddy
13369,22307,0,Rekha Rao,Arrest,2025-05-26,Belagavi,Fatima Iyengar
13370,22309,0,Shivakumar Desai,Arrest,2025-05-26,Mysuru,Lakshmi Patil
13372,22311,0,Bhavana Iyengar,Arrest,2025-05-26,Bengaluru City,Nagaraj Kulkarni
13374,22313,0,Basavaraj Hegde,Arrest,2025-05-26,Ballari,Vinutha Kumar
13376,22315,0,Ashwini Hegde,Surrender,2025-05-26,Vijayapura,Manjunath Naik
13378,22317,0,Rekha Nayak,Surrender,2025-05-26,Hassan,Yashwanth Nayak
13381,22323,0,Nagaraj Nayak,Arrest,2025-05-26,Davanagere,Fatima Nayak
13383,22329,0,Chetan Nayak,Arrest,2025-05-26,Belagavi,Deepak Murthy
13385,22331,0,Rekha Murthy,Arrest,2025-05-26,Davanagere,Yashwanth Gowda
13386,22333,0,Basavaraj Patil,Surrender,2025-05-26,Bengaluru City,Prakash Prasad
13387,22335,0,Girish Shetty,Arrest,2025-05-26,Tumakuru,Joseph Iyengar
13388,22337,0,Pooja Gowda,Arrest,2025-05-26,Belagavi,Suresh Desai
13390,22341,0,Imran Reddy,Surrender,2025-05-26,Mysuru,Yashwanth Bhat
13391,22343,0,Manjunath Prasad,Arrest,2025-05-26,Belagavi,Joseph Reddy
13393,22345,0,Ashwini Nayak,Arrest,2025-05-26,Hassan,Manjunath Rao
13394,22347,0,Pooja Prasad,Arrest,2025-05-26,Davanagere,Bhavana Rao
13396,22349,0,Chetan Bhat,Arrest,2025-05-26,Belagavi,Shivakumar Nayak
13398,22351,0,Girish Hegde,Arrest,2025-05-26,Mysuru,Shivakumar Desai
13399,22353,0,Deepak Iyengar,Arrest,2025-05-27,Belagavi,Shivakumar Rao
13401,22355,0,Rekha Murthy,Surrender,2025-05-27,Hassan,Bhavana Bhat
13403,22359,0,Yashwanth Shetty,Arrest,2025-05-27,Bengaluru City,Lakshmi Kulkarni
13404,22361,0,Lakshmi Bhat,Arrest,2025-05-27,Vijayapura,Prakash Hegde
13406,22363,0,Deepak Reddy,Arrest,2025-05-27,Bengaluru City,Suresh Gowda
13408,22365,0,Deepak Desai,Arrest,2025-05-27,Bengaluru Rural,Mary Naik
13410,22369,0,Suresh Shetty,Arrest,2025-05-27,Hubballi-Dharwad,Rekha Bhat
13411,22371,0,Rekha Murthy,Arrest,2025-05-27,Raichur,Fatima Naik
13414,22375,0,Fatima Reddy,Arrest,2025-05-27,Bengaluru City,Deepak Kumar
13416,22379,0,Yashwanth Hegde,Arrest,2025-05-27,Bengaluru City,Girish Bhat
13418,22381,0,Ashwini Prasad,Arrest,2025-05-27,Bengaluru City,Mary Reddy
13421,22385,0,Vinutha Iyengar,Arrest,2025-05-27,Bengaluru Rural,Deepak Bhat
13423,22387,0,Girish Iyengar,Arrest,2025-05-27,Bengaluru City,Bhavana Shetty
13425,22389,0,Vinutha Reddy,Arrest,2025-05-27,Kalaburagi,Pooja Nayak
13428,22395,0,Chetan Murthy,Surrender,2025-05-27,Ballari,Manjunath Naik
13430,22397,0,Ravi Shetty,Arrest,2025-05-27,Raichur,Prakash Murthy
13433,22401,0,Fatima Bhat,Arrest,2025-05-27,Shivamogga,Nagaraj Gowda
13436,22405,0,Vinutha Desai,Arrest,2025-05-27,Kalaburagi,Shivakumar Reddy
13438,22407,0,Kiran Prasad,Arrest,2025-05-27,Bengaluru City,Ashwini Murthy
13439,22409,0,Vinutha Rao,Arrest,2025-05-27,Bengaluru Rural,Joseph Hegde
13441,22411,0,Anitha Gowda,Surrender,2025-05-28,Bengaluru City,Yashwanth Reddy
13442,22413,0,Basavaraj Reddy,Arrest,2025-05-28,Bengaluru City,Suresh Bhat
13443,22415,0,Shivakumar Kulkarni,Arrest,2025-05-28,Bengaluru City,Chetan Gowda
13444,22417,0,Rekha Iyengar,Arrest,2025-05-28,Bengaluru Rural,Bhavana Rao
13445,22419,0,Shivakumar Hegde,Arrest,2025-05-28,Belagavi,Girish Murthy
13446,22421,0,Manjunath Kulkarni,Arrest,2025-05-28,Bengaluru City,Ashwini Kulkarni
13448,22427,0,Imran Reddy,Arrest,2025-05-28,Bengaluru City,Ravi Nayak
13450,22433,0,Vinutha Iyengar,Arrest,2025-05-28,Tumakuru,Basavaraj Nayak
13452,22435,0,Anitha Prasad,Arrest,2025-05-28,Hubballi-Dharwad,Joseph Kulkarni
13454,22437,0,Basavaraj Naik,Arrest,2025-05-28,Belagavi,Pooja Prasad
13455,22439,0,Girish Kulkarni,Arrest,2025-05-28,Vijayapura,Girish Kulkarni
13457,22441,0,Lakshmi Naik,Arrest,2025-05-28,Raichur,Vinutha Naik
13458,22443,0,Bhavana Nayak,Arrest,2025-05-28,Hassan,Mary Gowda
13460,22447,0,Nagaraj Kumar,Arrest,2025-05-28,Mysuru,Ravi Patil
13462,22449,0,Chetan Kulkarni,Arrest,2025-05-28,Mysuru,Nagaraj Nayak
13463,22455,0,Manjunath Patil,Arrest,2025-05-28,Bengaluru City,Lakshmi Desai
13467,22461,0,Basavaraj Reddy,Surrender,2025-05-29,Udupi,Suresh Nayak
13468,22463,0,Vinutha Nayak,Surrender,2025-05-29,Mysuru,Girish Nayak
13470,22465,0,Deepak Kumar,Arrest,2025-05-29,Ballari,Mary Bhat
13472,22467,0,Fatima Iyengar,Arrest,2025-05-29,Kalaburagi,Chetan Iyengar
13475,22471,0,Rekha Rao,Arrest,2025-05-29,Raichur,Girish Kulkarni
13476,22473,0,Manjunath Prasad,Arrest,2025-05-29,Belagavi,Ravi Shetty
13477,22475,0,Manjunath Murthy,Arrest,2025-05-29,Mangaluru (DK),Pooja Kumar
13479,22477,0,Girish Bhat,Arrest,2025-05-29,Udupi,Fatima Desai
13481,22479,0,Shivakumar Rao,Arrest,2025-05-29,Bengaluru City,Prakash Patil
13483,22481,0,Pooja Kumar,Arrest,2025-05-29,Udupi,Girish Kulkarni
13485,22483,0,Anitha Nayak,Surrender,2025-05-29,Hassan,Kiran Shetty
13487,22487,0,Mary Shetty,Arrest,2025-05-29,Shivamogga,Chetan Gowda
13489,22489,0,Yashwanth Patil,Arrest,2025-05-29,Kalaburagi,Deepak Desai
13491,22493,0,Joseph Prasad,Surrender,2025-05-29,Hubballi-Dharwad,Imran Patil
13493,22495,0,Suresh Kulkarni,Arrest,2025-05-29,Hassan,Suresh Patil
13496,22501,0,Ashwini Bhat,Arrest,2025-05-29,Mysuru,Basavaraj Hegde
13498,22503,0,Bhavana Hegde,Surrender,2025-05-30,Ballari,Kiran Nayak
13499,22505,0,Lakshmi Kumar,Arrest,2025-05-30,Kalaburagi,Fatima Patil
13500,22507,0,Ashwini Bhat,Arrest,2025-05-30,Mysuru,Yashwanth Prasad
13501,22509,0,Vinutha Bhat,Arrest,2025-05-30,Bengaluru City,Mary Desai
13503,22511,0,Suresh Desai,Arrest,2025-05-30,Kalaburagi,Vinutha Nayak
13504,22513,0,Shivakumar Bhat,Surrender,2025-05-30,Hassan,Ravi Nayak
13508,22521,0,Lakshmi Nayak,Surrender,2025-05-30,Ballari,Fatima Nayak
13510,22525,0,Ashwini Desai,Arrest,2025-05-30,Bengaluru City,Kiran Gowda
13512,22527,0,Suresh Murthy,Arrest,2025-05-30,Mysuru,Joseph Hegde
13515,22531,0,Shivakumar Hegde,Surrender,2025-05-30,Ballari,Imran Kulkarni
13517,22533,0,Anitha Naik,Surrender,2025-05-30,Raichur,Ravi Kulkarni
13521,22539,0,Pooja Iyengar,Arrest,2025-05-30,Raichur,Manjunath Iyengar
13522,22543,0,Ravi Desai,Surrender,2025-05-30,Davanagere,Mary Shetty
13523,22547,0,Nagaraj Nayak,Arrest,2025-05-30,Tumakuru,Rekha Reddy
13524,22551,0,Deepak Naik,Surrender,2025-05-30,Raichur,Anitha Hegde
13526,22555,0,Imran Reddy,Arrest,2025-05-30,Bengaluru City,Ashwini Hegde
13528,22557,0,Pooja Shetty,Arrest,2025-05-30,Bengaluru City,Mary Naik
13530,22561,0,Girish Gowda,Arrest,2025-05-30,Bengaluru City,Shivakumar Shetty
13532,22563,0,Ravi Desai,Arrest,2025-05-31,Mysuru,Yashwanth Patil
13533,22565,0,Lakshmi Desai,Arrest,2025-05-31,Raichur,Kiran Murthy
13534,22567,0,Prakash Iyengar,Arrest,2025-05-31,Mysuru,Chetan Iyengar
13536,22569,0,Prakash Shetty,Arrest,2025-05-31,Shivamogga,Pooja Desai
13537,22571,0,Deepak Iyengar,Arrest,2025-05-31,Bengaluru City,Bhavana Shetty
13539,22573,0,Nagaraj Patil,Arrest,2025-05-31,Raichur,Vinutha Kumar
13540,22575,0,Vinutha Iyengar,Arrest,2025-05-31,Vijayapura,Anitha Kumar
13542,22577,0,Fatima Gowda,Arrest,2025-05-31,Bengaluru Rural,Vinutha Nayak
13545,22581,0,Ashwini Murthy,Arrest,2025-05-31,Raichur,Pooja Desai
13547,22583,0,Girish Desai,Arrest,2025-05-31,Raichur,Ravi Kulkarni
13548,22585,0,Yashwanth Nayak,Arrest,2025-05-31,Belagavi,Rekha Naik
13550,22587,0,Ravi Shetty,Arrest,2025-05-31,Bengaluru City,Ashwini Kulkarni
13552,22591,0,Mary Desai,Arrest,2025-05-31,Ballari,Manjunath Shetty
13553,22593,0,Bhavana Kulkarni,Arrest,2025-05-31,Udupi,Suresh Rao
13555,22597,0,Ravi Gowda,Surrender,2025-05-31,Ballari,Chetan Patil
13557,22599,0,Bhavana Iyengar,Arrest,2025-05-31,Raichur,Ravi Desai
13560,22607,0,Vinutha Gowda,Arrest,2025-06-01,Tumakuru,Rekha Prasad
13562,22609,0,Shivakumar Gowda,Arrest,2025-06-01,Shivamogga,Rekha Prasad
13566,22615,0,Ravi Reddy,Arrest,2025-06-01,Bengaluru City,Chetan Bhat
13568,22617,0,Anitha Naik,Arrest,2025-06-01,Davanagere,Girish Naik
13570,22619,0,Nagaraj Rao,Arrest,2025-06-01,Bengaluru Rural,Chetan Shetty
13572,22621,0,Imran Shetty,Arrest,2025-06-01,Belagavi,Joseph Rao
13573,22623,0,Imran Kumar,Arrest,2025-06-01,Shivamogga,Lakshmi Naik
13575,22625,0,Ashwini Kumar,Arrest,2025-06-01,Hubballi-Dharwad,Shivakumar Prasad
13577,22627,0,Chetan Nayak,Surrender,2025-06-01,Bengaluru City,Lakshmi Patil
13578,22629,0,Prakash Patil,Arrest,2025-06-01,Bengaluru City,Prakash Kumar
13580,22631,0,Shivakumar Murthy,Arrest,2025-06-01,Kalaburagi,Prakash Patil
13582,22633,0,Basavaraj Murthy,Arrest,2025-06-01,Bengaluru City,Rekha Bhat
13584,22635,0,Girish Murthy,Surrender,2025-06-01,Bengaluru Rural,Yashwanth Murthy
13585,22637,0,Anitha Gowda,Arrest,2025-06-01,Mysuru,Girish Shetty
13587,22639,0,Lakshmi Bhat,Arrest,2025-06-01,Hubballi-Dharwad,Nagaraj Desai
13590,22643,0,Yashwanth Gowda,Surrender,2025-06-01,Vijayapura,Ashwini Kumar
13594,22651,0,Bhavana Iyengar,Arrest,2025-06-02,Kalaburagi,Joseph Murthy
13595,22653,0,Shivakumar Kulkarni,Arrest,2025-06-02,Bengaluru City,Lakshmi Murthy
13598,22657,0,Kiran Hegde,Arrest,2025-06-02,Bengaluru City,Ashwini Prasad
13599,22659,0,Joseph Kulkarni,Arrest,2025-06-02,Raichur,Imran Kumar
13600,22661,0,Suresh Gowda,Arrest,2025-06-02,Mysuru,Basavaraj Shetty
13603,22665,0,Shivakumar Kumar,Arrest,2025-06-02,Bengaluru Rural,Chetan Patil
13604,22669,0,Shivakumar Kumar,Arrest,2025-06-02,Davanagere,Lakshmi Gowda
13606,22675,0,Joseph Nayak,Surrender,2025-06-02,Bengaluru City,Deepak Patil
13609,22679,0,Nagaraj Shetty,Surrender,2025-06-02,Kalaburagi,Shivakumar Murthy
13611,22681,0,Manjunath Hegde,Arrest,2025-06-02,Mysuru,Manjunath Prasad
13612,22683,0,Rekha Hegde,Arrest,2025-06-02,Bengaluru City,Fatima Hegde
13613,22685,0,Manjunath Gowda,Arrest,2025-06-02,Bengaluru City,Lakshmi Desai
13615,22691,0,Chetan Iyengar,Arrest,2025-06-03,Bengaluru City,Fatima Bhat
13617,22693,0,Basavaraj Naik,Arrest,2025-06-03,Mangaluru (DK),Yashwanth Prasad
13618,22695,0,Yashwanth Desai,Surrender,2025-06-03,Raichur,Nagaraj Gowda
13621,22699,0,Chetan Kulkarni,Surrender,2025-06-03,Hubballi-Dharwad,Girish Patil
13628,22713,0,Basavaraj Patil,Arrest,2025-06-03,Bengaluru Rural,Fatima Rao
13629,22715,0,Ravi Kulkarni,Arrest,2025-06-03,Bengaluru City,Kiran Kumar
13630,22717,0,Suresh Desai,Arrest,2025-06-03,Hubballi-Dharwad,Ravi Murthy
13631,22719,0,Basavaraj Kumar,Arrest,2025-06-03,Tumakuru,Joseph Reddy
13633,22723,0,Prakash Bhat,Arrest,2025-06-03,Hubballi-Dharwad,Rekha Iyengar
13635,22729,0,Deepak Desai,Arrest,2025-06-03,Kalaburagi,Vinutha Desai
13636,22731,0,Mary Bhat,Arrest,2025-06-03,Bengaluru City,Prakash Gowda
13638,22735,0,Manjunath Hegde,Arrest,2025-06-04,Bengaluru City,Girish Bhat
13640,22737,0,Kiran Iyengar,Surrender,2025-06-04,Mangaluru (DK),Vinutha Naik
13643,22741,0,Imran Rao,Arrest,2025-06-04,Mangaluru (DK),Deepak Iyengar
13648,22753,0,Girish Kulkarni,Arrest,2025-06-04,Davanagere,Girish Desai
13650,22755,0,Deepak Desai,Arrest,2025-06-04,Bengaluru Rural,Shivakumar Gowda
13652,22757,0,Imran Reddy,Arrest,2025-06-04,Shivamogga,Lakshmi Iyengar
13654,22761,0,Shivakumar Shetty,Arrest,2025-06-04,Hubballi-Dharwad,Girish Desai
13656,22765,0,Imran Hegde,Arrest,2025-06-04,Kalaburagi,Girish Naik
13658,22767,0,Vinutha Iyengar,Surrender,2025-06-04,Bengaluru City,Yashwanth Bhat
13660,22773,0,Deepak Bhat,Arrest,2025-06-04,Bengaluru City,Deepak Hegde
13662,22779,0,Lakshmi Reddy,Arrest,2025-06-05,Bengaluru Rural,Basavaraj Hegde
13665,22783,0,Bhavana Iyengar,Arrest,2025-06-05,Hassan,Mary Kulkarni
13666,22785,0,Lakshmi Reddy,Arrest,2025-06-05,Mangaluru (DK),Ashwini Reddy
13668,22789,0,Girish Gowda,Arrest,2025-06-05,Ballari,Suresh Naik
13669,22791,0,Manjunath Reddy,Arrest,2025-06-05,Ballari,Kiran Gowda
13672,22797,0,Kiran Rao,Arrest,2025-06-05,Bengaluru Rural,Manjunath Nayak
13673,22799,0,Mary Nayak,Surrender,2025-06-05,Tumakuru,Yashwanth Nayak
13674,22801,0,Suresh Reddy,Surrender,2025-06-05,Mysuru,Anitha Patil
13677,22805,0,Suresh Iyengar,Arrest,2025-06-05,Bengaluru Rural,Bhavana Hegde
13679,22809,0,Deepak Kumar,Arrest,2025-06-05,Udupi,Manjunath Desai
13681,22811,0,Rekha Bhat,Arrest,2025-06-05,Belagavi,Mary Rao
13683,22815,0,Lakshmi Shetty,Arrest,2025-06-05,Bengaluru City,Nagaraj Iyengar
13684,22817,0,Shivakumar Reddy,Arrest,2025-06-05,Davanagere,Ashwini Nayak
13688,22823,0,Rekha Bhat,Surrender,2025-06-06,Hubballi-Dharwad,Chetan Naik
13691,22829,0,Imran Desai,Arrest,2025-06-06,Vijayapura,Anitha Naik
13693,22831,0,Pooja Rao,Surrender,2025-06-06,Bengaluru City,Rekha Gowda
13695,22833,0,Bhavana Naik,Surrender,2025-06-06,Shivamogga,Deepak Hegde
13696,22835,0,Ravi Prasad,Arrest,2025-06-06,Tumakuru,Shivakumar Nayak
13697,22837,0,Basavaraj Hegde,Arrest,2025-06-06,Bengaluru City,Lakshmi Bhat
13698,22839,0,Ashwini Kulkarni,Arrest,2025-06-06,Bengaluru City,Chetan Shetty
13699,22841,0,Kiran Desai,Arrest,2025-06-06,Bengaluru City,Ashwini Bhat
13701,22843,0,Bhavana Shetty,Arrest,2025-06-06,Bengaluru City,Mary Kumar
13702,22845,0,Shivakumar Kulkarni,Arrest,2025-06-06,Bengaluru City,Imran Shetty
13704,22849,0,Kiran Naik,Arrest,2025-06-06,Bengaluru City,Ashwini Nayak
13707,22853,0,Prakash Shetty,Arrest,2025-06-06,Tumakuru,Basavaraj Rao
13708,22855,0,Prakash Nayak,Arrest,2025-06-06,Shivamogga,Bhavana Kulkarni
13711,22863,0,Manjunath Shetty,Arrest,2025-06-07,Bengaluru City,Prakash Patil
13713,22867,0,Girish Kulkarni,Surrender,2025-06-07,Ballari,Deepak Kumar
13715,22869,0,Vinutha Reddy,Arrest,2025-06-07,Bengaluru Rural,Vinutha Shetty
13717,22871,0,Suresh Gowda,Arrest,2025-06-07,Udupi,Chetan Rao
13719,22873,0,Yashwanth Shetty,Arrest,2025-06-07,Hassan,Mary Iyengar
13721,22877,0,Girish Patil,Arrest,2025-06-07,Shivamogga,Mary Prasad
13723,22881,0,Yashwanth Shetty,Arrest,2025-06-07,Kalaburagi,Pooja Prasad
13724,22883,0,Deepak Naik,Arrest,2025-06-07,Mangaluru (DK),Ashwini Shetty
13727,22889,0,Fatima Kumar,Arrest,2025-06-07,Davanagere,Bhavana Rao
13729,22891,0,Yashwanth Murthy,Arrest,2025-06-07,Kalaburagi,Girish Desai
13731,22893,0,Rekha Naik,Surrender,2025-06-07,Raichur,Vinutha Desai
13732,22897,0,Ravi Gowda,Arrest,2025-06-08,Bengaluru City,Yashwanth Naik
13734,22901,0,Shivakumar Desai,Arrest,2025-06-08,Vijayapura,Suresh Hegde
13735,22903,0,Deepak Prasad,Surrender,2025-06-08,Ballari,Rekha Shetty
13737,22911,0,Mary Nayak,Surrender,2025-06-08,Bengaluru City,Mary Reddy
13740,22915,0,Ashwini Reddy,Arrest,2025-06-08,Kalaburagi,Ravi Desai
13741,22917,0,Joseph Bhat,Arrest,2025-06-08,Ballari,Joseph Naik
13742,22921,0,Girish Murthy,Arrest,2025-06-08,Mysuru,Mary Kulkarni
13744,22923,0,Anitha Shetty,Arrest,2025-06-08,Tumakuru,Manjunath Shetty
13746,22925,0,Basavaraj Naik,Surrender,2025-06-08,Shivamogga,Girish Patil
13747,22927,0,Prakash Kumar,Arrest,2025-06-08,Bengaluru City,Suresh Nayak
13749,22931,0,Fatima Murthy,Arrest,2025-06-09,Hassan,Anitha Kulkarni
13752,22937,0,Suresh Nayak,Arrest,2025-06-09,Bengaluru City,Nagaraj Nayak
13754,22939,0,Fatima Murthy,Arrest,2025-06-09,Belagavi,Imran Gowda
13755,22941,0,Chetan Shetty,Arrest,2025-06-09,Bengaluru City,Bhavana Kumar
13756,22943,0,Pooja Rao,Arrest,2025-06-09,Belagavi,Vinutha Murthy
13758,22947,0,Yashwanth Nayak,Arrest,2025-06-09,Shivamogga,Basavaraj Prasad
13761,22951,0,Mary Kulkarni,Arrest,2025-06-09,Bengaluru City,Imran Kumar
13763,22955,0,Manjunath Iyengar,Arrest,2025-06-09,Bengaluru Rural,Mary Iyengar
13765,22959,0,Vinutha Prasad,Arrest,2025-06-09,Bengaluru City,Kiran Desai
13767,22965,0,Lakshmi Reddy,Arrest,2025-06-09,Hubballi-Dharwad,Suresh Desai
13768,22967,0,Ashwini Hegde,Arrest,2025-06-10,Bengaluru City,Kiran Kumar
13769,22971,0,Lakshmi Nayak,Arrest,2025-06-10,Belagavi,Prakash Gowda
13771,22973,0,Kiran Prasad,Arrest,2025-06-10,Bengaluru City,Fatima Kumar
13773,22977,0,Shivakumar Bhat,Surrender,2025-06-10,Bengaluru City,Kiran Gowda
13774,22979,0,Pooja Kulkarni,Arrest,2025-06-10,Hassan,Pooja Gowda
13776,22983,0,Basavaraj Desai,Arrest,2025-06-10,Mysuru,Pooja Hegde
13778,22985,0,Fatima Murthy,Arrest,2025-06-10,Hassan,Girish Iyengar
13779,22987,0,Anitha Patil,Arrest,2025-06-10,Bengaluru City,Manjunath Iyengar
13780,22989,0,Rekha Rao,Arrest,2025-06-10,Bengaluru City,Shivakumar Hegde
13782,22995,0,Joseph Gowda,Arrest,2025-06-10,Bengaluru City,Deepak Shetty
13783,22999,0,Anitha Prasad,Arrest,2025-06-10,Bengaluru Rural,Nagaraj Kulkarni
13785,23001,0,Kiran Shetty,Surrender,2025-06-11,Kalaburagi,Vinutha Bhat
13787,23003,0,Nagaraj Kumar,Arrest,2025-06-11,Bengaluru City,Lakshmi Murthy
13788,23005,0,Ashwini Bhat,Arrest,2025-06-11,Tumakuru,Basavaraj Nayak
13791,23009,0,Bhavana Rao,Arrest,2025-06-11,Belagavi,Basavaraj Prasad
13792,23011,0,Nagaraj Kumar,Arrest,2025-06-11,Bengaluru City,Manjunath Bhat
13793,23013,0,Girish Reddy,Arrest,2025-06-11,Bengaluru City,Kiran Iyengar
13795,23015,0,Ravi Gowda,Arrest,2025-06-11,Belagavi,Yashwanth Iyengar
13797,23019,0,Bhavana Reddy,Arrest,2025-06-11,Shivamogga,Imran Kumar
13799,23023,0,Rekha Bhat,Arrest,2025-06-11,Bengaluru City,Pooja Kulkarni
13800,23025,0,Girish Kumar,Arrest,2025-06-11,Udupi,Pooja Reddy
13802,23029,0,Joseph Prasad,Arrest,2025-06-11,Tumakuru,Lakshmi Naik
13803,23031,0,Yashwanth Reddy,Surrender,2025-06-11,Bengaluru City,Ravi Bhat
13804,23033,0,Ravi Desai,Arrest,2025-06-11,Belagavi,Ashwini Patil
13806,23035,0,Anitha Shetty,Arrest,2025-06-11,Belagavi,Imran Prasad
13807,23037,0,Ashwini Patil,Arrest,2025-06-11,Bengaluru City,Ashwini Kulkarni
13809,23039,0,Joseph Kumar,Arrest,2025-06-11,Ballari,Kiran Kulkarni
13811,23043,0,Anitha Rao,Surrender,2025-06-11,Shivamogga,Chetan Reddy
13812,23047,0,Anitha Prasad,Arrest,2025-06-11,Hassan,Suresh Prasad
13815,23051,0,Lakshmi Murthy,Surrender,2025-06-11,Bengaluru City,Shivakumar Murthy
13817,23053,0,Imran Patil,Arrest,2025-06-12,Bengaluru City,Vinutha Kumar
13820,23057,0,Basavaraj Patil,Arrest,2025-06-12,Hassan,Basavaraj Reddy
13823,23061,0,Girish Shetty,Arrest,2025-06-12,Shivamogga,Anitha Patil
13826,23069,0,Lakshmi Nayak,Arrest,2025-06-12,Hubballi-Dharwad,Chetan Hegde
13831,23081,0,Rekha Iyengar,Arrest,2025-06-12,Shivamogga,Anitha Kumar
13833,23083,0,Nagaraj Hegde,Surrender,2025-06-12,Bengaluru Rural,Prakash Kumar
13835,23085,0,Yashwanth Gowda,Arrest,2025-06-12,Shivamogga,Pooja Hegde
13836,23087,0,Manjunath Desai,Arrest,2025-06-12,Kalaburagi,Bhavana Shetty
13838,23089,0,Bhavana Bhat,Arrest,2025-06-12,Shivamogga,Bhavana Reddy
13839,23091,0,Fatima Iyengar,Arrest,2025-06-13,Bengaluru Rural,Imran Kulkarni
13840,23093,0,Anitha Patil,Surrender,2025-06-13,Bengaluru City,Fatima Rao
13842,23097,0,Anitha Shetty,Arrest,2025-06-13,Bengaluru City,Shivakumar Bhat
13844,23101,0,Nagaraj Kumar,Arrest,2025-06-13,Ballari,Kiran Shetty
13846,23103,0,Imran Rao,Arrest,2025-06-13,Mangaluru (DK),Yashwanth Murthy
13849,23107,0,Pooja Gowda,Arrest,2025-06-13,Kalaburagi,Chetan Kumar
13851,23111,0,Kiran Nayak,Arrest,2025-06-13,Bengaluru City,Yashwanth Reddy
13853,23115,0,Imran Nayak,Arrest,2025-06-13,Bengaluru City,Chetan Prasad
13856,23119,0,Shivakumar Rao,Arrest,2025-06-13,Shivamogga,Rekha Reddy
13857,23123,0,Basavaraj Rao,Arrest,2025-06-13,Bengaluru City,Ashwini Desai
13859,23125,0,Kiran Nayak,Arrest,2025-06-13,Mysuru,Chetan Shetty
13861,23127,0,Deepak Iyengar,Arrest,2025-06-14,Bengaluru City,Basavaraj Rao
13863,23129,0,Ashwini Desai,Arrest,2025-06-14,Bengaluru City,Chetan Desai
13865,23131,0,Prakash Kumar,Arrest,2025-06-14,Bengaluru Rural,Kiran Kulkarni
13869,23137,0,Shivakumar Kumar,Arrest,2025-06-14,Raichur,Shivakumar Bhat
13870,23139,0,Basavaraj Kumar,Surrender,2025-06-14,Vijayapura,Vinutha Nayak
13872,23141,0,Imran Iyengar,Arrest,2025-06-14,Tumakuru,Anitha Nayak
13874,23143,0,Lakshmi Prasad,Surrender,2025-06-14,Bengaluru City,Basavaraj Reddy
13876,23145,0,Chetan Reddy,Arrest,2025-06-14,Hassan,Nagaraj Murthy
13880,23151,0,Rekha Iyengar,Arrest,2025-06-14,Tumakuru,Chetan Iyengar
13882,23155,0,Girish Reddy,Arrest,2025-06-14,Bengaluru City,Basavaraj Gowda
13883,23159,0,Shivakumar Iyengar,Arrest,2025-06-14,Tumakuru,Suresh Kulkarni
13886,23165,0,Nagaraj Bhat,Arrest,2025-06-15,Belagavi,Rekha Desai
13889,23169,0,Lakshmi Patil,Surrender,2025-06-15,Bengaluru City,Deepak Shetty
13891,23175,0,Manjunath Nayak,Arrest,2025-06-15,Bengaluru City,Yashwanth Bhat
13892,23177,0,Girish Shetty,Arrest,2025-06-15,Vijayapura,Anitha Gowda
13895,23181,0,Suresh Hegde,Arrest,2025-06-15,Bengaluru City,Manjunath Kulkarni
13897,23183,0,Joseph Kumar,Arrest,2025-06-15,Belagavi,Fatima Prasad
13899,23185,0,Prakash Kumar,Arrest,2025-06-15,Hubballi-Dharwad,Fatima Patil
13902,23189,0,Lakshmi Naik,Arrest,2025-06-15,Kalaburagi,Prakash Iyengar
13904,23191,0,Yashwanth Nayak,Arrest,2025-06-15,Raichur,Yashwanth Bhat
13907,23195,0,Ravi Reddy,Arrest,2025-06-15,Ballari,Vinutha Iyengar
13909,23197,0,Vinutha Desai,Arrest,2025-06-15,Belagavi,Anitha Murthy
13912,23201,0,Manjunath Shetty,Surrender,2025-06-16,Kalaburagi,Mary Murthy
13915,23205,0,Suresh Rao,Arrest,2025-06-16,Mysuru,Yashwanth Nayak
13920,23217,0,Manjunath Rao,Arrest,2025-06-16,Kalaburagi,Vinutha Hegde
13922,23219,0,Prakash Shetty,Surrender,2025-06-16,Bengaluru City,Chetan Kulkarni
13924,23221,0,Joseph Kumar,Arrest,2025-06-16,Ballari,Mary Patil
13925,23223,0,Manjunath Reddy,Surrender,2025-06-17,Bengaluru City,Girish Gowda
13926,23225,0,Vinutha Kumar,Arrest,2025-06-17,Hubballi-Dharwad,Suresh Gowda
13928,23227,0,Yashwanth Prasad,Arrest,2025-06-17,Udupi,Nagaraj Rao
13930,23229,0,Lakshmi Kumar,Arrest,2025-06-17,Bengaluru City,Shivakumar Naik
13931,23231,0,Joseph Iyengar,Arrest,2025-06-17,Bengaluru City,Anitha Reddy
13933,23233,0,Manjunath Kulkarni,Arrest,2025-06-17,Hubballi-Dharwad,Bhavana Murthy
13935,23235,0,Manjunath Kulkarni,Arrest,2025-06-17,Hubballi-Dharwad,Vinutha Bhat
13936,23237,0,Bhavana Rao,Arrest,2025-06-17,Bengaluru City,Rekha Nayak
13938,23239,0,Ashwini Murthy,Arrest,2025-06-17,Bengaluru City,Kiran Patil
13939,23241,0,Deepak Prasad,Arrest,2025-06-17,Raichur,Shivakumar Naik
13941,23243,0,Shivakumar Prasad,Arrest,2025-06-17,Tumakuru,Ashwini Nayak
13942,23245,0,Imran Hegde,Arrest,2025-06-17,Bengaluru City,Fatima Kulkarni
13944,23247,0,Manjunath Kulkarni,Arrest,2025-06-17,Tumakuru,Shivakumar Patil
13945,23251,0,Anitha Reddy,Arrest,2025-06-17,Tumakuru,Prakash Murthy
13948,23257,0,Anitha Kumar,Arrest,2025-06-18,Hassan,Lakshmi Bhat
13949,23259,0,Manjunath Reddy,Surrender,2025-06-18,Kalaburagi,Ashwini Shetty
13951,23261,0,Ashwini Desai,Arrest,2025-06-18,Raichur,Manjunath Iyengar
13953,23265,0,Lakshmi Patil,Surrender,2025-06-18,Bengaluru City,Suresh Nayak
13955,23267,0,Mary Reddy,Arrest,2025-06-18,Tumakuru,Nagaraj Murthy
13957,23269,0,Joseph Murthy,Arrest,2025-06-18,Hubballi-Dharwad,Mary Nayak
13958,23271,0,Ashwini Desai,Arrest,2025-06-18,Tumakuru,Rekha Murthy
13960,23273,0,Lakshmi Murthy,Arrest,2025-06-18,Hassan,Yashwanth Shetty
13962,23275,0,Imran Murthy,Surrender,2025-06-18,Tumakuru,Suresh Hegde
13963,23277,0,Vinutha Kumar,Arrest,2025-06-18,Mangaluru (DK),Rekha Kulkarni
13964,23279,0,Basavaraj Patil,Arrest,2025-06-18,Tumakuru,Bhavana Rao
13966,23281,0,Prakash Reddy,Arrest,2025-06-18,Bengaluru City,Vinutha Desai
13967,23285,0,Prakash Kumar,Surrender,2025-06-18,Davanagere,Shivakumar Patil
13969,23287,0,Imran Hegde,Arrest,2025-06-18,Bengaluru City,Imran Nayak
13971,23289,0,Deepak Gowda,Arrest,2025-06-18,Bengaluru City,Mary Kulkarni
13972,23291,0,Rekha Bhat,Arrest,2025-06-18,Bengaluru City,Ravi Nayak
13973,23293,0,Bhavana Naik,Arrest,2025-06-18,Tumakuru,Ravi Desai
13975,23297,0,Girish Gowda,Arrest,2025-06-19,Mysuru,Ravi Kumar
13976,23301,0,Shivakumar Murthy,Arrest,2025-06-19,Bengaluru City,Fatima Reddy
13978,23303,0,Joseph Iyengar,Arrest,2025-06-19,Kalaburagi,Prakash Murthy
13980,23305,0,Mary Patil,Arrest,2025-06-19,Mysuru,Nagaraj Rao
13982,23307,0,Mary Murthy,Arrest,2025-06-19,Shivamogga,Prakash Rao
13984,23315,0,Vinutha Rao,Arrest,2025-06-19,Bengaluru Rural,Joseph Prasad
13986,23317,0,Mary Nayak,Arrest,2025-06-19,Hubballi-Dharwad,Manjunath Naik
13987,23321,0,Ashwini Reddy,Arrest,2025-06-19,Vijayapura,Imran Prasad
13989,23325,0,Girish Desai,Arrest,2025-06-19,Shivamogga,Girish Reddy
13991,23327,0,Deepak Prasad,Arrest,2025-06-19,Bengaluru City,Rekha Nayak
13994,23331,0,Basavaraj Hegde,Arrest,2025-06-19,Hassan,Lakshmi Desai
13996,23333,0,Shivakumar Kulkarni,Arrest,2025-06-19,Shivamogga,Fatima Shetty
13999,23339,0,Imran Gowda,Arrest,2025-06-20,Ballari,Suresh Bhat
14001,23341,0,Joseph Shetty,Arrest,2025-06-20,Udupi,Chetan Prasad
14002,23343,0,Bhavana Rao,Arrest,2025-06-20,Belagavi,Ashwini Desai
14004,23345,0,Mary Kulkarni,Arrest,2025-06-20,Ballari,Ravi Naik
14005,23347,0,Chetan Murthy,Arrest,2025-06-20,Kalaburagi,Fatima Murthy
14006,23349,0,Fatima Kumar,Arrest,2025-06-20,Mysuru,Manjunath Hegde
14008,23351,0,Shivakumar Naik,Arrest,2025-06-20,Davanagere,Chetan Prasad
14010,23353,0,Ashwini Shetty,Arrest,2025-06-20,Tumakuru,Manjunath Murthy
14012,23357,0,Imran Reddy,Arrest,2025-06-20,Kalaburagi,Shivakumar Iyengar
14014,23359,0,Ravi Murthy,Arrest,2025-06-20,Bengaluru City,Rekha Kulkarni
14018,23367,0,Bhavana Desai,Arrest,2025-06-20,Bengaluru City,Chetan Kulkarni
14021,23379,0,Vinutha Iyengar,Arrest,2025-06-21,Mysuru,Chetan Gowda
14023,23383,0,Nagaraj Shetty,Arrest,2025-06-21,Mysuru,Girish Shetty
14025,23387,0,Yashwanth Nayak,Arrest,2025-06-21,Udupi,Imran Gowda
14027,23397,0,Manjunath Bhat,Arrest,2025-06-21,Bengaluru Rural,Nagaraj Kulkarni
14029,23399,0,Rekha Rao,Surrender,2025-06-21,Udupi,Pooja Kumar
14031,23401,0,Deepak Shetty,Arrest,2025-06-21,Bengaluru City,Vinutha Naik
14032,23403,0,Prakash Iyengar,Arrest,2025-06-21,Bengaluru City,Suresh Rao
14034,23407,0,Pooja Prasad,Arrest,2025-06-21,Kalaburagi,Chetan Bhat
14035,23409,0,Vinutha Patil,Arrest,2025-06-21,Belagavi,Lakshmi Rao
14037,23411,0,Mary Kulkarni,Arrest,2025-06-21,Ballari,Girish Kulkarni
14039,23413,0,Lakshmi Patil,Arrest,2025-06-21,Vijayapura,Bhavana Patil
14041,23415,0,Manjunath Murthy,Arrest,2025-06-21,Raichur,Ashwini Patil
14042,23419,0,Anitha Reddy,Arrest,2025-06-22,Mangaluru (DK),Manjunath Desai
14046,23429,0,Yashwanth Nayak,Arrest,2025-06-22,Tumakuru,Fatima Prasad
14048,23431,0,Manjunath Patil,Surrender,2025-06-22,Bengaluru City,Bhavana Iyengar
14050,23437,0,Fatima Rao,Arrest,2025-06-22,Bengaluru City,Ravi Bhat
14052,23439,0,Chetan Iyengar,Arrest,2025-06-22,Shivamogga,Nagaraj Patil
14053,23441,0,Mary Desai,Arrest,2025-06-22,Bengaluru City,Suresh Murthy
14054,23443,0,Imran Rao,Arrest,2025-06-22,Belagavi,Manjunath Iyengar
14055,23445,0,Pooja Patil,Arrest,2025-06-22,Udupi,Girish Rao
14057,23447,0,Pooja Kumar,Arrest,2025-06-22,Mangaluru (DK),Basavaraj Naik
14058,23449,0,Deepak Kumar,Arrest,2025-06-22,Bengaluru City,Imran Desai
14060,23451,0,Bhavana Naik,Arrest,2025-06-22,Bengaluru City,Kiran Nayak
14063,23455,0,Fatima Shetty,Arrest,2025-06-22,Vijayapura,Rekha Desai
14067,23461,0,Basavaraj Bhat,Arrest,2025-06-23,Belagavi,Bhavana Kulkarni
14069,23463,0,Pooja Rao,Arrest,2025-06-23,Ballari,Prakash Desai
14071,23465,0,Deepak Iyengar,Arrest,2025-06-23,Ballari,Lakshmi Murthy
14073,23467,0,Nagaraj Kumar,Arrest,2025-06-23,Mysuru,Pooja Desai
14075,23469,0,Pooja Reddy,Arrest,2025-06-23,Shivamogga,Mary Desai
14077,23471,0,Mary Shetty,Arrest,2025-06-23,Bengaluru Rural,Chetan Rao
14079,23473,0,Deepak Desai,Arrest,2025-06-23,Bengaluru City,Girish Bhat
14082,23477,0,Nagaraj Bhat,Arrest,2025-06-23,Bengaluru City,Deepak Kulkarni
14084,23479,0,Suresh Patil,Arrest,2025-06-23,Mangaluru (DK),Prakash Patil
14086,23481,0,Fatima Gowda,Arrest,2025-06-23,Vijayapura,Ravi Hegde
14087,23485,0,Girish Shetty,Arrest,2025-06-23,Hubballi-Dharwad,Basavaraj Rao
14089,23489,0,Lakshmi Nayak,Arrest,2025-06-23,Ballari,Lakshmi Kulkarni
14092,23495,0,Girish Kumar,Arrest,2025-06-24,Shivamogga,Joseph Desai
14093,23497,0,Suresh Nayak,Arrest,2025-06-24,Shivamogga,Girish Murthy
14096,23501,0,Yashwanth Gowda,Arrest,2025-06-24,Mysuru,Imran Kulkarni
14098,23503,0,Ravi Nayak,Arrest,2025-06-24,Udupi,Shivakumar Murthy
14099,23507,0,Yashwanth Shetty,Arrest,2025-06-24,Hubballi-Dharwad,Ashwini Rao
14101,23509,0,Nagaraj Rao,Arrest,2025-06-24,Bengaluru Rural,Anitha Murthy
14104,23513,0,Mary Gowda,Surrender,2025-06-24,Udupi,Bhavana Kumar
14105,23515,0,Chetan Iyengar,Arrest,2025-06-24,Udupi,Prakash Nayak
14106,23517,0,Prakash Kulkarni,Arrest,2025-06-24,Davanagere,Suresh Hegde
14108,23519,0,Shivakumar Kulkarni,Arrest,2025-06-24,Davanagere,Mary Murthy
14109,23523,0,Bhavana Reddy,Arrest,2025-06-24,Mysuru,Prakash Murthy
14112,23527,0,Nagaraj Hegde,Arrest,2025-06-25,Belagavi,Rekha Kumar
14114,23529,0,Mary Kulkarni,Arrest,2025-06-25,Bengaluru City,Prakash Reddy
14116,23531,0,Lakshmi Desai,Arrest,2025-06-25,Ballari,Prakash Kulkarni
14117,23535,0,Chetan Gowda,Arrest,2025-06-25,Bengaluru City,Basavaraj Naik
14120,23541,0,Kiran Patil,Arrest,2025-06-25,Davanagere,Mary Prasad
14122,23543,0,Pooja Shetty,Surrender,2025-06-25,Mangaluru (DK),Mary Kumar
14124,23545,0,Bhavana Hegde,Arrest,2025-06-25,Hassan,Suresh Desai
14125,23549,0,Girish Desai,Arrest,2025-06-25,Mangaluru (DK),Fatima Nayak
14126,23551,0,Joseph Reddy,Surrender,2025-06-25,Bengaluru City,Lakshmi Reddy
14129,23555,0,Deepak Rao,Arrest,2025-06-25,Vijayapura,Mary Reddy
14132,23559,0,Deepak Iyengar,Arrest,2025-06-26,Bengaluru City,Suresh Reddy
14133,23561,0,Rekha Hegde,Surrender,2025-06-26,Hassan,Deepak Reddy
14135,23563,0,Nagaraj Murthy,Arrest,2025-06-26,Hassan,Lakshmi Reddy
14138,23567,0,Yashwanth Patil,Arrest,2025-06-26,Bengaluru City,Manjunath Nayak
14141,23573,0,Kiran Hegde,Surrender,2025-06-26,Bengaluru City,Lakshmi Patil
14142,23577,0,Kiran Murthy,Arrest,2025-06-26,Bengaluru City,Yashwanth Gowda
14144,23581,0,Mary Iyengar,Arrest,2025-06-26,Ballari,Basavaraj Desai
14146,23583,0,Chetan Iyengar,Arrest,2025-06-26,Belagavi,Yashwanth Kumar
14148,23585,0,Ashwini Patil,Surrender,2025-06-26,Bengaluru City,Lakshmi Kulkarni
14152,23593,0,Suresh Shetty,Arrest,2025-06-26,Hubballi-Dharwad,Prakash Kumar
14155,23599,0,Manjunath Kulkarni,Arrest,2025-06-26,Hubballi-Dharwad,Prakash Prasad
14156,23601,0,Anitha Reddy,Arrest,2025-06-27,Shivamogga,Basavaraj Nayak
14158,23603,0,Ravi Shetty,Surrender,2025-06-27,Bengaluru City,Shivakumar Iyengar
14159,23607,0,Shivakumar Shetty,Arrest,2025-06-27,Shivamogga,Imran Murthy
14162,23611,0,Ravi Hegde,Arrest,2025-06-27,Hubballi-Dharwad,Chetan Gowda
14163,23613,0,Rekha Reddy,Arrest,2025-06-27,Hubballi-Dharwad,Basavaraj Rao
14165,23615,0,Nagaraj Desai,Arrest,2025-06-27,Bengaluru City,Pooja Prasad
14168,23621,0,Bhavana Nayak,Arrest,2025-06-27,Belagavi,Basavaraj Prasad
14169,23623,0,Chetan Hegde,Arrest,2025-06-27,Bengaluru City,Yashwanth Nayak
14171,23625,0,Deepak Prasad,Arrest,2025-06-27,Belagavi,Anitha Hegde
14173,23627,0,Pooja Rao,Arrest,2025-06-27,Shivamogga,Deepak Kulkarni
14175,23629,0,Bhavana Naik,Surrender,2025-06-27,Bengaluru City,Nagaraj Patil
14177,23635,0,Chetan Shetty,Arrest,2025-06-27,Mysuru,Lakshmi Murthy
14178,23637,0,Bhavana Prasad,Arrest,2025-06-28,Hubballi-Dharwad,Fatima Gowda
14180,23639,0,Yashwanth Gowda,Surrender,2025-06-28,Belagavi,Vinutha Kulkarni
14182,23641,0,Ashwini Prasad,Arrest,2025-06-28,Mysuru,Mary Kumar
14184,23643,0,Imran Reddy,Arrest,2025-06-28,Hubballi-Dharwad,Suresh Murthy
14186,23645,0,Deepak Rao,Arrest,2025-06-28,Ballari,Mary Bhat
14188,23647,0,Yashwanth Kulkarni,Arrest,2025-06-28,Mangaluru (DK),Fatima Prasad
14190,23649,0,Vinutha Desai,Arrest,2025-06-28,Bengaluru City,Pooja Desai
14191,23651,0,Ashwini Desai,Surrender,2025-06-28,Bengaluru City,Mary Kumar
14195,23659,0,Chetan Gowda,Arrest,2025-06-28,Bengaluru City,Joseph Kumar
14196,23663,0,Mary Murthy,Arrest,2025-06-28,Bengaluru City,Manjunath Prasad
14199,23667,0,Bhavana Desai,Arrest,2025-06-28,Hassan,Suresh Rao
14201,23669,0,Anitha Gowda,Arrest,2025-06-28,Davanagere,Rekha Iyengar
14202,23671,0,Yashwanth Rao,Arrest,2025-06-29,Hassan,Basavaraj Rao
14204,23673,0,Deepak Shetty,Surrender,2025-06-29,Mysuru,Girish Reddy
14207,23677,0,Prakash Hegde,Surrender,2025-06-29,Vijayapura,Nagaraj Iyengar
14209,23679,0,Manjunath Prasad,Arrest,2025-06-29,Belagavi,Pooja Shetty
14212,23691,0,Kiran Rao,Surrender,2025-06-29,Bengaluru City,Rekha Hegde
14214,23693,0,Bhavana Naik,Arrest,2025-06-29,Bengaluru City,Imran Nayak
14216,23695,0,Shivakumar Murthy,Arrest,2025-06-29,Bengaluru City,Basavaraj Desai
14217,23699,0,Girish Murthy,Arrest,2025-06-29,Mangaluru (DK),Basavaraj Kulkarni
14221,23705,0,Prakash Naik,Arrest,2025-06-29,Davanagere,Joseph Kulkarni
14223,23707,0,Shivakumar Hegde,Arrest,2025-06-29,Mysuru,Shivakumar Gowda
14229,23719,0,Deepak Reddy,Arrest,2025-06-30,Bengaluru Rural,Basavaraj Iyengar
14230,23725,0,Suresh Kulkarni,Arrest,2025-06-30,Bengaluru City,Basavaraj Kulkarni
14231,23731,0,Chetan Desai,Arrest,2025-06-30,Davanagere,Vinutha Kulkarni
14235,23741,0,Deepak Nayak,Arrest,2025-06-30,Vijayapura,Suresh Naik
14237,23745,0,Ravi Naik,Arrest,2025-06-30,Hassan,Suresh Patil
14239,23747,0,Rekha Kulkarni,Arrest,2025-06-30,Bengaluru Rural,Basavaraj Naik
14241,23749,0,Bhavana Iyengar,Arrest,2025-06-30,Mangaluru (DK),Imran Shetty
14244,23753,0,Bhavana Naik,Arrest,2025-07-01,Vijayapura,Bhavana Gowda
14247,23757,0,Shivakumar Bhat,Arrest,2025-07-01,Mysuru,Mary Kumar
14249,23759,0,Chetan Desai,Arrest,2025-07-01,Bengaluru City,Rekha Nayak
14250,23761,0,Girish Patil,Surrender,2025-07-01,Hassan,Anitha Desai
14251,23763,0,Ashwini Reddy,Arrest,2025-07-01,Mysuru,Ravi Desai
14253,23765,0,Vinutha Reddy,Surrender,2025-07-01,Shivamogga,Mary Reddy
14255,23767,0,Kiran Kumar,Arrest,2025-07-01,Hubballi-Dharwad,Shivakumar Kumar
14256,23769,0,Manjunath Hegde,Surrender,2025-07-01,Bengaluru City,Pooja Gowda
14258,23773,0,Nagaraj Kulkarni,Arrest,2025-07-01,Bengaluru Rural,Chetan Bhat
14260,23775,0,Rekha Kumar,Arrest,2025-07-01,Hubballi-Dharwad,Mary Hegde
14262,23777,0,Rekha Kumar,Arrest,2025-07-02,Mangaluru (DK),Mary Reddy
14263,23779,0,Lakshmi Murthy,Arrest,2025-07-02,Hubballi-Dharwad,Girish Shetty
14265,23781,0,Chetan Nayak,Arrest,2025-07-02,Ballari,Joseph Shetty
14267,23783,0,Joseph Patil,Arrest,2025-07-02,Mangaluru (DK),Manjunath Nayak
14269,23787,0,Imran Shetty,Arrest,2025-07-02,Bengaluru City,Yashwanth Rao
14272,23791,0,Suresh Kumar,Arrest,2025-07-02,Shivamogga,Suresh Bhat
14274,23795,0,Lakshmi Hegde,Surrender,2025-07-02,Bengaluru City,Mary Patil
14276,23799,0,Lakshmi Nayak,Arrest,2025-07-02,Ballari,Bhavana Desai
14277,23801,0,Vinutha Kumar,Arrest,2025-07-02,Udupi,Chetan Desai
14280,23805,0,Ravi Iyengar,Arrest,2025-07-02,Vijayapura,Chetan Desai
14281,23807,0,Mary Desai,Arrest,2025-07-02,Hassan,Ashwini Desai
14283,23811,0,Suresh Shetty,Arrest,2025-07-02,Ballari,Lakshmi Shetty
14284,23813,0,Ravi Shetty,Arrest,2025-07-03,Bengaluru City,Vinutha Prasad
14286,23815,0,Deepak Naik,Arrest,2025-07-03,Bengaluru City,Fatima Prasad
14288,23819,0,Bhavana Bhat,Arrest,2025-07-03,Kalaburagi,Mary Gowda
14290,23825,0,Yashwanth Hegde,Arrest,2025-07-03,Kalaburagi,Nagaraj Rao
14291,23831,0,Fatima Kulkarni,Arrest,2025-07-03,Shivamogga,Girish Kulkarni
14293,23833,0,Deepak Patil,Arrest,2025-07-03,Bengaluru City,Basavaraj Rao
14295,23835,0,Imran Iyengar,Arrest,2025-07-03,Hassan,Fatima Shetty
14296,23837,0,Anitha Nayak,Arrest,2025-07-03,Mangaluru (DK),Pooja Reddy
14297,23839,0,Nagaraj Shetty,Arrest,2025-07-03,Bengaluru City,Lakshmi Patil
14299,23841,0,Prakash Reddy,Arrest,2025-07-03,Hassan,Anitha Nayak
14301,23847,0,Basavaraj Reddy,Arrest,2025-07-04,Hubballi-Dharwad,Girish Patil
14302,23851,0,Chetan Desai,Arrest,2025-07-04,Bengaluru City,Basavaraj Patil
14305,23855,0,Chetan Nayak,Arrest,2025-07-04,Hubballi-Dharwad,Kiran Gowda
14306,23859,0,Prakash Prasad,Arrest,2025-07-04,Vijayapura,Fatima Shetty
14308,23863,0,Vinutha Kumar,Arrest,2025-07-04,Shivamogga,Vinutha Patil
14310,23865,0,Rekha Patil,Surrender,2025-07-04,Bengaluru City,Manjunath Murthy
14312,23871,0,Yashwanth Nayak,Arrest,2025-07-04,Vijayapura,Rekha Nayak
14313,23873,0,Lakshmi Hegde,Arrest,2025-07-04,Ballari,Bhavana Bhat
14314,23877,0,Anitha Desai,Arrest,2025-07-04,Mysuru,Anitha Murthy
14316,23879,0,Suresh Kumar,Arrest,2025-07-04,Mysuru,Girish Nayak
14319,23883,0,Manjunath Bhat,Surrender,2025-07-04,Udupi,Fatima Nayak
14321,23887,0,Vinutha Bhat,Arrest,2025-07-05,Raichur,Imran Reddy
14322,23889,0,Girish Patil,Arrest,2025-07-05,Raichur,Joseph Murthy
14324,23891,0,Manjunath Iyengar,Arrest,2025-07-05,Hubballi-Dharwad,Ashwini Gowda
14327,23897,0,Basavaraj Iyengar,Arrest,2025-07-05,Bengaluru City,Fatima Shetty
14329,23899,0,Pooja Bhat,Surrender,2025-07-05,Ballari,Ravi Gowda
14332,23903,0,Chetan Kulkarni,Arrest,2025-07-05,Udupi,Ashwini Kulkarni
14333,23907,0,Vinutha Kumar,Arrest,2025-07-05,Ballari,Fatima Kulkarni
14335,23909,0,Yashwanth Kulkarni,Arrest,2025-07-05,Udupi,Nagaraj Desai
14337,23913,0,Prakash Nayak,Arrest,2025-07-05,Hubballi-Dharwad,Mary Iyengar
14339,23915,0,Mary Murthy,Surrender,2025-07-06,Hubballi-Dharwad,Lakshmi Iyengar
14344,23927,0,Ravi Desai,Arrest,2025-07-06,Raichur,Mary Bhat
14346,23929,0,Deepak Rao,Arrest,2025-07-06,Mysuru,Yashwanth Rao
14348,23935,0,Ravi Patil,Arrest,2025-07-06,Davanagere,Pooja Shetty
14350,23937,0,Girish Kulkarni,Arrest,2025-07-06,Hassan,Deepak Naik
14352,23939,0,Fatima Reddy,Arrest,2025-07-06,Bengaluru City,Basavaraj Naik
14354,23941,0,Bhavana Nayak,Arrest,2025-07-06,Hubballi-Dharwad,Fatima Gowda
14356,23945,0,Shivakumar Bhat,Arrest,2025-07-06,Vijayapura,Mary Gowda
14359,23951,0,Basavaraj Kulkarni,Arrest,2025-07-07,Mysuru,Suresh Gowda
14360,23955,0,Chetan Prasad,Arrest,2025-07-07,Bengaluru City,Yashwanth Kumar
14364,23963,0,Bhavana Hegde,Arrest,2025-07-07,Hubballi-Dharwad,Ravi Nayak
14366,23965,0,Kiran Gowda,Arrest,2025-07-07,Bengaluru City,Anitha Kumar
14367,23967,0,Manjunath Patil,Arrest,2025-07-07,Raichur,Imran Bhat
14369,23969,0,Prakash Gowda,Surrender,2025-07-07,Bengaluru City,Yashwanth Nayak
14372,23973,0,Vinutha Shetty,Arrest,2025-07-07,Tumakuru,Mary Iyengar
14373,23975,0,Manjunath Kumar,Surrender,2025-07-07,Mysuru,Imran Kumar
14374,23977,0,Yashwanth Patil,Arrest,2025-07-07,Davanagere,Deepak Nayak
14376,23983,0,Joseph Nayak,Surrender,2025-07-08,Bengaluru City,Yashwanth Kumar
14377,23985,0,Bhavana Prasad,Arrest,2025-07-08,Bengaluru City,Imran Rao
14378,23987,0,Joseph Shetty,Arrest,2025-07-08,Mysuru,Ravi Desai
14381,23991,0,Fatima Shetty,Arrest,2025-07-08,Hassan,Suresh Iyengar
14383,23993,0,Prakash Hegde,Arrest,2025-07-08,Ballari,Chetan Kulkarni
14385,23999,0,Rekha Kumar,Surrender,2025-07-08,Bengaluru Rural,Ravi Murthy
14387,24001,0,Anitha Naik,Arrest,2025-07-08,Bengaluru City,Prakash Patil
14388,24003,0,Nagaraj Kulkarni,Arrest,2025-07-08,Bengaluru City,Vinutha Bhat
14390,24007,0,Manjunath Shetty,Arrest,2025-07-08,Shivamogga,Bhavana Naik
14392,24009,0,Nagaraj Desai,Arrest,2025-07-09,Shivamogga,Ravi Iyengar
14393,24011,0,Ravi Nayak,Arrest,2025-07-09,Mysuru,Chetan Shetty
14395,24013,0,Imran Desai,Arrest,2025-07-09,Bengaluru City,Rekha Bhat
14396,24015,0,Manjunath Reddy,Arrest,2025-07-09,Vijayapura,Nagaraj Shetty
14398,24017,0,Deepak Murthy,Arrest,2025-07-09,Bengaluru Rural,Fatima Nayak
14399,24019,0,Manjunath Kumar,Arrest,2025-07-09,Hubballi-Dharwad,Joseph Desai
14401,24021,0,Yashwanth Desai,Arrest,2025-07-09,Davanagere,Ravi Hegde
14402,24023,0,Anitha Iyengar,Surrender,2025-07-09,Udupi,Manjunath Prasad
14403,24025,0,Pooja Shetty,Surrender,2025-07-09,Hassan,Chetan Kumar
14405,24027,0,Bhavana Naik,Arrest,2025-07-09,Bengaluru City,Girish Iyengar
14407,24029,0,Fatima Shetty,Surrender,2025-07-09,Bengaluru City,Shivakumar Hegde
14410,24035,0,Lakshmi Rao,Arrest,2025-07-09,Mysuru,Mary Rao
14412,24037,0,Joseph Nayak,Arrest,2025-07-09,Bengaluru City,Shivakumar Patil
14414,24039,0,Imran Iyengar,Arrest,2025-07-09,Bengaluru City,Joseph Bhat
14417,24043,0,Nagaraj Shetty,Arrest,2025-07-09,Mysuru,Lakshmi Kumar
14419,24045,0,Deepak Rao,Arrest,2025-07-10,Vijayapura,Ravi Murthy
14422,24051,0,Mary Kumar,Arrest,2025-07-10,Bengaluru City,Manjunath Patil
14423,24053,0,Ravi Desai,Arrest,2025-07-10,Mangaluru (DK),Ravi Naik
14429,24063,0,Rekha Patil,Arrest,2025-07-10,Hubballi-Dharwad,Mary Kulkarni
14431,24065,0,Girish Patil,Arrest,2025-07-10,Shivamogga,Kiran Kumar
14434,24069,0,Girish Patil,Arrest,2025-07-10,Hassan,Yashwanth Kulkarni
14436,24071,0,Pooja Hegde,Arrest,2025-07-10,Ballari,Basavaraj Rao
14437,24073,0,Deepak Rao,Arrest,2025-07-10,Mysuru,Rekha Kulkarni
14439,24079,0,Yashwanth Iyengar,Arrest,2025-07-10,Bengaluru Rural,Prakash Iyengar
14441,24081,0,Pooja Reddy,Arrest,2025-07-10,Mysuru,Vinutha Reddy
14443,24083,0,Suresh Murthy,Arrest,2025-07-10,Vijayapura,Prakash Reddy
14445,24085,0,Prakash Nayak,Arrest,2025-07-10,Belagavi,Vinutha Kumar
14446,24089,0,Suresh Iyengar,Arrest,2025-07-11,Bengaluru City,Bhavana Desai
14448,24091,0,Joseph Iyengar,Surrender,2025-07-11,Ballari,Fatima Murthy
14451,24095,0,Prakash Rao,Arrest,2025-07-11,Mangaluru (DK),Imran Prasad
14453,24101,0,Mary Rao,Arrest,2025-07-11,Bengaluru City,Joseph Rao
14454,24105,0,Pooja Gowda,Surrender,2025-07-11,Bengaluru City,Fatima Kumar
14457,24109,0,Nagaraj Bhat,Arrest,2025-07-11,Ballari,Prakash Rao
14460,24115,0,Imran Kumar,Arrest,2025-07-11,Hubballi-Dharwad,Deepak Naik
14461,24117,0,Girish Kulkarni,Arrest,2025-07-11,Mysuru,Mary Murthy
14463,24119,0,Ashwini Bhat,Arrest,2025-07-11,Hassan,Chetan Hegde
14465,24121,0,Bhavana Murthy,Arrest,2025-07-11,Vijayapura,Manjunath Rao
14467,24123,0,Pooja Nayak,Arrest,2025-07-11,Shivamogga,Vinutha Bhat
14469,24127,0,Lakshmi Patil,Arrest,2025-07-11,Bengaluru City,Shivakumar Reddy
14470,24129,0,Nagaraj Reddy,Arrest,2025-07-11,Bengaluru City,Chetan Naik
14471,24131,0,Deepak Prasad,Arrest,2025-07-12,Bengaluru City,Lakshmi Hegde
14474,24137,0,Shivakumar Rao,Arrest,2025-07-12,Hubballi-Dharwad,Fatima Bhat
14475,24139,0,Nagaraj Rao,Surrender,2025-07-12,Bengaluru City,Girish Naik
14476,24141,0,Suresh Kumar,Arrest,2025-07-12,Mysuru,Prakash Rao
14478,24143,0,Pooja Iyengar,Arrest,2025-07-12,Ballari,Ashwini Prasad
14480,24147,0,Rekha Gowda,Surrender,2025-07-12,Belagavi,Pooja Reddy
14481,24149,0,Manjunath Desai,Arrest,2025-07-12,Bengaluru City,Joseph Naik
14484,24153,0,Ashwini Desai,Arrest,2025-07-12,Bengaluru City,Shivakumar Reddy
14486,24155,0,Shivakumar Naik,Arrest,2025-07-12,Udupi,Girish Murthy
14488,24159,0,Ashwini Gowda,Arrest,2025-07-12,Vijayapura,Nagaraj Kumar
14491,24165,0,Basavaraj Iyengar,Arrest,2025-07-12,Hubballi-Dharwad,Imran Bhat
14493,24167,0,Fatima Rao,Arrest,2025-07-12,Shivamogga,Rekha Murthy
14494,24171,0,Vinutha Hegde,Surrender,2025-07-12,Bengaluru City,Girish Kulkarni
14496,24173,0,Lakshmi Kulkarni,Arrest,2025-07-13,Udupi,Prakash Gowda
14498,24177,0,Deepak Reddy,Surrender,2025-07-13,Bengaluru City,Ashwini Prasad
14501,24183,0,Basavaraj Kulkarni,Arrest,2025-07-13,Mysuru,Fatima Murthy
14504,24189,0,Girish Kulkarni,Arrest,2025-07-13,Mangaluru (DK),Nagaraj Prasad
14505,24193,0,Joseph Naik,Arrest,2025-07-13,Ballari,Shivakumar Desai
14507,24195,0,Deepak Shetty,Arrest,2025-07-13,Bengaluru City,Deepak Nayak
14510,24199,0,Anitha Nayak,Arrest,2025-07-13,Mysuru,Prakash Shetty
14512,24201,0,Nagaraj Rao,Arrest,2025-07-13,Bengaluru City,Prakash Murthy
14516,24207,0,Chetan Desai,Arrest,2025-07-14,Udupi,Deepak Kumar
14518,24209,0,Rekha Hegde,Arrest,2025-07-14,Bengaluru City,Imran Prasad
14520,24211,0,Imran Bhat,Surrender,2025-07-14,Bengaluru City,Fatima Nayak
14521,24213,0,Bhavana Patil,Arrest,2025-07-14,Ballari,Bhavana Naik
14523,24215,0,Deepak Rao,Arrest,2025-07-14,Belagavi,Prakash Murthy
14526,24221,0,Imran Prasad,Surrender,2025-07-14,Bengaluru City,Prakash Kumar
14529,24225,0,Kiran Desai,Arrest,2025-07-14,Tumakuru,Deepak Prasad
14531,24227,0,Suresh Prasad,Arrest,2025-07-14,Kalaburagi,Deepak Murthy
14533,24229,0,Suresh Patil,Arrest,2025-07-14,Belagavi,Kiran Iyengar
14536,24233,0,Bhavana Gowda,Arrest,2025-07-15,Hubballi-Dharwad,Basavaraj Patil
14538,24235,0,Basavaraj Prasad,Arrest,2025-07-15,Bengaluru City,Joseph Bhat
14540,24241,0,Imran Rao,Arrest,2025-07-15,Udupi,Ravi Hegde
14541,24245,0,Shivakumar Gowda,Arrest,2025-07-15,Mysuru,Basavaraj Rao
14544,24255,0,Mary Iyengar,Arrest,2025-07-15,Bengaluru Rural,Imran Nayak
14545,24257,0,Girish Patil,Surrender,2025-07-15,Bengaluru Rural,Anitha Patil
14546,24259,0,Bhavana Naik,Arrest,2025-07-15,Bengaluru City,Girish Kumar
14547,24261,0,Yashwanth Reddy,Surrender,2025-07-15,Belagavi,Joseph Rao
14549,24263,0,Ashwini Patil,Arrest,2025-07-15,Bengaluru Rural,Pooja Desai
14551,24267,0,Lakshmi Prasad,Arrest,2025-07-15,Hassan,Prakash Gowda
14552,24271,0,Anitha Rao,Arrest,2025-07-15,Bengaluru City,Basavaraj Patil
14554,24273,0,Fatima Kumar,Arrest,2025-07-16,Mysuru,Lakshmi Prasad
14556,24275,0,Prakash Prasad,Arrest,2025-07-16,Kalaburagi,Manjunath Nayak
14558,24279,0,Imran Hegde,Surrender,2025-07-16,Hubballi-Dharwad,Manjunath Nayak
14560,24283,0,Kiran Rao,Arrest,2025-07-16,Mangaluru (DK),Girish Murthy
14563,24287,0,Vinutha Rao,Surrender,2025-07-16,Tumakuru,Ravi Prasad
14565,24289,0,Basavaraj Gowda,Arrest,2025-07-16,Belagavi,Rekha Patil
14568,24293,0,Deepak Desai,Arrest,2025-07-16,Belagavi,Anitha Shetty
14570,24297,0,Bhavana Prasad,Arrest,2025-07-16,Belagavi,Lakshmi Patil
14572,24299,0,Girish Kulkarni,Arrest,2025-07-16,Ballari,Kiran Reddy
14573,24303,0,Suresh Kumar,Surrender,2025-07-16,Bengaluru City,Chetan Patil
14576,24309,0,Ravi Kumar,Arrest,2025-07-16,Hubballi-Dharwad,Ravi Iyengar
14578,24311,0,Lakshmi Kumar,Surrender,2025-07-16,Ballari,Imran Shetty
14581,24319,0,Girish Prasad,Arrest,2025-07-16,Bengaluru City,Ravi Naik
14583,24321,0,Basavaraj Nayak,Arrest,2025-07-16,Bengaluru City,Bhavana Bhat
14585,24327,0,Chetan Kulkarni,Arrest,2025-07-17,Bengaluru City,Joseph Iyengar
14587,24331,0,Prakash Gowda,Arrest,2025-07-17,Bengaluru City,Nagaraj Shetty
14589,24333,0,Joseph Gowda,Arrest,2025-07-17,Bengaluru City,Fatima Reddy
14590,24337,0,Bhavana Desai,Arrest,2025-07-17,Ballari,Shivakumar Rao
14591,24345,0,Basavaraj Reddy,Arrest,2025-07-17,Belagavi,Nagaraj Patil
14592,24349,0,Manjunath Murthy,Arrest,2025-07-17,Mysuru,Deepak Patil
14595,24353,0,Yashwanth Murthy,Arrest,2025-07-17,Bengaluru City,Mary Hegde
14598,24361,0,Rekha Desai,Arrest,2025-07-18,Bengaluru City,Joseph Murthy
14599,24363,0,Chetan Kulkarni,Arrest,2025-07-18,Mysuru,Anitha Gowda
14601,24365,0,Manjunath Bhat,Surrender,2025-07-18,Mysuru,Chetan Prasad
14602,24367,0,Bhavana Desai,Surrender,2025-07-18,Ballari,Fatima Rao
14604,24369,0,Basavaraj Naik,Arrest,2025-07-18,Belagavi,Imran Kumar
14605,24373,0,Nagaraj Shetty,Arrest,2025-07-18,Tumakuru,Suresh Prasad
14607,24375,0,Suresh Gowda,Arrest,2025-07-18,Hassan,Manjunath Iyengar
14608,24381,0,Mary Reddy,Arrest,2025-07-18,Ballari,Shivakumar Rao
14611,24387,0,Yashwanth Rao,Arrest,2025-07-18,Bengaluru City,Lakshmi Patil
14615,24395,0,Chetan Kulkarni,Arrest,2025-07-18,Bengaluru City,Suresh Shetty
14617,24397,0,Vinutha Kumar,Surrender,2025-07-18,Bengaluru City,Kiran Bhat
14620,24401,0,Pooja Rao,Arrest,2025-07-18,Bengaluru City,Imran Kumar
14622,24403,0,Lakshmi Iyengar,Arrest,2025-07-19,Hassan,Rekha Gowda
14623,24405,0,Kiran Hegde,Arrest,2025-07-19,Kalaburagi,Joseph Kulkarni
14625,24407,0,Prakash Kumar,Arrest,2025-07-19,Hubballi-Dharwad,Basavaraj Rao
14626,24409,0,Ravi Desai,Arrest,2025-07-19,Hassan,Prakash Nayak
14628,24411,0,Girish Rao,Arrest,2025-07-19,Hassan,Ravi Bhat
14630,24415,0,Deepak Iyengar,Arrest,2025-07-19,Davanagere,Ashwini Iyengar
14631,24417,0,Fatima Desai,Arrest,2025-07-19,Hassan,Ashwini Murthy
14633,24419,0,Rekha Naik,Arrest,2025-07-19,Kalaburagi,Suresh Hegde
14635,24421,0,Pooja Shetty,Arrest,2025-07-19,Kalaburagi,Manjunath Nayak
14636,24423,0,Rekha Gowda,Arrest,2025-07-19,Bengaluru City,Vinutha Patil
14638,24427,0,Shivakumar Bhat,Arrest,2025-07-19,Vijayapura,Suresh Hegde
14639,24429,0,Suresh Rao,Surrender,2025-07-19,Bengaluru City,Rekha Hegde
14641,24431,0,Girish Rao,Arrest,2025-07-19,Kalaburagi,Rekha Patil
14642,24433,0,Vinutha Bhat,Arrest,2025-07-19,Bengaluru City,Girish Hegde
14644,24435,0,Nagaraj Desai,Arrest,2025-07-19,Belagavi,Pooja Naik
14646,24439,0,Fatima Shetty,Arrest,2025-07-19,Bengaluru City,Mary Naik
14648,24443,0,Nagaraj Patil,Arrest,2025-07-19,Kalaburagi,Basavaraj Prasad
14649,24445,0,Rekha Shetty,Arrest,2025-07-19,Belagavi,Bhavana Rao
14653,24453,0,Vinutha Bhat,Arrest,2025-07-20,Kalaburagi,Prakash Iyengar
14655,24455,0,Lakshmi Patil,Arrest,2025-07-20,Bengaluru City,Fatima Shetty
14657,24457,0,Basavaraj Iyengar,Arrest,2025-07-20,Davanagere,Bhavana Rao
14659,24459,0,Imran Hegde,Arrest,2025-07-20,Hubballi-Dharwad,Chetan Murthy
14661,24461,0,Anitha Gowda,Arrest,2025-07-20,Udupi,Nagaraj Prasad
14663,24463,0,Yashwanth Reddy,Arrest,2025-07-20,Vijayapura,Mary Nayak
14665,24465,0,Manjunath Desai,Arrest,2025-07-20,Raichur,Suresh Bhat
14666,24469,0,Vinutha Desai,Arrest,2025-07-20,Bengaluru City,Ravi Patil
14669,24475,0,Vinutha Naik,Arrest,2025-07-20,Bengaluru City,Deepak Reddy
14671,24477,0,Kiran Nayak,Surrender,2025-07-20,Hubballi-Dharwad,Kiran Shetty
14672,24479,0,Girish Nayak,Arrest,2025-07-20,Bengaluru City,Manjunath Bhat
14674,24489,0,Yashwanth Iyengar,Arrest,2025-07-20,Belagavi,Anitha Rao
14676,24491,0,Imran Desai,Arrest,2025-07-20,Ballari,Bhavana Hegde
14679,24497,0,Prakash Murthy,Arrest,2025-07-21,Shivamogga,Imran Murthy
14680,24499,0,Bhavana Kulkarni,Arrest,2025-07-21,Bengaluru City,Deepak Reddy
14684,24509,0,Anitha Rao,Arrest,2025-07-21,Shivamogga,Prakash Gowda
14685,24513,0,Prakash Nayak,Surrender,2025-07-21,Vijayapura,Joseph Nayak
14688,24517,0,Rekha Shetty,Arrest,2025-07-21,Bengaluru City,Pooja Naik
14690,24523,0,Lakshmi Reddy,Surrender,2025-07-21,Mysuru,Nagaraj Naik
14692,24525,0,Basavaraj Hegde,Arrest,2025-07-21,Tumakuru,Joseph Gowda
14694,24529,0,Bhavana Hegde,Arrest,2025-07-21,Bengaluru City,Deepak Patil
14695,24531,0,Yashwanth Hegde,Arrest,2025-07-21,Bengaluru City,Deepak Iyengar
14697,24535,0,Yashwanth Rao,Arrest,2025-07-21,Hubballi-Dharwad,Mary Kumar
14699,24537,0,Fatima Rao,Arrest,2025-07-21,Hubballi-Dharwad,Girish Nayak
14701,24539,0,Lakshmi Murthy,Arrest,2025-07-21,Bengaluru City,Pooja Naik
14704,24545,0,Suresh Reddy,Arrest,2025-07-21,Davanagere,Imran Shetty
14705,24547,0,Mary Hegde,Arrest,2025-07-21,Bengaluru City,Rekha Iyengar
14707,24551,0,Suresh Bhat,Arrest,2025-07-22,Davanagere,Bhavana Kumar
14708,24553,0,Suresh Desai,Arrest,2025-07-22,Tumakuru,Kiran Shetty
14710,24555,0,Nagaraj Bhat,Surrender,2025-07-22,Belagavi,Mary Bhat
14713,24559,0,Suresh Patil,Arrest,2025-07-22,Belagavi,Deepak Gowda
14715,24561,0,Deepak Desai,Arrest,2025-07-22,Ballari,Vinutha Nayak
14717,24565,0,Mary Reddy,Arrest,2025-07-22,Hubballi-Dharwad,Rekha Nayak
14719,24567,0,Pooja Gowda,Surrender,2025-07-22,Mangaluru (DK),Ravi Iyengar
14721,24569,0,Rekha Gowda,Arrest,2025-07-22,Davanagere,Shivakumar Kumar
14723,24571,0,Manjunath Prasad,Surrender,2025-07-22,Raichur,Prakash Murthy
14724,24573,0,Ravi Kumar,Arrest,2025-07-22,Ballari,Prakash Gowda
14726,24577,0,Joseph Reddy,Arrest,2025-07-22,Bengaluru City,Imran Bhat
14728,24581,0,Suresh Kulkarni,Surrender,2025-07-22,Bengaluru City,Fatima Iyengar
14730,24587,0,Vinutha Shetty,Arrest,2025-07-23,Bengaluru City,Basavaraj Bhat
14732,24589,0,Manjunath Naik,Arrest,2025-07-23,Bengaluru City,Manjunath Kulkarni
14734,24593,0,Ashwini Bhat,Arrest,2025-07-23,Bengaluru City,Pooja Gowda
14735,24595,0,Nagaraj Patil,Arrest,2025-07-23,Bengaluru City,Girish Kulkarni
14737,24599,0,Pooja Shetty,Arrest,2025-07-23,Tumakuru,Shivakumar Reddy
14739,24601,0,Joseph Rao,Arrest,2025-07-23,Kalaburagi,Imran Desai
14741,24603,0,Deepak Nayak,Arrest,2025-07-23,Bengaluru Rural,Nagaraj Prasad
14743,24605,0,Yashwanth Rao,Arrest,2025-07-23,Tumakuru,Vinutha Naik
14744,24609,0,Ashwini Desai,Arrest,2025-07-23,Bengaluru City,Mary Reddy
14746,24613,0,Girish Murthy,Arrest,2025-07-23,Bengaluru City,Yashwanth Prasad
14748,24617,0,Pooja Reddy,Arrest,2025-07-23,Bengaluru City,Ravi Hegde
14750,24621,0,Shivakumar Kulkarni,Arrest,2025-07-23,Mysuru,Nagaraj Naik
14752,24623,0,Shivakumar Bhat,Surrender,2025-07-23,Mysuru,Prakash Gowda
14754,24625,0,Yashwanth Prasad,Surrender,2025-07-23,Bengaluru City,Nagaraj Murthy
14756,24627,0,Ashwini Gowda,Arrest,2025-07-24,Raichur,Rekha Hegde
14757,24629,0,Rekha Desai,Arrest,2025-07-24,Bengaluru City,Mary Shetty
14759,24631,0,Deepak Reddy,Arrest,2025-07-24,Mysuru,Manjunath Bhat
14760,24635,0,Imran Naik,Arrest,2025-07-24,Hassan,Ashwini Naik
14762,24637,0,Prakash Bhat,Surrender,2025-07-24,Bengaluru Rural,Girish Murthy
14763,24639,0,Prakash Hegde,Arrest,2025-07-24,Bengaluru City,Joseph Kumar
14764,24641,0,Joseph Bhat,Arrest,2025-07-24,Belagavi,Basavaraj Patil
14768,24649,0,Deepak Rao,Arrest,2025-07-24,Raichur,Basavaraj Iyengar
14769,24651,0,Prakash Hegde,Arrest,2025-07-24,Bengaluru City,Lakshmi Desai
14770,24653,0,Fatima Kumar,Arrest,2025-07-25,Bengaluru Rural,Chetan Murthy
14772,24655,0,Pooja Naik,Arrest,2025-07-25,Mysuru,Kiran Rao
14776,24661,0,Prakash Prasad,Surrender,2025-07-25,Belagavi,Manjunath Shetty
14777,24667,0,Shivakumar Murthy,Surrender,2025-07-25,Vijayapura,Mary Naik
14779,24669,0,Ashwini Reddy,Arrest,2025-07-25,Bengaluru City,Bhavana Rao
14781,24671,0,Lakshmi Naik,Arrest,2025-07-25,Bengaluru City,Yashwanth Hegde
14783,24673,0,Ravi Gowda,Arrest,2025-07-25,Hubballi-Dharwad,Chetan Hegde
14787,24679,0,Suresh Prasad,Arrest,2025-07-25,Hubballi-Dharwad,Shivakumar Naik
14788,24681,0,Ashwini Shetty,Arrest,2025-07-25,Udupi,Vinutha Bhat
14789,24683,0,Anitha Gowda,Arrest,2025-07-25,Bengaluru City,Suresh Gowda
14793,24691,0,Shivakumar Kumar,Surrender,2025-07-26,Bengaluru City,Yashwanth Nayak
14794,24695,0,Prakash Gowda,Arrest,2025-07-26,Bengaluru City,Anitha Iyengar
14795,24697,0,Deepak Patil,Arrest,2025-07-26,Bengaluru City,Lakshmi Iyengar
14796,24701,0,Lakshmi Prasad,Arrest,2025-07-26,Bengaluru Rural,Ravi Prasad
14798,24703,0,Chetan Hegde,Arrest,2025-07-26,Bengaluru City,Chetan Gowda
14801,24707,0,Nagaraj Gowda,Arrest,2025-07-26,Hubballi-Dharwad,Imran Nayak
14803,24709,0,Yashwanth Reddy,Arrest,2025-07-26,Mysuru,Imran Prasad
14804,24711,0,Fatima Murthy,Arrest,2025-07-26,Mysuru,Joseph Kulkarni
14806,24713,0,Rekha Patil,Arrest,2025-07-26,Bengaluru City,Joseph Hegde
14807,24715,0,Vinutha Gowda,Arrest,2025-07-26,Mysuru,Rekha Bhat
14808,24719,0,Yashwanth Shetty,Arrest,2025-07-26,Mysuru,Anitha Patil
14810,24721,0,Suresh Iyengar,Arrest,2025-07-26,Bengaluru City,Joseph Nayak
14812,24723,0,Joseph Prasad,Arrest,2025-07-26,Bengaluru City,Rekha Patil
14814,24725,0,Prakash Hegde,Arrest,2025-07-26,Bengaluru City,Deepak Gowda
14815,24727,0,Manjunath Prasad,Arrest,2025-07-26,Bengaluru City,Nagaraj Bhat
14817,24729,0,Imran Gowda,Arrest,2025-07-26,Hassan,Bhavana Murthy
14818,24731,0,Nagaraj Kulkarni,Arrest,2025-07-26,Bengaluru Rural,Suresh Iyengar
14822,24741,0,Kiran Hegde,Arrest,2025-07-27,Shivamogga,Bhavana Prasad
14823,24743,0,Deepak Prasad,Surrender,2025-07-27,Bengaluru City,Kiran Shetty
14825,24745,0,Girish Murthy,Arrest,2025-07-27,Belagavi,Girish Reddy
14827,24747,0,Anitha Nayak,Arrest,2025-07-27,Bengaluru City,Prakash Murthy
14828,24749,0,Prakash Naik,Arrest,2025-07-27,Tumakuru,Manjunath Kulkarni
14829,24751,0,Bhavana Shetty,Arrest,2025-07-27,Ballari,Ashwini Rao
14831,24753,0,Ravi Naik,Arrest,2025-07-27,Belagavi,Ravi Prasad
14833,24755,0,Yashwanth Bhat,Arrest,2025-07-27,Bengaluru City,Rekha Patil
14835,24757,0,Fatima Patil,Arrest,2025-07-27,Bengaluru Rural,Yashwanth Hegde
14836,24759,0,Yashwanth Bhat,Arrest,2025-07-27,Davanagere,Chetan Iyengar
14840,24767,0,Mary Desai,Arrest,2025-07-27,Bengaluru Rural,Anitha Reddy
14842,24769,0,Fatima Reddy,Arrest,2025-07-27,Udupi,Ravi Kumar
14845,24775,0,Yashwanth Naik,Surrender,2025-07-27,Vijayapura,Shivakumar Rao
14847,24779,0,Lakshmi Prasad,Arrest,2025-07-27,Hubballi-Dharwad,Rekha Patil
14849,24781,0,Joseph Bhat,Arrest,2025-07-28,Bengaluru City,Ravi Hegde
14852,24785,0,Pooja Patil,Arrest,2025-07-28,Kalaburagi,Ravi Bhat
14857,24793,0,Shivakumar Reddy,Arrest,2025-07-28,Ballari,Shivakumar Kulkarni
14859,24797,0,Shivakumar Hegde,Arrest,2025-07-28,Kalaburagi,Suresh Hegde
14861,24799,0,Basavaraj Prasad,Arrest,2025-07-28,Ballari,Imran Desai
14862,24801,0,Ashwini Bhat,Arrest,2025-07-28,Mysuru,Nagaraj Reddy
14866,24813,0,Mary Murthy,Surrender,2025-07-29,Bengaluru City,Joseph Rao
14870,24821,0,Shivakumar Naik,Surrender,2025-07-29,Bengaluru City,Fatima Naik
14871,24823,0,Kiran Hegde,Arrest,2025-07-29,Bengaluru City,Deepak Kumar
14872,24825,0,Deepak Reddy,Surrender,2025-07-29,Belagavi,Anitha Kulkarni
14875,24833,0,Manjunath Rao,Arrest,2025-07-29,Belagavi,Vinutha Nayak
14876,24837,0,Anitha Desai,Arrest,2025-07-29,Kalaburagi,Pooja Hegde
14879,24841,0,Rekha Reddy,Surrender,2025-07-29,Mysuru,Bhavana Prasad
14880,24843,0,Yashwanth Patil,Arrest,2025-07-29,Ballari,Manjunath Murthy
14882,24845,0,Pooja Murthy,Arrest,2025-07-29,Raichur,Nagaraj Gowda
14883,24847,0,Nagaraj Desai,Arrest,2025-07-29,Tumakuru,Pooja Prasad
14885,24849,0,Anitha Shetty,Arrest,2025-07-29,Bengaluru Rural,Nagaraj Shetty
14888,24855,0,Shivakumar Desai,Arrest,2025-07-29,Bengaluru City,Prakash Shetty
14889,24857,0,Mary Hegde,Arrest,2025-07-30,Bengaluru City,Kiran Gowda
14891,24861,0,Kiran Murthy,Arrest,2025-07-30,Bengaluru City,Nagaraj Naik
14894,24865,0,Kiran Gowda,Arrest,2025-07-30,Mangaluru (DK),Deepak Bhat
14896,24867,0,Shivakumar Gowda,Arrest,2025-07-30,Mysuru,Girish Bhat
14900,24873,0,Joseph Shetty,Surrender,2025-07-30,Mysuru,Girish Nayak
14902,24875,0,Ashwini Murthy,Arrest,2025-07-30,Mysuru,Nagaraj Prasad
14905,24879,0,Chetan Kulkarni,Arrest,2025-07-30,Bengaluru Rural,Fatima Iyengar
14909,24887,0,Joseph Hegde,Arrest,2025-07-30,Mysuru,Manjunath Rao
14911,24893,0,Shivakumar Naik,Arrest,2025-07-30,Bengaluru City,Shivakumar Kumar
14913,24895,0,Imran Murthy,Arrest,2025-07-30,Bengaluru City,Fatima Shetty
14916,24903,0,Mary Iyengar,Surrender,2025-07-31,Vijayapura,Joseph Bhat
14918,24905,0,Vinutha Patil,Surrender,2025-07-31,Raichur,Fatima Bhat
14921,24911,0,Joseph Shetty,Arrest,2025-07-31,Bengaluru City,Nagaraj Naik
14923,24913,0,Vinutha Patil,Arrest,2025-07-31,Tumakuru,Basavaraj Shetty
14925,24915,0,Manjunath Reddy,Arrest,2025-07-31,Kalaburagi,Ravi Bhat
14926,24917,0,Ashwini Iyengar,Arrest,2025-07-31,Bengaluru City,Pooja Gowda
14928,24919,0,Yashwanth Rao,Arrest,2025-07-31,Mysuru,Prakash Gowda
14932,24929,0,Fatima Murthy,Surrender,2025-07-31,Bengaluru City,Suresh Kulkarni
14938,24939,0,Nagaraj Murthy,Arrest,2025-08-01,Vijayapura,Fatima Patil
14941,24943,0,Lakshmi Nayak,Arrest,2025-08-01,Davanagere,Mary Bhat
14944,24949,0,Imran Gowda,Arrest,2025-08-01,Bengaluru Rural,Rekha Shetty
14946,24953,0,Anitha Nayak,Surrender,2025-08-01,Bengaluru City,Basavaraj Kulkarni
14948,24955,0,Suresh Iyengar,Arrest,2025-08-01,Hassan,Vinutha Gowda
14951,24959,0,Pooja Iyengar,Arrest,2025-08-01,Bengaluru City,Lakshmi Prasad
14953,24961,0,Chetan Hegde,Arrest,2025-08-01,Bengaluru City,Ashwini Hegde
14954,24963,0,Fatima Naik,Arrest,2025-08-01,Bengaluru City,Yashwanth Naik
14955,24965,0,Girish Kulkarni,Arrest,2025-08-01,Bengaluru City,Lakshmi Prasad
14958,24969,0,Joseph Kumar,Arrest,2025-08-01,Bengaluru City,Lakshmi Gowda
14959,24971,0,Nagaraj Nayak,Arrest,2025-08-01,Hubballi-Dharwad,Ashwini Desai
14961,24975,0,Imran Hegde,Surrender,2025-08-01,Bengaluru City,Anitha Desai
14963,24977,0,Mary Murthy,Arrest,2025-08-01,Vijayapura,Pooja Hegde
14964,24979,0,Yashwanth Kumar,Arrest,2025-08-02,Hubballi-Dharwad,Girish Prasad
14965,24981,0,Bhavana Desai,Arrest,2025-08-02,Vijayapura,Pooja Bhat
14966,24983,0,Nagaraj Shetty,Arrest,2025-08-02,Vijayapura,Prakash Bhat
14968,24985,0,Deepak Murthy,Arrest,2025-08-02,Mysuru,Mary Hegde
14971,24991,0,Mary Bhat,Arrest,2025-08-02,Mysuru,Chetan Iyengar
14973,24993,0,Imran Murthy,Arrest,2025-08-02,Shivamogga,Vinutha Desai
14974,24995,0,Ravi Shetty,Arrest,2025-08-02,Bengaluru City,Lakshmi Desai
14977,24999,0,Ashwini Desai,Arrest,2025-08-02,Shivamogga,Rekha Nayak
14979,25003,0,Manjunath Nayak,Arrest,2025-08-02,Mysuru,Anitha Naik
14981,25005,0,Girish Rao,Arrest,2025-08-02,Tumakuru,Pooja Patil
14982,25007,0,Lakshmi Shetty,Arrest,2025-08-02,Hubballi-Dharwad,Shivakumar Bhat
14986,25013,0,Shivakumar Nayak,Arrest,2025-08-02,Shivamogga,Imran Iyengar
14988,25015,0,Joseph Murthy,Arrest,2025-08-02,Udupi,Basavaraj Reddy
14990,25017,0,Deepak Hegde,Arrest,2025-08-02,Mysuru,Imran Iyengar
14993,25021,0,Girish Desai,Arrest,2025-08-03,Bengaluru Rural,Basavaraj Patil
14995,25023,0,Girish Patil,Arrest,2025-08-03,Tumakuru,Fatima Iyengar
14997,25025,0,Ravi Hegde,Surrender,2025-08-03,Bengaluru City,Nagaraj Desai
14999,25029,0,Lakshmi Desai,Surrender,2025-08-03,Bengaluru City,Vinutha Gowda
15001,25031,0,Kiran Nayak,Arrest,2025-08-03,Belagavi,Fatima Kumar
15004,25035,0,Bhavana Rao,Surrender,2025-08-03,Mysuru,Anitha Naik
15005,25037,0,Suresh Iyengar,Arrest,2025-08-03,Raichur,Lakshmi Murthy
15008,25041,0,Vinutha Shetty,Arrest,2025-08-03,Hubballi-Dharwad,Pooja Nayak
15009,25043,0,Fatima Iyengar,Surrender,2025-08-03,Mysuru,Anitha Kumar
15011,25045,0,Yashwanth Bhat,Arrest,2025-08-03,Mysuru,Pooja Reddy
15012,25047,0,Basavaraj Nayak,Arrest,2025-08-03,Bengaluru City,Pooja Patil
15014,25049,0,Girish Gowda,Arrest,2025-08-03,Hubballi-Dharwad,Shivakumar Gowda
15016,25051,0,Deepak Prasad,Arrest,2025-08-03,Shivamogga,Bhavana Kumar
15017,25053,0,Mary Murthy,Arrest,2025-08-03,Bengaluru City,Chetan Shetty
15018,25055,0,Yashwanth Shetty,Arrest,2025-08-03,Udupi,Ashwini Hegde
15020,25057,0,Pooja Hegde,Surrender,2025-08-04,Hubballi-Dharwad,Lakshmi Hegde
15022,25059,0,Suresh Kulkarni,Arrest,2025-08-04,Bengaluru City,Manjunath Nayak
15023,25061,0,Suresh Rao,Arrest,2025-08-04,Belagavi,Imran Reddy
15025,25063,0,Rekha Shetty,Arrest,2025-08-04,Mangaluru (DK),Girish Nayak
15026,25065,0,Pooja Rao,Arrest,2025-08-04,Davanagere,Imran Bhat
15027,25067,0,Nagaraj Iyengar,Arrest,2025-08-04,Shivamogga,Anitha Gowda
15028,25069,0,Yashwanth Reddy,Arrest,2025-08-04,Bengaluru City,Ravi Bhat
15030,25071,0,Chetan Nayak,Arrest,2025-08-04,Bengaluru City,Imran Bhat
15033,25075,0,Joseph Gowda,Surrender,2025-08-04,Bengaluru City,Rekha Naik
15035,25079,0,Nagaraj Nayak,Arrest,2025-08-04,Hassan,Joseph Hegde
15038,25083,0,Vinutha Nayak,Surrender,2025-08-04,Bengaluru City,Ravi Kulkarni
15039,25085,0,Chetan Shetty,Arrest,2025-08-04,Bengaluru Rural,Ashwini Naik
15040,25087,0,Mary Desai,Arrest,2025-08-04,Bengaluru City,Kiran Kumar
15042,25093,0,Anitha Iyengar,Arrest,2025-08-04,Bengaluru City,Prakash Prasad
15044,25101,0,Bhavana Hegde,Arrest,2025-08-05,Mysuru,Kiran Gowda
15046,25103,0,Suresh Desai,Surrender,2025-08-05,Davanagere,Chetan Desai
15049,25107,0,Mary Murthy,Arrest,2025-08-05,Mangaluru (DK),Rekha Kulkarni
15052,25111,0,Girish Gowda,Arrest,2025-08-05,Mysuru,Chetan Patil
15054,25113,0,Ashwini Shetty,Surrender,2025-08-05,Bengaluru City,Pooja Naik
15055,25115,0,Lakshmi Shetty,Arrest,2025-08-05,Bengaluru City,Deepak Iyengar
15057,25117,0,Yashwanth Hegde,Arrest,2025-08-05,Belagavi,Kiran Iyengar
15058,25119,0,Pooja Bhat,Arrest,2025-08-05,Bengaluru City,Joseph Kumar
15060,25123,0,Kiran Patil,Arrest,2025-08-05,Mysuru,Anitha Naik
15062,25125,0,Rekha Iyengar,Arrest,2025-08-05,Bengaluru City,Girish Patil
15070,25141,0,Prakash Kulkarni,Arrest,2025-08-06,Mangaluru (DK),Manjunath Murthy
15071,25143,0,Shivakumar Shetty,Arrest,2025-08-06,Bengaluru City,Imran Patil
15072,25145,0,Rekha Naik,Arrest,2025-08-06,Hubballi-Dharwad,Mary Kulkarni
15074,25151,0,Manjunath Kulkarni,Arrest,2025-08-06,Bengaluru City,Ravi Patil
15075,25153,0,Girish Rao,Arrest,2025-08-06,Mysuru,Ashwini Shetty
15076,25155,0,Deepak Kumar,Arrest,2025-08-06,Ballari,Prakash Reddy
15077,25159,0,Basavaraj Naik,Surrender,2025-08-06,Udupi,Lakshmi Prasad
15079,25161,0,Pooja Hegde,Arrest,2025-08-06,Bengaluru City,Chetan Prasad
15081,25165,0,Yashwanth Bhat,Arrest,2025-08-06,Bengaluru City,Joseph Prasad
15083,25169,0,Shivakumar Gowda,Arrest,2025-08-06,Hubballi-Dharwad,Pooja Rao
15085,25171,0,Imran Kumar,Arrest,2025-08-06,Mysuru,Rekha Bhat
15086,25173,0,Yashwanth Murthy,Arrest,2025-08-06,Kalaburagi,Fatima Shetty
15088,25177,0,Bhavana Patil,Arrest,2025-08-06,Mangaluru (DK),Ashwini Gowda
15089,25179,0,Pooja Rao,Arrest,2025-08-06,Ballari,Vinutha Murthy
15091,25181,0,Kiran Kumar,Surrender,2025-08-07,Bengaluru City,Anitha Murthy
15093,25183,0,Nagaraj Hegde,Arrest,2025-08-07,Bengaluru City,Ashwini Iyengar
15095,25185,0,Rekha Rao,Arrest,2025-08-07,Kalaburagi,Fatima Murthy
15099,25193,0,Fatima Patil,Arrest,2025-08-07,Raichur,Ravi Hegde
15101,25195,0,Yashwanth Desai,Arrest,2025-08-07,Bengaluru Rural,Ravi Murthy
15102,25197,0,Bhavana Reddy,Arrest,2025-08-07,Mysuru,Vinutha Gowda
15104,25199,0,Girish Reddy,Arrest,2025-08-07,Hassan,Deepak Patil
15106,25201,0,Basavaraj Bhat,Arrest,2025-08-07,Bengaluru City,Shivakumar Kulkarni
15107,25203,0,Anitha Bhat,Arrest,2025-08-07,Tumakuru,Suresh Iyengar
15109,25205,0,Ravi Shetty,Arrest,2025-08-07,Mysuru,Prakash Hegde
15111,25207,0,Mary Reddy,Arrest,2025-08-07,Belagavi,Chetan Bhat
15113,25209,0,Deepak Gowda,Arrest,2025-08-07,Mangaluru (DK),Kiran Naik
15115,25213,0,Bhavana Reddy,Arrest,2025-08-07,Shivamogga,Deepak Naik
15118,25217,0,Bhavana Naik,Arrest,2025-08-07,Bengaluru Rural,Yashwanth Hegde
15119,25219,0,Ravi Bhat,Surrender,2025-08-07,Ballari,Nagaraj Kumar
15121,25221,0,Nagaraj Reddy,Arrest,2025-08-07,Davanagere,Basavaraj Prasad
15123,25225,0,Rekha Reddy,Arrest,2025-08-07,Tumakuru,Chetan Shetty
15124,25227,0,Lakshmi Rao,Arrest,2025-08-07,Hubballi-Dharwad,Bhavana Desai
15127,25231,0,Vinutha Patil,Arrest,2025-08-08,Belagavi,Fatima Desai
15129,25237,0,Anitha Iyengar,Surrender,2025-08-08,Shivamogga,Anitha Kulkarni
15131,25239,0,Vinutha Desai,Surrender,2025-08-08,Bengaluru City,Lakshmi Kumar
15133,25241,0,Shivakumar Desai,Arrest,2025-08-08,Hubballi-Dharwad,Prakash Kulkarni
15136,25249,0,Fatima Reddy,Arrest,2025-08-08,Vijayapura,Girish Shetty
15139,25253,0,Ashwini Murthy,Surrender,2025-08-08,Mangaluru (DK),Nagaraj Iyengar
15141,25257,0,Vinutha Hegde,Arrest,2025-08-08,Belagavi,Vinutha Naik
15143,25259,0,Lakshmi Naik,Arrest,2025-08-08,Mangaluru (DK),Deepak Murthy
15144,25261,0,Bhavana Naik,Arrest,2025-08-08,Mysuru,Mary Reddy
15145,25263,0,Prakash Hegde,Arrest,2025-08-08,Belagavi,Lakshmi Bhat
15149,25269,0,Ravi Hegde,Arrest,2025-08-08,Bengaluru City,Manjunath Hegde
15150,25271,0,Chetan Murthy,Arrest,2025-08-08,Bengaluru City,Vinutha Murthy
15152,25273,0,Chetan Hegde,Arrest,2025-08-08,Bengaluru City,Rekha Rao
15154,25277,0,Bhavana Desai,Arrest,2025-08-09,Shivamogga,Anitha Hegde
15158,25283,0,Ravi Kumar,Arrest,2025-08-09,Bengaluru City,Lakshmi Kulkarni
15159,25285,0,Prakash Gowda,Arrest,2025-08-09,Mangaluru (DK),Imran Desai
15161,25289,0,Pooja Gowda,Arrest,2025-08-09,Mysuru,Lakshmi Kumar
15163,25291,0,Yashwanth Patil,Arrest,2025-08-09,Bengaluru Rural,Bhavana Patil
15166,25299,0,Manjunath Kulkarni,Arrest,2025-08-09,Hubballi-Dharwad,Anitha Gowda
15168,25301,0,Basavaraj Reddy,Arrest,2025-08-09,Hubballi-Dharwad,Kiran Kumar
15170,25305,0,Manjunath Naik,Arrest,2025-08-09,Hubballi-Dharwad,Pooja Murthy
15171,25307,0,Girish Kumar,Arrest,2025-08-09,Bengaluru City,Lakshmi Nayak
15173,25309,0,Nagaraj Hegde,Surrender,2025-08-09,Tumakuru,Yashwanth Bhat
15178,25319,0,Chetan Bhat,Arrest,2025-08-09,Mysuru,Imran Murthy
15180,25323,0,Lakshmi Iyengar,Arrest,2025-08-09,Belagavi,Lakshmi Bhat
15182,25325,0,Mary Murthy,Surrender,2025-08-09,Hubballi-Dharwad,Anitha Reddy
15183,25327,0,Pooja Hegde,Arrest,2025-08-09,Mysuru,Shivakumar Desai
15186,25331,0,Vinutha Gowda,Arrest,2025-08-10,Mysuru,Suresh Iyengar
15188,25333,0,Imran Shetty,Arrest,2025-08-10,Hubballi-Dharwad,Prakash Hegde
15190,25335,0,Joseph Rao,Arrest,2025-08-10,Shivamogga,Chetan Patil
15192,25337,0,Basavaraj Iyengar,Arrest,2025-08-10,Davanagere,Yashwanth Kumar
15193,25339,0,Vinutha Kumar,Surrender,2025-08-10,Bengaluru City,Mary Murthy
15195,25341,0,Fatima Naik,Arrest,2025-08-10,Udupi,Girish Nayak
15197,25345,0,Shivakumar Reddy,Arrest,2025-08-10,Bengaluru City,Suresh Iyengar
15199,25347,0,Bhavana Kulkarni,Surrender,2025-08-10,Hubballi-Dharwad,Prakash Kulkarni
15201,25349,0,Bhavana Kumar,Arrest,2025-08-10,Tumakuru,Rekha Nayak
15202,25351,0,Kiran Patil,Surrender,2025-08-10,Vijayapura,Ravi Kulkarni
15204,25353,0,Suresh Prasad,Arrest,2025-08-10,Hubballi-Dharwad,Kiran Reddy
15212,25373,0,Deepak Hegde,Arrest,2025-08-11,Kalaburagi,Manjunath Desai
15215,25377,0,Kiran Murthy,Surrender,2025-08-11,Belagavi,Bhavana Kumar
15216,25381,0,Rekha Iyengar,Surrender,2025-08-11,Mangaluru (DK),Lakshmi Prasad
15218,25383,0,Ravi Rao,Arrest,2025-08-11,Mangaluru (DK),Chetan Kumar
15221,25387,0,Prakash Iyengar,Surrender,2025-08-11,Tumakuru,Anitha Murthy
15223,25389,0,Pooja Patil,Arrest,2025-08-11,Davanagere,Yashwanth Rao
15225,25395,0,Chetan Kulkarni,Arrest,2025-08-11,Bengaluru Rural,Prakash Kumar
15227,25397,0,Vinutha Gowda,Surrender,2025-08-11,Belagavi,Manjunath Kulkarni
15228,25401,0,Fatima Shetty,Arrest,2025-08-11,Bengaluru City,Girish Kumar
15231,25409,0,Ashwini Shetty,Surrender,2025-08-11,Shivamogga,Nagaraj Kulkarni
15232,25411,0,Mary Desai,Arrest,2025-08-11,Bengaluru City,Ashwini Iyengar
15234,25413,0,Vinutha Kulkarni,Arrest,2025-08-11,Hubballi-Dharwad,Fatima Gowda
15236,25417,0,Joseph Murthy,Arrest,2025-08-12,Shivamogga,Yashwanth Murthy
15239,25423,0,Ashwini Kulkarni,Arrest,2025-08-12,Udupi,Prakash Murthy
15241,25427,0,Manjunath Desai,Arrest,2025-08-12,Bengaluru City,Deepak Murthy
15243,25431,0,Mary Prasad,Surrender,2025-08-12,Mysuru,Deepak Hegde
15244,25437,0,Joseph Reddy,Arrest,2025-08-12,Bengaluru City,Pooja Patil
15245,25439,0,Prakash Prasad,Arrest,2025-08-12,Tumakuru,Manjunath Patil
15247,25441,0,Suresh Shetty,Arrest,2025-08-12,Bengaluru City,Ravi Patil
15248,25445,0,Fatima Iyengar,Arrest,2025-08-12,Udupi,Basavaraj Rao
15250,25447,0,Girish Desai,Arrest,2025-08-12,Bengaluru City,Mary Nayak
15252,25449,0,Manjunath Bhat,Arrest,2025-08-13,Mysuru,Joseph Naik
15254,25451,0,Lakshmi Prasad,Arrest,2025-08-13,Ballari,Vinutha Kulkarni
15256,25453,0,Shivakumar Shetty,Arrest,2025-08-13,Bengaluru Rural,Imran Prasad
15257,25455,0,Kiran Murthy,Arrest,2025-08-13,Bengaluru City,Fatima Naik
15259,25457,0,Chetan Naik,Arrest,2025-08-13,Kalaburagi,Ravi Rao
15261,25461,0,Joseph Murthy,Arrest,2025-08-13,Mysuru,Shivakumar Desai
15263,25465,0,Joseph Patil,Arrest,2025-08-13,Hubballi-Dharwad,Prakash Kulkarni
15266,25469,0,Anitha Desai,Arrest,2025-08-13,Hassan,Ashwini Murthy
15268,25471,0,Shivakumar Desai,Arrest,2025-08-13,Udupi,Pooja Gowda
15270,25473,0,Ravi Desai,Arrest,2025-08-13,Mysuru,Bhavana Iyengar
15272,25475,0,Joseph Nayak,Arrest,2025-08-13,Kalaburagi,Chetan Reddy
15274,25477,0,Basavaraj Hegde,Arrest,2025-08-13,Mysuru,Nagaraj Prasad
15276,25479,0,Prakash Bhat,Arrest,2025-08-13,Belagavi,Shivakumar Murthy
15277,25481,0,Anitha Patil,Arrest,2025-08-13,Bengaluru City,Prakash Bhat
15279,25485,0,Suresh Naik,Arrest,2025-08-14,Bengaluru City,Shivakumar Gowda
15281,25487,0,Pooja Kumar,Arrest,2025-08-14,Bengaluru Rural,Shivakumar Naik
15283,25489,0,Anitha Bhat,Arrest,2025-08-14,Bengaluru City,Suresh Murthy
15285,25491,0,Basavaraj Rao,Arrest,2025-08-14,Mysuru,Nagaraj Naik
15286,25493,0,Chetan Bhat,Arrest,2025-08-14,Bengaluru City,Mary Kumar
15287,25495,0,Girish Kulkarni,Arrest,2025-08-14,Udupi,Rekha Hegde
15289,25499,0,Mary Reddy,Arrest,2025-08-14,Bengaluru City,Joseph Shetty
15292,25503,0,Suresh Rao,Arrest,2025-08-14,Mangaluru (DK),Yashwanth Patil
15294,25507,0,Lakshmi Shetty,Arrest,2025-08-14,Tumakuru,Manjunath Hegde
15296,25509,0,Kiran Patil,Arrest,2025-08-14,Udupi,Anitha Iyengar
15297,25511,0,Nagaraj Rao,Arrest,2025-08-14,Bengaluru City,Suresh Patil
15300,25515,0,Prakash Reddy,Surrender,2025-08-14,Mysuru,Deepak Patil
15301,25517,0,Prakash Shetty,Arrest,2025-08-14,Kalaburagi,Fatima Iyengar
15302,25519,0,Ravi Shetty,Arrest,2025-08-14,Bengaluru City,Ravi Desai
15303,25521,0,Suresh Hegde,Arrest,2025-08-14,Bengaluru City,Suresh Patil
15306,25527,0,Ashwini Kulkarni,Surrender,2025-08-15,Mysuru,Imran Patil
15307,25529,0,Anitha Desai,Arrest,2025-08-15,Mysuru,Chetan Nayak
15311,25535,0,Vinutha Nayak,Arrest,2025-08-15,Belagavi,Nagaraj Desai
15312,25537,0,Suresh Gowda,Arrest,2025-08-15,Hubballi-Dharwad,Chetan Desai
15314,25545,0,Vinutha Rao,Arrest,2025-08-15,Bengaluru City,Ravi Naik
15316,25547,0,Anitha Naik,Arrest,2025-08-15,Mysuru,Deepak Kumar
15317,25551,0,Kiran Shetty,Arrest,2025-08-15,Bengaluru City,Basavaraj Patil
15320,25555,0,Fatima Nayak,Arrest,2025-08-15,Mangaluru (DK),Rekha Hegde
15321,25557,0,Chetan Patil,Arrest,2025-08-15,Bengaluru City,Anitha Kumar
15323,25561,0,Manjunath Naik,Arrest,2025-08-15,Belagavi,Rekha Rao
15326,25567,0,Rekha Bhat,Arrest,2025-08-16,Belagavi,Mary Kulkarni
15327,25569,0,Anitha Patil,Arrest,2025-08-16,Kalaburagi,Chetan Kumar
15330,25575,0,Pooja Murthy,Arrest,2025-08-16,Mysuru,Kiran Murthy
15331,25577,0,Bhavana Nayak,Arrest,2025-08-16,Tumakuru,Pooja Rao
15332,25579,0,Vinutha Kulkarni,Arrest,2025-08-16,Mysuru,Girish Hegde
15334,25581,0,Bhavana Naik,Arrest,2025-08-16,Davanagere,Joseph Reddy
15335,25583,0,Ravi Iyengar,Arrest,2025-08-16,Shivamogga,Manjunath Shetty
15337,25585,0,Manjunath Hegde,Arrest,2025-08-16,Raichur,Yashwanth Hegde
15339,25589,0,Suresh Gowda,Arrest,2025-08-16,Bengaluru City,Vinutha Shetty
15340,25591,0,Pooja Naik,Surrender,2025-08-16,Kalaburagi,Anitha Shetty
15342,25593,0,Chetan Kulkarni,Arrest,2025-08-16,Tumakuru,Imran Iyengar
15345,25597,0,Yashwanth Iyengar,Arrest,2025-08-16,Belagavi,Nagaraj Murthy
15346,25599,0,Manjunath Kulkarni,Arrest,2025-08-16,Bengaluru City,Joseph Nayak
15348,25601,0,Chetan Naik,Arrest,2025-08-16,Ballari,Prakash Prasad
15352,25607,0,Ashwini Kulkarni,Arrest,2025-08-17,Vijayapura,Ashwini Naik
15354,25609,0,Prakash Kumar,Arrest,2025-08-17,Mangaluru (DK),Pooja Shetty
15355,25611,0,Chetan Iyengar,Arrest,2025-08-17,Udupi,Manjunath Hegde
15358,25617,0,Ashwini Nayak,Arrest,2025-08-17,Mysuru,Kiran Iyengar
15359,25619,0,Lakshmi Naik,Arrest,2025-08-17,Ballari,Imran Gowda
15363,25627,0,Fatima Rao,Arrest,2025-08-17,Belagavi,Joseph Murthy
15364,25631,0,Shivakumar Hegde,Surrender,2025-08-17,Bengaluru City,Yashwanth Nayak
15368,25637,0,Joseph Kumar,Arrest,2025-08-18,Bengaluru Rural,Yashwanth Desai
15370,25643,0,Fatima Patil,Arrest,2025-08-18,Hubballi-Dharwad,Pooja Prasad
15372,25647,0,Bhavana Naik,Arrest,2025-08-18,Davanagere,Shivakumar Naik
15375,25651,0,Bhavana Naik,Arrest,2025-08-18,Vijayapura,Joseph Prasad
15377,25659,0,Fatima Bhat,Arrest,2025-08-18,Ballari,Mary Kumar
15380,25663,0,Mary Iyengar,Arrest,2025-08-18,Davanagere,Chetan Naik
15382,25665,0,Deepak Shetty,Arrest,2025-08-18,Mysuru,Lakshmi Shetty
15384,25669,0,Pooja Kulkarni,Surrender,2025-08-18,Bengaluru Rural,Ravi Bhat
15387,25673,0,Prakash Hegde,Arrest,2025-08-18,Bengaluru City,Chetan Desai
15388,25675,0,Ravi Murthy,Surrender,2025-08-18,Hubballi-Dharwad,Suresh Hegde
15390,25677,0,Ravi Desai,Arrest,2025-08-18,Tumakuru,Bhavana Murthy
15392,25679,0,Girish Iyengar,Arrest,2025-08-18,Davanagere,Suresh Kumar
15393,25681,0,Yashwanth Prasad,Arrest,2025-08-19,Mysuru,Imran Desai
15395,25683,0,Rekha Iyengar,Arrest,2025-08-19,Bengaluru Rural,Yashwanth Desai
15396,25685,0,Mary Murthy,Surrender,2025-08-19,Kalaburagi,Bhavana Iyengar
15397,25689,0,Pooja Rao,Arrest,2025-08-19,Mysuru,Suresh Naik
15399,25691,0,Girish Iyengar,Arrest,2025-08-19,Mysuru,Joseph Patil
15401,25693,0,Anitha Hegde,Arrest,2025-08-19,Vijayapura,Anitha Gowda
15403,25695,0,Ravi Hegde,Arrest,2025-08-19,Udupi,Bhavana Reddy
15404,25697,0,Prakash Kulkarni,Surrender,2025-08-19,Bengaluru City,Nagaraj Gowda
15406,25699,0,Deepak Murthy,Arrest,2025-08-19,Bengaluru City,Pooja Shetty
15407,25701,0,Shivakumar Nayak,Arrest,2025-08-19,Bengaluru City,Shivakumar Nayak
15409,25703,0,Ashwini Hegde,Arrest,2025-08-19,Mangaluru (DK),Nagaraj Desai
15410,25707,0,Vinutha Reddy,Arrest,2025-08-19,Ballari,Chetan Shetty
15412,25709,0,Manjunath Rao,Arrest,2025-08-19,Bengaluru Rural,Vinutha Naik
15414,25711,0,Suresh Naik,Arrest,2025-08-19,Shivamogga,Mary Hegde
15415,25713,0,Pooja Naik,Arrest,2025-08-19,Tumakuru,Yashwanth Reddy
15417,25715,0,Prakash Prasad,Arrest,2025-08-19,Bengaluru Rural,Mary Kulkarni
15419,25719,0,Prakash Rao,Surrender,2025-08-20,Bengaluru City,Pooja Kumar
15421,25725,0,Lakshmi Iyengar,Surrender,2025-08-20,Hubballi-Dharwad,Yashwanth Nayak
15423,25727,0,Basavaraj Prasad,Arrest,2025-08-20,Bengaluru City,Shivakumar Iyengar
15426,25731,0,Yashwanth Nayak,Arrest,2025-08-20,Mysuru,Chetan Murthy
15428,25733,0,Lakshmi Desai,Arrest,2025-08-20,Belagavi,Fatima Kulkarni
15430,25735,0,Nagaraj Rao,Arrest,2025-08-20,Kalaburagi,Rekha Naik
15434,25741,0,Manjunath Nayak,Arrest,2025-08-20,Hassan,Joseph Nayak
15436,25743,0,Chetan Bhat,Surrender,2025-08-20,Mangaluru (DK),Fatima Iyengar
15438,25749,0,Fatima Rao,Arrest,2025-08-20,Vijayapura,Chetan Kumar
15439,25751,0,Ashwini Rao,Surrender,2025-08-20,Bengaluru City,Deepak Kumar
15442,25757,0,Girish Nayak,Arrest,2025-08-21,Hubballi-Dharwad,Fatima Rao
15444,25763,0,Mary Shetty,Arrest,2025-08-21,Hassan,Girish Murthy
15446,25765,0,Prakash Reddy,Arrest,2025-08-21,Bengaluru Rural,Suresh Reddy
15448,25767,0,Nagaraj Shetty,Arrest,2025-08-21,Ballari,Bhavana Rao
15449,25769,0,Nagaraj Patil,Arrest,2025-08-21,Ballari,Ashwini Rao
15450,25771,0,Suresh Patil,Arrest,2025-08-21,Mysuru,Kiran Patil
15451,25773,0,Anitha Gowda,Arrest,2025-08-21,Belagavi,Deepak Iyengar
15453,25775,0,Deepak Naik,Arrest,2025-08-21,Mangaluru (DK),Manjunath Gowda
15456,25779,0,Girish Rao,Arrest,2025-08-21,Kalaburagi,Shivakumar Reddy
15458,25781,0,Basavaraj Gowda,Arrest,2025-08-22,Bengaluru City,Yashwanth Kulkarni
15460,25783,0,Nagaraj Kulkarni,Arrest,2025-08-22,Shivamogga,Ravi Desai
15461,25785,0,Girish Patil,Arrest,2025-08-22,Hassan,Ravi Naik
15465,25791,0,Bhavana Desai,Arrest,2025-08-22,Mangaluru (DK),Manjunath Desai
15466,25793,0,Vinutha Kulkarni,Arrest,2025-08-22,Raichur,Lakshmi Rao
15468,25795,0,Imran Shetty,Surrender,2025-08-22,Tumakuru,Nagaraj Bhat
15472,25805,0,Ravi Kumar,Arrest,2025-08-22,Mysuru,Yashwanth Kumar
15475,25813,0,Lakshmi Nayak,Arrest,2025-08-22,Bengaluru Rural,Kiran Iyengar
15476,25815,0,Chetan Patil,Arrest,2025-08-22,Hassan,Nagaraj Kumar
15479,25821,0,Ravi Kumar,Arrest,2025-08-22,Belagavi,Fatima Bhat
15480,25823,0,Yashwanth Bhat,Arrest,2025-08-22,Davanagere,Imran Patil
15483,25827,0,Bhavana Kumar,Arrest,2025-08-23,Belagavi,Prakash Shetty
15487,25835,0,Imran Kumar,Arrest,2025-08-23,Vijayapura,Shivakumar Desai
15489,25837,0,Nagaraj Hegde,Surrender,2025-08-23,Davanagere,Deepak Nayak
15491,25839,0,Fatima Kulkarni,Surrender,2025-08-23,Davanagere,Lakshmi Iyengar
15492,25843,0,Basavaraj Murthy,Surrender,2025-08-23,Mysuru,Lakshmi Patil
15494,25847,0,Chetan Iyengar,Surrender,2025-08-23,Belagavi,Mary Desai
15496,25851,0,Shivakumar Shetty,Arrest,2025-08-23,Bengaluru City,Rekha Reddy
15498,25855,0,Suresh Murthy,Arrest,2025-08-23,Bengaluru City,Manjunath Reddy
15501,25859,0,Ravi Naik,Arrest,2025-08-23,Bengaluru City,Ashwini Kumar
15502,25861,0,Manjunath Reddy,Arrest,2025-08-23,Bengaluru City,Manjunath Nayak
15504,25863,0,Prakash Patil,Surrender,2025-08-23,Udupi,Shivakumar Rao
15505,25865,0,Prakash Naik,Arrest,2025-08-23,Bengaluru City,Yashwanth Iyengar
15507,25867,0,Basavaraj Kumar,Arrest,2025-08-24,Belagavi,Fatima Gowda
15508,25869,0,Girish Rao,Arrest,2025-08-24,Ballari,Kiran Murthy
15509,25871,0,Imran Iyengar,Arrest,2025-08-24,Shivamogga,Deepak Kulkarni
15511,25873,0,Pooja Naik,Arrest,2025-08-24,Bengaluru Rural,Yashwanth Nayak
15514,25879,0,Kiran Desai,Arrest,2025-08-24,Tumakuru,Ravi Kumar
15516,25881,0,Imran Rao,Arrest,2025-08-24,Bengaluru City,Girish Shetty
15518,25883,0,Girish Shetty,Surrender,2025-08-24,Udupi,Lakshmi Patil
15521,25891,0,Ravi Gowda,Surrender,2025-08-24,Bengaluru Rural,Basavaraj Patil
15523,25893,0,Lakshmi Kulkarni,Arrest,2025-08-24,Shivamogga,Fatima Nayak
15525,25895,0,Ravi Bhat,Arrest,2025-08-24,Bengaluru Rural,Ashwini Nayak
15530,25909,0,Anitha Reddy,Arrest,2025-08-24,Bengaluru City,Imran Gowda
15534,25919,0,Ravi Gowda,Arrest,2025-08-24,Bengaluru Rural,Prakash Hegde
15539,25929,0,Deepak Iyengar,Arrest,2025-08-25,Bengaluru City,Pooja Nayak
15542,25933,0,Basavaraj Kumar,Arrest,2025-08-25,Bengaluru City,Kiran Murthy
15544,25941,0,Ravi Rao,Arrest,2025-08-25,Belagavi,Vinutha Shetty
15545,25943,0,Kiran Bhat,Arrest,2025-08-25,Bengaluru City,Shivakumar Kumar
15546,25945,0,Ashwini Kumar,Arrest,2025-08-25,Mysuru,Manjunath Patil
15547,25947,0,Yashwanth Bhat,Arrest,2025-08-25,Hubballi-Dharwad,Basavaraj Kumar
15548,25951,0,Lakshmi Naik,Surrender,2025-08-25,Mysuru,Yashwanth Rao
15549,25953,0,Imran Desai,Arrest,2025-08-25,Bengaluru Rural,Ravi Kumar
15550,25955,0,Deepak Desai,Arrest,2025-08-25,Tumakuru,Chetan Reddy
15551,25957,0,Rekha Iyengar,Arrest,2025-08-25,Shivamogga,Anitha Murthy
15552,25959,0,Deepak Rao,Arrest,2025-08-25,Belagavi,Anitha Rao
15554,25961,0,Yashwanth Hegde,Arrest,2025-08-25,Belagavi,Rekha Hegde
15555,25963,0,Yashwanth Shetty,Arrest,2025-08-25,Kalaburagi,Vinutha Nayak
15556,25965,0,Pooja Iyengar,Arrest,2025-08-25,Bengaluru City,Deepak Murthy
15559,25971,0,Rekha Rao,Surrender,2025-08-25,Belagavi,Ravi Iyengar
15562,25975,0,Shivakumar Naik,Arrest,2025-08-26,Davanagere,Kiran Nayak
15564,25977,0,Girish Gowda,Surrender,2025-08-26,Mysuru,Ashwini Shetty
15565,25979,0,Mary Kulkarni,Arrest,2025-08-26,Bengaluru City,Pooja Desai
15567,25981,0,Kiran Nayak,Surrender,2025-08-26,Hubballi-Dharwad,Kiran Hegde
15569,25985,0,Pooja Bhat,Arrest,2025-08-26,Bengaluru City,Imran Hegde
15571,25989,0,Manjunath Bhat,Arrest,2025-08-26,Vijayapura,Ravi Prasad
15574,25993,0,Deepak Prasad,Surrender,2025-08-26,Bengaluru City,Pooja Murthy
15579,26007,0,Shivakumar Kumar,Arrest,2025-08-26,Vijayapura,Yashwanth Rao
15583,26017,0,Rekha Shetty,Arrest,2025-08-26,Belagavi,Ashwini Reddy
15588,26027,0,Basavaraj Patil,Arrest,2025-08-27,Bengaluru City,Girish Bhat
15589,26035,0,Lakshmi Nayak,Arrest,2025-08-27,Davanagere,Basavaraj Reddy
15592,26039,0,Rekha Nayak,Arrest,2025-08-27,Bengaluru City,Manjunath Kulkarni
15594,26041,0,Manjunath Nayak,Arrest,2025-08-27,Bengaluru City,Chetan Iyengar
15598,26047,0,Lakshmi Gowda,Arrest,2025-08-27,Mangaluru (DK),Ravi Patil
15600,26055,0,Chetan Kumar,Arrest,2025-08-27,Bengaluru City,Anitha Rao
15602,26059,0,Manjunath Bhat,Surrender,2025-08-28,Ballari,Anitha Shetty
15605,26063,0,Suresh Reddy,Arrest,2025-08-28,Bengaluru City,Nagaraj Nayak
15607,26065,0,Yashwanth Hegde,Arrest,2025-08-28,Bengaluru City,Mary Hegde
15609,26067,0,Ashwini Iyengar,Arrest,2025-08-28,Hassan,Yashwanth Patil
15612,26071,0,Pooja Gowda,Arrest,2025-08-28,Hassan,Girish Patil
15620,26087,0,Vinutha Naik,Arrest,2025-08-28,Hassan,Chetan Murthy
15625,26097,0,Lakshmi Iyengar,Arrest,2025-08-28,Tumakuru,Deepak Reddy
15627,26103,0,Bhavana Rao,Arrest,2025-08-28,Bengaluru City,Anitha Iyengar
15629,26107,0,Kiran Nayak,Arrest,2025-08-28,Ballari,Ashwini Murthy
15630,26111,0,Joseph Naik,Arrest,2025-08-28,Hubballi-Dharwad,Imran Kulkarni
15631,26113,0,Manjunath Rao,Surrender,2025-08-29,Kalaburagi,Anitha Murthy
15633,26115,0,Basavaraj Murthy,Arrest,2025-08-29,Belagavi,Rekha Kumar
15635,26117,0,Nagaraj Kulkarni,Arrest,2025-08-29,Bengaluru City,Pooja Murthy
15636,26119,0,Ashwini Kulkarni,Arrest,2025-08-29,Belagavi,Bhavana Hegde
15637,26121,0,Shivakumar Naik,Arrest,2025-08-29,Bengaluru City,Imran Hegde
15640,26125,0,Ravi Iyengar,Surrender,2025-08-29,Bengaluru City,Kiran Reddy
15642,26127,0,Lakshmi Murthy,Arrest,2025-08-29,Belagavi,Girish Rao
15645,26133,0,Basavaraj Bhat,Arrest,2025-08-29,Tumakuru,Shivakumar Prasad
15647,26135,0,Rekha Hegde,Arrest,2025-08-29,Shivamogga,Mary Reddy
15649,26137,0,Ashwini Gowda,Arrest,2025-08-29,Hassan,Pooja Iyengar
15652,26141,0,Fatima Desai,Arrest,2025-08-29,Bengaluru Rural,Anitha Gowda
15656,26153,0,Bhavana Shetty,Arrest,2025-08-29,Belagavi,Anitha Nayak
15658,26155,0,Joseph Kulkarni,Arrest,2025-08-29,Hubballi-Dharwad,Girish Desai
15660,26157,0,Imran Naik,Arrest,2025-08-29,Raichur,Chetan Rao
15661,26159,0,Fatima Shetty,Arrest,2025-08-29,Bengaluru City,Lakshmi Hegde
15664,26163,0,Pooja Kumar,Arrest,2025-08-30,Bengaluru City,Fatima Patil
15666,26165,0,Kiran Shetty,Arrest,2025-08-30,Bengaluru City,Bhavana Kulkarni
15669,26169,0,Pooja Gowda,Arrest,2025-08-30,Bengaluru City,Bhavana Shetty
15672,26173,0,Kiran Patil,Arrest,2025-08-30,Hassan,Basavaraj Naik
15674,26177,0,Girish Hegde,Arrest,2025-08-30,Kalaburagi,Ravi Prasad
15678,26185,0,Ashwini Iyengar,Arrest,2025-08-30,Bengaluru City,Chetan Prasad
15680,26189,0,Prakash Rao,Arrest,2025-08-30,Tumakuru,Shivakumar Rao
15682,26191,0,Deepak Prasad,Arrest,2025-08-30,Mysuru,Deepak Gowda
15684,26193,0,Deepak Iyengar,Arrest,2025-08-30,Bengaluru City,Basavaraj Prasad
15686,26195,0,Yashwanth Rao,Arrest,2025-08-30,Hassan,Manjunath Desai
15688,26197,0,Deepak Prasad,Arrest,2025-08-30,Ballari,Deepak Patil
15691,26201,0,Ashwini Desai,Arrest,2025-08-30,Mysuru,Imran Kulkarni
15693,26203,0,Chetan Iyengar,Arrest,2025-08-30,Bengaluru City,Ravi Murthy
15694,26205,0,Anitha Iyengar,Arrest,2025-08-31,Bengaluru Rural,Anitha Naik
15695,26207,0,Manjunath Reddy,Arrest,2025-08-31,Bengaluru City,Girish Patil
15697,26219,0,Vinutha Nayak,Arrest,2025-08-31,Mangaluru (DK),Nagaraj Shetty
15698,26221,0,Girish Kulkarni,Arrest,2025-08-31,Belagavi,Imran Hegde
15700,26223,0,Basavaraj Hegde,Arrest,2025-08-31,Bengaluru City,Girish Kumar
15702,26225,0,Rekha Kumar,Arrest,2025-08-31,Bengaluru City,Fatima Gowda
15705,26231,0,Anitha Prasad,Arrest,2025-08-31,Vijayapura,Ashwini Reddy
15707,26233,0,Vinutha Shetty,Surrender,2025-08-31,Bengaluru City,Rekha Iyengar
15708,26235,0,Prakash Shetty,Surrender,2025-08-31,Hubballi-Dharwad,Lakshmi Bhat
15709,26237,0,Joseph Shetty,Surrender,2025-08-31,Bengaluru City,Bhavana Rao
15711,26241,0,Bhavana Reddy,Arrest,2025-08-31,Bengaluru City,Suresh Naik
15713,26243,0,Manjunath Shetty,Arrest,2025-08-31,Belagavi,Fatima Kumar
15715,26245,0,Imran Gowda,Arrest,2025-08-31,Bengaluru City,Joseph Rao
15716,26247,0,Rekha Patil,Arrest,2025-09-01,Vijayapura,Shivakumar Kumar
15719,26253,0,Pooja Naik,Arrest,2025-09-01,Bengaluru City,Suresh Rao
15721,26255,0,Pooja Rao,Surrender,2025-09-01,Belagavi,Deepak Kulkarni
15723,26257,0,Imran Kumar,Surrender,2025-09-01,Tumakuru,Kiran Murthy
15726,26265,0,Imran Shetty,Surrender,2025-09-01,Bengaluru City,Chetan Rao
15728,26267,0,Manjunath Prasad,Arrest,2025-09-01,Vijayapura,Yashwanth Rao
15730,26269,0,Bhavana Rao,Surrender,2025-09-01,Mysuru,Manjunath Patil
15731,26271,0,Girish Iyengar,Arrest,2025-09-01,Hubballi-Dharwad,Nagaraj Nayak
15733,26275,0,Imran Murthy,Arrest,2025-09-01,Hubballi-Dharwad,Pooja Reddy
15735,26281,0,Nagaraj Gowda,Arrest,2025-09-02,Mysuru,Lakshmi Iyengar
15737,26283,0,Lakshmi Shetty,Arrest,2025-09-02,Ballari,Fatima Patil
15739,26285,0,Lakshmi Nayak,Arrest,2025-09-02,Bengaluru City,Ravi Hegde
15741,26287,0,Prakash Reddy,Arrest,2025-09-02,Tumakuru,Yashwanth Desai
15743,26289,0,Anitha Nayak,Surrender,2025-09-02,Vijayapura,Anitha Kulkarni
15745,26291,0,Basavaraj Gowda,Arrest,2025-09-02,Belagavi,Deepak Prasad
15747,26293,0,Ravi Hegde,Arrest,2025-09-02,Bengaluru City,Kiran Prasad
15749,26295,0,Deepak Iyengar,Arrest,2025-09-02,Shivamogga,Nagaraj Murthy
15751,26297,0,Kiran Bhat,Arrest,2025-09-02,Shivamogga,Imran Prasad
15753,26299,0,Yashwanth Desai,Arrest,2025-09-02,Tumakuru,Pooja Patil
15756,26303,0,Anitha Nayak,Surrender,2025-09-02,Bengaluru City,Kiran Hegde
15757,26305,0,Ashwini Desai,Arrest,2025-09-02,Belagavi,Ashwini Iyengar
15758,26307,0,Pooja Patil,Surrender,2025-09-02,Bengaluru City,Rekha Prasad
15760,26311,0,Rekha Prasad,Arrest,2025-09-02,Shivamogga,Nagaraj Gowda
15763,26317,0,Pooja Reddy,Arrest,2025-09-02,Hubballi-Dharwad,Joseph Kumar
15764,26319,0,Bhavana Nayak,Arrest,2025-09-02,Raichur,Girish Nayak
15768,26325,0,Yashwanth Kumar,Arrest,2025-09-02,Raichur,Girish Patil
15769,26327,0,Vinutha Gowda,Arrest,2025-09-02,Kalaburagi,Deepak Kulkarni
15771,26329,0,Chetan Hegde,Arrest,2025-09-02,Shivamogga,Fatima Prasad
15772,26333,0,Fatima Rao,Arrest,2025-09-03,Ballari,Ashwini Prasad
15775,26337,0,Joseph Desai,Arrest,2025-09-03,Hubballi-Dharwad,Ashwini Patil
15777,26341,0,Prakash Murthy,Arrest,2025-09-03,Bengaluru City,Mary Shetty
15779,26343,0,Imran Patil,Arrest,2025-09-03,Bengaluru City,Anitha Nayak
15780,26347,0,Kiran Murthy,Arrest,2025-09-03,Mysuru,Manjunath Shetty
15782,26351,0,Manjunath Bhat,Arrest,2025-09-03,Hassan,Yashwanth Rao
15784,26357,0,Shivakumar Shetty,Arrest,2025-09-03,Bengaluru City,Manjunath Gowda
15786,26359,0,Chetan Desai,Arrest,2025-09-03,Bengaluru City,Joseph Naik
15788,26361,0,Imran Shetty,Arrest,2025-09-03,Shivamogga,Nagaraj Rao
15791,26367,0,Suresh Nayak,Arrest,2025-09-03,Bengaluru City,Anitha Patil
15792,26371,0,Manjunath Bhat,Arrest,2025-09-03,Bengaluru City,Fatima Patil
15793,26373,0,Ashwini Rao,Arrest,2025-09-03,Mysuru,Pooja Desai
15795,26375,0,Joseph Nayak,Arrest,2025-09-03,Bengaluru City,Bhavana Bhat
15797,26377,0,Chetan Patil,Arrest,2025-09-03,Belagavi,Pooja Bhat
15802,26389,0,Suresh Prasad,Arrest,2025-09-04,Tumakuru,Girish Kumar
15804,26391,0,Bhavana Bhat,Arrest,2025-09-04,Bengaluru City,Imran Reddy
15806,26395,0,Mary Gowda,Arrest,2025-09-04,Ballari,Pooja Naik
15809,26401,0,Manjunath Kulkarni,Arrest,2025-09-04,Bengaluru City,Ravi Naik
15810,26403,0,Chetan Kulkarni,Surrender,2025-09-04,Bengaluru City,Basavaraj Shetty
15814,26411,0,Ashwini Desai,Arrest,2025-09-04,Tumakuru,Girish Rao
15816,26415,0,Pooja Desai,Arrest,2025-09-04,Tumakuru,Anitha Rao
15819,26419,0,Ravi Naik,Arrest,2025-09-04,Bengaluru City,Vinutha Hegde
15821,26421,0,Bhavana Naik,Arrest,2025-09-04,Davanagere,Mary Naik
15822,26425,0,Yashwanth Bhat,Arrest,2025-09-04,Bengaluru City,Lakshmi Hegde
15823,26427,0,Deepak Iyengar,Arrest,2025-09-05,Mangaluru (DK),Nagaraj Reddy
15824,26431,0,Nagaraj Desai,Arrest,2025-09-05,Belagavi,Nagaraj Rao
15825,26433,0,Prakash Nayak,Surrender,2025-09-05,Bengaluru City,Imran Iyengar
15828,26441,0,Kiran Prasad,Arrest,2025-09-05,Bengaluru Rural,Rekha Rao
15830,26443,0,Kiran Gowda,Arrest,2025-09-05,Bengaluru City,Manjunath Reddy
15832,26445,0,Pooja Nayak,Arrest,2025-09-05,Bengaluru Rural,Chetan Kumar
15833,26447,0,Basavaraj Iyengar,Surrender,2025-09-05,Bengaluru City,Chetan Desai
15836,26451,0,Girish Patil,Arrest,2025-09-05,Hubballi-Dharwad,Basavaraj Kumar
15838,26453,0,Manjunath Reddy,Arrest,2025-09-05,Hassan,Vinutha Desai
15840,26455,0,Basavaraj Reddy,Arrest,2025-09-05,Ballari,Prakash Desai
15841,26457,0,Ashwini Patil,Arrest,2025-09-05,Bengaluru City,Chetan Shetty
15844,26461,0,Yashwanth Reddy,Arrest,2025-09-05,Udupi,Anitha Shetty
15845,26463,0,Mary Nayak,Arrest,2025-09-05,Mysuru,Ravi Iyengar
15847,26467,0,Yashwanth Desai,Arrest,2025-09-05,Bengaluru City,Yashwanth Bhat
15848,26469,0,Kiran Gowda,Surrender,2025-09-05,Tumakuru,Anitha Desai
15850,26473,0,Shivakumar Shetty,Arrest,2025-09-05,Belagavi,Nagaraj Rao
15852,26475,0,Mary Murthy,Arrest,2025-09-05,Mangaluru (DK),Deepak Naik
15854,26477,0,Suresh Shetty,Arrest,2025-09-05,Tumakuru,Kiran Prasad
15856,26481,0,Anitha Bhat,Surrender,2025-09-05,Udupi,Fatima Nayak
15858,26483,0,Anitha Naik,Arrest,2025-09-05,Mysuru,Deepak Bhat
15861,26489,0,Suresh Iyengar,Arrest,2025-09-06,Bengaluru City,Prakash Patil
15864,26495,0,Prakash Patil,Arrest,2025-09-06,Kalaburagi,Yashwanth Bhat
15866,26497,0,Girish Patil,Arrest,2025-09-06,Udupi,Ravi Shetty
15868,26499,0,Chetan Rao,Arrest,2025-09-06,Shivamogga,Fatima Gowda
15870,26501,0,Joseph Reddy,Arrest,2025-09-06,Mysuru,Ashwini Kumar
15873,26507,0,Lakshmi Iyengar,Arrest,2025-09-06,Shivamogga,Shivakumar Kulkarni
15875,26509,0,Basavaraj Murthy,Arrest,2025-09-06,Belagavi,Chetan Reddy
15877,26511,0,Vinutha Iyengar,Surrender,2025-09-06,Udupi,Yashwanth Nayak
15879,26513,0,Manjunath Kumar,Arrest,2025-09-06,Mysuru,Chetan Murthy
15880,26517,0,Imran Desai,Arrest,2025-09-06,Bengaluru Rural,Manjunath Nayak
15881,26519,0,Prakash Reddy,Arrest,2025-09-06,Vijayapura,Nagaraj Prasad
15883,26521,0,Fatima Rao,Arrest,2025-09-06,Hubballi-Dharwad,Anitha Hegde
15885,26527,0,Anitha Nayak,Arrest,2025-09-06,Bengaluru City,Ravi Murthy
15887,26531,0,Girish Patil,Surrender,2025-09-06,Tumakuru,Girish Kumar
15889,26535,0,Nagaraj Gowda,Surrender,2025-09-07,Bengaluru City,Pooja Hegde
15891,26541,0,Nagaraj Kulkarni,Arrest,2025-09-07,Bengaluru Rural,Ashwini Kulkarni
15893,26543,0,Manjunath Reddy,Arrest,2025-09-07,Bengaluru City,Fatima Naik
15894,26549,0,Ravi Naik,Arrest,2025-09-07,Bengaluru City,Suresh Iyengar
15896,26551,0,Mary Shetty,Arrest,2025-09-07,Kalaburagi,Pooja Hegde
15897,26555,0,Bhavana Gowda,Surrender,2025-09-07,Hubballi-Dharwad,Deepak Kumar
15898,26559,0,Nagaraj Patil,Arrest,2025-09-07,Bengaluru City,Yashwanth Gowda
15900,26563,0,Deepak Iyengar,Surrender,2025-09-07,Bengaluru City,Suresh Kulkarni
15902,26567,0,Deepak Desai,Arrest,2025-09-07,Davanagere,Suresh Shetty
15904,26569,0,Imran Gowda,Arrest,2025-09-07,Bengaluru City,Joseph Kumar
15906,26571,0,Bhavana Reddy,Arrest,2025-09-07,Bengaluru City,Bhavana Iyengar
15908,26573,0,Deepak Kumar,Arrest,2025-09-07,Bengaluru City,Manjunath Naik
15910,26575,0,Mary Kumar,Arrest,2025-09-08,Mysuru,Bhavana Hegde
15912,26577,0,Mary Prasad,Arrest,2025-09-08,Bengaluru City,Fatima Kulkarni
15916,26583,0,Imran Gowda,Arrest,2025-09-08,Hubballi-Dharwad,Chetan Naik
15918,26585,0,Ravi Reddy,Arrest,2025-09-08,Ballari,Kiran Hegde
15920,26587,0,Nagaraj Desai,Arrest,2025-09-08,Bengaluru City,Pooja Desai
15922,26589,0,Yashwanth Reddy,Arrest,2025-09-08,Bengaluru City,Prakash Murthy
15924,26591,0,Imran Reddy,Arrest,2025-09-08,Shivamogga,Kiran Gowda
15927,26595,0,Yashwanth Rao,Arrest,2025-09-08,Bengaluru City,Mary Naik
15930,26599,0,Anitha Reddy,Surrender,2025-09-08,Hubballi-Dharwad,Shivakumar Murthy
15932,26601,0,Nagaraj Murthy,Arrest,2025-09-08,Bengaluru City,Chetan Shetty
15934,26603,0,Chetan Patil,Arrest,2025-09-08,Vijayapura,Nagaraj Naik
15936,26605,0,Yashwanth Naik,Arrest,2025-09-08,Hubballi-Dharwad,Pooja Desai
15941,26613,0,Nagaraj Shetty,Arrest,2025-09-08,Bengaluru City,Yashwanth Hegde
15942,26615,0,Suresh Prasad,Arrest,2025-09-08,Bengaluru City,Vinutha Kulkarni
15946,26625,0,Basavaraj Naik,Arrest,2025-09-09,Tumakuru,Manjunath Bhat
15948,26627,0,Ravi Kulkarni,Arrest,2025-09-09,Bengaluru Rural,Kiran Rao
15950,26629,0,Suresh Gowda,Arrest,2025-09-09,Davanagere,Shivakumar Murthy
15952,26631,0,Deepak Shetty,Arrest,2025-09-09,Bengaluru City,Bhavana Rao
15955,26639,0,Bhavana Gowda,Arrest,2025-09-09,Raichur,Vinutha Kumar
15957,26643,0,Shivakumar Reddy,Arrest,2025-09-09,Vijayapura,Joseph Gowda
15961,26649,0,Vinutha Reddy,Arrest,2025-09-09,Bengaluru City,Nagaraj Naik
15962,26651,0,Prakash Kumar,Surrender,2025-09-09,Hassan,Basavaraj Prasad
15963,26653,0,Joseph Reddy,Surrender,2025-09-09,Mangaluru (DK),Imran Kumar
15965,26655,0,Lakshmi Bhat,Arrest,2025-09-09,Mysuru,Chetan Hegde
15967,26657,0,Yashwanth Bhat,Surrender,2025-09-09,Belagavi,Joseph Gowda
15969,26659,0,Manjunath Gowda,Arrest,2025-09-09,Bengaluru Rural,Deepak Murthy
15971,26661,0,Fatima Kumar,Arrest,2025-09-10,Mysuru,Bhavana Hegde
15973,26665,0,Nagaraj Desai,Arrest,2025-09-10,Bengaluru City,Lakshmi Naik
15976,26671,0,Vinutha Kumar,Arrest,2025-09-10,Hassan,Ashwini Murthy
15978,26673,0,Deepak Hegde,Arrest,2025-09-10,Mysuru,Fatima Patil
15980,26675,0,Mary Bhat,Arrest,2025-09-10,Mysuru,Yashwanth Murthy
15982,26677,0,Basavaraj Naik,Arrest,2025-09-10,Davanagere,Prakash Naik
15983,26681,0,Basavaraj Nayak,Arrest,2025-09-10,Bengaluru City,Ravi Iyengar
15984,26683,0,Shivakumar Naik,Arrest,2025-09-10,Belagavi,Vinutha Kumar
15986,26685,0,Basavaraj Prasad,Surrender,2025-09-10,Belagavi,Ravi Patil
15988,26687,0,Kiran Desai,Arrest,2025-09-10,Bengaluru City,Ravi Hegde
15991,26693,0,Manjunath Kumar,Arrest,2025-09-10,Bengaluru City,Suresh Patil
15992,26695,0,Pooja Rao,Arrest,2025-09-10,Belagavi,Deepak Murthy
15993,26697,0,Rekha Murthy,Arrest,2025-09-10,Hassan,Chetan Naik
15994,26699,0,Fatima Gowda,Arrest,2025-09-10,Vijayapura,Pooja Naik
15997,26703,0,Deepak Kumar,Arrest,2025-09-10,Bengaluru City,Vinutha Hegde
15999,26705,0,Joseph Desai,Arrest,2025-09-10,Belagavi,Manjunath Iyengar
16001,26707,0,Joseph Naik,Arrest,2025-09-10,Bengaluru City,Girish Desai
16002,26709,0,Girish Iyengar,Arrest,2025-09-10,Mysuru,Ashwini Reddy
16004,26711,0,Fatima Iyengar,Arrest,2025-09-11,Mangaluru (DK),Chetan Rao
16006,26713,0,Nagaraj Hegde,Arrest,2025-09-11,Belagavi,Vinutha Rao
16009,26717,0,Kiran Kulkarni,Arrest,2025-09-11,Mangaluru (DK),Bhavana Bhat
16011,26719,0,Mary Desai,Arrest,2025-09-11,Mysuru,Ravi Kumar
16014,26723,0,Ravi Patil,Surrender,2025-09-11,Mysuru,Ravi Patil
16016,26725,0,Imran Kumar,Arrest,2025-09-11,Hassan,Joseph Prasad
16020,26731,0,Prakash Rao,Arrest,2025-09-11,Ballari,Vinutha Gowda
16023,26737,0,Suresh Prasad,Arrest,2025-09-11,Belagavi,Girish Reddy
16025,26739,0,Anitha Murthy,Arrest,2025-09-11,Bengaluru City,Mary Kumar
16028,26745,0,Shivakumar Naik,Arrest,2025-09-11,Bengaluru City,Bhavana Rao
16029,26747,0,Fatima Gowda,Arrest,2025-09-11,Raichur,Bhavana Kulkarni
16033,26753,0,Suresh Desai,Arrest,2025-09-11,Vijayapura,Pooja Desai
16034,26755,0,Kiran Reddy,Arrest,2025-09-11,Bengaluru City,Ravi Murthy
16036,26757,0,Basavaraj Prasad,Arrest,2025-09-12,Bengaluru City,Shivakumar Patil
16037,26759,0,Ravi Patil,Arrest,2025-09-12,Bengaluru City,Imran Patil
16039,26761,0,Nagaraj Iyengar,Arrest,2025-09-12,Kalaburagi,Prakash Naik
16041,26763,0,Vinutha Kulkarni,Arrest,2025-09-12,Bengaluru City,Lakshmi Desai
16047,26773,0,Fatima Kulkarni,Arrest,2025-09-12,Mangaluru (DK),Ashwini Reddy
16049,26781,0,Chetan Reddy,Arrest,2025-09-12,Bengaluru City,Anitha Hegde
16051,26783,0,Ravi Nayak,Arrest,2025-09-12,Raichur,Vinutha Patil
16052,26785,0,Manjunath Naik,Arrest,2025-09-12,Bengaluru City,Ravi Patil
16054,26787,0,Mary Hegde,Arrest,2025-09-12,Tumakuru,Joseph Patil
16057,26791,0,Nagaraj Shetty,Arrest,2025-09-12,Bengaluru City,Ravi Shetty
16059,26799,0,Kiran Bhat,Arrest,2025-09-13,Kalaburagi,Ravi Nayak
16061,26801,0,Mary Desai,Arrest,2025-09-13,Hubballi-Dharwad,Basavaraj Gowda
16063,26803,0,Rekha Rao,Arrest,2025-09-13,Hassan,Vinutha Iyengar
16065,26805,0,Lakshmi Rao,Arrest,2025-09-13,Bengaluru City,Yashwanth Bhat
16066,26807,0,Kiran Murthy,Arrest,2025-09-13,Bengaluru City,Shivakumar Desai
16068,26809,0,Ashwini Bhat,Surrender,2025-09-13,Mangaluru (DK),Girish Iyengar
16069,26813,0,Mary Reddy,Surrender,2025-09-13,Raichur,Pooja Patil
16071,26815,0,Vinutha Hegde,Arrest,2025-09-13,Bengaluru City,Prakash Kumar
16075,26821,0,Lakshmi Rao,Arrest,2025-09-13,Mangaluru (DK),Shivakumar Reddy
16076,26823,0,Yashwanth Iyengar,Arrest,2025-09-13,Vijayapura,Ashwini Iyengar
16078,26825,0,Yashwanth Naik,Arrest,2025-09-13,Mangaluru (DK),Girish Murthy
16079,26827,0,Nagaraj Patil,Arrest,2025-09-13,Hubballi-Dharwad,Ravi Naik
16084,26839,0,Lakshmi Kulkarni,Arrest,2025-09-13,Vijayapura,Deepak Nayak
16086,26841,0,Bhavana Hegde,Arrest,2025-09-13,Shivamogga,Girish Hegde
16087,26849,0,Joseph Naik,Arrest,2025-09-14,Bengaluru City,Mary Iyengar
16089,26853,0,Suresh Bhat,Arrest,2025-09-14,Kalaburagi,Rekha Naik
16090,26855,0,Rekha Desai,Arrest,2025-09-14,Bengaluru City,Imran Hegde
16091,26857,0,Yashwanth Hegde,Arrest,2025-09-14,Bengaluru City,Anitha Kumar
16092,26859,0,Imran Rao,Surrender,2025-09-14,Hassan,Lakshmi Gowda
16093,26861,0,Chetan Prasad,Arrest,2025-09-14,Mysuru,Lakshmi Iyengar
16094,26863,0,Suresh Kumar,Arrest,2025-09-14,Belagavi,Nagaraj Kumar
16095,26865,0,Ashwini Patil,Arrest,2025-09-14,Hubballi-Dharwad,Rekha Nayak
16096,26867,0,Lakshmi Nayak,Arrest,2025-09-14,Tumakuru,Girish Nayak
16099,26871,0,Bhavana Gowda,Arrest,2025-09-14,Bengaluru City,Prakash Kulkarni
16100,26873,0,Prakash Iyengar,Arrest,2025-09-14,Ballari,Lakshmi Desai
16101,26875,0,Yashwanth Patil,Arrest,2025-09-14,Bengaluru City,Prakash Reddy
16104,26881,0,Girish Gowda,Arrest,2025-09-15,Tumakuru,Basavaraj Reddy
16105,26883,0,Anitha Iyengar,Arrest,2025-09-15,Hubballi-Dharwad,Kiran Iyengar
16107,26885,0,Ravi Reddy,Arrest,2025-09-15,Kalaburagi,Ravi Kulkarni
16110,26889,0,Deepak Kulkarni,Arrest,2025-09-15,Mysuru,Shivakumar Rao
16112,26891,0,Mary Kulkarni,Surrender,2025-09-15,Tumakuru,Nagaraj Bhat
16114,26893,0,Chetan Murthy,Surrender,2025-09-15,Kalaburagi,Yashwanth Naik
16116,26895,0,Manjunath Rao,Arrest,2025-09-15,Hubballi-Dharwad,Mary Shetty
16118,26897,0,Suresh Hegde,Arrest,2025-09-15,Hubballi-Dharwad,Nagaraj Murthy
16120,26903,0,Shivakumar Reddy,Arrest,2025-09-15,Shivamogga,Deepak Hegde
16122,26905,0,Kiran Hegde,Arrest,2025-09-15,Mysuru,Shivakumar Iyengar
16124,26907,0,Pooja Murthy,Arrest,2025-09-15,Ballari,Nagaraj Prasad
16127,26913,0,Rekha Rao,Arrest,2025-09-15,Raichur,Kiran Shetty
16128,26915,0,Vinutha Bhat,Surrender,2025-09-15,Udupi,Lakshmi Shetty
16130,26917,0,Suresh Reddy,Arrest,2025-09-15,Belagavi,Chetan Nayak
16132,26919,0,Chetan Rao,Arrest,2025-09-15,Hassan,Yashwanth Patil
16135,26923,0,Pooja Shetty,Arrest,2025-09-15,Bengaluru City,Kiran Gowda
16136,26927,0,Ashwini Kumar,Surrender,2025-09-16,Bengaluru City,Suresh Hegde
16137,26933,0,Ashwini Kumar,Arrest,2025-09-16,Shivamogga,Anitha Prasad
16139,26937,0,Manjunath Prasad,Arrest,2025-09-16,Kalaburagi,Nagaraj Kumar
16141,26939,0,Lakshmi Reddy,Arrest,2025-09-16,Davanagere,Anitha Nayak
16143,26941,0,Deepak Murthy,Arrest,2025-09-16,Bengaluru City,Rekha Nayak
16144,26943,0,Mary Bhat,Arrest,2025-09-16,Davanagere,Prakash Kulkarni
16145,26945,0,Anitha Iyengar,Arrest,2025-09-16,Kalaburagi,Girish Gowda
16147,26947,0,Pooja Nayak,Arrest,2025-09-16,Bengaluru City,Anitha Bhat
16149,26949,0,Ashwini Iyengar,Arrest,2025-09-16,Shivamogga,Anitha Gowda
16151,26953,0,Prakash Patil,Arrest,2025-09-16,Bengaluru Rural,Prakash Hegde
16153,26955,0,Rekha Prasad,Surrender,2025-09-16,Bengaluru City,Bhavana Kumar
16156,26961,0,Ashwini Bhat,Arrest,2025-09-16,Tumakuru,Pooja Patil
16157,26967,0,Chetan Bhat,Arrest,2025-09-17,Tumakuru,Basavaraj Bhat
16158,26969,0,Mary Murthy,Arrest,2025-09-17,Bengaluru City,Nagaraj Kulkarni
16159,26973,0,Basavaraj Kumar,Arrest,2025-09-17,Mangaluru (DK),Imran Desai
16161,26975,0,Girish Murthy,Surrender,2025-09-17,Raichur,Chetan Prasad
16163,26979,0,Mary Kulkarni,Arrest,2025-09-17,Udupi,Basavaraj Murthy
16166,26983,0,Nagaraj Murthy,Arrest,2025-09-17,Hubballi-Dharwad,Shivakumar Nayak
16167,26985,0,Fatima Reddy,Arrest,2025-09-17,Hubballi-Dharwad,Deepak Reddy
16169,26987,0,Kiran Kumar,Arrest,2025-09-17,Davanagere,Ravi Prasad
16170,26989,0,Suresh Kulkarni,Arrest,2025-09-17,Belagavi,Rekha Nayak
16171,26991,0,Girish Hegde,Arrest,2025-09-17,Bengaluru City,Girish Shetty
16172,26993,0,Yashwanth Kulkarni,Arrest,2025-09-18,Ballari,Pooja Kumar
16174,26995,0,Deepak Iyengar,Surrender,2025-09-18,Ballari,Kiran Prasad
16175,26997,0,Kiran Reddy,Arrest,2025-09-18,Vijayapura,Ravi Nayak
16177,27001,0,Imran Hegde,Arrest,2025-09-18,Belagavi,Fatima Bhat
16179,27005,0,Prakash Rao,Arrest,2025-09-18,Ballari,Manjunath Bhat
16181,27009,0,Deepak Naik,Arrest,2025-09-18,Bengaluru City,Yashwanth Iyengar
16183,27011,0,Rekha Naik,Arrest,2025-09-18,Tumakuru,Ravi Murthy
16184,27013,0,Prakash Naik,Arrest,2025-09-18,Ballari,Nagaraj Desai
16186,27015,0,Nagaraj Bhat,Arrest,2025-09-18,Bengaluru City,Kiran Patil
16188,27023,0,Prakash Shetty,Arrest,2025-09-18,Mysuru,Prakash Reddy
16189,27025,0,Chetan Desai,Arrest,2025-09-18,Bengaluru City,Imran Iyengar
16191,27027,0,Pooja Bhat,Arrest,2025-09-18,Hassan,Nagaraj Iyengar
16193,27029,0,Basavaraj Patil,Arrest,2025-09-19,Bengaluru City,Ashwini Murthy
16195,27033,0,Mary Kulkarni,Arrest,2025-09-19,Shivamogga,Basavaraj Prasad
16196,27035,0,Prakash Murthy,Arrest,2025-09-19,Shivamogga,Pooja Hegde
16199,27039,0,Suresh Hegde,Arrest,2025-09-19,Belagavi,Joseph Nayak
16201,27043,0,Pooja Murthy,Arrest,2025-09-19,Tumakuru,Joseph Kulkarni
16206,27051,0,Manjunath Iyengar,Arrest,2025-09-19,Tumakuru,Prakash Kumar
16208,27053,0,Chetan Reddy,Arrest,2025-09-19,Ballari,Joseph Kumar
16210,27059,0,Shivakumar Reddy,Surrender,2025-09-19,Davanagere,Ravi Rao
16212,27061,0,Manjunath Reddy,Arrest,2025-09-19,Belagavi,Girish Murthy
16214,27065,0,Yashwanth Nayak,Surrender,2025-09-19,Davanagere,Nagaraj Hegde
16218,27071,0,Ravi Nayak,Arrest,2025-09-19,Bengaluru City,Lakshmi Rao
16221,27075,0,Joseph Reddy,Arrest,2025-09-19,Vijayapura,Ashwini Naik
16223,27079,0,Chetan Bhat,Arrest,2025-09-20,Bengaluru City,Fatima Hegde
16225,27083,0,Rekha Murthy,Arrest,2025-09-20,Mangaluru (DK),Joseph Kulkarni
16227,27087,0,Manjunath Kulkarni,Arrest,2025-09-20,Bengaluru City,Anitha Kumar
16229,27089,0,Vinutha Rao,Arrest,2025-09-20,Bengaluru City,Vinutha Hegde
16233,27097,0,Mary Bhat,Surrender,2025-09-20,Bengaluru City,Mary Iyengar
16236,27105,0,Anitha Prasad,Arrest,2025-09-20,Hassan,Joseph Desai
16239,27109,0,Manjunath Hegde,Arrest,2025-09-20,Bengaluru City,Pooja Bhat
16242,27113,0,Rekha Murthy,Arrest,2025-09-20,Belagavi,Prakash Kulkarni
16244,27115,0,Vinutha Kumar,Surrender,2025-09-20,Mysuru,Deepak Shetty
16246,27117,0,Manjunath Desai,Arrest,2025-09-20,Bengaluru City,Fatima Kumar
16249,27125,0,Chetan Desai,Arrest,2025-09-21,Davanagere,Yashwanth Prasad
16252,27131,0,Nagaraj Kumar,Arrest,2025-09-21,Vijayapura,Fatima Iyengar
16253,27133,0,Anitha Rao,Arrest,2025-09-21,Bengaluru City,Yashwanth Hegde
16255,27135,0,Deepak Rao,Arrest,2025-09-21,Tumakuru,Mary Iyengar
16258,27141,0,Chetan Naik,Surrender,2025-09-21,Udupi,Pooja Murthy
16259,27143,0,Mary Gowda,Arrest,2025-09-21,Bengaluru City,Girish Shetty
16260,27147,0,Suresh Patil,Surrender,2025-09-21,Hassan,Chetan Patil
16261,27149,0,Girish Desai,Arrest,2025-09-21,Bengaluru City,Mary Reddy
16264,27155,0,Ravi Iyengar,Arrest,2025-09-21,Mysuru,Deepak Naik
16266,27157,0,Vinutha Rao,Surrender,2025-09-21,Belagavi,Manjunath Hegde
16267,27159,0,Lakshmi Kulkarni,Arrest,2025-09-21,Ballari,Bhavana Hegde
16268,27161,0,Ashwini Gowda,Surrender,2025-09-22,Bengaluru City,Ashwini Murthy
16269,27163,0,Deepak Rao,Surrender,2025-09-22,Belagavi,Pooja Nayak
16272,27167,0,Imran Kumar,Arrest,2025-09-22,Belagavi,Yashwanth Murthy
16274,27169,0,Lakshmi Nayak,Surrender,2025-09-22,Belagavi,Bhavana Iyengar
16277,27173,0,Mary Iyengar,Arrest,2025-09-22,Hassan,Suresh Iyengar
16281,27181,0,Ravi Iyengar,Arrest,2025-09-22,Mysuru,Kiran Kulkarni
16283,27185,0,Lakshmi Kulkarni,Surrender,2025-09-22,Mysuru,Rekha Naik
16284,27187,0,Mary Prasad,Surrender,2025-09-22,Bengaluru City,Prakash Hegde
16286,27189,0,Prakash Gowda,Arrest,2025-09-22,Bengaluru City,Suresh Murthy
16288,27191,0,Basavaraj Kumar,Arrest,2025-09-22,Bengaluru City,Basavaraj Hegde
16289,27195,0,Girish Shetty,Arrest,2025-09-22,Hubballi-Dharwad,Ravi Kulkarni
16290,27197,0,Anitha Patil,Surrender,2025-09-22,Bengaluru Rural,Deepak Prasad
16292,27199,0,Nagaraj Rao,Arrest,2025-09-23,Tumakuru,Chetan Bhat
16293,27201,0,Deepak Rao,Arrest,2025-09-23,Tumakuru,Manjunath Desai
16295,27203,0,Manjunath Desai,Arrest,2025-09-23,Bengaluru City,Shivakumar Naik
16297,27205,0,Suresh Rao,Arrest,2025-09-23,Belagavi,Pooja Prasad
16298,27209,0,Fatima Rao,Arrest,2025-09-23,Bengaluru City,Nagaraj Prasad
16299,27211,0,Mary Kumar,Arrest,2025-09-23,Mysuru,Ravi Shetty
16302,27215,0,Shivakumar Kumar,Arrest,2025-09-23,Raichur,Prakash Kumar
16304,27219,0,Mary Shetty,Arrest,2025-09-23,Ballari,Anitha Hegde
16306,27223,0,Deepak Murthy,Arrest,2025-09-23,Bengaluru City,Rekha Nayak
16308,27225,0,Vinutha Shetty,Arrest,2025-09-23,Mangaluru (DK),Joseph Bhat
16309,27229,0,Pooja Rao,Surrender,2025-09-23,Bengaluru City,Manjunath Hegde
16310,27231,0,Mary Desai,Surrender,2025-09-23,Mysuru,Ravi Rao
16311,27233,0,Mary Prasad,Arrest,2025-09-23,Tumakuru,Fatima Rao
16313,27235,0,Joseph Desai,Arrest,2025-09-24,Mangaluru (DK),Joseph Gowda
16315,27239,0,Manjunath Iyengar,Surrender,2025-09-24,Udupi,Suresh Patil
16317,27245,0,Basavaraj Patil,Arrest,2025-09-24,Bengaluru City,Prakash Kulkarni
16318,27247,0,Shivakumar Desai,Arrest,2025-09-24,Mysuru,Shivakumar Nayak
16320,27249,0,Kiran Rao,Arrest,2025-09-24,Mangaluru (DK),Pooja Kulkarni
16322,27251,0,Chetan Hegde,Arrest,2025-09-24,Udupi,Kiran Bhat
16323,27253,0,Deepak Kumar,Arrest,2025-09-24,Raichur,Mary Patil
16324,27255,0,Manjunath Patil,Arrest,2025-09-24,Shivamogga,Rekha Desai
16325,27257,0,Suresh Hegde,Arrest,2025-09-24,Bengaluru City,Suresh Iyengar
16327,27261,0,Anitha Murthy,Arrest,2025-09-24,Bengaluru City,Deepak Patil
16328,27263,0,Manjunath Kulkarni,Arrest,2025-09-24,Belagavi,Deepak Patil
16330,27265,0,Fatima Murthy,Arrest,2025-09-24,Bengaluru City,Yashwanth Desai
16333,27271,0,Ashwini Murthy,Arrest,2025-09-24,Udupi,Pooja Kumar
16335,27273,0,Shivakumar Prasad,Arrest,2025-09-25,Davanagere,Lakshmi Bhat
16336,27277,0,Mary Nayak,Arrest,2025-09-25,Hubballi-Dharwad,Joseph Shetty
16338,27279,0,Imran Iyengar,Arrest,2025-09-25,Belagavi,Ravi Hegde
16340,27281,0,Vinutha Nayak,Surrender,2025-09-25,Raichur,Lakshmi Reddy
16342,27283,0,Nagaraj Iyengar,Arrest,2025-09-25,Mangaluru (DK),Kiran Shetty
16343,27285,0,Nagaraj Patil,Arrest,2025-09-25,Shivamogga,Nagaraj Bhat
16346,27289,0,Ashwini Bhat,Arrest,2025-09-25,Belagavi,Pooja Rao
16347,27291,0,Fatima Hegde,Arrest,2025-09-25,Bengaluru City,Kiran Kumar
16349,27293,0,Bhavana Kulkarni,Arrest,2025-09-25,Bengaluru City,Shivakumar Kulkarni
16352,27297,0,Vinutha Rao,Arrest,2025-09-25,Ballari,Rekha Desai
16353,27299,0,Mary Desai,Surrender,2025-09-25,Shivamogga,Bhavana Reddy
16355,27301,0,Ravi Hegde,Arrest,2025-09-25,Hubballi-Dharwad,Yashwanth Rao
16357,27303,0,Chetan Iyengar,Arrest,2025-09-25,Mysuru,Shivakumar Nayak
16359,27307,0,Shivakumar Kulkarni,Arrest,2025-09-25,Mysuru,Nagaraj Kumar
16361,27313,0,Shivakumar Kumar,Arrest,2025-09-26,Bengaluru City,Ashwini Bhat
16362,27315,0,Kiran Desai,Arrest,2025-09-26,Tumakuru,Rekha Iyengar
16364,27319,0,Lakshmi Murthy,Arrest,2025-09-26,Tumakuru,Deepak Shetty
16366,27321,0,Yashwanth Bhat,Surrender,2025-09-26,Shivamogga,Anitha Iyengar
16368,27323,0,Basavaraj Nayak,Arrest,2025-09-26,Udupi,Fatima Patil
16371,27329,0,Mary Gowda,Arrest,2025-09-26,Mysuru,Girish Iyengar
16373,27333,0,Joseph Murthy,Arrest,2025-09-26,Bengaluru City,Fatima Naik
16374,27335,0,Anitha Gowda,Arrest,2025-09-26,Mangaluru (DK),Girish Iyengar
16376,27337,0,Nagaraj Naik,Surrender,2025-09-26,Bengaluru City,Joseph Rao
16377,27339,0,Lakshmi Kumar,Arrest,2025-09-26,Hassan,Shivakumar Prasad
16378,27341,0,Prakash Patil,Arrest,2025-09-26,Hubballi-Dharwad,Suresh Kulkarni
16380,27343,0,Manjunath Shetty,Surrender,2025-09-26,Raichur,Imran Naik
16384,27355,0,Fatima Desai,Arrest,2025-09-27,Mysuru,Manjunath Reddy
16386,27357,0,Shivakumar Reddy,Arrest,2025-09-27,Udupi,Rekha Prasad
16389,27363,0,Mary Gowda,Surrender,2025-09-27,Hubballi-Dharwad,Suresh Reddy
16392,27367,0,Kiran Desai,Arrest,2025-09-27,Hubballi-Dharwad,Anitha Nayak
16394,27369,0,Mary Naik,Arrest,2025-09-27,Vijayapura,Mary Kumar
16397,27373,0,Mary Prasad,Arrest,2025-09-27,Hubballi-Dharwad,Kiran Iyengar
16399,27377,0,Rekha Naik,Arrest,2025-09-27,Bengaluru City,Ravi Shetty
16400,27379,0,Lakshmi Desai,Arrest,2025-09-27,Raichur,Nagaraj Nayak
16403,27385,0,Manjunath Bhat,Arrest,2025-09-27,Shivamogga,Bhavana Prasad
16404,27387,0,Ravi Kulkarni,Arrest,2025-09-27,Hubballi-Dharwad,Ravi Patil
16406,27391,0,Imran Reddy,Arrest,2025-09-28,Raichur,Vinutha Kulkarni
16408,27393,0,Pooja Naik,Arrest,2025-09-28,Bengaluru City,Prakash Iyengar
16409,27395,0,Vinutha Naik,Arrest,2025-09-28,Hassan,Mary Naik
16412,27399,0,Anitha Kulkarni,Surrender,2025-09-28,Shivamogga,Manjunath Patil
16415,27405,0,Yashwanth Rao,Surrender,2025-09-28,Udupi,Nagaraj Naik
16417,27407,0,Rekha Iyengar,Arrest,2025-09-28,Bengaluru City,Ashwini Rao
16419,27409,0,Pooja Desai,Surrender,2025-09-28,Mysuru,Prakash Shetty
16421,27411,0,Prakash Reddy,Surrender,2025-09-28,Hassan,Vinutha Kumar
16424,27417,0,Kiran Hegde,Arrest,2025-09-28,Bengaluru Rural,Anitha Rao
16426,27419,0,Basavaraj Hegde,Arrest,2025-09-28,Bengaluru City,Rekha Naik
16429,27423,0,Prakash Bhat,Arrest,2025-09-29,Hubballi-Dharwad,Bhavana Gowda
16431,27425,0,Mary Reddy,Arrest,2025-09-29,Raichur,Shivakumar Rao
16434,27429,0,Nagaraj Kulkarni,Arrest,2025-09-29,Davanagere,Bhavana Reddy
16436,27433,0,Manjunath Desai,Arrest,2025-09-29,Hubballi-Dharwad,Deepak Desai
16437,27437,0,Ravi Murthy,Arrest,2025-09-29,Mangaluru (DK),Rekha Shetty
16439,27443,0,Yashwanth Desai,Arrest,2025-09-29,Bengaluru City,Basavaraj Hegde
16441,27445,0,Vinutha Gowda,Arrest,2025-09-29,Bengaluru City,Suresh Hegde
16443,27449,0,Yashwanth Iyengar,Arrest,2025-09-29,Bengaluru Rural,Deepak Nayak
16445,27453,0,Mary Desai,Arrest,2025-09-29,Bengaluru City,Ashwini Gowda
16447,27455,0,Girish Reddy,Arrest,2025-09-29,Vijayapura,Kiran Bhat
16449,27457,0,Lakshmi Rao,Arrest,2025-09-29,Vijayapura,Ashwini Iyengar
16453,27463,0,Suresh Reddy,Surrender,2025-09-30,Kalaburagi,Nagaraj Bhat
16454,27465,0,Rekha Patil,Arrest,2025-09-30,Bengaluru City,Ashwini Murthy
16456,27467,0,Manjunath Reddy,Arrest,2025-09-30,Bengaluru City,Nagaraj Nayak
16457,27469,0,Girish Murthy,Arrest,2025-09-30,Belagavi,Bhavana Naik
16459,27471,0,Basavaraj Gowda,Arrest,2025-09-30,Hassan,Vinutha Murthy
16461,27473,0,Joseph Rao,Arrest,2025-09-30,Bengaluru City,Ashwini Nayak
16462,27475,0,Basavaraj Iyengar,Arrest,2025-09-30,Raichur,Nagaraj Shetty
16464,27477,0,Deepak Rao,Arrest,2025-09-30,Ballari,Ashwini Murthy
16468,27483,0,Mary Gowda,Arrest,2025-09-30,Bengaluru City,Fatima Naik
16470,27485,0,Ashwini Iyengar,Arrest,2025-09-30,Tumakuru,Ravi Gowda
16471,27487,0,Suresh Kumar,Arrest,2025-09-30,Bengaluru Rural,Kiran Prasad
16472,27489,0,Imran Desai,Arrest,2025-09-30,Udupi,Suresh Hegde
16475,27493,0,Deepak Iyengar,Arrest,2025-09-30,Hubballi-Dharwad,Kiran Shetty
16476,27495,0,Kiran Bhat,Arrest,2025-09-30,Bengaluru City,Basavaraj Nayak
16477,27497,0,Nagaraj Kulkarni,Surrender,2025-09-30,Shivamogga,Ashwini Iyengar
16479,27499,0,Anitha Rao,Arrest,2025-09-30,Hubballi-Dharwad,Prakash Shetty
16481,27503,0,Basavaraj Hegde,Arrest,2025-10-01,Vijayapura,Suresh Bhat
16483,27505,0,Imran Bhat,Arrest,2025-10-01,Bengaluru City,Girish Shetty
16486,27509,0,Ashwini Nayak,Surrender,2025-10-01,Bengaluru City,Pooja Nayak
16488,27515,0,Pooja Iyengar,Surrender,2025-10-01,Hubballi-Dharwad,Manjunath Gowda
16490,27519,0,Rekha Murthy,Surrender,2025-10-01,Udupi,Shivakumar Bhat
16493,27525,0,Basavaraj Shetty,Arrest,2025-10-01,Belagavi,Anitha Nayak
16495,27527,0,Vinutha Desai,Arrest,2025-10-01,Belagavi,Ravi Gowda
16496,27529,0,Basavaraj Gowda,Arrest,2025-10-01,Kalaburagi,Anitha Hegde
16499,27533,0,Lakshmi Iyengar,Arrest,2025-10-01,Davanagere,Mary Reddy
16501,27537,0,Nagaraj Kulkarni,Arrest,2025-10-01,Mysuru,Ravi Bhat
16503,27539,0,Yashwanth Gowda,Arrest,2025-10-01,Tumakuru,Nagaraj Bhat
16505,27541,0,Ravi Naik,Surrender,2025-10-01,Shivamogga,Nagaraj Patil
16506,27543,0,Deepak Shetty,Arrest,2025-10-01,Hubballi-Dharwad,Shivakumar Gowda
16507,27545,0,Mary Shetty,Arrest,2025-10-01,Bengaluru City,Suresh Hegde
16509,27547,0,Imran Gowda,Arrest,2025-10-01,Mysuru,Anitha Murthy
16510,27549,0,Chetan Shetty,Surrender,2025-10-01,Ballari,Rekha Nayak
16514,27555,0,Manjunath Prasad,Arrest,2025-10-02,Bengaluru Rural,Imran Prasad
16516,27557,0,Deepak Desai,Arrest,2025-10-02,Raichur,Pooja Kumar
16521,27567,0,Basavaraj Kulkarni,Arrest,2025-10-02,Davanagere,Chetan Prasad
16522,27571,0,Basavaraj Shetty,Arrest,2025-10-02,Ballari,Deepak Naik
16525,27577,0,Suresh Hegde,Arrest,2025-10-02,Hassan,Manjunath Hegde
16527,27579,0,Kiran Hegde,Arrest,2025-10-02,Bengaluru City,Imran Kulkarni
16529,27581,0,Deepak Gowda,Arrest,2025-10-02,Kalaburagi,Prakash Bhat
16530,27583,0,Manjunath Patil,Surrender,2025-10-02,Bengaluru City,Deepak Bhat
16532,27585,0,Mary Desai,Surrender,2025-10-02,Bengaluru City,Rekha Reddy
16535,27589,0,Basavaraj Shetty,Arrest,2025-10-02,Udupi,Nagaraj Iyengar
16537,27591,0,Fatima Shetty,Arrest,2025-10-02,Belagavi,Vinutha Desai
16540,27595,0,Imran Iyengar,Arrest,2025-10-02,Bengaluru City,Lakshmi Shetty
16541,27597,0,Kiran Kulkarni,Arrest,2025-10-02,Vijayapura,Shivakumar Shetty
16544,27605,0,Kiran Nayak,Arrest,2025-10-03,Shivamogga,Suresh Rao
16546,27609,0,Ravi Desai,Arrest,2025-10-03,Mangaluru (DK),Kiran Prasad
16548,27611,0,Pooja Hegde,Arrest,2025-10-03,Hubballi-Dharwad,Girish Iyengar
16550,27613,0,Suresh Desai,Surrender,2025-10-03,Bengaluru City,Pooja Hegde
16552,27617,0,Manjunath Gowda,Arrest,2025-10-03,Tumakuru,Girish Naik
16553,27619,0,Ravi Murthy,Arrest,2025-10-03,Bengaluru City,Bhavana Reddy
16555,27621,0,Basavaraj Iyengar,Arrest,2025-10-03,Shivamogga,Ashwini Shetty
16558,27625,0,Bhavana Iyengar,Arrest,2025-10-03,Tumakuru,Prakash Shetty
16560,27627,0,Rekha Gowda,Surrender,2025-10-03,Bengaluru City,Bhavana Prasad
16562,27633,0,Rekha Reddy,Arrest,2025-10-03,Mysuru,Shivakumar Shetty
16563,27635,0,Yashwanth Murthy,Arrest,2025-10-03,Bengaluru City,Ashwini Reddy
16565,27637,0,Lakshmi Rao,Arrest,2025-10-03,Mysuru,Ravi Kulkarni
16567,27639,0,Basavaraj Rao,Arrest,2025-10-03,Belagavi,Vinutha Rao
16568,27641,0,Yashwanth Gowda,Surrender,2025-10-03,Davanagere,Joseph Kumar
16570,27643,0,Manjunath Murthy,Arrest,2025-10-03,Mysuru,Kiran Murthy
16575,27657,0,Yashwanth Kumar,Arrest,2025-10-03,Bengaluru City,Pooja Bhat
16577,27663,0,Joseph Gowda,Arrest,2025-10-04,Bengaluru City,Ravi Patil
16579,27667,0,Nagaraj Kulkarni,Arrest,2025-10-04,Bengaluru City,Girish Kulkarni
16582,27673,0,Fatima Kumar,Arrest,2025-10-04,Hubballi-Dharwad,Chetan Hegde
16584,27679,0,Kiran Rao,Arrest,2025-10-04,Bengaluru City,Imran Kumar
16586,27681,0,Kiran Shetty,Arrest,2025-10-04,Tumakuru,Ravi Bhat
16588,27683,0,Bhavana Hegde,Arrest,2025-10-04,Belagavi,Basavaraj Hegde
16590,27685,0,Basavaraj Gowda,Surrender,2025-10-04,Bengaluru City,Prakash Hegde
16592,27687,0,Manjunath Murthy,Arrest,2025-10-04,Kalaburagi,Chetan Naik
16594,27689,0,Prakash Murthy,Arrest,2025-10-04,Shivamogga,Fatima Iyengar
16597,27695,0,Pooja Naik,Arrest,2025-10-04,Mysuru,Manjunath Shetty
16598,27697,0,Lakshmi Reddy,Arrest,2025-10-04,Bengaluru Rural,Vinutha Murthy
16600,27699,0,Pooja Prasad,Arrest,2025-10-04,Bengaluru City,Fatima Kulkarni
16603,27703,0,Shivakumar Gowda,Arrest,2025-10-04,Kalaburagi,Suresh Rao
16605,27705,0,Rekha Patil,Arrest,2025-10-04,Vijayapura,Lakshmi Reddy
16606,27707,0,Mary Naik,Arrest,2025-10-04,Bengaluru City,Fatima Prasad
16607,27709,0,Anitha Murthy,Arrest,2025-10-04,Mangaluru (DK),Imran Naik
16609,27711,0,Suresh Naik,Arrest,2025-10-04,Shivamogga,Bhavana Patil
16610,27713,0,Nagaraj Naik,Arrest,2025-10-04,Bengaluru City,Yashwanth Naik
16612,27715,0,Deepak Bhat,Arrest,2025-10-04,Tumakuru,Bhavana Patil
16614,27717,0,Anitha Gowda,Arrest,2025-10-04,Belagavi,Manjunath Kulkarni
16616,27719,0,Suresh Bhat,Arrest,2025-10-04,Mysuru,Fatima Prasad
16617,27721,0,Joseph Prasad,Arrest,2025-10-04,Raichur,Joseph Murthy
16620,27725,0,Prakash Gowda,Arrest,2025-10-05,Bengaluru City,Rekha Reddy
16623,27729,0,Fatima Nayak,Surrender,2025-10-05,Vijayapura,Girish Gowda
16624,27731,0,Anitha Nayak,Surrender,2025-10-05,Bengaluru Rural,Mary Kumar
16625,27733,0,Prakash Kumar,Arrest,2025-10-05,Belagavi,Lakshmi Patil
16626,27735,0,Kiran Hegde,Arrest,2025-10-05,Udupi,Mary Kulkarni
16628,27737,0,Lakshmi Naik,Arrest,2025-10-05,Tumakuru,Basavaraj Iyengar
16630,27739,0,Deepak Kulkarni,Surrender,2025-10-05,Hassan,Prakash Nayak
16632,27741,0,Pooja Hegde,Arrest,2025-10-05,Mysuru,Rekha Reddy
16634,27743,0,Basavaraj Bhat,Arrest,2025-10-05,Bengaluru City,Basavaraj Prasad
16636,27745,0,Ravi Kulkarni,Arrest,2025-10-05,Shivamogga,Yashwanth Nayak
16638,27747,0,Ashwini Desai,Arrest,2025-10-05,Mangaluru (DK),Suresh Bhat
16640,27749,0,Prakash Shetty,Arrest,2025-10-05,Bengaluru City,Rekha Kumar
16642,27753,0,Nagaraj Rao,Arrest,2025-10-05,Bengaluru City,Pooja Nayak
16646,27759,0,Manjunath Gowda,Arrest,2025-10-05,Belagavi,Yashwanth Naik
16647,27761,0,Deepak Desai,Arrest,2025-10-05,Bengaluru City,Joseph Desai
16649,27763,0,Mary Kumar,Surrender,2025-10-05,Vijayapura,Manjunath Kulkarni
16651,27767,0,Suresh Nayak,Arrest,2025-10-05,Udupi,Prakash Naik
16652,27769,0,Bhavana Naik,Arrest,2025-10-05,Mangaluru (DK),Basavaraj Desai
16657,27789,0,Shivakumar Bhat,Arrest,2025-10-06,Raichur,Ashwini Iyengar
16658,27791,0,Deepak Kulkarni,Arrest,2025-10-06,Bengaluru City,Ravi Desai
16659,27793,0,Fatima Kulkarni,Arrest,2025-10-06,Bengaluru City,Prakash Hegde
16663,27799,0,Kiran Reddy,Arrest,2025-10-06,Ballari,Anitha Hegde
16665,27803,0,Vinutha Hegde,Arrest,2025-10-06,Kalaburagi,Girish Shetty
16671,27813,0,Pooja Kulkarni,Arrest,2025-10-06,Ballari,Lakshmi Kumar
16673,27817,0,Basavaraj Patil,Arrest,2025-10-06,Bengaluru City,Mary Hegde
16676,27821,0,Girish Patil,Arrest,2025-10-07,Belagavi,Chetan Rao
16677,27823,0,Lakshmi Rao,Arrest,2025-10-07,Vijayapura,Basavaraj Gowda
16681,27829,0,Girish Rao,Arrest,2025-10-07,Kalaburagi,Lakshmi Reddy
16682,27831,0,Basavaraj Prasad,Arrest,2025-10-07,Bengaluru City,Prakash Shetty
16683,27833,0,Ravi Rao,Arrest,2025-10-07,Raichur,Bhavana Kulkarni
16684,27835,0,Fatima Shetty,Arrest,2025-10-07,Tumakuru,Basavaraj Bhat
16685,27837,0,Bhavana Rao,Arrest,2025-10-07,Bengaluru City,Imran Nayak
16687,27841,0,Bhavana Murthy,Arrest,2025-10-07,Bengaluru City,Shivakumar Reddy
16688,27843,0,Nagaraj Hegde,Surrender,2025-10-07,Belagavi,Bhavana Naik
16691,27847,0,Anitha Shetty,Surrender,2025-10-07,Udupi,Bhavana Bhat
16693,27849,0,Mary Shetty,Arrest,2025-10-07,Bengaluru City,Rekha Shetty
16696,27853,0,Lakshmi Prasad,Surrender,2025-10-07,Shivamogga,Kiran Murthy
16697,27855,0,Ashwini Kumar,Arrest,2025-10-07,Bengaluru Rural,Rekha Iyengar
16698,27857,0,Girish Rao,Arrest,2025-10-07,Bengaluru Rural,Chetan Kulkarni
16699,27859,0,Kiran Bhat,Arrest,2025-10-08,Ballari,Mary Naik
16700,27861,0,Manjunath Kumar,Surrender,2025-10-08,Bengaluru Rural,Imran Shetty
16701,27863,0,Mary Shetty,Arrest,2025-10-08,Davanagere,Kiran Reddy
16703,27869,0,Deepak Hegde,Arrest,2025-10-08,Bengaluru City,Yashwanth Patil
16706,27873,0,Nagaraj Hegde,Arrest,2025-10-08,Bengaluru City,Rekha Kumar
16708,27875,0,Anitha Kumar,Arrest,2025-10-08,Kalaburagi,Shivakumar Kumar
16710,27877,0,Basavaraj Prasad,Arrest,2025-10-08,Mangaluru (DK),Deepak Bhat
16714,27883,0,Prakash Kumar,Arrest,2025-10-08,Udupi,Anitha Prasad
16715,27885,0,Ashwini Desai,Arrest,2025-10-08,Bengaluru City,Fatima Shetty
16717,27887,0,Lakshmi Shetty,Arrest,2025-10-08,Bengaluru City,Mary Desai
16720,27895,0,Mary Naik,Surrender,2025-10-08,Hassan,Prakash Rao
16722,27901,0,Anitha Hegde,Arrest,2025-10-08,Shivamogga,Fatima Bhat
16724,27903,0,Prakash Hegde,Surrender,2025-10-08,Shivamogga,Chetan Bhat
16726,27905,0,Prakash Patil,Arrest,2025-10-09,Bengaluru City,Mary Kumar
16728,27909,0,Chetan Kulkarni,Surrender,2025-10-09,Mysuru,Fatima Iyengar
16731,27913,0,Imran Shetty,Surrender,2025-10-09,Mangaluru (DK),Joseph Hegde
16732,27917,0,Suresh Prasad,Arrest,2025-10-09,Bengaluru City,Suresh Rao
16734,27919,0,Girish Reddy,Arrest,2025-10-09,Hubballi-Dharwad,Rekha Bhat
16736,27925,0,Manjunath Naik,Surrender,2025-10-09,Bengaluru City,Yashwanth Prasad
16737,27927,0,Suresh Desai,Arrest,2025-10-09,Bengaluru City,Vinutha Naik
16740,27931,0,Deepak Rao,Arrest,2025-10-09,Hassan,Basavaraj Kumar
16741,27933,0,Yashwanth Reddy,Arrest,2025-10-09,Bengaluru City,Mary Iyengar
16742,27941,0,Lakshmi Murthy,Arrest,2025-10-09,Bengaluru Rural,Ashwini Naik
16744,27943,0,Prakash Shetty,Arrest,2025-10-09,Bengaluru Rural,Girish Naik
16746,27945,0,Prakash Prasad,Arrest,2025-10-09,Hassan,Yashwanth Gowda
16747,27947,0,Nagaraj Iyengar,Arrest,2025-10-09,Belagavi,Ashwini Nayak
16749,27951,0,Bhavana Kulkarni,Arrest,2025-10-10,Bengaluru City,Pooja Shetty
16750,27953,0,Chetan Kumar,Arrest,2025-10-10,Kalaburagi,Joseph Nayak
16751,27955,0,Basavaraj Kumar,Arrest,2025-10-10,Bengaluru City,Imran Reddy
16753,27957,0,Yashwanth Reddy,Arrest,2025-10-10,Mangaluru (DK),Manjunath Kulkarni
16757,27963,0,Manjunath Rao,Surrender,2025-10-10,Kalaburagi,Suresh Rao
16759,27965,0,Pooja Kumar,Arrest,2025-10-10,Kalaburagi,Joseph Naik
16761,27969,0,Yashwanth Desai,Arrest,2025-10-10,Kalaburagi,Manjunath Kumar
16764,27973,0,Shivakumar Desai,Surrender,2025-10-10,Kalaburagi,Deepak Naik
16766,27975,0,Imran Desai,Surrender,2025-10-10,Kalaburagi,Fatima Shetty
16768,27979,0,Anitha Iyengar,Arrest,2025-10-10,Bengaluru City,Basavaraj Reddy
16769,27981,0,Ashwini Iyengar,Surrender,2025-10-10,Bengaluru City,Joseph Kulkarni
16772,27985,0,Rekha Bhat,Arrest,2025-10-10,Bengaluru City,Rekha Murthy
16774,27987,0,Anitha Iyengar,Arrest,2025-10-10,Ballari,Shivakumar Shetty
16775,27989,0,Vinutha Iyengar,Arrest,2025-10-10,Belagavi,Lakshmi Reddy
16776,27991,0,Vinutha Gowda,Arrest,2025-10-10,Davanagere,Mary Murthy
16780,27999,0,Anitha Naik,Arrest,2025-10-10,Tumakuru,Ashwini Bhat
16781,28001,0,Basavaraj Rao,Arrest,2025-10-11,Mysuru,Joseph Murthy
16784,28005,0,Joseph Gowda,Arrest,2025-10-11,Raichur,Ashwini Naik
16786,28007,0,Lakshmi Bhat,Arrest,2025-10-11,Udupi,Manjunath Rao
16788,28009,0,Rekha Hegde,Arrest,2025-10-11,Mysuru,Kiran Desai
16789,28011,0,Joseph Iyengar,Arrest,2025-10-11,Tumakuru,Suresh Nayak
16790,28013,0,Imran Prasad,Arrest,2025-10-11,Bengaluru City,Pooja Prasad
16791,28015,0,Vinutha Rao,Arrest,2025-10-11,Kalaburagi,Pooja Reddy
16794,28019,0,Nagaraj Nayak,Arrest,2025-10-11,Mysuru,Ashwini Bhat
16795,28021,0,Lakshmi Reddy,Arrest,2025-10-11,Bengaluru City,Vinutha Gowda
16797,28023,0,Pooja Shetty,Arrest,2025-10-11,Bengaluru City,Prakash Kumar
16799,28025,0,Girish Nayak,Arrest,2025-10-11,Hassan,Bhavana Kulkarni
16801,28027,0,Nagaraj Rao,Arrest,2025-10-11,Mangaluru (DK),Chetan Kumar
16803,28029,0,Basavaraj Iyengar,Arrest,2025-10-11,Bengaluru Rural,Ashwini Bhat
16805,28033,0,Prakash Naik,Arrest,2025-10-11,Tumakuru,Mary Patil
16807,28037,0,Shivakumar Murthy,Arrest,2025-10-11,Bengaluru City,Ravi Naik
16808,28039,0,Mary Gowda,Arrest,2025-10-11,Bengaluru City,Suresh Hegde
16810,28041,0,Prakash Kulkarni,Arrest,2025-10-11,Tumakuru,Vinutha Nayak
16811,28043,0,Fatima Nayak,Arrest,2025-10-11,Tumakuru,Ashwini Kumar
16816,28051,0,Prakash Nayak,Arrest,2025-10-11,Mysuru,Mary Gowda
16818,28053,0,Yashwanth Naik,Arrest,2025-10-11,Belagavi,Joseph Murthy
16823,28063,0,Pooja Prasad,Arrest,2025-10-12,Mysuru,Shivakumar Kumar
16825,28065,0,Anitha Patil,Arrest,2025-10-12,Udupi,Girish Reddy
16830,28079,0,Yashwanth Nayak,Surrender,2025-10-12,Tumakuru,Suresh Bhat
16832,28081,0,Prakash Rao,Arrest,2025-10-12,Hassan,Chetan Desai
16833,28083,0,Rekha Iyengar,Surrender,2025-10-12,Bengaluru City,Fatima Desai
16835,28087,0,Nagaraj Reddy,Arrest,2025-10-12,Vijayapura,Prakash Prasad
16837,28091,0,Yashwanth Patil,Arrest,2025-10-12,Mysuru,Kiran Murthy
16838,28095,0,Shivakumar Rao,Arrest,2025-10-12,Hubballi-Dharwad,Deepak Kumar
16840,28097,0,Imran Rao,Arrest,2025-10-12,Belagavi,Basavaraj Patil
16842,28099,0,Fatima Rao,Surrender,2025-10-12,Ballari,Pooja Prasad
16844,28103,0,Rekha Murthy,Arrest,2025-10-12,Bengaluru City,Ravi Iyengar
16847,28107,0,Joseph Shetty,Arrest,2025-10-13,Tumakuru,Joseph Naik
16849,28109,0,Chetan Shetty,Arrest,2025-10-13,Bengaluru City,Deepak Desai
16851,28113,0,Bhavana Reddy,Arrest,2025-10-13,Belagavi,Kiran Iyengar
16854,28121,0,Vinutha Murthy,Arrest,2025-10-13,Bengaluru City,Pooja Bhat
16856,28123,0,Girish Reddy,Arrest,2025-10-13,Hubballi-Dharwad,Yashwanth Iyengar
16858,28127,0,Lakshmi Naik,Arrest,2025-10-13,Tumakuru,Anitha Nayak
16860,28131,0,Manjunath Kulkarni,Arrest,2025-10-13,Bengaluru City,Mary Nayak
16862,28133,0,Deepak Prasad,Arrest,2025-10-13,Bengaluru City,Suresh Bhat
16863,28135,0,Shivakumar Desai,Arrest,2025-10-13,Belagavi,Imran Kumar
16865,28141,0,Basavaraj Nayak,Arrest,2025-10-13,Mangaluru (DK),Pooja Reddy
16866,28143,0,Vinutha Bhat,Arrest,2025-10-13,Tumakuru,Basavaraj Reddy
16868,28145,0,Ashwini Shetty,Arrest,2025-10-13,Bengaluru Rural,Deepak Naik
16870,28147,0,Joseph Bhat,Arrest,2025-10-13,Bengaluru City,Lakshmi Prasad
16871,28149,0,Basavaraj Bhat,Arrest,2025-10-13,Davanagere,Imran Prasad
16873,28151,0,Kiran Kulkarni,Arrest,2025-10-13,Hubballi-Dharwad,Vinutha Murthy
16875,28153,0,Manjunath Prasad,Arrest,2025-10-13,Udupi,Joseph Prasad
16877,28155,0,Suresh Desai,Arrest,2025-10-13,Kalaburagi,Suresh Bhat
16878,28157,0,Deepak Gowda,Arrest,2025-10-14,Mangaluru (DK),Rekha Hegde
16880,28161,0,Girish Murthy,Arrest,2025-10-14,Bengaluru City,Lakshmi Patil
16882,28163,0,Prakash Patil,Arrest,2025-10-14,Mysuru,Prakash Kumar
16885,28167,0,Shivakumar Rao,Arrest,2025-10-14,Vijayapura,Girish Gowda
16888,28173,0,Manjunath Iyengar,Arrest,2025-10-14,Ballari,Imran Desai
16889,28175,0,Suresh Desai,Surrender,2025-10-14,Mangaluru (DK),Anitha Iyengar
16891,28179,0,Vinutha Kumar,Arrest,2025-10-14,Bengaluru City,Suresh Hegde
16892,28181,0,Deepak Rao,Surrender,2025-10-14,Kalaburagi,Girish Murthy
16893,28183,0,Mary Shetty,Arrest,2025-10-14,Bengaluru Rural,Basavaraj Reddy
16894,28185,0,Joseph Desai,Arrest,2025-10-14,Bengaluru City,Lakshmi Rao
16896,28187,0,Pooja Rao,Arrest,2025-10-14,Raichur,Manjunath Patil
16898,28189,0,Rekha Murthy,Arrest,2025-10-14,Bengaluru City,Chetan Iyengar
16899,28191,0,Girish Rao,Arrest,2025-10-14,Bengaluru City,Rekha Shetty
16901,28195,0,Basavaraj Murthy,Arrest,2025-10-14,Bengaluru City,Bhavana Reddy
16902,28197,0,Joseph Reddy,Arrest,2025-10-14,Mangaluru (DK),Nagaraj Iyengar
16903,28199,0,Bhavana Gowda,Arrest,2025-10-14,Hubballi-Dharwad,Mary Murthy
16905,28201,0,Prakash Bhat,Arrest,2025-10-14,Bengaluru Rural,Yashwanth Gowda
16907,28203,0,Joseph Rao,Arrest,2025-10-14,Hubballi-Dharwad,Pooja Iyengar
16909,28207,0,Rekha Iyengar,Arrest,2025-10-15,Mangaluru (DK),Manjunath Naik
16911,28209,0,Pooja Rao,Arrest,2025-10-15,Mysuru,Ashwini Rao
16914,28215,0,Mary Kulkarni,Arrest,2025-10-15,Bengaluru City,Shivakumar Shetty
16915,28217,0,Ashwini Reddy,Arrest,2025-10-15,Tumakuru,Yashwanth Rao
16918,28223,0,Ravi Shetty,Arrest,2025-10-15,Hassan,Suresh Iyengar
16920,28231,0,Girish Kumar,Surrender,2025-10-15,Hubballi-Dharwad,Fatima Kumar
16921,28233,0,Lakshmi Prasad,Arrest,2025-10-15,Mysuru,Manjunath Desai
16924,28237,0,Chetan Patil,Arrest,2025-10-15,Raichur,Bhavana Murthy
16927,28243,0,Yashwanth Gowda,Arrest,2025-10-15,Belagavi,Vinutha Reddy
16929,28245,0,Deepak Kulkarni,Arrest,2025-10-15,Hubballi-Dharwad,Shivakumar Naik
16932,28249,0,Yashwanth Murthy,Arrest,2025-10-15,Hassan,Imran Kumar
16936,28257,0,Nagaraj Kulkarni,Arrest,2025-10-16,Bengaluru City,Imran Murthy
16939,28261,0,Fatima Desai,Arrest,2025-10-16,Bengaluru City,Ravi Reddy
16942,28265,0,Kiran Reddy,Arrest,2025-10-16,Belagavi,Deepak Rao
16945,28269,0,Anitha Shetty,Arrest,2025-10-16,Mysuru,Yashwanth Shetty
16946,28271,0,Basavaraj Reddy,Surrender,2025-10-16,Kalaburagi,Joseph Naik
16947,28273,0,Ravi Bhat,Arrest,2025-10-16,Bengaluru City,Deepak Nayak
16948,28277,0,Deepak Kumar,Arrest,2025-10-16,Mysuru,Suresh Desai
16950,28279,0,Basavaraj Kulkarni,Arrest,2025-10-16,Bengaluru City,Kiran Shetty
16952,28281,0,Vinutha Bhat,Arrest,2025-10-16,Shivamogga,Manjunath Murthy
16954,28283,0,Prakash Iyengar,Surrender,2025-10-16,Mysuru,Suresh Patil
16956,28285,0,Imran Shetty,Surrender,2025-10-16,Shivamogga,Vinutha Bhat
16958,28287,0,Nagaraj Kumar,Arrest,2025-10-16,Raichur,Anitha Patil
16960,28291,0,Ashwini Hegde,Arrest,2025-10-16,Hubballi-Dharwad,Deepak Nayak
16961,28293,0,Bhavana Bhat,Arrest,2025-10-16,Ballari,Imran Prasad
16963,28295,0,Rekha Shetty,Arrest,2025-10-16,Ballari,Deepak Prasad
16964,28297,0,Lakshmi Nayak,Arrest,2025-10-16,Bengaluru City,Mary Naik
16965,28301,0,Ashwini Naik,Arrest,2025-10-17,Hubballi-Dharwad,Joseph Reddy
16967,28303,0,Chetan Naik,Arrest,2025-10-17,Hubballi-Dharwad,Imran Gowda
16968,28307,0,Prakash Rao,Arrest,2025-10-17,Bengaluru City,Bhavana Gowda
16970,28313,0,Rekha Nayak,Arrest,2025-10-17,Mangaluru (DK),Pooja Patil
16972,28315,0,Lakshmi Kumar,Arrest,2025-10-17,Mysuru,Shivakumar Rao
16973,28317,0,Manjunath Reddy,Arrest,2025-10-17,Bengaluru City,Fatima Rao
16974,28319,0,Mary Prasad,Arrest,2025-10-17,Kalaburagi,Bhavana Shetty
16975,28321,0,Vinutha Naik,Arrest,2025-10-17,Bengaluru City,Joseph Patil
16977,28325,0,Pooja Kulkarni,Arrest,2025-10-17,Bengaluru City,Anitha Reddy
16979,28335,0,Mary Bhat,Arrest,2025-10-17,Bengaluru City,Vinutha Hegde
16980,28337,0,Suresh Rao,Arrest,2025-10-17,Tumakuru,Shivakumar Reddy
16982,28339,0,Joseph Prasad,Arrest,2025-10-17,Udupi,Deepak Patil
16984,28341,0,Nagaraj Prasad,Arrest,2025-10-17,Mangaluru (DK),Manjunath Naik
16987,28347,0,Shivakumar Kumar,Surrender,2025-10-18,Mysuru,Suresh Hegde
16989,28349,0,Deepak Gowda,Arrest,2025-10-18,Bengaluru Rural,Pooja Shetty
16991,28353,0,Girish Gowda,Arrest,2025-10-18,Tumakuru,Anitha Naik
16994,28357,0,Suresh Kumar,Arrest,2025-10-18,Kalaburagi,Fatima Shetty
16995,28363,0,Anitha Nayak,Arrest,2025-10-18,Bengaluru City,Deepak Iyengar
16997,28365,0,Fatima Patil,Arrest,2025-10-18,Mysuru,Fatima Prasad
16998,28367,0,Shivakumar Naik,Arrest,2025-10-18,Ballari,Shivakumar Murthy
17000,28369,0,Imran Naik,Arrest,2025-10-18,Bengaluru City,Deepak Bhat
17002,28371,0,Suresh Patil,Surrender,2025-10-18,Bengaluru City,Lakshmi Murthy
17004,28373,0,Ravi Murthy,Arrest,2025-10-18,Bengaluru City,Mary Nayak
17006,28375,0,Joseph Hegde,Arrest,2025-10-18,Bengaluru Rural,Yashwanth Kumar
17008,28377,0,Girish Prasad,Arrest,2025-10-18,Udupi,Manjunath Prasad
17016,28393,0,Joseph Murthy,Arrest,2025-10-18,Kalaburagi,Imran Murthy
17018,28397,0,Chetan Gowda,Arrest,2025-10-19,Mangaluru (DK),Nagaraj Naik
17021,28407,0,Yashwanth Nayak,Arrest,2025-10-19,Bengaluru City,Mary Naik
17023,28409,0,Suresh Patil,Surrender,2025-10-19,Mysuru,Imran Shetty
17025,28411,0,Joseph Prasad,Arrest,2025-10-19,Kalaburagi,Kiran Rao
17027,28413,0,Joseph Iyengar,Arrest,2025-10-19,Mysuru,Prakash Rao
17028,28415,0,Joseph Iyengar,Arrest,2025-10-19,Hassan,Bhavana Bhat
17032,28421,0,Pooja Kumar,Arrest,2025-10-19,Ballari,Mary Kulkarni
17033,28423,0,Chetan Kulkarni,Arrest,2025-10-19,Bengaluru City,Nagaraj Murthy
17036,28427,0,Deepak Rao,Surrender,2025-10-19,Raichur,Manjunath Desai
17038,28431,0,Imran Shetty,Arrest,2025-10-19,Belagavi,Lakshmi Nayak
17040,28433,0,Mary Kumar,Arrest,2025-10-19,Mysuru,Joseph Bhat
17042,28437,0,Ashwini Iyengar,Arrest,2025-10-19,Bengaluru City,Girish Reddy
17044,28439,0,Nagaraj Bhat,Arrest,2025-10-19,Davanagere,Basavaraj Desai
17046,28441,0,Joseph Kulkarni,Arrest,2025-10-20,Davanagere,Fatima Iyengar
17048,28443,0,Basavaraj Murthy,Arrest,2025-10-20,Shivamogga,Joseph Desai
17051,28449,0,Deepak Kumar,Surrender,2025-10-20,Bengaluru City,Ravi Hegde
17053,28451,0,Bhavana Patil,Arrest,2025-10-20,Mangaluru (DK),Manjunath Desai
17055,28453,0,Fatima Kulkarni,Arrest,2025-10-20,Kalaburagi,Nagaraj Prasad
17056,28455,0,Basavaraj Prasad,Arrest,2025-10-20,Bengaluru Rural,Pooja Hegde
17057,28457,0,Lakshmi Patil,Arrest,2025-10-20,Kalaburagi,Vinutha Nayak
17059,28461,0,Yashwanth Shetty,Surrender,2025-10-20,Tumakuru,Fatima Gowda
17061,28463,0,Prakash Nayak,Arrest,2025-10-20,Hubballi-Dharwad,Mary Hegde
17063,28467,0,Basavaraj Hegde,Arrest,2025-10-20,Davanagere,Ashwini Desai
17065,28469,0,Imran Rao,Arrest,2025-10-20,Bengaluru Rural,Yashwanth Hegde
17067,28471,0,Lakshmi Naik,Arrest,2025-10-20,Kalaburagi,Yashwanth Bhat
17070,28475,0,Prakash Kumar,Arrest,2025-10-20,Bengaluru City,Chetan Bhat
17072,28477,0,Rekha Nayak,Arrest,2025-10-20,Bengaluru City,Ravi Shetty
17073,28479,0,Lakshmi Nayak,Arrest,2025-10-20,Tumakuru,Kiran Desai
17075,28481,0,Basavaraj Iyengar,Arrest,2025-10-20,Belagavi,Yashwanth Kulkarni
17078,28487,0,Vinutha Gowda,Arrest,2025-10-20,Kalaburagi,Girish Gowda
17080,28489,0,Lakshmi Naik,Arrest,2025-10-20,Hubballi-Dharwad,Deepak Desai
17081,28493,0,Bhavana Gowda,Arrest,2025-10-20,Bengaluru City,Bhavana Nayak
17083,28495,0,Lakshmi Nayak,Arrest,2025-10-20,Mysuru,Girish Shetty
17085,28497,0,Manjunath Shetty,Arrest,2025-10-21,Bengaluru City,Mary Hegde
17087,28499,0,Shivakumar Kumar,Arrest,2025-10-21,Bengaluru City,Anitha Hegde
17089,28501,0,Anitha Iyengar,Surrender,2025-10-21,Bengaluru City,Yashwanth Shetty
17092,28505,0,Rekha Bhat,Arrest,2025-10-21,Udupi,Bhavana Desai
17094,28507,0,Pooja Kumar,Arrest,2025-10-21,Hubballi-Dharwad,Pooja Reddy
17095,28509,0,Deepak Kulkarni,Arrest,2025-10-21,Bengaluru City,Imran Shetty
17096,28513,0,Mary Nayak,Arrest,2025-10-21,Mysuru,Fatima Nayak
17100,28519,0,Suresh Patil,Arrest,2025-10-21,Ballari,Suresh Kulkarni
17101,28521,0,Pooja Gowda,Arrest,2025-10-21,Shivamogga,Lakshmi Kulkarni
17103,28523,0,Bhavana Iyengar,Surrender,2025-10-21,Vijayapura,Ravi Rao
17105,28525,0,Shivakumar Kulkarni,Arrest,2025-10-21,Vijayapura,Yashwanth Naik
17107,28527,0,Joseph Iyengar,Arrest,2025-10-21,Mysuru,Shivakumar Desai
17108,28529,0,Nagaraj Rao,Arrest,2025-10-21,Bengaluru City,Joseph Rao
17110,28531,0,Vinutha Kulkarni,Arrest,2025-10-21,Raichur,Basavaraj Nayak
17111,28533,0,Suresh Prasad,Arrest,2025-10-21,Bengaluru City,Joseph Nayak
17113,28537,0,Ashwini Reddy,Arrest,2025-10-22,Belagavi,Bhavana Naik
17117,28543,0,Ravi Prasad,Arrest,2025-10-22,Belagavi,Bhavana Hegde
17119,28545,0,Nagaraj Murthy,Arrest,2025-10-22,Shivamogga,Pooja Kulkarni
17121,28547,0,Basavaraj Patil,Arrest,2025-10-22,Kalaburagi,Ashwini Kumar
17123,28549,0,Girish Prasad,Surrender,2025-10-22,Bengaluru City,Girish Gowda
17124,28551,0,Manjunath Iyengar,Surrender,2025-10-22,Belagavi,Pooja Bhat
17125,28553,0,Vinutha Kumar,Surrender,2025-10-22,Raichur,Nagaraj Shetty
17127,28555,0,Yashwanth Nayak,Arrest,2025-10-22,Bengaluru City,Manjunath Bhat
17129,28557,0,Nagaraj Shetty,Arrest,2025-10-22,Hubballi-Dharwad,Basavaraj Reddy
17131,28561,0,Yashwanth Nayak,Surrender,2025-10-22,Raichur,Ashwini Nayak
17132,28563,0,Joseph Desai,Arrest,2025-10-22,Bengaluru City,Girish Reddy
17134,28565,0,Rekha Murthy,Surrender,2025-10-22,Vijayapura,Shivakumar Hegde
17136,28567,0,Rekha Shetty,Arrest,2025-10-22,Bengaluru City,Manjunath Kumar
17138,28573,0,Basavaraj Patil,Arrest,2025-10-22,Kalaburagi,Chetan Murthy
17142,28579,0,Basavaraj Iyengar,Arrest,2025-10-22,Bengaluru City,Shivakumar Hegde
17143,28583,0,Nagaraj Prasad,Arrest,2025-10-22,Hubballi-Dharwad,Manjunath Bhat
17147,28593,0,Basavaraj Gowda,Arrest,2025-10-23,Belagavi,Mary Patil
17149,28597,0,Fatima Nayak,Arrest,2025-10-23,Bengaluru Rural,Mary Rao
17151,28599,0,Yashwanth Murthy,Arrest,2025-10-23,Hassan,Chetan Bhat
17152,28601,0,Manjunath Hegde,Arrest,2025-10-23,Hubballi-Dharwad,Yashwanth Murthy
17154,28607,0,Manjunath Reddy,Arrest,2025-10-23,Tumakuru,Prakash Gowda
17159,28615,0,Vinutha Iyengar,Surrender,2025-10-23,Bengaluru Rural,Deepak Prasad
17161,28617,0,Suresh Naik,Arrest,2025-10-23,Belagavi,Ashwini Naik
17163,28623,0,Shivakumar Desai,Arrest,2025-10-23,Bengaluru City,Ravi Iyengar
17164,28625,0,Prakash Iyengar,Arrest,2025-10-23,Belagavi,Vinutha Prasad
17166,28627,0,Vinutha Reddy,Surrender,2025-10-23,Shivamogga,Lakshmi Gowda
17168,28629,0,Shivakumar Naik,Arrest,2025-10-23,Hubballi-Dharwad,Suresh Gowda
17170,28631,0,Fatima Shetty,Surrender,2025-10-23,Belagavi,Manjunath Nayak
17172,28633,0,Deepak Kulkarni,Surrender,2025-10-23,Bengaluru City,Joseph Patil
17173,28635,0,Deepak Desai,Arrest,2025-10-23,Tumakuru,Yashwanth Patil
17175,28637,0,Lakshmi Shetty,Arrest,2025-10-23,Mysuru,Basavaraj Murthy
17177,28641,0,Girish Gowda,Arrest,2025-10-23,Bengaluru City,Pooja Shetty
17178,28643,0,Lakshmi Kulkarni,Arrest,2025-10-23,Raichur,Shivakumar Gowda
17179,28647,0,Anitha Reddy,Surrender,2025-10-23,Kalaburagi,Manjunath Kulkarni
17184,28657,0,Lakshmi Rao,Arrest,2025-10-24,Vijayapura,Fatima Hegde
17185,28661,0,Yashwanth Naik,Arrest,2025-10-24,Bengaluru City,Ravi Shetty
17189,28667,0,Ravi Bhat,Arrest,2025-10-24,Bengaluru City,Deepak Shetty
17190,28669,0,Joseph Nayak,Arrest,2025-10-24,Mysuru,Ravi Hegde
17193,28673,0,Imran Naik,Surrender,2025-10-24,Raichur,Kiran Iyengar
17195,28675,0,Ravi Hegde,Arrest,2025-10-24,Kalaburagi,Prakash Rao
17196,28677,0,Ashwini Reddy,Arrest,2025-10-24,Shivamogga,Mary Naik
17199,28681,0,Imran Gowda,Arrest,2025-10-24,Ballari,Ashwini Kumar
17201,28683,0,Rekha Murthy,Surrender,2025-10-24,Ballari,Vinutha Shetty
17204,28687,0,Fatima Gowda,Arrest,2025-10-24,Bengaluru City,Lakshmi Nayak
17207,28695,0,Mary Nayak,Arrest,2025-10-24,Mysuru,Yashwanth Desai
17209,28699,0,Lakshmi Rao,Arrest,2025-10-25,Bengaluru City,Lakshmi Iyengar
17211,28703,0,Basavaraj Hegde,Arrest,2025-10-25,Mysuru,Deepak Murthy
17213,28705,0,Kiran Gowda,Arrest,2025-10-25,Hassan,Suresh Desai
17215,28713,0,Ravi Hegde,Arrest,2025-10-25,Shivamogga,Vinutha Kulkarni
17216,28715,0,Mary Shetty,Arrest,2025-10-25,Bengaluru City,Chetan Hegde
17218,28717,0,Kiran Prasad,Arrest,2025-10-25,Mysuru,Girish Nayak
17220,28719,0,Nagaraj Shetty,Surrender,2025-10-25,Belagavi,Prakash Naik
17221,28721,0,Yashwanth Naik,Arrest,2025-10-25,Raichur,Nagaraj Prasad
17224,28727,0,Imran Rao,Arrest,2025-10-25,Shivamogga,Girish Kulkarni
17225,28729,0,Yashwanth Gowda,Arrest,2025-10-25,Bengaluru City,Suresh Reddy
17226,28731,0,Ravi Murthy,Surrender,2025-10-25,Bengaluru City,Basavaraj Patil
17228,28733,0,Vinutha Reddy,Arrest,2025-10-25,Shivamogga,Vinutha Reddy
17231,28739,0,Suresh Shetty,Surrender,2025-10-25,Mysuru,Ravi Reddy
17232,28741,0,Girish Nayak,Arrest,2025-10-25,Ballari,Fatima Kumar
17233,28743,0,Bhavana Murthy,Arrest,2025-10-25,Bengaluru City,Basavaraj Kulkarni
17235,28745,0,Imran Iyengar,Arrest,2025-10-25,Bengaluru City,Basavaraj Nayak
17238,28749,0,Mary Murthy,Arrest,2025-10-25,Belagavi,Suresh Kumar
17240,28753,0,Rekha Bhat,Arrest,2025-10-25,Raichur,Pooja Gowda
17241,28755,0,Vinutha Prasad,Arrest,2025-10-26,Tumakuru,Mary Reddy
17244,28759,0,Mary Prasad,Arrest,2025-10-26,Hubballi-Dharwad,Suresh Nayak
17245,28761,0,Prakash Iyengar,Arrest,2025-10-26,Bengaluru City,Anitha Desai
17246,28763,0,Imran Reddy,Surrender,2025-10-26,Udupi,Mary Kulkarni
17248,28765,0,Yashwanth Hegde,Arrest,2025-10-26,Hubballi-Dharwad,Vinutha Kulkarni
17251,28769,0,Prakash Naik,Arrest,2025-10-26,Bengaluru City,Mary Patil
17253,28771,0,Girish Patil,Arrest,2025-10-26,Udupi,Fatima Iyengar
17255,28773,0,Basavaraj Kumar,Arrest,2025-10-26,Bengaluru City,Deepak Bhat
17258,28777,0,Shivakumar Kulkarni,Arrest,2025-10-26,Bengaluru City,Chetan Rao
17260,28781,0,Joseph Patil,Arrest,2025-10-26,Mangaluru (DK),Anitha Murthy
17262,28785,0,Anitha Nayak,Arrest,2025-10-26,Mysuru,Pooja Gowda
17265,28789,0,Imran Rao,Arrest,2025-10-26,Kalaburagi,Manjunath Desai
17267,28791,0,Bhavana Gowda,Arrest,2025-10-26,Mysuru,Basavaraj Naik
17268,28793,0,Pooja Reddy,Arrest,2025-10-26,Vijayapura,Shivakumar Bhat
17271,28799,0,Pooja Bhat,Arrest,2025-10-26,Vijayapura,Lakshmi Prasad
17273,28803,0,Ashwini Bhat,Arrest,2025-10-27,Davanagere,Deepak Shetty
17274,28805,0,Ravi Kumar,Arrest,2025-10-27,Belagavi,Bhavana Hegde
17275,28807,0,Ashwini Desai,Surrender,2025-10-27,Hassan,Ravi Desai
17277,28809,0,Bhavana Kumar,Arrest,2025-10-27,Hubballi-Dharwad,Anitha Nayak
17279,28811,0,Lakshmi Desai,Arrest,2025-10-27,Shivamogga,Joseph Naik
17281,28815,0,Ashwini Kumar,Arrest,2025-10-27,Bengaluru Rural,Chetan Rao
17285,28821,0,Suresh Nayak,Arrest,2025-10-27,Bengaluru City,Girish Rao
17287,28823,0,Imran Kulkarni,Surrender,2025-10-27,Bengaluru City,Ravi Murthy
17288,28825,0,Chetan Iyengar,Arrest,2025-10-27,Bengaluru City,Rekha Iyengar
17290,28827,0,Shivakumar Kumar,Arrest,2025-10-27,Tumakuru,Yashwanth Shetty
17291,28829,0,Rekha Gowda,Arrest,2025-10-27,Kalaburagi,Rekha Iyengar
17294,28833,0,Pooja Bhat,Arrest,2025-10-27,Mangaluru (DK),Mary Kulkarni
17298,28847,0,Vinutha Shetty,Arrest,2025-10-27,Kalaburagi,Joseph Naik
17300,28849,0,Chetan Bhat,Arrest,2025-10-28,Bengaluru City,Imran Kumar
17301,28851,0,Manjunath Nayak,Arrest,2025-10-28,Bengaluru City,Pooja Kumar
17303,28853,0,Girish Kulkarni,Arrest,2025-10-28,Shivamogga,Vinutha Naik
17304,28855,0,Suresh Rao,Arrest,2025-10-28,Tumakuru,Pooja Naik
17306,28859,0,Chetan Shetty,Arrest,2025-10-28,Tumakuru,Girish Bhat
17307,28861,0,Mary Kulkarni,Arrest,2025-10-28,Hubballi-Dharwad,Vinutha Iyengar
17311,28867,0,Chetan Prasad,Arrest,2025-10-28,Hassan,Ashwini Reddy
17313,28869,0,Shivakumar Nayak,Arrest,2025-10-28,Bengaluru City,Basavaraj Murthy
17315,28871,0,Rekha Murthy,Surrender,2025-10-28,Vijayapura,Kiran Gowda
17317,28873,0,Manjunath Nayak,Arrest,2025-10-28,Vijayapura,Rekha Bhat
17318,28875,0,Ashwini Desai,Surrender,2025-10-28,Udupi,Fatima Gowda
17321,28881,0,Yashwanth Nayak,Arrest,2025-10-28,Bengaluru City,Deepak Bhat
17322,28887,0,Girish Shetty,Arrest,2025-10-28,Tumakuru,Prakash Kulkarni
17323,28889,0,Basavaraj Iyengar,Arrest,2025-10-28,Mysuru,Deepak Desai
17324,28893,0,Basavaraj Reddy,Arrest,2025-10-28,Bengaluru City,Yashwanth Gowda
17326,28895,0,Bhavana Kulkarni,Arrest,2025-10-28,Bengaluru City,Pooja Reddy
17328,28897,0,Lakshmi Bhat,Arrest,2025-10-28,Mysuru,Chetan Bhat
17330,28901,0,Ashwini Desai,Arrest,2025-10-28,Kalaburagi,Nagaraj Patil
17331,28903,0,Chetan Naik,Arrest,2025-10-29,Bengaluru City,Prakash Kumar
17333,28905,0,Yashwanth Hegde,Arrest,2025-10-29,Davanagere,Bhavana Murthy
17335,28907,0,Nagaraj Kumar,Arrest,2025-10-29,Mysuru,Kiran Nayak
17336,28909,0,Suresh Naik,Arrest,2025-10-29,Raichur,Nagaraj Naik
17337,28913,0,Suresh Murthy,Arrest,2025-10-29,Hubballi-Dharwad,Anitha Rao
17339,28917,0,Joseph Patil,Arrest,2025-10-29,Mysuru,Anitha Kulkarni
17341,28921,0,Girish Gowda,Arrest,2025-10-29,Hassan,Nagaraj Hegde
17343,28923,0,Deepak Iyengar,Arrest,2025-10-29,Bengaluru City,Girish Kumar
17345,28925,0,Yashwanth Patil,Arrest,2025-10-29,Bengaluru City,Suresh Rao
17347,28927,0,Shivakumar Prasad,Arrest,2025-10-29,Tumakuru,Nagaraj Iyengar
17349,28929,0,Imran Nayak,Arrest,2025-10-29,Shivamogga,Suresh Shetty
17350,28931,0,Manjunath Iyengar,Arrest,2025-10-29,Bengaluru Rural,Yashwanth Bhat
17352,28933,0,Manjunath Nayak,Arrest,2025-10-29,Mysuru,Yashwanth Kumar
17354,28935,0,Manjunath Patil,Arrest,2025-10-29,Shivamogga,Shivakumar Prasad
17356,28937,0,Mary Murthy,Arrest,2025-10-29,Hubballi-Dharwad,Girish Hegde
17359,28945,0,Basavaraj Iyengar,Arrest,2025-10-29,Kalaburagi,Chetan Nayak
17361,28947,0,Nagaraj Patil,Surrender,2025-10-29,Tumakuru,Bhavana Naik
17363,28949,0,Ashwini Prasad,Arrest,2025-10-29,Bengaluru City,Basavaraj Naik
17364,28951,0,Imran Patil,Arrest,2025-10-29,Mysuru,Basavaraj Naik
17366,28953,0,Anitha Nayak,Arrest,2025-10-29,Ballari,Fatima Naik
17367,28955,0,Kiran Shetty,Arrest,2025-10-29,Bengaluru City,Ravi Patil
17369,28957,0,Anitha Desai,Arrest,2025-10-29,Hassan,Girish Shetty
17370,28959,0,Imran Bhat,Arrest,2025-10-29,Davanagere,Mary Naik
17372,28961,0,Girish Patil,Arrest,2025-10-29,Hassan,Basavaraj Rao
17374,28963,0,Vinutha Bhat,Arrest,2025-10-29,Kalaburagi,Ashwini Murthy
17376,28967,0,Joseph Naik,Surrender,2025-10-30,Hassan,Anitha Patil
17378,28971,0,Manjunath Patil,Surrender,2025-10-30,Tumakuru,Manjunath Kumar
17383,28979,0,Ashwini Murthy,Arrest,2025-10-30,Davanagere,Basavaraj Gowda
17384,28981,0,Basavaraj Rao,Arrest,2025-10-30,Tumakuru,Imran Rao
17385,28983,0,Vinutha Prasad,Arrest,2025-10-30,Bengaluru Rural,Mary Iyengar
17387,28985,0,Manjunath Gowda,Arrest,2025-10-30,Bengaluru City,Lakshmi Reddy
17388,28989,0,Rekha Bhat,Arrest,2025-10-30,Udupi,Lakshmi Shetty
17389,28991,0,Girish Hegde,Surrender,2025-10-30,Shivamogga,Suresh Shetty
17390,28993,0,Nagaraj Kulkarni,Arrest,2025-10-30,Bengaluru Rural,Ashwini Patil
17392,28997,0,Kiran Nayak,Surrender,2025-10-30,Mangaluru (DK),Joseph Bhat
17395,29001,0,Rekha Bhat,Arrest,2025-10-30,Ballari,Fatima Iyengar
17398,29005,0,Girish Iyengar,Arrest,2025-10-30,Raichur,Manjunath Bhat
17400,29007,0,Fatima Hegde,Arrest,2025-10-30,Mysuru,Vinutha Rao
17402,29009,0,Imran Kulkarni,Arrest,2025-10-30,Kalaburagi,Chetan Desai
17404,29015,0,Pooja Kumar,Arrest,2025-10-30,Bengaluru City,Pooja Nayak
17406,29017,0,Pooja Reddy,Arrest,2025-10-31,Mysuru,Lakshmi Hegde
17409,29023,0,Shivakumar Bhat,Arrest,2025-10-31,Bengaluru City,Prakash Nayak
17410,29025,0,Imran Patil,Arrest,2025-10-31,Hubballi-Dharwad,Deepak Shetty
17413,29033,0,Kiran Gowda,Arrest,2025-10-31,Bengaluru City,Shivakumar Desai
17416,29037,0,Nagaraj Iyengar,Arrest,2025-10-31,Bengaluru City,Imran Patil
17419,29045,0,Ashwini Iyengar,Surrender,2025-10-31,Shivamogga,Anitha Nayak
17421,29047,0,Rekha Shetty,Arrest,2025-10-31,Belagavi,Anitha Rao
17422,29049,0,Anitha Nayak,Arrest,2025-10-31,Ballari,Suresh Kumar
17423,29051,0,Rekha Iyengar,Arrest,2025-10-31,Raichur,Shivakumar Desai
17424,29053,0,Fatima Prasad,Surrender,2025-10-31,Bengaluru City,Joseph Naik
17426,29055,0,Pooja Rao,Arrest,2025-10-31,Ballari,Shivakumar Murthy
17428,29057,0,Basavaraj Bhat,Arrest,2025-10-31,Ballari,Yashwanth Desai
17430,29059,0,Pooja Rao,Arrest,2025-10-31,Vijayapura,Yashwanth Gowda
17434,29065,0,Bhavana Kulkarni,Arrest,2025-10-31,Bengaluru City,Kiran Naik
17435,29067,0,Chetan Patil,Arrest,2025-10-31,Bengaluru Rural,Suresh Naik
17437,29069,0,Deepak Kumar,Arrest,2025-10-31,Bengaluru City,Girish Iyengar
17439,29071,0,Pooja Bhat,Arrest,2025-10-31,Bengaluru City,Joseph Prasad
17442,29075,0,Basavaraj Hegde,Arrest,2025-11-01,Tumakuru,Basavaraj Hegde
17443,29077,0,Joseph Shetty,Arrest,2025-11-01,Ballari,Suresh Desai
17444,29079,0,Rekha Kulkarni,Arrest,2025-11-01,Mangaluru (DK),Fatima Bhat
17446,29081,0,Anitha Patil,Arrest,2025-11-01,Bengaluru Rural,Joseph Murthy
17448,29083,0,Fatima Murthy,Arrest,2025-11-01,Bengaluru City,Ravi Bhat
17450,29085,0,Ashwini Gowda,Arrest,2025-11-01,Bengaluru City,Imran Nayak
17452,29089,0,Kiran Kumar,Arrest,2025-11-01,Hubballi-Dharwad,Imran Hegde
17455,29097,0,Anitha Iyengar,Arrest,2025-11-01,Mangaluru (DK),Suresh Hegde
17457,29099,0,Joseph Iyengar,Arrest,2025-11-01,Tumakuru,Yashwanth Shetty
17458,29103,0,Mary Naik,Arrest,2025-11-01,Bengaluru City,Shivakumar Kulkarni
17459,29105,0,Nagaraj Shetty,Arrest,2025-11-01,Shivamogga,Imran Prasad
17464,29113,0,Basavaraj Iyengar,Arrest,2025-11-01,Bengaluru City,Prakash Kulkarni
17466,29117,0,Ravi Murthy,Arrest,2025-11-01,Bengaluru City,Chetan Shetty
17469,29123,0,Mary Naik,Arrest,2025-11-01,Raichur,Shivakumar Bhat
17472,29127,0,Nagaraj Patil,Surrender,2025-11-02,Bengaluru Rural,Vinutha Nayak
17474,29129,0,Deepak Prasad,Surrender,2025-11-02,Bengaluru City,Pooja Murthy
17476,29131,0,Manjunath Patil,Arrest,2025-11-02,Bengaluru City,Bhavana Prasad
17479,29137,0,Vinutha Prasad,Arrest,2025-11-02,Bengaluru City,Vinutha Rao
17481,29139,0,Nagaraj Murthy,Arrest,2025-11-02,Belagavi,Yashwanth Gowda
17484,29143,0,Basavaraj Naik,Arrest,2025-11-02,Hubballi-Dharwad,Nagaraj Shetty
17486,29145,0,Nagaraj Kumar,Arrest,2025-11-02,Shivamogga,Bhavana Hegde
17489,29149,0,Joseph Hegde,Arrest,2025-11-02,Tumakuru,Mary Reddy
17491,29153,0,Manjunath Desai,Arrest,2025-11-02,Kalaburagi,Girish Nayak
17492,29155,0,Joseph Bhat,Arrest,2025-11-02,Davanagere,Nagaraj Kumar
17494,29157,0,Ashwini Desai,Arrest,2025-11-02,Kalaburagi,Basavaraj Kulkarni
17497,29161,0,Joseph Bhat,Arrest,2025-11-02,Ballari,Yashwanth Desai
17499,29163,0,Suresh Bhat,Surrender,2025-11-02,Ballari,Yashwanth Shetty
17501,29165,0,Yashwanth Naik,Surrender,2025-11-02,Belagavi,Deepak Rao
17503,29167,0,Joseph Kumar,Arrest,2025-11-02,Shivamogga,Yashwanth Desai
17506,29171,0,Nagaraj Naik,Arrest,2025-11-03,Hubballi-Dharwad,Joseph Reddy
17508,29173,0,Nagaraj Nayak,Arrest,2025-11-03,Kalaburagi,Ashwini Iyengar
17510,29177,0,Vinutha Reddy,Arrest,2025-11-03,Shivamogga,Prakash Desai
17511,29179,0,Vinutha Gowda,Arrest,2025-11-03,Hubballi-Dharwad,Kiran Desai
17513,29183,0,Shivakumar Nayak,Arrest,2025-11-03,Hubballi-Dharwad,Girish Rao
17514,29185,0,Pooja Iyengar,Arrest,2025-11-03,Bengaluru City,Lakshmi Gowda
17516,29189,0,Imran Desai,Arrest,2025-11-03,Bengaluru City,Suresh Rao
17520,29195,0,Shivakumar Rao,Arrest,2025-11-03,Bengaluru City,Manjunath Kulkarni
17522,29197,0,Basavaraj Bhat,Surrender,2025-11-03,Hubballi-Dharwad,Suresh Reddy
17524,29199,0,Imran Nayak,Surrender,2025-11-03,Vijayapura,Imran Bhat
17528,29205,0,Joseph Nayak,Surrender,2025-11-03,Raichur,Girish Rao
17531,29209,0,Vinutha Shetty,Arrest,2025-11-03,Bengaluru City,Yashwanth Rao
17533,29211,0,Ravi Shetty,Arrest,2025-11-03,Ballari,Deepak Murthy
17534,29213,0,Bhavana Gowda,Arrest,2025-11-03,Bengaluru City,Yashwanth Desai
17535,29215,0,Deepak Kumar,Arrest,2025-11-03,Bengaluru City,Lakshmi Kulkarni
17537,29219,0,Chetan Gowda,Arrest,2025-11-03,Bengaluru City,Prakash Gowda
17540,29225,0,Nagaraj Shetty,Arrest,2025-11-04,Tumakuru,Ravi Gowda
17542,29227,0,Yashwanth Naik,Surrender,2025-11-04,Ballari,Basavaraj Reddy
17544,29229,0,Prakash Iyengar,Surrender,2025-11-04,Belagavi,Ashwini Murthy
17547,29235,0,Anitha Iyengar,Arrest,2025-11-04,Mysuru,Pooja Gowda
17551,29243,0,Lakshmi Desai,Arrest,2025-11-04,Bengaluru City,Lakshmi Patil
17553,29245,0,Basavaraj Bhat,Arrest,2025-11-04,Vijayapura,Rekha Hegde
17555,29247,0,Bhavana Nayak,Arrest,2025-11-04,Hubballi-Dharwad,Pooja Naik
17557,29253,0,Bhavana Rao,Arrest,2025-11-04,Bengaluru City,Ashwini Kulkarni
17559,29257,0,Basavaraj Patil,Arrest,2025-11-04,Bengaluru City,Pooja Patil
17560,29259,0,Fatima Murthy,Arrest,2025-11-04,Bengaluru Rural,Fatima Kumar
17562,29261,0,Bhavana Gowda,Arrest,2025-11-04,Raichur,Ashwini Naik
17564,29263,0,Ravi Shetty,Arrest,2025-11-04,Tumakuru,Anitha Shetty
17567,29269,0,Vinutha Iyengar,Arrest,2025-11-04,Hubballi-Dharwad,Yashwanth Prasad
17569,29271,0,Pooja Gowda,Arrest,2025-11-04,Shivamogga,Manjunath Shetty
17571,29273,0,Bhavana Kulkarni,Arrest,2025-11-04,Mysuru,Imran Gowda
17573,29275,0,Shivakumar Nayak,Arrest,2025-11-05,Belagavi,Girish Prasad
17574,29277,0,Vinutha Naik,Surrender,2025-11-05,Bengaluru City,Imran Rao
17576,29283,0,Deepak Kumar,Arrest,2025-11-05,Bengaluru City,Kiran Hegde
17578,29285,0,Joseph Prasad,Surrender,2025-11-05,Bengaluru City,Imran Naik
17581,29289,0,Yashwanth Gowda,Arrest,2025-11-05,Belagavi,Bhavana Reddy
17583,29295,0,Nagaraj Prasad,Arrest,2025-11-05,Tumakuru,Rekha Reddy
17584,29297,0,Imran Kumar,Arrest,2025-11-05,Bengaluru Rural,Rekha Patil
17585,29299,0,Anitha Prasad,Arrest,2025-11-05,Raichur,Fatima Naik
17588,29305,0,Rekha Prasad,Arrest,2025-11-05,Tumakuru,Joseph Rao
17590,29309,0,Anitha Naik,Arrest,2025-11-05,Shivamogga,Ashwini Murthy
17591,29311,0,Manjunath Prasad,Arrest,2025-11-05,Bengaluru City,Kiran Hegde
17596,29321,0,Kiran Prasad,Arrest,2025-11-05,Bengaluru City,Bhavana Rao
17597,29323,0,Girish Iyengar,Surrender,2025-11-05,Bengaluru City,Imran Iyengar
17600,29327,0,Mary Hegde,Surrender,2025-11-05,Mysuru,Chetan Gowda
17602,29329,0,Suresh Nayak,Arrest,2025-11-05,Bengaluru City,Kiran Desai
17606,29337,0,Ravi Rao,Arrest,2025-11-06,Bengaluru City,Ravi Patil
17608,29339,0,Imran Patil,Arrest,2025-11-06,Bengaluru City,Manjunath Prasad
17609,29343,0,Basavaraj Iyengar,Arrest,2025-11-06,Bengaluru Rural,Manjunath Naik
17611,29345,0,Ashwini Rao,Surrender,2025-11-06,Mysuru,Girish Gowda
17613,29347,0,Pooja Prasad,Arrest,2025-11-06,Shivamogga,Kiran Bhat
17615,29349,0,Kiran Desai,Arrest,2025-11-06,Bengaluru City,Yashwanth Iyengar
17617,29351,0,Ashwini Kulkarni,Arrest,2025-11-06,Bengaluru City,Kiran Shetty
17619,29353,0,Basavaraj Kumar,Arrest,2025-11-06,Bengaluru City,Imran Murthy
17621,29359,0,Mary Kumar,Arrest,2025-11-06,Bengaluru City,Joseph Iyengar
17623,29361,0,Mary Reddy,Arrest,2025-11-06,Bengaluru City,Kiran Rao
17624,29363,0,Vinutha Murthy,Surrender,2025-11-06,Mysuru,Manjunath Rao
17625,29365,0,Ravi Rao,Arrest,2025-11-06,Hassan,Suresh Naik
17627,29367,0,Prakash Rao,Arrest,2025-11-06,Tumakuru,Anitha Murthy
17629,29371,0,Kiran Gowda,Surrender,2025-11-06,Belagavi,Anitha Kumar
17632,29375,0,Prakash Gowda,Arrest,2025-11-06,Bengaluru City,Ashwini Rao
17635,29381,0,Prakash Murthy,Surrender,2025-11-06,Bengaluru City,Basavaraj Kulkarni
17637,29383,0,Pooja Kulkarni,Arrest,2025-11-06,Bengaluru City,Shivakumar Rao
17639,29385,0,Ashwini Kulkarni,Surrender,2025-11-06,Mysuru,Lakshmi Bhat
17641,29389,0,Pooja Rao,Arrest,2025-11-07,Bengaluru City,Chetan Desai
17644,29393,0,Ravi Naik,Arrest,2025-11-07,Bengaluru City,Ashwini Patil
17646,29397,0,Joseph Naik,Arrest,2025-11-07,Ballari,Imran Hegde
17648,29399,0,Anitha Prasad,Arrest,2025-11-07,Shivamogga,Anitha Iyengar
17650,29403,0,Lakshmi Bhat,Arrest,2025-11-07,Tumakuru,Bhavana Desai
17652,29405,0,Nagaraj Patil,Arrest,2025-11-07,Bengaluru City,Ashwini Prasad
17653,29407,0,Deepak Patil,Arrest,2025-11-07,Mysuru,Suresh Hegde
17655,29411,0,Ravi Shetty,Surrender,2025-11-07,Raichur,Fatima Iyengar
17657,29413,0,Ravi Desai,Arrest,2025-11-07,Mysuru,Lakshmi Patil
17659,29415,0,Mary Desai,Arrest,2025-11-07,Mangaluru (DK),Kiran Kumar
17660,29417,0,Manjunath Gowda,Surrender,2025-11-07,Bengaluru City,Pooja Murthy
17662,29419,0,Fatima Kulkarni,Arrest,2025-11-07,Bengaluru City,Manjunath Bhat
17664,29423,0,Nagaraj Reddy,Arrest,2025-11-07,Belagavi,Chetan Patil
17665,29425,0,Deepak Hegde,Arrest,2025-11-07,Hubballi-Dharwad,Vinutha Iyengar
17666,29427,0,Nagaraj Patil,Surrender,2025-11-07,Kalaburagi,Pooja Gowda
17667,29431,0,Shivakumar Desai,Arrest,2025-11-07,Raichur,Ravi Iyengar
17669,29433,0,Ravi Patil,Arrest,2025-11-07,Mangaluru (DK),Anitha Iyengar
17671,29435,0,Anitha Naik,Arrest,2025-11-07,Hubballi-Dharwad,Anitha Reddy
17673,29437,0,Nagaraj Bhat,Arrest,2025-11-07,Bengaluru City,Rekha Patil
17675,29439,0,Girish Reddy,Arrest,2025-11-08,Mysuru,Ravi Bhat
17677,29441,0,Lakshmi Shetty,Surrender,2025-11-08,Shivamogga,Shivakumar Rao
17680,29445,0,Kiran Prasad,Arrest,2025-11-08,Bengaluru City,Kiran Kulkarni
17682,29447,0,Girish Prasad,Arrest,2025-11-08,Bengaluru City,Fatima Kumar
17683,29449,0,Chetan Murthy,Arrest,2025-11-08,Bengaluru City,Bhavana Gowda
17685,29453,0,Pooja Naik,Arrest,2025-11-08,Hubballi-Dharwad,Anitha Hegde
17686,29459,0,Nagaraj Prasad,Arrest,2025-11-08,Raichur,Yashwanth Murthy
17687,29461,0,Manjunath Kumar,Surrender,2025-11-08,Hassan,Rekha Desai
17689,29465,0,Anitha Patil,Surrender,2025-11-08,Tumakuru,Suresh Desai
17692,29469,0,Shivakumar Shetty,Surrender,2025-11-08,Mysuru,Anitha Prasad
17693,29471,0,Pooja Kulkarni,Arrest,2025-11-08,Bengaluru City,Chetan Nayak
17694,29473,0,Pooja Patil,Arrest,2025-11-08,Shivamogga,Rekha Reddy
17696,29475,0,Pooja Rao,Arrest,2025-11-08,Kalaburagi,Manjunath Shetty
17699,29479,0,Deepak Murthy,Arrest,2025-11-08,Mangaluru (DK),Basavaraj Patil
17701,29481,0,Yashwanth Patil,Arrest,2025-11-08,Mysuru,Nagaraj Iyengar
17702,29485,0,Basavaraj Shetty,Arrest,2025-11-09,Hubballi-Dharwad,Joseph Shetty
17705,29491,0,Girish Gowda,Arrest,2025-11-09,Hassan,Chetan Bhat
17708,29497,0,Anitha Shetty,Arrest,2025-11-09,Vijayapura,Shivakumar Nayak
17710,29501,0,Vinutha Gowda,Arrest,2025-11-09,Bengaluru Rural,Manjunath Hegde
17713,29505,0,Joseph Shetty,Arrest,2025-11-09,Bengaluru City,Shivakumar Shetty
17715,29507,0,Ashwini Iyengar,Arrest,2025-11-09,Belagavi,Rekha Murthy
17717,29509,0,Mary Rao,Arrest,2025-11-09,Belagavi,Ashwini Naik
17718,29511,0,Yashwanth Nayak,Arrest,2025-11-09,Bengaluru City,Lakshmi Prasad
17720,29513,0,Bhavana Gowda,Surrender,2025-11-09,Bengaluru City,Shivakumar Rao
17721,29517,0,Pooja Naik,Arrest,2025-11-09,Mysuru,Rekha Bhat
17723,29521,0,Fatima Kumar,Arrest,2025-11-09,Bengaluru City,Prakash Rao
17725,29523,0,Prakash Iyengar,Arrest,2025-11-09,Bengaluru City,Nagaraj Nayak
17727,29527,0,Ravi Patil,Arrest,2025-11-09,Belagavi,Deepak Gowda
17729,29529,0,Anitha Iyengar,Surrender,2025-11-09,Bengaluru City,Shivakumar Bhat
17731,29531,0,Manjunath Shetty,Arrest,2025-11-10,Bengaluru City,Yashwanth Hegde
17733,29533,0,Deepak Kulkarni,Arrest,2025-11-10,Mangaluru (DK),Lakshmi Murthy
17734,29535,0,Yashwanth Murthy,Arrest,2025-11-10,Hassan,Prakash Hegde
17736,29541,0,Girish Iyengar,Arrest,2025-11-10,Shivamogga,Imran Bhat
17738,29549,0,Yashwanth Rao,Arrest,2025-11-10,Bengaluru City,Fatima Hegde
17740,29553,0,Vinutha Nayak,Surrender,2025-11-10,Bengaluru City,Mary Nayak
17741,29555,0,Rekha Desai,Arrest,2025-11-10,Raichur,Vinutha Kumar
17743,29559,0,Prakash Rao,Surrender,2025-11-10,Belagavi,Basavaraj Kumar
17746,29569,0,Yashwanth Patil,Arrest,2025-11-10,Belagavi,Bhavana Murthy
17749,29573,0,Kiran Shetty,Surrender,2025-11-10,Bengaluru City,Fatima Naik
17750,29575,0,Ashwini Kulkarni,Arrest,2025-11-10,Bengaluru City,Rekha Kulkarni
17752,29577,0,Basavaraj Hegde,Arrest,2025-11-10,Ballari,Ravi Reddy
17757,29587,0,Bhavana Kulkarni,Arrest,2025-11-11,Ballari,Yashwanth Patil
17759,29589,0,Bhavana Rao,Arrest,2025-11-11,Bengaluru City,Chetan Gowda
17761,29591,0,Mary Naik,Arrest,2025-11-11,Ballari,Lakshmi Kumar
17763,29593,0,Ashwini Shetty,Arrest,2025-11-11,Shivamogga,Imran Iyengar
17764,29595,0,Deepak Shetty,Arrest,2025-11-11,Tumakuru,Nagaraj Patil
17766,29597,0,Rekha Rao,Arrest,2025-11-11,Ballari,Mary Kumar
17768,29599,0,Fatima Kulkarni,Arrest,2025-11-11,Belagavi,Bhavana Prasad
17770,29607,0,Yashwanth Prasad,Arrest,2025-11-11,Kalaburagi,Lakshmi Gowda
17772,29609,0,Deepak Murthy,Surrender,2025-11-11,Belagavi,Vinutha Kumar
17773,29611,0,Nagaraj Desai,Arrest,2025-11-11,Mysuru,Joseph Prasad
17776,29617,0,Deepak Rao,Arrest,2025-11-11,Belagavi,Nagaraj Desai
17779,29621,0,Rekha Iyengar,Surrender,2025-11-11,Hubballi-Dharwad,Ravi Reddy
17781,29625,0,Lakshmi Rao,Arrest,2025-11-11,Raichur,Imran Patil
17782,29627,0,Shivakumar Rao,Arrest,2025-11-11,Bengaluru City,Suresh Reddy
17783,29629,0,Joseph Iyengar,Arrest,2025-11-11,Ballari,Chetan Kumar
17786,29635,0,Ravi Nayak,Surrender,2025-11-11,Hassan,Prakash Bhat
17788,29637,0,Shivakumar Iyengar,Arrest,2025-11-11,Raichur,Nagaraj Murthy
17789,29639,0,Manjunath Reddy,Arrest,2025-11-11,Bengaluru City,Yashwanth Hegde
17791,29643,0,Kiran Desai,Arrest,2025-11-11,Belagavi,Anitha Desai
17792,29645,0,Imran Kumar,Arrest,2025-11-11,Bengaluru City,Fatima Kumar
17793,29647,0,Chetan Iyengar,Arrest,2025-11-12,Davanagere,Joseph Kumar
17795,29651,0,Kiran Iyengar,Arrest,2025-11-12,Udupi,Joseph Prasad
17798,29655,0,Prakash Prasad,Arrest,2025-11-12,Vijayapura,Ravi Iyengar
17800,29659,0,Fatima Bhat,Arrest,2025-11-12,Belagavi,Manjunath Kumar
17801,29661,0,Fatima Gowda,Surrender,2025-11-12,Mysuru,Imran Patil
17803,29663,0,Joseph Patil,Arrest,2025-11-12,Udupi,Pooja Shetty
17804,29665,0,Girish Murthy,Arrest,2025-11-12,Bengaluru Rural,Girish Desai
17806,29667,0,Rekha Shetty,Arrest,2025-11-12,Udupi,Vinutha Kulkarni
17809,29679,0,Ashwini Gowda,Arrest,2025-11-12,Davanagere,Anitha Hegde
17810,29681,0,Anitha Naik,Arrest,2025-11-12,Ballari,Mary Nayak
17811,29683,0,Shivakumar Shetty,Arrest,2025-11-12,Bengaluru City,Anitha Naik
17814,29689,0,Prakash Naik,Arrest,2025-11-12,Tumakuru,Kiran Rao
17815,29691,0,Anitha Desai,Arrest,2025-11-12,Mysuru,Ravi Desai
17817,29693,0,Girish Shetty,Surrender,2025-11-12,Mysuru,Nagaraj Bhat
17819,29697,0,Joseph Murthy,Arrest,2025-11-12,Tumakuru,Bhavana Shetty
17820,29701,0,Shivakumar Kumar,Arrest,2025-11-12,Mysuru,Prakash Gowda
17821,29703,0,Bhavana Hegde,Arrest,2025-11-12,Mysuru,Shivakumar Patil
17823,29705,0,Rekha Prasad,Arrest,2025-11-12,Hassan,Imran Gowda
17825,29709,0,Mary Desai,Arrest,2025-11-13,Hubballi-Dharwad,Girish Murthy
17828,29713,0,Prakash Naik,Arrest,2025-11-13,Hassan,Shivakumar Desai
17830,29715,0,Vinutha Hegde,Surrender,2025-11-13,Mysuru,Manjunath Patil
17831,29717,0,Vinutha Kulkarni,Arrest,2025-11-13,Raichur,Kiran Shetty
17833,29719,0,Girish Kulkarni,Arrest,2025-11-13,Mysuru,Kiran Patil
17835,29721,0,Mary Naik,Surrender,2025-11-13,Mangaluru (DK),Rekha Gowda
17837,29723,0,Bhavana Murthy,Arrest,2025-11-13,Bengaluru City,Ashwini Nayak
17838,29725,0,Joseph Desai,Arrest,2025-11-13,Bengaluru City,Ashwini Prasad
17842,29731,0,Mary Gowda,Surrender,2025-11-13,Mysuru,Chetan Bhat
17844,29733,0,Kiran Iyengar,Arrest,2025-11-13,Vijayapura,Joseph Reddy
17846,29735,0,Pooja Shetty,Arrest,2025-11-13,Bengaluru City,Bhavana Kulkarni
17855,29757,0,Vinutha Kumar,Arrest,2025-11-13,Hubballi-Dharwad,Lakshmi Murthy
17857,29761,0,Kiran Iyengar,Arrest,2025-11-13,Mysuru,Kiran Hegde
17859,29763,0,Shivakumar Kumar,Arrest,2025-11-14,Hubballi-Dharwad,Mary Bhat
17860,29765,0,Suresh Reddy,Arrest,2025-11-14,Vijayapura,Imran Kulkarni
17862,29769,0,Chetan Gowda,Arrest,2025-11-14,Tumakuru,Fatima Hegde
17865,29775,0,Ravi Iyengar,Arrest,2025-11-14,Hubballi-Dharwad,Nagaraj Hegde
17866,29777,0,Vinutha Kulkarni,Arrest,2025-11-14,Mysuru,Rekha Murthy
17868,29779,0,Shivakumar Reddy,Arrest,2025-11-14,Belagavi,Yashwanth Kulkarni
17869,29781,0,Nagaraj Rao,Arrest,2025-11-14,Mysuru,Yashwanth Iyengar
17871,29783,0,Vinutha Prasad,Arrest,2025-11-14,Bengaluru City,Manjunath Desai
17875,29791,0,Basavaraj Bhat,Arrest,2025-11-14,Bengaluru City,Bhavana Nayak
17878,29795,0,Shivakumar Kumar,Surrender,2025-11-14,Raichur,Ashwini Hegde
17881,29801,0,Fatima Reddy,Surrender,2025-11-14,Hubballi-Dharwad,Fatima Hegde
17882,29803,0,Basavaraj Bhat,Arrest,2025-11-14,Bengaluru City,Imran Murthy
17883,29805,0,Bhavana Desai,Arrest,2025-11-14,Belagavi,Pooja Desai
17886,29809,0,Kiran Hegde,Arrest,2025-11-14,Bengaluru City,Chetan Kumar
17888,29811,0,Prakash Naik,Arrest,2025-11-14,Mysuru,Basavaraj Bhat
17889,29813,0,Imran Kumar,Surrender,2025-11-14,Ballari,Shivakumar Shetty
17893,29823,0,Bhavana Nayak,Arrest,2025-11-15,Davanagere,Anitha Bhat
17895,29825,0,Bhavana Nayak,Surrender,2025-11-15,Mysuru,Fatima Kulkarni
17898,29831,0,Ravi Naik,Arrest,2025-11-15,Mysuru,Anitha Rao
17899,29833,0,Deepak Rao,Arrest,2025-11-15,Bengaluru Rural,Yashwanth Reddy
17901,29835,0,Basavaraj Nayak,Arrest,2025-11-15,Bengaluru Rural,Vinutha Patil
17903,29837,0,Basavaraj Iyengar,Arrest,2025-11-15,Bengaluru City,Vinutha Murthy
17905,29841,0,Shivakumar Reddy,Arrest,2025-11-15,Bengaluru City,Basavaraj Kumar
17907,29843,0,Lakshmi Hegde,Arrest,2025-11-15,Bengaluru City,Yashwanth Patil
17909,29847,0,Vinutha Kulkarni,Arrest,2025-11-15,Ballari,Shivakumar Kulkarni
17910,29849,0,Ashwini Desai,Arrest,2025-11-15,Bengaluru City,Deepak Kulkarni
17912,29857,0,Ravi Reddy,Surrender,2025-11-15,Ballari,Girish Shetty
17915,29861,0,Fatima Kulkarni,Arrest,2025-11-15,Mysuru,Vinutha Bhat
17917,29863,0,Ravi Hegde,Arrest,2025-11-15,Bengaluru City,Yashwanth Kulkarni
17918,29865,0,Lakshmi Kumar,Arrest,2025-11-15,Mangaluru (DK),Prakash Shetty
17920,29869,0,Vinutha Iyengar,Arrest,2025-11-15,Hubballi-Dharwad,Manjunath Prasad
17923,29873,0,Chetan Reddy,Arrest,2025-11-16,Ballari,Bhavana Kulkarni
17924,29875,0,Deepak Gowda,Arrest,2025-11-16,Bengaluru City,Bhavana Rao
17926,29879,0,Vinutha Desai,Surrender,2025-11-16,Hubballi-Dharwad,Ravi Patil
17928,29883,0,Prakash Bhat,Surrender,2025-11-16,Bengaluru City,Fatima Nayak
17930,29887,0,Anitha Murthy,Surrender,2025-11-16,Belagavi,Girish Rao
17935,29897,0,Manjunath Desai,Arrest,2025-11-16,Shivamogga,Basavaraj Shetty
17937,29899,0,Pooja Patil,Surrender,2025-11-16,Hubballi-Dharwad,Mary Iyengar
17939,29903,0,Anitha Hegde,Arrest,2025-11-16,Hubballi-Dharwad,Joseph Nayak
17940,29905,0,Suresh Kumar,Arrest,2025-11-16,Bengaluru City,Basavaraj Bhat
17941,29907,0,Lakshmi Murthy,Arrest,2025-11-16,Kalaburagi,Suresh Iyengar
17942,29911,0,Joseph Reddy,Surrender,2025-11-17,Belagavi,Ashwini Prasad
17945,29915,0,Basavaraj Murthy,Surrender,2025-11-17,Hubballi-Dharwad,Prakash Kumar
17947,29917,0,Chetan Shetty,Arrest,2025-11-17,Bengaluru City,Fatima Reddy
17948,29919,0,Bhavana Hegde,Arrest,2025-11-17,Shivamogga,Vinutha Rao
17950,29923,0,Pooja Murthy,Arrest,2025-11-17,Mysuru,Manjunath Murthy
17952,29925,0,Suresh Desai,Arrest,2025-11-17,Bengaluru City,Girish Kulkarni
17954,29927,0,Mary Nayak,Surrender,2025-11-17,Bengaluru Rural,Girish Prasad
17956,29931,0,Pooja Bhat,Arrest,2025-11-17,Tumakuru,Manjunath Murthy
17958,29937,0,Vinutha Iyengar,Arrest,2025-11-17,Bengaluru Rural,Anitha Kumar
17959,29939,0,Ravi Desai,Arrest,2025-11-17,Belagavi,Yashwanth Reddy
17961,29941,0,Pooja Murthy,Arrest,2025-11-17,Mysuru,Bhavana Hegde
17962,29943,0,Deepak Gowda,Arrest,2025-11-17,Shivamogga,Bhavana Kumar
17964,29947,0,Rekha Hegde,Surrender,2025-11-17,Bengaluru City,Ashwini Gowda
17965,29949,0,Manjunath Reddy,Arrest,2025-11-17,Bengaluru Rural,Prakash Shetty
17968,29953,0,Fatima Bhat,Arrest,2025-11-17,Hubballi-Dharwad,Pooja Desai
17969,29955,0,Nagaraj Patil,Arrest,2025-11-17,Hubballi-Dharwad,Lakshmi Naik
17972,29959,0,Prakash Desai,Arrest,2025-11-17,Mysuru,Joseph Naik
17975,29963,0,Nagaraj Rao,Surrender,2025-11-18,Bengaluru City,Basavaraj Gowda
17977,29967,0,Anitha Desai,Arrest,2025-11-18,Kalaburagi,Manjunath Murthy
17979,29969,0,Prakash Shetty,Arrest,2025-11-18,Mysuru,Nagaraj Reddy
17980,29971,0,Chetan Naik,Arrest,2025-11-18,Ballari,Girish Kulkarni
17981,29973,0,Manjunath Rao,Arrest,2025-11-18,Mysuru,Prakash Hegde
17984,29979,0,Ravi Iyengar,Surrender,2025-11-18,Belagavi,Nagaraj Gowda
17987,29987,0,Shivakumar Prasad,Arrest,2025-11-18,Bengaluru City,Pooja Desai
17989,29989,0,Suresh Patil,Arrest,2025-11-18,Bengaluru City,Ravi Kulkarni
17991,29991,0,Fatima Iyengar,Surrender,2025-11-18,Davanagere,Chetan Kulkarni
17993,29993,0,Suresh Murthy,Arrest,2025-11-18,Hubballi-Dharwad,Prakash Rao
17995,29997,0,Bhavana Kulkarni,Arrest,2025-11-18,Ballari,Shivakumar Reddy
17997,29999,0,Yashwanth Rao,Arrest,2025-11-18,Ballari,Girish Naik
17998,30001,0,Imran Patil,Arrest,2025-11-18,Udupi,Shivakumar Naik
18000,30005,0,Girish Nayak,Arrest,2025-11-18,Hubballi-Dharwad,Rekha Gowda
18002,30007,0,Joseph Murthy,Arrest,2025-11-18,Bengaluru City,Suresh Bhat
18004,30009,0,Joseph Prasad,Arrest,2025-11-18,Mangaluru (DK),Basavaraj Kulkarni
18006,30011,0,Deepak Patil,Arrest,2025-11-19,Bengaluru City,Nagaraj Bhat
18009,30015,0,Chetan Desai,Arrest,2025-11-19,Bengaluru Rural,Lakshmi Desai
18011,30017,0,Prakash Rao,Surrender,2025-11-19,Hubballi-Dharwad,Basavaraj Kulkarni
18013,30021,0,Imran Naik,Arrest,2025-11-19,Bengaluru Rural,Mary Iyengar
18015,30023,0,Suresh Patil,Surrender,2025-11-19,Hubballi-Dharwad,Pooja Prasad
18018,30027,0,Vinutha Shetty,Arrest,2025-11-19,Bengaluru City,Chetan Rao
18020,30029,0,Imran Kumar,Arrest,2025-11-19,Udupi,Nagaraj Rao
18023,30035,0,Ravi Hegde,Arrest,2025-11-19,Raichur,Basavaraj Reddy
18027,30041,0,Ashwini Gowda,Surrender,2025-11-19,Ballari,Fatima Prasad
18029,30045,0,Vinutha Nayak,Arrest,2025-11-19,Bengaluru City,Bhavana Prasad
18033,30053,0,Anitha Patil,Arrest,2025-11-19,Bengaluru City,Pooja Shetty
18034,30055,0,Girish Rao,Arrest,2025-11-19,Bengaluru City,Ashwini Kumar
18036,30057,0,Joseph Kulkarni,Arrest,2025-11-19,Bengaluru Rural,Bhavana Prasad
18038,30059,0,Fatima Kulkarni,Arrest,2025-11-19,Bengaluru Rural,Mary Iyengar
18040,30061,0,Manjunath Patil,Arrest,2025-11-19,Kalaburagi,Ashwini Murthy
18043,30065,0,Joseph Gowda,Arrest,2025-11-19,Davanagere,Deepak Patil
18044,30067,0,Nagaraj Patil,Arrest,2025-11-19,Bengaluru City,Deepak Iyengar
18046,30071,0,Rekha Shetty,Arrest,2025-11-19,Belagavi,Fatima Nayak
18048,30075,0,Nagaraj Kulkarni,Arrest,2025-11-19,Mangaluru (DK),Ashwini Gowda
18050,30079,0,Vinutha Murthy,Arrest,2025-11-20,Tumakuru,Pooja Nayak
18053,30083,0,Vinutha Rao,Arrest,2025-11-20,Mysuru,Joseph Kulkarni
18055,30085,0,Yashwanth Nayak,Arrest,2025-11-20,Mysuru,Imran Hegde
18058,30089,0,Girish Murthy,Surrender,2025-11-20,Ballari,Chetan Prasad
18060,30091,0,Pooja Shetty,Arrest,2025-11-20,Hassan,Kiran Naik
18062,30093,0,Ravi Naik,Arrest,2025-11-20,Hassan,Bhavana Shetty
18065,30097,0,Joseph Hegde,Arrest,2025-11-20,Kalaburagi,Ashwini Reddy
18067,30099,0,Chetan Bhat,Arrest,2025-11-20,Bengaluru City,Manjunath Iyengar
18068,30101,0,Mary Naik,Arrest,2025-11-20,Tumakuru,Chetan Naik
18069,30103,0,Shivakumar Desai,Surrender,2025-11-20,Mangaluru (DK),Basavaraj Rao
18072,30107,0,Shivakumar Patil,Arrest,2025-11-20,Bengaluru Rural,Chetan Iyengar
18073,30111,0,Joseph Rao,Arrest,2025-11-20,Belagavi,Nagaraj Prasad
18074,30115,0,Pooja Rao,Arrest,2025-11-20,Vijayapura,Lakshmi Rao
18076,30117,0,Shivakumar Kumar,Arrest,2025-11-20,Belagavi,Yashwanth Rao
18080,30123,0,Ravi Prasad,Arrest,2025-11-20,Mangaluru (DK),Deepak Nayak
18082,30125,0,Joseph Shetty,Surrender,2025-11-20,Hubballi-Dharwad,Mary Desai
18084,30127,0,Ravi Reddy,Arrest,2025-11-20,Mysuru,Suresh Desai
18086,30129,0,Mary Bhat,Arrest,2025-11-20,Bengaluru Rural,Nagaraj Rao
18087,30131,0,Yashwanth Rao,Arrest,2025-11-20,Bengaluru City,Deepak Rao
18090,30137,0,Ashwini Iyengar,Arrest,2025-11-21,Mysuru,Chetan Naik
18091,30141,0,Rekha Hegde,Arrest,2025-11-21,Shivamogga,Anitha Kulkarni
18094,30147,0,Shivakumar Desai,Arrest,2025-11-21,Shivamogga,Imran Desai
18096,30149,0,Lakshmi Iyengar,Arrest,2025-11-21,Bengaluru City,Basavaraj Kulkarni
18098,30155,0,Shivakumar Bhat,Surrender,2025-11-21,Hubballi-Dharwad,Basavaraj Reddy
18100,30157,0,Girish Shetty,Arrest,2025-11-21,Bengaluru Rural,Rekha Hegde
18102,30159,0,Pooja Gowda,Arrest,2025-11-21,Raichur,Anitha Naik
18104,30161,0,Ravi Shetty,Arrest,2025-11-21,Mysuru,Ashwini Murthy
18105,30163,0,Mary Shetty,Arrest,2025-11-21,Mysuru,Ravi Kulkarni
18112,30185,0,Anitha Hegde,Arrest,2025-11-21,Bengaluru Rural,Ashwini Kulkarni
18114,30189,0,Suresh Bhat,Arrest,2025-11-22,Kalaburagi,Yashwanth Desai
18115,30191,0,Ravi Desai,Arrest,2025-11-22,Bengaluru City,Basavaraj Kumar
18117,30193,0,Rekha Prasad,Arrest,2025-11-22,Raichur,Anitha Kumar
18118,30195,0,Ravi Shetty,Arrest,2025-11-22,Ballari,Ashwini Rao
18121,30199,0,Anitha Kulkarni,Arrest,2025-11-22,Hassan,Prakash Patil
18122,30201,0,Kiran Shetty,Arrest,2025-11-22,Mysuru,Pooja Gowda
18123,30203,0,Joseph Prasad,Arrest,2025-11-22,Bengaluru City,Manjunath Murthy
18126,30207,0,Joseph Desai,Arrest,2025-11-22,Ballari,Joseph Desai
18130,30215,0,Pooja Prasad,Surrender,2025-11-22,Mysuru,Anitha Kulkarni
18132,30217,0,Basavaraj Patil,Arrest,2025-11-22,Ballari,Deepak Prasad
18133,30221,0,Girish Nayak,Arrest,2025-11-22,Raichur,Ashwini Prasad
18136,30225,0,Kiran Iyengar,Arrest,2025-11-22,Shivamogga,Joseph Nayak
18138,30227,0,Ashwini Patil,Arrest,2025-11-22,Mangaluru (DK),Rekha Hegde
18140,30229,0,Imran Prasad,Surrender,2025-11-22,Mysuru,Girish Reddy
18144,30237,0,Lakshmi Naik,Arrest,2025-11-22,Hubballi-Dharwad,Bhavana Nayak
18147,30241,0,Nagaraj Rao,Arrest,2025-11-23,Bengaluru City,Kiran Hegde
18149,30243,0,Girish Kumar,Arrest,2025-11-23,Ballari,Lakshmi Reddy
18152,30253,0,Ravi Nayak,Arrest,2025-11-23,Belagavi,Bhavana Kulkarni
18154,30255,0,Chetan Desai,Arrest,2025-11-23,Kalaburagi,Vinutha Bhat
18156,30257,0,Rekha Bhat,Arrest,2025-11-23,Bengaluru City,Prakash Hegde
18158,30259,0,Rekha Rao,Arrest,2025-11-23,Bengaluru City,Ashwini Shetty
18159,30261,0,Yashwanth Rao,Arrest,2025-11-23,Bengaluru City,Vinutha Desai
18162,30267,0,Fatima Bhat,Arrest,2025-11-23,Belagavi,Nagaraj Iyengar
18163,30269,0,Nagaraj Kulkarni,Arrest,2025-11-23,Belagavi,Yashwanth Gowda
18165,30273,0,Anitha Prasad,Surrender,2025-11-23,Bengaluru City,Fatima Nayak
18167,30275,0,Ravi Shetty,Arrest,2025-11-23,Ballari,Joseph Kumar
18169,30277,0,Deepak Rao,Arrest,2025-11-23,Bengaluru City,Nagaraj Nayak
18171,30279,0,Fatima Patil,Arrest,2025-11-23,Hassan,Manjunath Iyengar
18173,30283,0,Basavaraj Kumar,Arrest,2025-11-23,Hassan,Mary Murthy
18175,30287,0,Ashwini Desai,Arrest,2025-11-23,Bengaluru Rural,Imran Prasad
18176,30291,0,Suresh Hegde,Arrest,2025-11-23,Hubballi-Dharwad,Lakshmi Hegde
18178,30293,0,Fatima Nayak,Surrender,2025-11-23,Mangaluru (DK),Prakash Murthy
18179,30295,0,Manjunath Iyengar,Arrest,2025-11-24,Bengaluru City,Prakash Patil
18183,30303,0,Imran Shetty,Arrest,2025-11-24,Bengaluru Rural,Basavaraj Murthy
18185,30305,0,Nagaraj Kulkarni,Arrest,2025-11-24,Belagavi,Girish Hegde
18187,30307,0,Rekha Murthy,Arrest,2025-11-24,Bengaluru City,Manjunath Hegde
18189,30311,0,Manjunath Kulkarni,Arrest,2025-11-24,Bengaluru City,Pooja Hegde
18192,30315,0,Manjunath Iyengar,Arrest,2025-11-24,Ballari,Kiran Hegde
18194,30317,0,Deepak Hegde,Arrest,2025-11-24,Belagavi,Chetan Gowda
18196,30319,0,Deepak Shetty,Arrest,2025-11-24,Bengaluru City,Chetan Prasad
18198,30323,0,Suresh Kumar,Arrest,2025-11-24,Bengaluru City,Suresh Naik
18200,30325,0,Manjunath Shetty,Surrender,2025-11-24,Mangaluru (DK),Kiran Rao
18202,30327,0,Shivakumar Hegde,Arrest,2025-11-24,Kalaburagi,Bhavana Nayak
18204,30329,0,Prakash Kulkarni,Arrest,2025-11-24,Kalaburagi,Kiran Hegde
18206,30331,0,Girish Reddy,Arrest,2025-11-24,Bengaluru City,Girish Bhat
18208,30335,0,Fatima Reddy,Surrender,2025-11-24,Bengaluru City,Imran Desai
18210,30337,0,Vinutha Naik,Arrest,2025-11-24,Raichur,Imran Shetty
18212,30341,0,Shivakumar Naik,Surrender,2025-11-24,Hassan,Shivakumar Murthy
18214,30343,0,Pooja Rao,Arrest,2025-11-24,Udupi,Nagaraj Bhat
18216,30345,0,Suresh Nayak,Arrest,2025-11-24,Tumakuru,Yashwanth Nayak
18219,30349,0,Fatima Iyengar,Surrender,2025-11-24,Bengaluru City,Kiran Gowda
18221,30351,0,Fatima Bhat,Arrest,2025-11-24,Tumakuru,Chetan Desai
18223,30353,0,Ravi Naik,Surrender,2025-11-24,Belagavi,Rekha Shetty
18225,30355,0,Girish Desai,Arrest,2025-11-24,Bengaluru City,Nagaraj Rao
18228,30361,0,Lakshmi Reddy,Arrest,2025-11-25,Hubballi-Dharwad,Deepak Desai
18229,30363,0,Manjunath Shetty,Arrest,2025-11-25,Bengaluru City,Mary Murthy
18230,30365,0,Vinutha Bhat,Arrest,2025-11-25,Kalaburagi,Imran Kulkarni
18231,30367,0,Vinutha Reddy,Surrender,2025-11-25,Mysuru,Imran Kumar
18233,30369,0,Chetan Murthy,Arrest,2025-11-25,Mysuru,Basavaraj Murthy
18235,30371,0,Bhavana Murthy,Arrest,2025-11-25,Hubballi-Dharwad,Mary Kulkarni
18236,30373,0,Ashwini Kumar,Arrest,2025-11-25,Mysuru,Kiran Shetty
18237,30375,0,Anitha Reddy,Arrest,2025-11-25,Hassan,Pooja Bhat
18240,30381,0,Vinutha Murthy,Arrest,2025-11-25,Bengaluru Rural,Shivakumar Desai
18241,30383,0,Girish Gowda,Arrest,2025-11-25,Tumakuru,Joseph Patil
18244,30387,0,Manjunath Kulkarni,Surrender,2025-11-25,Shivamogga,Yashwanth Iyengar
18246,30389,0,Basavaraj Patil,Arrest,2025-11-25,Shivamogga,Mary Kulkarni
18249,30397,0,Chetan Kulkarni,Arrest,2025-11-25,Vijayapura,Imran Reddy
18251,30399,0,Fatima Naik,Arrest,2025-11-25,Vijayapura,Manjunath Kulkarni
18252,30401,0,Fatima Murthy,Arrest,2025-11-25,Vijayapura,Yashwanth Kulkarni
18255,30409,0,Anitha Rao,Arrest,2025-11-25,Bengaluru City,Bhavana Rao
18257,30413,0,Imran Murthy,Arrest,2025-11-26,Bengaluru City,Fatima Hegde
18258,30415,0,Chetan Nayak,Arrest,2025-11-26,Bengaluru City,Deepak Hegde
18260,30419,0,Vinutha Naik,Arrest,2025-11-26,Kalaburagi,Suresh Patil
18262,30421,0,Fatima Iyengar,Surrender,2025-11-26,Hubballi-Dharwad,Rekha Murthy
18263,30423,0,Ravi Prasad,Arrest,2025-11-26,Mangaluru (DK),Kiran Kulkarni
18265,30425,0,Shivakumar Murthy,Arrest,2025-11-26,Shivamogga,Deepak Desai
18266,30427,0,Girish Prasad,Arrest,2025-11-26,Bengaluru City,Fatima Iyengar
18270,30435,0,Chetan Shetty,Arrest,2025-11-26,Mysuru,Shivakumar Shetty
18271,30437,0,Anitha Murthy,Arrest,2025-11-26,Bengaluru Rural,Kiran Reddy
18273,30439,0,Nagaraj Prasad,Surrender,2025-11-26,Kalaburagi,Bhavana Naik
18274,30441,0,Yashwanth Desai,Arrest,2025-11-26,Mysuru,Imran Hegde
18277,30445,0,Deepak Hegde,Arrest,2025-11-26,Mangaluru (DK),Anitha Shetty
18280,30449,0,Imran Iyengar,Surrender,2025-11-26,Bengaluru Rural,Girish Reddy
18283,30453,0,Deepak Murthy,Surrender,2025-11-27,Tumakuru,Joseph Rao
18284,30455,0,Joseph Kumar,Arrest,2025-11-27,Bengaluru Rural,Ashwini Iyengar
18286,30457,0,Pooja Bhat,Arrest,2025-11-27,Bengaluru City,Imran Murthy
18289,30461,0,Joseph Rao,Arrest,2025-11-27,Hubballi-Dharwad,Chetan Prasad
18290,30463,0,Anitha Murthy,Arrest,2025-11-27,Bengaluru Rural,Vinutha Hegde
18293,30469,0,Girish Reddy,Arrest,2025-11-27,Bengaluru City,Rekha Shetty
18295,30471,0,Joseph Patil,Arrest,2025-11-27,Mysuru,Fatima Bhat
18297,30473,0,Fatima Naik,Arrest,2025-11-27,Bengaluru City,Ashwini Murthy
18299,30475,0,Chetan Iyengar,Arrest,2025-11-27,Bengaluru City,Shivakumar Bhat
18301,30477,0,Rekha Shetty,Surrender,2025-11-27,Bengaluru City,Vinutha Murthy
18303,30479,0,Rekha Iyengar,Arrest,2025-11-27,Bengaluru City,Ravi Patil
18304,30481,0,Mary Nayak,Arrest,2025-11-27,Kalaburagi,Fatima Hegde
18305,30483,0,Prakash Gowda,Surrender,2025-11-27,Belagavi,Yashwanth Naik
18306,30485,0,Kiran Patil,Arrest,2025-11-27,Shivamogga,Anitha Desai
18307,30487,0,Chetan Prasad,Arrest,2025-11-27,Davanagere,Deepak Bhat
18309,30489,0,Suresh Prasad,Arrest,2025-11-27,Bengaluru City,Bhavana Shetty
18311,30491,0,Manjunath Hegde,Arrest,2025-11-27,Bengaluru City,Imran Hegde
18312,30493,0,Rekha Nayak,Arrest,2025-11-27,Shivamogga,Joseph Prasad
18314,30495,0,Basavaraj Reddy,Arrest,2025-11-27,Bengaluru City,Mary Hegde
18315,30499,0,Yashwanth Iyengar,Arrest,2025-11-28,Mysuru,Girish Rao
18316,30501,0,Deepak Shetty,Arrest,2025-11-28,Shivamogga,Imran Patil
18317,30503,0,Yashwanth Rao,Arrest,2025-11-28,Kalaburagi,Bhavana Naik
18320,30507,0,Chetan Murthy,Arrest,2025-11-28,Bengaluru City,Lakshmi Murthy
18322,30509,0,Mary Bhat,Arrest,2025-11-28,Bengaluru City,Lakshmi Naik
18324,30511,0,Fatima Nayak,Surrender,2025-11-28,Bengaluru City,Pooja Bhat
18326,30515,0,Basavaraj Shetty,Arrest,2025-11-28,Hubballi-Dharwad,Suresh Desai
18328,30517,0,Nagaraj Naik,Arrest,2025-11-28,Kalaburagi,Fatima Hegde
18329,30519,0,Bhavana Gowda,Surrender,2025-11-28,Bengaluru Rural,Ashwini Bhat
18332,30529,0,Ravi Iyengar,Arrest,2025-11-28,Mysuru,Chetan Patil
18334,30531,0,Suresh Prasad,Arrest,2025-11-28,Tumakuru,Shivakumar Prasad
18336,30541,0,Yashwanth Iyengar,Arrest,2025-11-28,Bengaluru City,Kiran Kulkarni
18337,30543,0,Fatima Hegde,Arrest,2025-11-28,Belagavi,Anitha Murthy
18339,30547,0,Anitha Reddy,Arrest,2025-11-28,Mangaluru (DK),Rekha Murthy
18341,30549,0,Prakash Rao,Arrest,2025-11-28,Davanagere,Nagaraj Shetty
18342,30551,0,Nagaraj Murthy,Arrest,2025-11-28,Kalaburagi,Suresh Kumar
18343,30553,0,Kiran Kulkarni,Arrest,2025-11-28,Davanagere,Girish Prasad
18344,30559,0,Ravi Hegde,Arrest,2025-11-29,Ballari,Imran Murthy
18346,30561,0,Yashwanth Nayak,Arrest,2025-11-29,Belagavi,Deepak Hegde
18348,30567,0,Lakshmi Shetty,Arrest,2025-11-29,Bengaluru City,Shivakumar Murthy
18352,30573,0,Rekha Bhat,Surrender,2025-11-29,Hubballi-Dharwad,Pooja Desai
18355,30577,0,Joseph Prasad,Arrest,2025-11-29,Raichur,Ravi Kumar
18358,30581,0,Yashwanth Naik,Arrest,2025-11-29,Bengaluru City,Yashwanth Kumar
18361,30589,0,Yashwanth Rao,Arrest,2025-11-29,Bengaluru City,Fatima Bhat
18362,30591,0,Kiran Naik,Surrender,2025-11-29,Bengaluru City,Pooja Kumar
18363,30593,0,Imran Reddy,Surrender,2025-11-29,Tumakuru,Joseph Shetty
18365,30599,0,Manjunath Patil,Arrest,2025-11-29,Mysuru,Imran Rao
18366,30601,0,Bhavana Gowda,Surrender,2025-11-29,Mysuru,Manjunath Iyengar
18369,30607,0,Kiran Patil,Arrest,2025-11-29,Mysuru,Ravi Iyengar
18370,30611,0,Anitha Rao,Arrest,2025-11-30,Shivamogga,Pooja Nayak
18374,30617,0,Bhavana Gowda,Arrest,2025-11-30,Bengaluru Rural,Manjunath Murthy
18376,30619,0,Prakash Kulkarni,Arrest,2025-11-30,Davanagere,Prakash Reddy
18377,30621,0,Kiran Hegde,Arrest,2025-11-30,Tumakuru,Nagaraj Gowda
18380,30625,0,Kiran Kulkarni,Surrender,2025-11-30,Mangaluru (DK),Manjunath Desai
18383,30629,0,Pooja Naik,Arrest,2025-11-30,Bengaluru City,Mary Kulkarni
18385,30631,0,Chetan Murthy,Arrest,2025-11-30,Bengaluru City,Girish Reddy
18387,30633,0,Mary Prasad,Arrest,2025-11-30,Vijayapura,Deepak Iyengar
18389,30635,0,Lakshmi Iyengar,Surrender,2025-11-30,Tumakuru,Imran Prasad
18391,30637,0,Vinutha Iyengar,Arrest,2025-11-30,Mangaluru (DK),Mary Rao
18393,30639,0,Girish Naik,Arrest,2025-11-30,Kalaburagi,Girish Iyengar
18395,30641,0,Ravi Rao,Arrest,2025-11-30,Bengaluru City,Kiran Murthy
18396,30643,0,Basavaraj Prasad,Arrest,2025-11-30,Bengaluru City,Imran Naik
18398,30645,0,Suresh Patil,Arrest,2025-11-30,Davanagere,Suresh Kulkarni
18400,30651,0,Manjunath Gowda,Arrest,2025-11-30,Bengaluru City,Ashwini Patil
18403,30657,0,Joseph Gowda,Arrest,2025-11-30,Mangaluru (DK),Anitha Reddy
18406,30663,0,Suresh Bhat,Arrest,2025-11-30,Bengaluru City,Ashwini Naik
18407,30665,0,Rekha Bhat,Surrender,2025-11-30,Raichur,Rekha Shetty
18410,30669,0,Yashwanth Nayak,Surrender,2025-11-30,Belagavi,Girish Nayak
18413,30673,0,Shivakumar Bhat,Arrest,2025-11-30,Hubballi-Dharwad,Basavaraj Desai
18414,30675,0,Deepak Nayak,Surrender,2025-11-30,Bengaluru Rural,Shivakumar Desai
18415,30677,0,Manjunath Reddy,Arrest,2025-11-30,Mysuru,Basavaraj Naik
18417,30681,0,Imran Rao,Arrest,2025-12-01,Ballari,Anitha Patil
18418,30683,0,Fatima Kulkarni,Arrest,2025-12-01,Mysuru,Imran Naik
18420,30685,0,Yashwanth Patil,Arrest,2025-12-01,Bengaluru Rural,Yashwanth Desai
18423,30693,0,Pooja Murthy,Arrest,2025-12-01,Bengaluru City,Anitha Rao
18425,30695,0,Deepak Bhat,Arrest,2025-12-01,Bengaluru City,Suresh Desai
18427,30699,0,Nagaraj Rao,Surrender,2025-12-01,Ballari,Nagaraj Naik
18429,30701,0,Mary Kulkarni,Arrest,2025-12-01,Hassan,Deepak Murthy
18431,30703,0,Ravi Hegde,Arrest,2025-12-01,Bengaluru Rural,Bhavana Gowda
18433,30707,0,Fatima Naik,Arrest,2025-12-01,Kalaburagi,Girish Naik
18435,30711,0,Lakshmi Shetty,Surrender,2025-12-01,Hassan,Ashwini Shetty
18437,30713,0,Basavaraj Prasad,Arrest,2025-12-01,Hubballi-Dharwad,Rekha Desai
18439,30715,0,Mary Nayak,Surrender,2025-12-01,Kalaburagi,Imran Reddy
18441,30717,0,Imran Gowda,Arrest,2025-12-01,Belagavi,Lakshmi Prasad
18443,30719,0,Suresh Reddy,Arrest,2025-12-01,Bengaluru Rural,Deepak Gowda
18445,30721,0,Ravi Kumar,Arrest,2025-12-01,Mangaluru (DK),Chetan Iyengar
18448,30725,0,Manjunath Hegde,Arrest,2025-12-01,Bengaluru City,Yashwanth Naik
18449,30727,0,Chetan Kulkarni,Arrest,2025-12-01,Bengaluru City,Rekha Prasad
18452,30731,0,Deepak Iyengar,Arrest,2025-12-02,Kalaburagi,Suresh Patil
18456,30737,0,Basavaraj Hegde,Arrest,2025-12-02,Kalaburagi,Rekha Naik
18458,30741,0,Imran Bhat,Arrest,2025-12-02,Shivamogga,Suresh Prasad
18459,30743,0,Basavaraj Bhat,Surrender,2025-12-02,Bengaluru Rural,Yashwanth Reddy
18460,30745,0,Girish Reddy,Arrest,2025-12-02,Bengaluru Rural,Deepak Nayak
18461,30747,0,Nagaraj Hegde,Arrest,2025-12-02,Vijayapura,Ravi Kumar
18463,30749,0,Nagaraj Shetty,Arrest,2025-12-02,Kalaburagi,Manjunath Desai
18466,30753,0,Anitha Murthy,Arrest,2025-12-02,Raichur,Lakshmi Nayak
18467,30757,0,Pooja Gowda,Arrest,2025-12-02,Bengaluru City,Rekha Naik
18471,30763,0,Shivakumar Nayak,Arrest,2025-12-02,Shivamogga,Anitha Bhat
18473,30769,0,Pooja Shetty,Arrest,2025-12-02,Kalaburagi,Girish Patil
18475,30771,0,Shivakumar Patil,Surrender,2025-12-02,Bengaluru City,Anitha Reddy
18477,30773,0,Lakshmi Murthy,Surrender,2025-12-02,Mysuru,Basavaraj Desai
18479,30775,0,Anitha Nayak,Arrest,2025-12-02,Tumakuru,Yashwanth Murthy
18482,30783,0,Lakshmi Rao,Arrest,2025-12-02,Hubballi-Dharwad,Pooja Shetty
18484,30785,0,Imran Kumar,Arrest,2025-12-03,Mysuru,Anitha Prasad
18485,30787,0,Prakash Iyengar,Arrest,2025-12-03,Bengaluru Rural,Rekha Rao
18486,30789,0,Ravi Gowda,Arrest,2025-12-03,Bengaluru City,Joseph Murthy
18488,30793,0,Girish Rao,Arrest,2025-12-03,Udupi,Joseph Rao
18490,30795,0,Basavaraj Kumar,Arrest,2025-12-03,Raichur,Bhavana Iyengar
18492,30797,0,Bhavana Shetty,Arrest,2025-12-03,Shivamogga,Anitha Hegde
18494,30799,0,Nagaraj Prasad,Arrest,2025-12-03,Hassan,Kiran Reddy
18496,30801,0,Shivakumar Naik,Arrest,2025-12-03,Hubballi-Dharwad,Kiran Shetty
18497,30803,0,Fatima Murthy,Arrest,2025-12-03,Kalaburagi,Joseph Hegde
18499,30805,0,Rekha Rao,Surrender,2025-12-03,Hubballi-Dharwad,Vinutha Rao
18505,30817,0,Nagaraj Bhat,Arrest,2025-12-03,Raichur,Imran Prasad
18506,30819,0,Kiran Prasad,Arrest,2025-12-03,Hubballi-Dharwad,Kiran Prasad
18508,30821,0,Basavaraj Hegde,Arrest,2025-12-03,Davanagere,Kiran Gowda
18509,30823,0,Basavaraj Bhat,Arrest,2025-12-03,Tumakuru,Mary Patil
18510,30825,0,Prakash Shetty,Arrest,2025-12-03,Bengaluru City,Mary Shetty
18512,30827,0,Suresh Patil,Arrest,2025-12-03,Ballari,Anitha Gowda
18513,30829,0,Imran Shetty,Arrest,2025-12-03,Bengaluru City,Shivakumar Kumar
18515,30831,0,Ashwini Naik,Arrest,2025-12-03,Bengaluru City,Chetan Murthy
18517,30833,0,Prakash Gowda,Arrest,2025-12-03,Bengaluru City,Anitha Kulkarni
18519,30835,0,Chetan Murthy,Arrest,2025-12-03,Hubballi-Dharwad,Joseph Desai
18524,30847,0,Shivakumar Patil,Arrest,2025-12-04,Hassan,Manjunath Kumar
18525,30851,0,Chetan Kumar,Arrest,2025-12-04,Vijayapura,Ravi Desai
18526,30853,0,Lakshmi Iyengar,Arrest,2025-12-04,Bengaluru City,Manjunath Prasad
18527,30855,0,Ravi Naik,Arrest,2025-12-04,Kalaburagi,Mary Rao
18530,30863,0,Fatima Iyengar,Arrest,2025-12-04,Raichur,Joseph Kulkarni
18532,30865,0,Ashwini Kumar,Arrest,2025-12-04,Hassan,Manjunath Kulkarni
18533,30867,0,Joseph Desai,Arrest,2025-12-04,Hassan,Pooja Murthy
18537,30877,0,Anitha Kumar,Arrest,2025-12-04,Bengaluru City,Kiran Naik
18539,30879,0,Bhavana Patil,Surrender,2025-12-04,Bengaluru City,Pooja Desai
18542,30883,0,Joseph Desai,Surrender,2025-12-04,Ballari,Ravi Nayak
18545,30887,0,Suresh Naik,Arrest,2025-12-04,Kalaburagi,Imran Nayak
18549,30895,0,Deepak Kumar,Arrest,2025-12-04,Bengaluru City,Pooja Kulkarni
18551,30899,0,Chetan Kulkarni,Arrest,2025-12-05,Ballari,Manjunath Kumar
18552,30901,0,Yashwanth Prasad,Arrest,2025-12-05,Bengaluru City,Vinutha Iyengar
18553,30903,0,Ashwini Kumar,Arrest,2025-12-05,Mysuru,Prakash Bhat
18555,30907,0,Pooja Rao,Arrest,2025-12-05,Hubballi-Dharwad,Nagaraj Rao
18557,30909,0,Ravi Iyengar,Arrest,2025-12-05,Mangaluru (DK),Lakshmi Rao
18558,30911,0,Basavaraj Gowda,Arrest,2025-12-05,Tumakuru,Fatima Nayak
18560,30913,0,Lakshmi Naik,Arrest,2025-12-05,Tumakuru,Shivakumar Prasad
18566,30927,0,Ashwini Hegde,Arrest,2025-12-05,Hassan,Kiran Kumar
18568,30929,0,Anitha Murthy,Arrest,2025-12-05,Vijayapura,Lakshmi Gowda
18569,30931,0,Pooja Rao,Arrest,2025-12-05,Mysuru,Rekha Murthy
18570,30933,0,Prakash Nayak,Arrest,2025-12-05,Hubballi-Dharwad,Imran Naik
18571,30935,0,Girish Bhat,Arrest,2025-12-05,Udupi,Kiran Reddy
18573,30937,0,Ashwini Murthy,Arrest,2025-12-05,Hubballi-Dharwad,Fatima Naik
18576,30943,0,Deepak Prasad,Arrest,2025-12-05,Mangaluru (DK),Basavaraj Rao
18578,30947,0,Ravi Murthy,Arrest,2025-12-06,Bengaluru City,Ashwini Kulkarni
18580,30949,0,Deepak Rao,Arrest,2025-12-06,Bengaluru City,Chetan Nayak
18581,30951,0,Prakash Iyengar,Surrender,2025-12-06,Shivamogga,Anitha Iyengar
18583,30953,0,Suresh Reddy,Arrest,2025-12-06,Ballari,Shivakumar Murthy
18585,30955,0,Kiran Kumar,Arrest,2025-12-06,Hassan,Kiran Kumar
18586,30957,0,Joseph Hegde,Arrest,2025-12-06,Hubballi-Dharwad,Prakash Bhat
18589,30961,0,Suresh Kumar,Arrest,2025-12-06,Hubballi-Dharwad,Nagaraj Shetty
18591,30965,0,Joseph Iyengar,Arrest,2025-12-06,Kalaburagi,Lakshmi Nayak
18593,30969,0,Ashwini Gowda,Arrest,2025-12-06,Bengaluru City,Bhavana Iyengar
18595,30971,0,Pooja Hegde,Arrest,2025-12-06,Vijayapura,Lakshmi Murthy
18597,30975,0,Prakash Prasad,Arrest,2025-12-06,Bengaluru City,Bhavana Shetty
18600,30979,0,Joseph Naik,Surrender,2025-12-06,Bengaluru Rural,Bhavana Naik
18602,30983,0,Prakash Gowda,Surrender,2025-12-06,Bengaluru City,Basavaraj Reddy
18604,30985,0,Suresh Desai,Arrest,2025-12-06,Hubballi-Dharwad,Anitha Bhat
18606,30987,0,Ashwini Rao,Arrest,2025-12-06,Raichur,Pooja Reddy
18608,30989,0,Ashwini Shetty,Arrest,2025-12-06,Hassan,Nagaraj Rao
18611,30993,0,Suresh Gowda,Arrest,2025-12-06,Bengaluru City,Basavaraj Kulkarni
18613,30995,0,Anitha Hegde,Surrender,2025-12-07,Hubballi-Dharwad,Rekha Iyengar
18615,30997,0,Lakshmi Bhat,Surrender,2025-12-07,Bengaluru City,Shivakumar Murthy
18618,31001,0,Chetan Kumar,Arrest,2025-12-07,Kalaburagi,Girish Desai
18619,31003,0,Imran Nayak,Arrest,2025-12-07,Belagavi,Nagaraj Naik
18621,31005,0,Ravi Reddy,Arrest,2025-12-07,Vijayapura,Fatima Murthy
18624,31009,0,Lakshmi Naik,Arrest,2025-12-07,Bengaluru City,Mary Shetty
18627,31013,0,Kiran Nayak,Arrest,2025-12-07,Shivamogga,Manjunath Nayak
18629,31015,0,Rekha Shetty,Arrest,2025-12-07,Bengaluru City,Lakshmi Gowda
18631,31019,0,Nagaraj Patil,Arrest,2025-12-07,Hassan,Ravi Rao
18633,31021,0,Imran Desai,Arrest,2025-12-07,Mangaluru (DK),Vinutha Hegde
18635,31025,0,Yashwanth Patil,Arrest,2025-12-07,Belagavi,Girish Rao
18637,31027,0,Ravi Patil,Surrender,2025-12-07,Shivamogga,Bhavana Rao
18638,31029,0,Ashwini Gowda,Surrender,2025-12-07,Raichur,Suresh Prasad
18641,31033,0,Manjunath Shetty,Arrest,2025-12-07,Mysuru,Pooja Gowda
18643,31035,0,Vinutha Reddy,Arrest,2025-12-07,Shivamogga,Lakshmi Patil
18645,31037,0,Shivakumar Desai,Surrender,2025-12-07,Hassan,Basavaraj Nayak
18648,31043,0,Anitha Kumar,Arrest,2025-12-07,Bengaluru City,Rekha Shetty
18649,31045,0,Mary Prasad,Arrest,2025-12-08,Bengaluru City,Shivakumar Hegde
18650,31047,0,Anitha Reddy,Arrest,2025-12-08,Belagavi,Kiran Shetty
18652,31051,0,Ashwini Gowda,Arrest,2025-12-08,Bengaluru City,Shivakumar Naik
18655,31059,0,Ravi Bhat,Arrest,2025-12-08,Bengaluru City,Fatima Kulkarni
18656,31063,0,Bhavana Bhat,Arrest,2025-12-08,Bengaluru City,Yashwanth Naik
18658,31065,0,Ravi Patil,Arrest,2025-12-08,Bengaluru City,Lakshmi Reddy
18659,31067,0,Bhavana Iyengar,Surrender,2025-12-08,Bengaluru City,Rekha Bhat
18662,31071,0,Lakshmi Desai,Surrender,2025-12-08,Bengaluru City,Ravi Bhat
18664,31073,0,Prakash Murthy,Arrest,2025-12-08,Tumakuru,Shivakumar Reddy
18666,31075,0,Deepak Kumar,Surrender,2025-12-08,Bengaluru City,Manjunath Nayak
18668,31077,0,Ravi Patil,Surrender,2025-12-08,Mysuru,Lakshmi Kumar
18672,31087,0,Nagaraj Kumar,Arrest,2025-12-08,Mysuru,Girish Naik
18673,31089,0,Chetan Gowda,Surrender,2025-12-09,Mysuru,Deepak Rao
18674,31091,0,Suresh Kumar,Arrest,2025-12-09,Mangaluru (DK),Anitha Desai
18676,31095,0,Chetan Bhat,Surrender,2025-12-09,Hubballi-Dharwad,Deepak Iyengar
18678,31097,0,Nagaraj Bhat,Surrender,2025-12-09,Mysuru,Suresh Rao
18681,31103,0,Prakash Shetty,Arrest,2025-12-09,Raichur,Nagaraj Murthy
18682,31105,0,Nagaraj Prasad,Arrest,2025-12-09,Belagavi,Kiran Murthy
18684,31109,0,Prakash Prasad,Surrender,2025-12-09,Bengaluru City,Ashwini Hegde
18686,31111,0,Ashwini Shetty,Surrender,2025-12-09,Tumakuru,Prakash Hegde
18690,31119,0,Lakshmi Rao,Surrender,2025-12-09,Hassan,Kiran Rao
18692,31121,0,Joseph Kulkarni,Arrest,2025-12-09,Ballari,Lakshmi Nayak
18694,31125,0,Ravi Iyengar,Arrest,2025-12-09,Bengaluru City,Lakshmi Rao
18696,31127,0,Yashwanth Hegde,Arrest,2025-12-09,Shivamogga,Manjunath Naik
18701,31135,0,Ashwini Iyengar,Arrest,2025-12-09,Shivamogga,Girish Shetty
18703,31137,0,Ashwini Rao,Arrest,2025-12-10,Vijayapura,Joseph Nayak
18704,31139,0,Bhavana Shetty,Arrest,2025-12-10,Hassan,Deepak Kulkarni
18706,31141,0,Imran Shetty,Surrender,2025-12-10,Bengaluru City,Kiran Reddy
18707,31143,0,Rekha Hegde,Arrest,2025-12-10,Kalaburagi,Joseph Hegde
18709,31145,0,Anitha Rao,Arrest,2025-12-10,Bengaluru City,Basavaraj Kulkarni
18712,31149,0,Yashwanth Rao,Arrest,2025-12-10,Vijayapura,Girish Desai
18714,31151,0,Vinutha Kulkarni,Surrender,2025-12-10,Belagavi,Nagaraj Reddy
18717,31155,0,Bhavana Kumar,Arrest,2025-12-10,Mysuru,Pooja Iyengar
18719,31157,0,Vinutha Murthy,Arrest,2025-12-10,Bengaluru Rural,Ravi Desai
18722,31163,0,Joseph Gowda,Surrender,2025-12-10,Mysuru,Lakshmi Desai
18723,31165,0,Vinutha Kumar,Arrest,2025-12-10,Tumakuru,Lakshmi Nayak
18724,31167,0,Imran Patil,Arrest,2025-12-10,Bengaluru City,Manjunath Desai
18725,31169,0,Mary Hegde,Arrest,2025-12-10,Hubballi-Dharwad,Ashwini Kulkarni
18727,31175,0,Suresh Rao,Arrest,2025-12-10,Hubballi-Dharwad,Basavaraj Nayak
18729,31177,0,Anitha Reddy,Arrest,2025-12-10,Mysuru,Mary Shetty
18731,31179,0,Fatima Reddy,Arrest,2025-12-10,Raichur,Pooja Rao
18732,31181,0,Fatima Nayak,Arrest,2025-12-10,Ballari,Shivakumar Naik
18733,31183,0,Kiran Hegde,Arrest,2025-12-10,Bengaluru City,Suresh Kulkarni
18734,31185,0,Manjunath Desai,Arrest,2025-12-10,Bengaluru City,Mary Kumar
18736,31187,0,Rekha Shetty,Arrest,2025-12-11,Mysuru,Pooja Kumar
18738,31189,0,Ravi Iyengar,Arrest,2025-12-11,Ballari,Fatima Shetty
18740,31191,0,Prakash Naik,Surrender,2025-12-11,Belagavi,Anitha Shetty
18742,31193,0,Kiran Hegde,Surrender,2025-12-11,Mysuru,Vinutha Naik
18744,31195,0,Anitha Prasad,Arrest,2025-12-11,Mangaluru (DK),Suresh Rao
18746,31197,0,Basavaraj Hegde,Arrest,2025-12-11,Mysuru,Anitha Desai
18747,31199,0,Vinutha Nayak,Surrender,2025-12-11,Davanagere,Yashwanth Iyengar
18750,31203,0,Imran Desai,Arrest,2025-12-11,Bengaluru City,Kiran Murthy
18752,31205,0,Pooja Shetty,Arrest,2025-12-11,Hubballi-Dharwad,Lakshmi Desai
18753,31207,0,Anitha Prasad,Arrest,2025-12-11,Hubballi-Dharwad,Nagaraj Reddy
18755,31209,0,Imran Naik,Arrest,2025-12-11,Shivamogga,Manjunath Kulkarni
18761,31221,0,Joseph Murthy,Arrest,2025-12-11,Bengaluru City,Manjunath Bhat
18762,31223,0,Rekha Patil,Arrest,2025-12-11,Davanagere,Yashwanth Naik
18766,31233,0,Nagaraj Bhat,Arrest,2025-12-12,Bengaluru Rural,Girish Murthy
18768,31237,0,Basavaraj Reddy,Arrest,2025-12-12,Bengaluru City,Nagaraj Kumar
18770,31241,0,Fatima Murthy,Arrest,2025-12-12,Bengaluru Rural,Deepak Kulkarni
18773,31245,0,Imran Patil,Arrest,2025-12-12,Bengaluru City,Kiran Murthy
18774,31247,0,Prakash Hegde,Arrest,2025-12-12,Vijayapura,Rekha Kulkarni
18776,31249,0,Deepak Gowda,Arrest,2025-12-12,Bengaluru Rural,Fatima Patil
18779,31253,0,Kiran Rao,Arrest,2025-12-12,Bengaluru City,Manjunath Gowda
18781,31255,0,Chetan Hegde,Arrest,2025-12-12,Mangaluru (DK),Imran Naik
18783,31259,0,Yashwanth Desai,Arrest,2025-12-12,Bengaluru City,Prakash Rao
18784,31261,0,Mary Shetty,Arrest,2025-12-12,Davanagere,Girish Naik
18787,31265,0,Ashwini Hegde,Arrest,2025-12-12,Kalaburagi,Manjunath Patil
18790,31269,0,Pooja Hegde,Arrest,2025-12-12,Hubballi-Dharwad,Basavaraj Prasad
18791,31271,0,Imran Iyengar,Arrest,2025-12-12,Bengaluru City,Yashwanth Naik
18794,31275,0,Ashwini Desai,Arrest,2025-12-12,Ballari,Shivakumar Prasad
18796,31277,0,Lakshmi Murthy,Arrest,2025-12-12,Bengaluru Rural,Prakash Iyengar
18800,31283,0,Imran Gowda,Arrest,2025-12-12,Raichur,Mary Reddy
18802,31287,0,Mary Prasad,Arrest,2025-12-12,Bengaluru City,Kiran Patil
18805,31293,0,Basavaraj Reddy,Arrest,2025-12-13,Davanagere,Pooja Reddy
18806,31295,0,Manjunath Gowda,Surrender,2025-12-13,Hassan,Anitha Patil
18807,31297,0,Suresh Kulkarni,Arrest,2025-12-13,Bengaluru City,Bhavana Patil
18809,31301,0,Anitha Murthy,Arrest,2025-12-13,Davanagere,Fatima Desai
18810,31303,0,Chetan Murthy,Surrender,2025-12-13,Bengaluru City,Girish Naik
18811,31305,0,Basavaraj Patil,Arrest,2025-12-13,Bengaluru City,Ravi Hegde
18812,31307,0,Shivakumar Kulkarni,Arrest,2025-12-13,Hubballi-Dharwad,Yashwanth Reddy
18814,31309,0,Nagaraj Prasad,Arrest,2025-12-13,Bengaluru City,Joseph Reddy
18816,31313,0,Shivakumar Nayak,Arrest,2025-12-13,Bengaluru City,Basavaraj Desai
18818,31319,0,Bhavana Murthy,Arrest,2025-12-13,Mysuru,Pooja Kulkarni
18820,31325,0,Imran Nayak,Arrest,2025-12-13,Raichur,Lakshmi Kulkarni
18822,31327,0,Manjunath Reddy,Arrest,2025-12-13,Davanagere,Fatima Bhat
18824,31329,0,Chetan Prasad,Arrest,2025-12-13,Mysuru,Basavaraj Bhat
18826,31331,0,Lakshmi Shetty,Arrest,2025-12-13,Mysuru,Deepak Prasad
18828,31333,0,Bhavana Prasad,Arrest,2025-12-13,Bengaluru City,Joseph Shetty
18833,31341,0,Manjunath Hegde,Arrest,2025-12-14,Mysuru,Kiran Iyengar
18835,31343,0,Anitha Murthy,Arrest,2025-12-14,Mysuru,Yashwanth Bhat
18837,31345,0,Pooja Kumar,Surrender,2025-12-14,Bengaluru City,Bhavana Patil
18840,31349,0,Lakshmi Shetty,Surrender,2025-12-14,Ballari,Basavaraj Nayak
18843,31357,0,Girish Patil,Arrest,2025-12-14,Shivamogga,Bhavana Reddy
18844,31361,0,Anitha Nayak,Arrest,2025-12-14,Raichur,Deepak Rao
18846,31363,0,Kiran Patil,Arrest,2025-12-14,Belagavi,Prakash Rao
18848,31365,0,Vinutha Hegde,Arrest,2025-12-14,Hassan,Mary Iyengar
18849,31367,0,Pooja Kulkarni,Arrest,2025-12-14,Bengaluru City,Fatima Prasad
18852,31371,0,Suresh Gowda,Arrest,2025-12-14,Bengaluru City,Girish Patil
18854,31375,0,Chetan Prasad,Arrest,2025-12-15,Bengaluru City,Chetan Prasad
18857,31381,0,Suresh Hegde,Arrest,2025-12-15,Vijayapura,Bhavana Kumar
18859,31383,0,Suresh Shetty,Arrest,2025-12-15,Belagavi,Yashwanth Iyengar
18861,31389,0,Girish Reddy,Arrest,2025-12-15,Belagavi,Bhavana Patil
18863,31391,0,Deepak Iyengar,Arrest,2025-12-15,Kalaburagi,Rekha Murthy
18865,31393,0,Vinutha Shetty,Arrest,2025-12-15,Kalaburagi,Bhavana Prasad
18866,31395,0,Manjunath Rao,Arrest,2025-12-15,Belagavi,Basavaraj Reddy
18868,31397,0,Deepak Kulkarni,Arrest,2025-12-15,Tumakuru,Ashwini Hegde
18870,31401,0,Girish Reddy,Arrest,2025-12-15,Udupi,Girish Rao
18872,31403,0,Mary Iyengar,Arrest,2025-12-15,Bengaluru Rural,Kiran Hegde
18873,31405,0,Chetan Bhat,Arrest,2025-12-15,Mysuru,Vinutha Rao
18875,31411,0,Mary Rao,Arrest,2025-12-15,Shivamogga,Nagaraj Patil
18876,31413,0,Nagaraj Reddy,Arrest,2025-12-15,Mysuru,Girish Shetty
18878,31415,0,Suresh Iyengar,Arrest,2025-12-15,Bengaluru City,Basavaraj Desai
18880,31417,0,Basavaraj Iyengar,Arrest,2025-12-16,Ballari,Yashwanth Desai
18882,31421,0,Joseph Bhat,Arrest,2025-12-16,Bengaluru City,Imran Kulkarni
18885,31431,0,Kiran Hegde,Surrender,2025-12-16,Bengaluru City,Shivakumar Nayak
18887,31433,0,Pooja Rao,Arrest,2025-12-16,Bengaluru City,Vinutha Iyengar
18889,31435,0,Kiran Murthy,Arrest,2025-12-16,Belagavi,Shivakumar Rao
18891,31437,0,Vinutha Desai,Arrest,2025-12-16,Tumakuru,Fatima Kulkarni
18894,31441,0,Mary Nayak,Arrest,2025-12-16,Ballari,Yashwanth Iyengar
18896,31443,0,Manjunath Rao,Arrest,2025-12-16,Mangaluru (DK),Fatima Iyengar
18898,31445,0,Kiran Kumar,Arrest,2025-12-16,Raichur,Pooja Kumar
18900,31449,0,Joseph Iyengar,Arrest,2025-12-16,Hubballi-Dharwad,Imran Reddy
18902,31451,0,Vinutha Patil,Arrest,2025-12-16,Mysuru,Mary Reddy
18904,31453,0,Mary Iyengar,Arrest,2025-12-16,Mysuru,Yashwanth Iyengar
18905,31455,0,Basavaraj Hegde,Arrest,2025-12-16,Bengaluru City,Suresh Shetty
18906,31457,0,Suresh Reddy,Arrest,2025-12-16,Belagavi,Mary Bhat
18909,31461,0,Girish Patil,Arrest,2025-12-17,Mangaluru (DK),Manjunath Hegde
18911,31463,0,Ravi Prasad,Arrest,2025-12-17,Kalaburagi,Chetan Patil
18912,31465,0,Nagaraj Bhat,Arrest,2025-12-17,Bengaluru City,Vinutha Kulkarni
18913,31467,0,Fatima Reddy,Arrest,2025-12-17,Bengaluru City,Chetan Gowda
18914,31469,0,Kiran Rao,Arrest,2025-12-17,Kalaburagi,Basavaraj Murthy
18917,31475,0,Pooja Murthy,Arrest,2025-12-17,Hubballi-Dharwad,Mary Rao
18918,31477,0,Yashwanth Bhat,Arrest,2025-12-17,Hubballi-Dharwad,Ravi Kulkarni
18919,31479,0,Deepak Shetty,Arrest,2025-12-17,Raichur,Ravi Iyengar
18921,31481,0,Ashwini Gowda,Arrest,2025-12-17,Mysuru,Joseph Desai
18924,31485,0,Manjunath Naik,Surrender,2025-12-17,Bengaluru City,Girish Bhat
18928,31491,0,Pooja Kulkarni,Arrest,2025-12-17,Tumakuru,Ravi Nayak
18930,31493,0,Bhavana Naik,Arrest,2025-12-17,Bengaluru City,Pooja Murthy
18932,31495,0,Lakshmi Nayak,Arrest,2025-12-17,Bengaluru City,Chetan Gowda
18935,31501,0,Mary Naik,Arrest,2025-12-17,Tumakuru,Anitha Reddy
18937,31503,0,Vinutha Nayak,Arrest,2025-12-17,Bengaluru Rural,Mary Gowda
18938,31505,0,Basavaraj Patil,Arrest,2025-12-17,Belagavi,Kiran Prasad
18940,31507,0,Pooja Desai,Arrest,2025-12-18,Raichur,Bhavana Rao
18942,31509,0,Pooja Nayak,Arrest,2025-12-18,Bengaluru City,Pooja Gowda
18945,31513,0,Basavaraj Gowda,Arrest,2025-12-18,Bengaluru Rural,Manjunath Gowda
18946,31515,0,Girish Bhat,Arrest,2025-12-18,Shivamogga,Suresh Iyengar
18949,31521,0,Deepak Kumar,Arrest,2025-12-18,Vijayapura,Prakash Patil
18951,31525,0,Prakash Rao,Arrest,2025-12-18,Kalaburagi,Vinutha Gowda
18953,31529,0,Lakshmi Desai,Arrest,2025-12-18,Bengaluru City,Fatima Murthy
18955,31535,0,Deepak Hegde,Surrender,2025-12-18,Ballari,Ravi Iyengar
18957,31537,0,Deepak Naik,Arrest,2025-12-18,Bengaluru City,Manjunath Patil
18958,31539,0,Manjunath Murthy,Arrest,2025-12-18,Bengaluru City,Rekha Rao
18961,31545,0,Suresh Rao,Arrest,2025-12-18,Bengaluru City,Rekha Naik
18963,31547,0,Mary Shetty,Arrest,2025-12-18,Shivamogga,Vinutha Murthy
18966,31551,0,Chetan Kulkarni,Arrest,2025-12-19,Bengaluru City,Kiran Naik
18968,31553,0,Mary Iyengar,Arrest,2025-12-19,Kalaburagi,Nagaraj Reddy
18969,31555,0,Yashwanth Murthy,Arrest,2025-12-19,Udupi,Prakash Rao
18971,31559,0,Manjunath Kulkarni,Arrest,2025-12-19,Bengaluru City,Ravi Hegde
18972,31561,0,Yashwanth Bhat,Arrest,2025-12-19,Bengaluru City,Nagaraj Murthy
18975,31565,0,Chetan Naik,Surrender,2025-12-19,Belagavi,Fatima Prasad
18978,31569,0,Deepak Patil,Surrender,2025-12-19,Bengaluru City,Ravi Kulkarni
18979,31571,0,Ashwini Reddy,Arrest,2025-12-19,Udupi,Shivakumar Rao
18981,31573,0,Bhavana Shetty,Arrest,2025-12-19,Tumakuru,Manjunath Desai
18984,31579,0,Yashwanth Iyengar,Surrender,2025-12-19,Bengaluru City,Chetan Hegde
18985,31581,0,Ravi Nayak,Arrest,2025-12-19,Bengaluru City,Kiran Shetty
18987,31585,0,Manjunath Nayak,Surrender,2025-12-19,Tumakuru,Suresh Naik
18989,31587,0,Girish Rao,Arrest,2025-12-19,Mysuru,Rekha Rao
18990,31589,0,Fatima Rao,Arrest,2025-12-19,Belagavi,Joseph Murthy
18991,31591,0,Prakash Bhat,Arrest,2025-12-19,Kalaburagi,Deepak Iyengar
18992,31593,0,Chetan Kulkarni,Arrest,2025-12-19,Tumakuru,Bhavana Naik
18993,31595,0,Girish Kumar,Arrest,2025-12-19,Bengaluru City,Fatima Kulkarni
18995,31597,0,Nagaraj Hegde,Surrender,2025-12-19,Vijayapura,Vinutha Kumar
18997,31599,0,Lakshmi Bhat,Arrest,2025-12-20,Bengaluru City,Joseph Nayak
18998,31603,0,Shivakumar Bhat,Arrest,2025-12-20,Tumakuru,Kiran Kumar
19000,31607,0,Vinutha Hegde,Arrest,2025-12-20,Bengaluru City,Fatima Nayak
19002,31611,0,Chetan Hegde,Surrender,2025-12-20,Mysuru,Ravi Iyengar
19005,31621,0,Kiran Reddy,Arrest,2025-12-20,Mangaluru (DK),Kiran Kumar
19007,31625,0,Bhavana Desai,Arrest,2025-12-20,Kalaburagi,Joseph Murthy
19009,31629,0,Manjunath Gowda,Surrender,2025-12-20,Bengaluru City,Joseph Rao
19012,31633,0,Pooja Shetty,Arrest,2025-12-20,Vijayapura,Lakshmi Gowda
19014,31635,0,Mary Patil,Arrest,2025-12-20,Tumakuru,Basavaraj Nayak
19016,31637,0,Mary Kulkarni,Arrest,2025-12-20,Belagavi,Suresh Desai
19018,31639,0,Chetan Prasad,Arrest,2025-12-21,Ballari,Suresh Rao
19021,31643,0,Deepak Kumar,Surrender,2025-12-21,Bengaluru Rural,Prakash Shetty
19023,31645,0,Yashwanth Kulkarni,Arrest,2025-12-21,Bengaluru City,Suresh Bhat
19025,31649,0,Joseph Kumar,Arrest,2025-12-21,Bengaluru City,Joseph Iyengar
19027,31651,0,Shivakumar Murthy,Arrest,2025-12-21,Bengaluru Rural,Prakash Hegde
19034,31665,0,Imran Desai,Arrest,2025-12-21,Shivamogga,Vinutha Gowda
19035,31667,0,Pooja Gowda,Arrest,2025-12-21,Bengaluru City,Deepak Shetty
19036,31669,0,Yashwanth Hegde,Arrest,2025-12-21,Bengaluru Rural,Ashwini Iyengar
19038,31671,0,Vinutha Desai,Arrest,2025-12-21,Hubballi-Dharwad,Rekha Desai
19042,31677,0,Yashwanth Nayak,Arrest,2025-12-21,Hubballi-Dharwad,Basavaraj Kumar
19045,31687,0,Nagaraj Shetty,Arrest,2025-12-21,Belagavi,Kiran Desai
19048,31697,0,Mary Hegde,Arrest,2025-12-22,Tumakuru,Bhavana Bhat
19050,31701,0,Nagaraj Hegde,Arrest,2025-12-22,Bengaluru Rural,Manjunath Desai
19052,31705,0,Chetan Prasad,Arrest,2025-12-22,Shivamogga,Deepak Shetty
19054,31709,0,Prakash Patil,Arrest,2025-12-22,Hubballi-Dharwad,Shivakumar Murthy
19056,31713,0,Ashwini Rao,Arrest,2025-12-22,Bengaluru City,Pooja Gowda
19059,31719,0,Mary Bhat,Arrest,2025-12-22,Bengaluru City,Girish Iyengar
19060,31721,0,Imran Reddy,Arrest,2025-12-22,Kalaburagi,Nagaraj Rao
19061,31723,0,Girish Patil,Surrender,2025-12-22,Shivamogga,Mary Bhat
19063,31725,0,Yashwanth Kumar,Arrest,2025-12-22,Mangaluru (DK),Yashwanth Reddy
19066,31729,0,Girish Naik,Arrest,2025-12-22,Kalaburagi,Manjunath Shetty
19068,31733,0,Girish Patil,Arrest,2025-12-22,Bengaluru City,Basavaraj Murthy
19070,31735,0,Mary Prasad,Arrest,2025-12-22,Shivamogga,Rekha Naik
19071,31737,0,Prakash Patil,Arrest,2025-12-22,Bengaluru City,Deepak Kumar
19073,31739,0,Mary Naik,Arrest,2025-12-22,Raichur,Lakshmi Desai
19075,31741,0,Kiran Prasad,Arrest,2025-12-22,Bengaluru City,Pooja Rao
19077,31743,0,Ashwini Gowda,Arrest,2025-12-22,Kalaburagi,Bhavana Iyengar
19079,31745,0,Rekha Iyengar,Arrest,2025-12-22,Kalaburagi,Kiran Murthy
19081,31747,0,Kiran Murthy,Arrest,2025-12-23,Vijayapura,Prakash Rao
19084,31753,0,Yashwanth Hegde,Arrest,2025-12-23,Tumakuru,Lakshmi Murthy
19086,31755,0,Ashwini Kulkarni,Arrest,2025-12-23,Bengaluru City,Rekha Shetty
19088,31761,0,Bhavana Gowda,Arrest,2025-12-23,Bengaluru City,Mary Hegde
19091,31765,0,Bhavana Desai,Surrender,2025-12-23,Tumakuru,Pooja Kulkarni
19092,31767,0,Rekha Iyengar,Arrest,2025-12-23,Tumakuru,Pooja Naik
19097,31777,0,Girish Nayak,Arrest,2025-12-23,Raichur,Lakshmi Kumar
19099,31779,0,Imran Iyengar,Arrest,2025-12-23,Bengaluru City,Deepak Gowda
19101,31783,0,Fatima Gowda,Arrest,2025-12-23,Bengaluru City,Nagaraj Desai
19104,31789,0,Nagaraj Nayak,Arrest,2025-12-23,Kalaburagi,Girish Murthy
19106,31791,0,Joseph Iyengar,Arrest,2025-12-23,Hassan,Bhavana Prasad
19108,31795,0,Ravi Bhat,Arrest,2025-12-24,Belagavi,Chetan Bhat
19111,31799,0,Girish Bhat,Arrest,2025-12-24,Bengaluru City,Kiran Kulkarni
19112,31801,0,Nagaraj Prasad,Arrest,2025-12-24,Belagavi,Vinutha Iyengar
19113,31803,0,Mary Murthy,Arrest,2025-12-24,Bengaluru City,Deepak Hegde
19115,31805,0,Joseph Patil,Surrender,2025-12-24,Ballari,Anitha Gowda
19117,31807,0,Imran Prasad,Arrest,2025-12-24,Bengaluru City,Prakash Hegde
19119,31809,0,Ashwini Murthy,Surrender,2025-12-24,Bengaluru Rural,Imran Patil
19120,31811,0,Yashwanth Patil,Arrest,2025-12-24,Bengaluru City,Kiran Hegde
19122,31813,0,Yashwanth Desai,Arrest,2025-12-24,Ballari,Fatima Patil
19125,31817,0,Nagaraj Bhat,Arrest,2025-12-24,Tumakuru,Imran Shetty
19128,31823,0,Nagaraj Kulkarni,Arrest,2025-12-24,Bengaluru Rural,Pooja Prasad
19129,31827,0,Joseph Shetty,Surrender,2025-12-24,Bengaluru City,Anitha Hegde
19131,31829,0,Nagaraj Desai,Arrest,2025-12-24,Bengaluru City,Manjunath Bhat
19133,31833,0,Ashwini Shetty,Arrest,2025-12-24,Belagavi,Joseph Iyengar
19135,31837,0,Nagaraj Bhat,Arrest,2025-12-24,Mangaluru (DK),Shivakumar Rao
19137,31839,0,Prakash Shetty,Arrest,2025-12-24,Belagavi,Shivakumar Bhat
19138,31841,0,Rekha Gowda,Arrest,2025-12-24,Mysuru,Shivakumar Prasad
19141,31845,0,Fatima Nayak,Arrest,2025-12-24,Mangaluru (DK),Rekha Murthy
19143,31847,0,Anitha Desai,Surrender,2025-12-24,Raichur,Fatima Gowda
19145,31851,0,Yashwanth Patil,Arrest,2025-12-24,Belagavi,Lakshmi Murthy
19146,31853,0,Ashwini Bhat,Arrest,2025-12-24,Bengaluru Rural,Kiran Kumar
19148,31855,0,Lakshmi Shetty,Arrest,2025-12-25,Bengaluru City,Vinutha Prasad
19150,31857,0,Deepak Iyengar,Surrender,2025-12-25,Belagavi,Nagaraj Rao
19151,31859,0,Suresh Reddy,Arrest,2025-12-25,Mysuru,Vinutha Murthy
19154,31863,0,Vinutha Patil,Arrest,2025-12-25,Bengaluru Rural,Rekha Kumar
19156,31865,0,Girish Bhat,Arrest,2025-12-25,Tumakuru,Fatima Hegde
19158,31869,0,Nagaraj Desai,Arrest,2025-12-25,Bengaluru City,Mary Kulkarni
19159,31871,0,Deepak Patil,Arrest,2025-12-25,Mangaluru (DK),Bhavana Bhat
19161,31873,0,Chetan Murthy,Arrest,2025-12-25,Hubballi-Dharwad,Vinutha Kulkarni
19163,31875,0,Pooja Kumar,Arrest,2025-12-25,Tumakuru,Ravi Patil
19164,31877,0,Vinutha Reddy,Arrest,2025-12-25,Kalaburagi,Anitha Naik
19165,31879,0,Anitha Desai,Arrest,2025-12-25,Shivamogga,Kiran Prasad
19166,31881,0,Ravi Hegde,Arrest,2025-12-25,Bengaluru City,Lakshmi Prasad
19167,31883,0,Suresh Naik,Arrest,2025-12-25,Kalaburagi,Nagaraj Gowda
19169,31885,0,Ravi Prasad,Arrest,2025-12-25,Raichur,Deepak Naik
19171,31891,0,Manjunath Patil,Arrest,2025-12-25,Tumakuru,Shivakumar Bhat
19172,31893,0,Ravi Rao,Arrest,2025-12-25,Bengaluru City,Kiran Kumar
19176,31901,0,Ravi Kumar,Surrender,2025-12-25,Davanagere,Yashwanth Murthy
19178,31903,0,Anitha Murthy,Arrest,2025-12-25,Bengaluru City,Bhavana Kulkarni
19179,31905,0,Nagaraj Naik,Arrest,2025-12-25,Ballari,Kiran Iyengar
19180,31907,0,Basavaraj Kumar,Arrest,2025-12-26,Kalaburagi,Chetan Kulkarni
19182,31909,0,Basavaraj Bhat,Arrest,2025-12-26,Belagavi,Bhavana Kulkarni
19183,31911,0,Shivakumar Murthy,Arrest,2025-12-26,Davanagere,Nagaraj Reddy
19189,31925,0,Suresh Naik,Arrest,2025-12-26,Kalaburagi,Chetan Naik
19191,31929,0,Imran Prasad,Surrender,2025-12-26,Bengaluru City,Deepak Reddy
19192,31931,0,Anitha Nayak,Arrest,2025-12-26,Raichur,Joseph Prasad
19193,31935,0,Pooja Murthy,Arrest,2025-12-26,Bengaluru City,Joseph Prasad
19194,31937,0,Joseph Iyengar,Arrest,2025-12-26,Bengaluru City,Manjunath Gowda
19196,31939,0,Kiran Kulkarni,Arrest,2025-12-26,Bengaluru Rural,Ashwini Kulkarni
19197,31941,0,Mary Iyengar,Arrest,2025-12-26,Ballari,Nagaraj Shetty
19200,31947,0,Ravi Reddy,Arrest,2025-12-26,Shivamogga,Basavaraj Prasad
19202,31949,0,Lakshmi Gowda,Arrest,2025-12-26,Belagavi,Deepak Gowda
19204,31951,0,Vinutha Hegde,Arrest,2025-12-26,Bengaluru City,Girish Gowda
19205,31953,0,Anitha Murthy,Arrest,2025-12-26,Bengaluru City,Yashwanth Nayak
19207,31955,0,Joseph Shetty,Arrest,2025-12-26,Mysuru,Ravi Hegde
19208,31957,0,Vinutha Rao,Arrest,2025-12-26,Tumakuru,Vinutha Reddy
19209,31961,0,Suresh Nayak,Arrest,2025-12-26,Kalaburagi,Chetan Desai
19211,31963,0,Pooja Prasad,Arrest,2025-12-26,Shivamogga,Joseph Bhat
19212,31967,0,Anitha Desai,Arrest,2025-12-26,Mysuru,Kiran Bhat
19213,31969,0,Chetan Bhat,Arrest,2025-12-26,Hubballi-Dharwad,Ravi Reddy
19215,31973,0,Yashwanth Iyengar,Surrender,2025-12-26,Tumakuru,Prakash Shetty
19217,31979,0,Mary Iyengar,Arrest,2025-12-27,Bengaluru City,Mary Nayak
19221,31987,0,Suresh Desai,Arrest,2025-12-27,Mysuru,Joseph Kulkarni
19222,31989,0,Vinutha Rao,Arrest,2025-12-27,Tumakuru,Deepak Kumar
19224,31991,0,Joseph Shetty,Arrest,2025-12-27,Mysuru,Mary Kulkarni
19225,31993,0,Manjunath Kumar,Surrender,2025-12-27,Ballari,Prakash Naik
19227,31995,0,Girish Kulkarni,Arrest,2025-12-27,Shivamogga,Nagaraj Shetty
19230,31999,0,Ravi Desai,Arrest,2025-12-27,Bengaluru City,Kiran Naik
19232,32001,0,Fatima Iyengar,Arrest,2025-12-27,Kalaburagi,Imran Rao
19234,32003,0,Ashwini Nayak,Arrest,2025-12-27,Mysuru,Ashwini Prasad
19236,32005,0,Anitha Kumar,Arrest,2025-12-27,Hubballi-Dharwad,Anitha Bhat
19238,32007,0,Bhavana Hegde,Arrest,2025-12-27,Mangaluru (DK),Prakash Desai
19241,32011,0,Pooja Kumar,Arrest,2025-12-27,Udupi,Yashwanth Patil
19243,32013,0,Suresh Murthy,Arrest,2025-12-27,Belagavi,Joseph Nayak
19245,32019,0,Rekha Shetty,Arrest,2025-12-27,Belagavi,Ashwini Gowda
19246,32023,0,Kiran Prasad,Arrest,2025-12-28,Mysuru,Mary Patil
19248,32025,0,Prakash Kulkarni,Arrest,2025-12-28,Mysuru,Ashwini Naik
19252,32033,0,Chetan Desai,Arrest,2025-12-28,Bengaluru City,Vinutha Patil
19254,32035,0,Kiran Prasad,Arrest,2025-12-28,Mysuru,Ashwini Patil
19256,32037,0,Ashwini Iyengar,Surrender,2025-12-28,Bengaluru Rural,Shivakumar Hegde
19258,32039,0,Anitha Kumar,Arrest,2025-12-28,Vijayapura,Anitha Bhat
19260,32041,0,Vinutha Iyengar,Surrender,2025-12-28,Hubballi-Dharwad,Pooja Kulkarni
19262,32043,0,Rekha Rao,Arrest,2025-12-28,Mysuru,Anitha Rao
19263,32047,0,Rekha Gowda,Arrest,2025-12-28,Vijayapura,Fatima Prasad
19265,32049,0,Manjunath Prasad,Arrest,2025-12-28,Mangaluru (DK),Vinutha Murthy
19266,32051,0,Vinutha Shetty,Arrest,2025-12-28,Belagavi,Deepak Hegde
19269,32059,0,Rekha Rao,Arrest,2025-12-28,Mysuru,Ravi Gowda
19272,32063,0,Ravi Murthy,Arrest,2025-12-28,Belagavi,Ashwini Prasad
19274,32065,0,Manjunath Kumar,Arrest,2025-12-28,Davanagere,Girish Gowda
19275,32067,0,Pooja Patil,Arrest,2025-12-28,Bengaluru City,Chetan Bhat
19277,32069,0,Rekha Reddy,Arrest,2025-12-28,Bengaluru City,Basavaraj Hegde
19279,32071,0,Deepak Naik,Arrest,2025-12-28,Kalaburagi,Lakshmi Prasad
19280,32073,0,Lakshmi Reddy,Arrest,2025-12-28,Bengaluru City,Deepak Bhat
19282,32077,0,Joseph Hegde,Arrest,2025-12-28,Tumakuru,Kiran Patil
19284,32083,0,Nagaraj Iyengar,Surrender,2025-12-29,Bengaluru City,Vinutha Rao
19286,32085,0,Lakshmi Nayak,Arrest,2025-12-29,Hubballi-Dharwad,Anitha Patil
19288,32087,0,Rekha Reddy,Arrest,2025-12-29,Tumakuru,Shivakumar Patil
19289,32091,0,Vinutha Desai,Arrest,2025-12-29,Bengaluru City,Ravi Patil
19292,32097,0,Prakash Naik,Arrest,2025-12-29,Ballari,Rekha Shetty
19294,32099,0,Kiran Naik,Arrest,2025-12-29,Mangaluru (DK),Fatima Murthy
19296,32101,0,Fatima Gowda,Arrest,2025-12-29,Bengaluru City,Rekha Nayak
19298,32103,0,Chetan Prasad,Arrest,2025-12-29,Mysuru,Shivakumar Prasad
19300,32105,0,Basavaraj Desai,Arrest,2025-12-29,Hubballi-Dharwad,Ravi Desai
19301,32107,0,Joseph Nayak,Arrest,2025-12-29,Bengaluru City,Pooja Desai
19302,32109,0,Deepak Shetty,Arrest,2025-12-29,Tumakuru,Deepak Kumar
19304,32115,0,Ashwini Prasad,Arrest,2025-12-29,Bengaluru Rural,Shivakumar Patil
19306,32119,0,Yashwanth Murthy,Surrender,2025-12-29,Belagavi,Joseph Murthy
19309,32123,0,Anitha Desai,Arrest,2025-12-29,Tumakuru,Mary Shetty
19311,32125,0,Manjunath Gowda,Arrest,2025-12-29,Mangaluru (DK),Kiran Bhat
19314,32131,0,Kiran Kumar,Arrest,2025-12-29,Vijayapura,Shivakumar Naik
19315,32133,0,Manjunath Rao,Arrest,2025-12-30,Tumakuru,Yashwanth Desai
19317,32137,0,Joseph Shetty,Surrender,2025-12-30,Belagavi,Mary Naik
19319,32139,0,Vinutha Naik,Arrest,2025-12-30,Hassan,Fatima Desai
19322,32147,0,Basavaraj Prasad,Arrest,2025-12-30,Mangaluru (DK),Suresh Naik
19323,32149,0,Prakash Reddy,Arrest,2025-12-30,Bengaluru City,Basavaraj Gowda
19325,32153,0,Anitha Naik,Arrest,2025-12-30,Belagavi,Prakash Kumar
19328,32157,0,Joseph Nayak,Surrender,2025-12-30,Hassan,Pooja Bhat
19330,32159,0,Bhavana Bhat,Arrest,2025-12-30,Raichur,Vinutha Bhat
19331,32161,0,Manjunath Shetty,Arrest,2025-12-30,Bengaluru City,Manjunath Murthy
19333,32163,0,Girish Shetty,Arrest,2025-12-30,Bengaluru City,Vinutha Prasad
19335,32165,0,Ashwini Desai,Arrest,2025-12-30,Bengaluru City,Joseph Desai
19336,32167,0,Fatima Kulkarni,Arrest,2025-12-30,Bengaluru City,Rekha Nayak
19338,32169,0,Ravi Shetty,Arrest,2025-12-30,Mysuru,Kiran Naik
19339,32171,0,Kiran Iyengar,Arrest,2025-12-30,Kalaburagi,Kiran Kulkarni
19340,32173,0,Vinutha Nayak,Arrest,2025-12-30,Shivamogga,Manjunath Shetty
19342,32177,0,Pooja Patil,Arrest,2025-12-30,Bengaluru City,Rekha Patil
19343,32181,0,Lakshmi Kulkarni,Arrest,2025-12-30,Davanagere,Ashwini Iyengar
19345,32183,0,Girish Kulkarni,Arrest,2025-12-30,Mysuru,Lakshmi Nayak
19347,32185,0,Shivakumar Nayak,Arrest,2025-12-30,Kalaburagi,Prakash Naik
19350,32189,0,Nagaraj Shetty,Arrest,2025-12-31,Shivamogga,Yashwanth Desai
19351,32191,0,Pooja Desai,Arrest,2025-12-31,Ballari,Kiran Desai
19353,32195,0,Deepak Patil,Arrest,2025-12-31,Tumakuru,Ravi Naik
19354,32197,0,Shivakumar Prasad,Arrest,2025-12-31,Bengaluru City,Yashwanth Prasad
19356,32199,0,Deepak Kumar,Surrender,2025-12-31,Hassan,Rekha Patil
19359,32205,0,Rekha Kumar,Arrest,2025-12-31,Bengaluru City,Yashwanth Reddy
19361,32207,0,Rekha Reddy,Arrest,2025-12-31,Vijayapura,Vinutha Gowda
19367,32219,0,Lakshmi Murthy,Arrest,2025-12-31,Hubballi-Dharwad,Vinutha Hegde
19369,32223,0,Mary Nayak,Arrest,2025-12-31,Shivamogga,Vinutha Naik
19370,32227,0,Joseph Shetty,Arrest,2025-12-31,Kalaburagi,Suresh Kulkarni
19371,32229,0,Ravi Hegde,Arrest,2025-12-31,Belagavi,Mary Rao
19372,32231,0,Prakash Bhat,Arrest,2026-01-01,Bengaluru City,Joseph Hegde
19374,32233,0,Chetan Iyengar,Arrest,2026-01-01,Vijayapura,Bhavana Rao
19375,32235,0,Imran Reddy,Arrest,2026-01-01,Bengaluru City,Manjunath Prasad
19377,32237,0,Fatima Rao,Arrest,2026-01-01,Belagavi,Rekha Bhat
19378,32239,0,Fatima Gowda,Arrest,2026-01-01,Mysuru,Basavaraj Shetty
19380,32241,0,Ravi Kulkarni,Arrest,2026-01-01,Mysuru,Nagaraj Kulkarni
19384,32247,0,Chetan Bhat,Arrest,2026-01-01,Hubballi-Dharwad,Basavaraj Nayak
19385,32249,0,Prakash Hegde,Arrest,2026-01-01,Bengaluru City,Yashwanth Murthy
19386,32251,0,Ravi Naik,Arrest,2026-01-01,Kalaburagi,Ashwini Murthy
19389,32255,0,Pooja Murthy,Arrest,2026-01-01,Bengaluru City,Chetan Iyengar
19390,32257,0,Suresh Murthy,Arrest,2026-01-01,Bengaluru City,Imran Iyengar
19391,32259,0,Yashwanth Murthy,Arrest,2026-01-01,Bengaluru City,Ashwini Hegde
19392,32263,0,Ravi Bhat,Arrest,2026-01-01,Tumakuru,Nagaraj Naik
19394,32265,0,Lakshmi Reddy,Surrender,2026-01-01,Ballari,Lakshmi Naik
19396,32269,0,Manjunath Prasad,Arrest,2026-01-01,Kalaburagi,Chetan Gowda
19400,32279,0,Fatima Hegde,Surrender,2026-01-02,Bengaluru City,Prakash Naik
19401,32281,0,Anitha Kumar,Arrest,2026-01-02,Mysuru,Shivakumar Iyengar
19403,32283,0,Fatima Naik,Surrender,2026-01-02,Mysuru,Prakash Murthy
19405,32289,0,Chetan Bhat,Arrest,2026-01-02,Mangaluru (DK),Joseph Hegde
19407,32291,0,Vinutha Reddy,Surrender,2026-01-02,Tumakuru,Vinutha Reddy
19409,32293,0,Manjunath Patil,Arrest,2026-01-02,Vijayapura,Anitha Murthy
19411,32297,0,Pooja Naik,Surrender,2026-01-02,Mysuru,Rekha Gowda
19413,32299,0,Fatima Patil,Arrest,2026-01-02,Tumakuru,Anitha Hegde
19416,32303,0,Mary Nayak,Arrest,2026-01-02,Ballari,Nagaraj Bhat
19418,32305,0,Basavaraj Gowda,Arrest,2026-01-02,Belagavi,Fatima Iyengar
19420,32307,0,Rekha Kulkarni,Arrest,2026-01-02,Bengaluru City,Joseph Kumar
19421,32309,0,Bhavana Naik,Arrest,2026-01-02,Raichur,Manjunath Kumar
19423,32313,0,Deepak Murthy,Arrest,2026-01-02,Shivamogga,Ravi Reddy
19427,32319,0,Bhavana Gowda,Arrest,2026-01-03,Raichur,Prakash Patil
19428,32321,0,Ravi Shetty,Surrender,2026-01-03,Bengaluru Rural,Prakash Prasad
19431,32325,0,Yashwanth Patil,Arrest,2026-01-03,Bengaluru Rural,Joseph Patil
19432,32327,0,Ashwini Hegde,Arrest,2026-01-03,Bengaluru City,Anitha Iyengar
19434,32331,0,Pooja Nayak,Arrest,2026-01-03,Mangaluru (DK),Nagaraj Kumar
19436,32333,0,Prakash Prasad,Surrender,2026-01-03,Tumakuru,Anitha Hegde
19438,32335,0,Imran Bhat,Arrest,2026-01-03,Tumakuru,Prakash Rao
19440,32337,0,Joseph Kulkarni,Surrender,2026-01-03,Bengaluru City,Manjunath Prasad
19441,32339,0,Ravi Rao,Arrest,2026-01-03,Bengaluru City,Fatima Iyengar
19442,32341,0,Shivakumar Shetty,Surrender,2026-01-03,Vijayapura,Yashwanth Murthy
19444,32343,0,Deepak Kulkarni,Arrest,2026-01-03,Bengaluru City,Joseph Naik
19446,32345,0,Kiran Bhat,Surrender,2026-01-03,Davanagere,Yashwanth Hegde
19447,32347,0,Anitha Nayak,Arrest,2026-01-03,Tumakuru,Basavaraj Patil
19449,32349,0,Vinutha Hegde,Arrest,2026-01-03,Raichur,Basavaraj Naik
19450,32351,0,Basavaraj Murthy,Arrest,2026-01-03,Mangaluru (DK),Yashwanth Kumar
19451,32353,0,Suresh Desai,Arrest,2026-01-03,Bengaluru City,Fatima Shetty
19453,32355,0,Mary Murthy,Arrest,2026-01-03,Hubballi-Dharwad,Anitha Shetty
19454,32357,0,Yashwanth Prasad,Arrest,2026-01-03,Mysuru,Deepak Iyengar
19456,32361,0,Yashwanth Bhat,Arrest,2026-01-03,Hubballi-Dharwad,Lakshmi Prasad
19457,32365,0,Joseph Desai,Arrest,2026-01-03,Ballari,Mary Naik
19458,32367,0,Joseph Bhat,Arrest,2026-01-03,Bengaluru Rural,Yashwanth Naik
19461,32371,0,Prakash Hegde,Arrest,2026-01-03,Bengaluru City,Basavaraj Desai
19462,32373,0,Fatima Prasad,Surrender,2026-01-03,Davanagere,Imran Reddy
19463,32377,0,Yashwanth Shetty,Surrender,2026-01-04,Bengaluru City,Imran Kumar
19464,32379,0,Basavaraj Shetty,Surrender,2026-01-04,Bengaluru City,Imran Hegde
19465,32381,0,Shivakumar Kumar,Surrender,2026-01-04,Bengaluru City,Imran Naik
19468,32395,0,Yashwanth Hegde,Arrest,2026-01-04,Bengaluru City,Mary Patil
19469,32397,0,Prakash Bhat,Arrest,2026-01-04,Shivamogga,Chetan Rao
19471,32399,0,Yashwanth Desai,Arrest,2026-01-04,Belagavi,Chetan Bhat
19472,32401,0,Suresh Prasad,Surrender,2026-01-04,Raichur,Bhavana Kumar
19473,32407,0,Pooja Desai,Arrest,2026-01-04,Hubballi-Dharwad,Imran Desai
19476,32411,0,Vinutha Patil,Arrest,2026-01-04,Mysuru,Kiran Desai
19478,32413,0,Fatima Desai,Surrender,2026-01-04,Raichur,Yashwanth Kulkarni
19479,32415,0,Mary Desai,Arrest,2026-01-04,Shivamogga,Imran Kulkarni
19481,32419,0,Suresh Prasad,Arrest,2026-01-04,Belagavi,Kiran Prasad
19484,32423,0,Nagaraj Nayak,Surrender,2026-01-04,Belagavi,Nagaraj Patil
19486,32427,0,Rekha Kumar,Arrest,2026-01-05,Bengaluru City,Manjunath Nayak
19487,32429,0,Suresh Nayak,Arrest,2026-01-05,Bengaluru Rural,Suresh Shetty
19488,32431,0,Joseph Hegde,Arrest,2026-01-05,Tumakuru,Girish Gowda
19490,32433,0,Fatima Bhat,Arrest,2026-01-05,Mangaluru (DK),Joseph Kulkarni
19492,32435,0,Joseph Hegde,Arrest,2026-01-05,Shivamogga,Ashwini Bhat
19495,32439,0,Bhavana Iyengar,Arrest,2026-01-05,Mysuru,Nagaraj Reddy
19497,32441,0,Prakash Kumar,Surrender,2026-01-05,Bengaluru City,Ravi Hegde
19498,32443,0,Shivakumar Murthy,Arrest,2026-01-05,Mangaluru (DK),Chetan Patil
19500,32447,0,Anitha Kumar,Arrest,2026-01-05,Tumakuru,Kiran Rao
19502,32449,0,Pooja Bhat,Arrest,2026-01-05,Hassan,Vinutha Nayak
19504,32461,0,Basavaraj Patil,Arrest,2026-01-06,Bengaluru City,Mary Naik
19506,32463,0,Anitha Bhat,Arrest,2026-01-06,Hassan,Ravi Rao
19507,32465,0,Suresh Murthy,Arrest,2026-01-06,Belagavi,Ashwini Patil
19508,32467,0,Fatima Hegde,Surrender,2026-01-06,Belagavi,Anitha Naik
19510,32469,0,Fatima Gowda,Arrest,2026-01-06,Hubballi-Dharwad,Mary Desai
19512,32471,0,Mary Hegde,Arrest,2026-01-06,Bengaluru City,Fatima Naik
19514,32475,0,Lakshmi Patil,Arrest,2026-01-06,Bengaluru City,Ravi Naik
19516,32477,0,Suresh Kumar,Arrest,2026-01-06,Bengaluru City,Manjunath Kumar
19519,32483,0,Girish Desai,Arrest,2026-01-06,Mysuru,Mary Shetty
19521,32485,0,Anitha Nayak,Arrest,2026-01-06,Tumakuru,Yashwanth Bhat
19524,32489,0,Shivakumar Bhat,Arrest,2026-01-06,Bengaluru City,Mary Prasad
19526,32493,0,Fatima Rao,Arrest,2026-01-07,Bengaluru City,Girish Hegde
19529,32499,0,Ravi Rao,Arrest,2026-01-07,Vijayapura,Lakshmi Reddy
19531,32501,0,Fatima Shetty,Surrender,2026-01-07,Hubballi-Dharwad,Rekha Desai
19533,32503,0,Rekha Gowda,Arrest,2026-01-07,Bengaluru City,Ravi Gowda
19536,32507,0,Fatima Kulkarni,Arrest,2026-01-07,Shivamogga,Fatima Reddy
19538,32509,0,Suresh Naik,Arrest,2026-01-07,Bengaluru City,Pooja Kumar
19541,32513,0,Anitha Prasad,Surrender,2026-01-07,Bengaluru Rural,Basavaraj Patil
19543,32515,0,Yashwanth Nayak,Surrender,2026-01-07,Bengaluru Rural,Kiran Patil
19545,32519,0,Chetan Nayak,Surrender,2026-01-07,Belagavi,Shivakumar Rao
19547,32521,0,Lakshmi Murthy,Arrest,2026-01-07,Belagavi,Girish Iyengar
19548,32523,0,Yashwanth Prasad,Arrest,2026-01-07,Ballari,Lakshmi Prasad
19549,32525,0,Basavaraj Shetty,Arrest,2026-01-07,Shivamogga,Imran Rao
19551,32527,0,Deepak Gowda,Arrest,2026-01-07,Mysuru,Yashwanth Kulkarni
19554,32531,0,Anitha Iyengar,Surrender,2026-01-08,Bengaluru City,Kiran Naik
19558,32539,0,Joseph Prasad,Arrest,2026-01-08,Raichur,Girish Shetty
19559,32541,0,Imran Nayak,Arrest,2026-01-08,Mysuru,Lakshmi Naik
19561,32545,0,Fatima Bhat,Arrest,2026-01-08,Mysuru,Girish Reddy
19565,32551,0,Imran Murthy,Arrest,2026-01-08,Kalaburagi,Imran Reddy
19567,32553,0,Yashwanth Kulkarni,Arrest,2026-01-08,Ballari,Kiran Patil
19569,32555,0,Bhavana Reddy,Arrest,2026-01-08,Tumakuru,Anitha Desai
19571,32557,0,Fatima Murthy,Arrest,2026-01-08,Hubballi-Dharwad,Imran Kulkarni
19579,32571,0,Shivakumar Iyengar,Arrest,2026-01-09,Mysuru,Chetan Iyengar
19583,32579,0,Deepak Naik,Arrest,2026-01-09,Bengaluru City,Imran Iyengar
19585,32581,0,Ravi Reddy,Arrest,2026-01-09,Mysuru,Basavaraj Nayak
19586,32583,0,Rekha Iyengar,Arrest,2026-01-09,Raichur,Basavaraj Patil
19587,32585,0,Joseph Gowda,Arrest,2026-01-09,Raichur,Fatima Hegde
19588,32587,0,Vinutha Nayak,Surrender,2026-01-09,Raichur,Lakshmi Kulkarni
19590,32591,0,Pooja Murthy,Arrest,2026-01-09,Ballari,Fatima Patil
19592,32593,0,Chetan Shetty,Surrender,2026-01-09,Ballari,Manjunath Patil
19594,32595,0,Ravi Kulkarni,Surrender,2026-01-09,Mysuru,Anitha Naik
19596,32603,0,Suresh Rao,Arrest,2026-01-09,Hassan,Lakshmi Patil
19598,32607,0,Nagaraj Patil,Arrest,2026-01-09,Hubballi-Dharwad,Ashwini Murthy
19600,32615,0,Anitha Rao,Arrest,2026-01-09,Mangaluru (DK),Anitha Kumar
19602,32619,0,Bhavana Reddy,Arrest,2026-01-10,Bengaluru City,Basavaraj Shetty
19604,32621,0,Imran Gowda,Arrest,2026-01-10,Raichur,Yashwanth Kumar
19606,32623,0,Anitha Kumar,Surrender,2026-01-10,Bengaluru City,Mary Desai
19608,32625,0,Bhavana Bhat,Arrest,2026-01-10,Bengaluru City,Basavaraj Murthy
19610,32627,0,Anitha Rao,Arrest,2026-01-10,Mysuru,Girish Kulkarni
19612,32631,0,Suresh Kulkarni,Arrest,2026-01-10,Hubballi-Dharwad,Suresh Iyengar
19613,32633,0,Vinutha Hegde,Arrest,2026-01-10,Raichur,Mary Nayak
19615,32635,0,Bhavana Rao,Arrest,2026-01-10,Belagavi,Basavaraj Shetty
19616,32637,0,Nagaraj Rao,Arrest,2026-01-10,Bengaluru City,Chetan Murthy
19619,32641,0,Nagaraj Gowda,Arrest,2026-01-10,Bengaluru Rural,Pooja Kumar
19622,32647,0,Joseph Desai,Arrest,2026-01-10,Belagavi,Lakshmi Desai
19624,32649,0,Prakash Gowda,Surrender,2026-01-10,Shivamogga,Fatima Hegde
19627,32657,0,Yashwanth Shetty,Surrender,2026-01-11,Ballari,Prakash Bhat
19630,32661,0,Yashwanth Patil,Surrender,2026-01-11,Mysuru,Girish Kulkarni
19632,32663,0,Vinutha Nayak,Arrest,2026-01-11,Bengaluru City,Rekha Patil
19633,32665,0,Lakshmi Kumar,Arrest,2026-01-11,Bengaluru City,Joseph Shetty
19635,32671,0,Vinutha Gowda,Arrest,2026-01-11,Bengaluru City,Shivakumar Patil
19636,32673,0,Mary Prasad,Arrest,2026-01-11,Bengaluru City,Chetan Patil
19638,32675,0,Nagaraj Rao,Arrest,2026-01-11,Davanagere,Suresh Prasad
19639,32677,0,Deepak Iyengar,Surrender,2026-01-11,Hassan,Yashwanth Shetty
19642,32681,0,Lakshmi Patil,Arrest,2026-01-11,Bengaluru City,Prakash Reddy
19646,32691,0,Anitha Murthy,Arrest,2026-01-12,Hubballi-Dharwad,Lakshmi Hegde
19647,32693,0,Girish Prasad,Arrest,2026-01-12,Ballari,Pooja Prasad
19649,32695,0,Vinutha Nayak,Surrender,2026-01-12,Belagavi,Imran Rao
19650,32697,0,Fatima Hegde,Arrest,2026-01-12,Bengaluru City,Yashwanth Gowda
19652,32699,0,Rekha Bhat,Surrender,2026-01-12,Bengaluru City,Yashwanth Desai
19653,32701,0,Prakash Desai,Surrender,2026-01-12,Belagavi,Ashwini Hegde
19655,32703,0,Joseph Reddy,Arrest,2026-01-12,Bengaluru City,Fatima Shetty
19657,32705,0,Nagaraj Bhat,Arrest,2026-01-12,Belagavi,Rekha Patil
19658,32707,0,Yashwanth Kumar,Arrest,2026-01-12,Mangaluru (DK),Imran Hegde
19660,32709,0,Rekha Murthy,Surrender,2026-01-12,Ballari,Prakash Prasad
19661,32711,0,Bhavana Nayak,Arrest,2026-01-12,Bengaluru City,Nagaraj Kumar
19663,32713,0,Anitha Kumar,Surrender,2026-01-12,Tumakuru,Yashwanth Bhat
19665,32715,0,Bhavana Bhat,Arrest,2026-01-12,Bengaluru Rural,Manjunath Kumar
19667,32717,0,Ravi Patil,Arrest,2026-01-12,Bengaluru City,Imran Desai
19669,32719,0,Chetan Hegde,Arrest,2026-01-12,Bengaluru City,Ravi Desai
19671,32721,0,Ravi Desai,Arrest,2026-01-12,Shivamogga,Lakshmi Prasad
19672,32723,0,Pooja Prasad,Surrender,2026-01-12,Vijayapura,Imran Naik
19676,32729,0,Shivakumar Kumar,Arrest,2026-01-13,Bengaluru City,Bhavana Gowda
19678,32731,0,Prakash Naik,Arrest,2026-01-13,Hassan,Nagaraj Naik
19680,32733,0,Rekha Gowda,Surrender,2026-01-13,Bengaluru City,Shivakumar Iyengar
19683,32741,0,Nagaraj Murthy,Arrest,2026-01-13,Bengaluru City,Rekha Murthy
19685,32749,0,Fatima Prasad,Arrest,2026-01-13,Shivamogga,Fatima Desai
19688,32757,0,Pooja Iyengar,Arrest,2026-01-14,Raichur,Suresh Naik
19690,32759,0,Vinutha Kulkarni,Arrest,2026-01-14,Bengaluru City,Chetan Gowda
19692,32763,0,Nagaraj Gowda,Arrest,2026-01-14,Hubballi-Dharwad,Kiran Naik
19694,32765,0,Vinutha Gowda,Arrest,2026-01-14,Bengaluru City,Joseph Prasad
19696,32767,0,Basavaraj Iyengar,Arrest,2026-01-14,Tumakuru,Anitha Hegde
19698,32769,0,Shivakumar Bhat,Arrest,2026-01-14,Tumakuru,Prakash Kumar
19700,32771,0,Deepak Rao,Arrest,2026-01-14,Tumakuru,Shivakumar Iyengar
19702,32773,0,Manjunath Nayak,Arrest,2026-01-14,Tumakuru,Manjunath Nayak
19704,32775,0,Lakshmi Iyengar,Arrest,2026-01-14,Bengaluru Rural,Pooja Desai
19705,32779,0,Anitha Rao,Arrest,2026-01-14,Tumakuru,Joseph Naik
19707,32783,0,Yashwanth Patil,Arrest,2026-01-14,Bengaluru City,Anitha Gowda
19709,32785,0,Kiran Desai,Arrest,2026-01-14,Bengaluru City,Shivakumar Patil
19711,32787,0,Manjunath Iyengar,Arrest,2026-01-15,Hubballi-Dharwad,Kiran Nayak
19714,32791,0,Basavaraj Kumar,Arrest,2026-01-15,Mangaluru (DK),Ashwini Gowda
19715,32793,0,Kiran Desai,Surrender,2026-01-15,Shivamogga,Yashwanth Rao
19716,32795,0,Rekha Bhat,Arrest,2026-01-15,Bengaluru City,Anitha Murthy
19717,32797,0,Kiran Nayak,Arrest,2026-01-15,Hubballi-Dharwad,Suresh Rao
19720,32801,0,Imran Shetty,Surrender,2026-01-15,Bengaluru City,Mary Shetty
19722,32803,0,Fatima Nayak,Arrest,2026-01-15,Bengaluru City,Lakshmi Patil
19723,32809,0,Shivakumar Shetty,Arrest,2026-01-15,Mangaluru (DK),Bhavana Prasad
19727,32815,0,Pooja Naik,Arrest,2026-01-15,Hassan,Deepak Naik
19730,32819,0,Imran Prasad,Arrest,2026-01-15,Bengaluru City,Nagaraj Gowda
19732,32821,0,Ashwini Prasad,Arrest,2026-01-15,Vijayapura,Kiran Kumar
19734,32823,0,Vinutha Hegde,Surrender,2026-01-15,Bengaluru City,Ashwini Reddy
19736,32827,0,Kiran Murthy,Arrest,2026-01-16,Bengaluru City,Rekha Kumar
19737,32829,0,Ashwini Desai,Arrest,2026-01-16,Shivamogga,Girish Kumar
19738,32831,0,Nagaraj Bhat,Arrest,2026-01-16,Hassan,Deepak Kumar
19741,32837,0,Joseph Bhat,Arrest,2026-01-16,Mysuru,Deepak Kulkarni
19742,32839,0,Suresh Iyengar,Arrest,2026-01-16,Hubballi-Dharwad,Ravi Shetty
19744,32841,0,Chetan Kulkarni,Arrest,2026-01-16,Bengaluru Rural,Nagaraj Naik
19745,32843,0,Ravi Nayak,Arrest,2026-01-16,Bengaluru City,Imran Shetty
19747,32845,0,Bhavana Naik,Arrest,2026-01-16,Bengaluru Rural,Ravi Desai
19749,32847,0,Shivakumar Gowda,Arrest,2026-01-16,Hubballi-Dharwad,Fatima Hegde
19751,32851,0,Pooja Nayak,Arrest,2026-01-16,Bengaluru City,Kiran Patil
19753,32853,0,Nagaraj Murthy,Arrest,2026-01-16,Hubballi-Dharwad,Vinutha Naik
19755,32859,0,Deepak Prasad,Arrest,2026-01-16,Mangaluru (DK),Deepak Desai
19757,32861,0,Girish Reddy,Arrest,2026-01-16,Vijayapura,Imran Shetty
19759,32863,0,Chetan Reddy,Arrest,2026-01-16,Mysuru,Chetan Patil
19760,32865,0,Basavaraj Iyengar,Arrest,2026-01-16,Raichur,Ravi Nayak
19761,32867,0,Shivakumar Shetty,Arrest,2026-01-16,Tumakuru,Imran Murthy
19762,32869,0,Suresh Bhat,Arrest,2026-01-16,Mangaluru (DK),Basavaraj Gowda
19764,32871,0,Shivakumar Gowda,Arrest,2026-01-17,Bengaluru City,Rekha Rao
19766,32873,0,Nagaraj Hegde,Arrest,2026-01-17,Belagavi,Shivakumar Gowda
19767,32877,0,Rekha Prasad,Arrest,2026-01-17,Udupi,Kiran Bhat
19769,32879,0,Girish Rao,Arrest,2026-01-17,Ballari,Ravi Kumar
19771,32881,0,Suresh Naik,Arrest,2026-01-17,Bengaluru City,Ravi Gowda
19774,32885,0,Ashwini Gowda,Arrest,2026-01-17,Belagavi,Fatima Iyengar
19775,32887,0,Vinutha Shetty,Arrest,2026-01-17,Shivamogga,Chetan Bhat
19778,32895,0,Ashwini Hegde,Arrest,2026-01-17,Belagavi,Suresh Naik
19781,32899,0,Rekha Bhat,Arrest,2026-01-17,Davanagere,Lakshmi Reddy
19782,32901,0,Joseph Kumar,Arrest,2026-01-17,Hassan,Deepak Desai
19784,32903,0,Kiran Nayak,Arrest,2026-01-17,Hubballi-Dharwad,Manjunath Kulkarni
19786,32905,0,Mary Shetty,Arrest,2026-01-17,Bengaluru City,Nagaraj Nayak
19788,32907,0,Deepak Naik,Arrest,2026-01-18,Raichur,Suresh Murthy
19789,32909,0,Kiran Kumar,Arrest,2026-01-18,Hubballi-Dharwad,Vinutha Shetty
19791,32913,0,Joseph Hegde,Surrender,2026-01-18,Hassan,Basavaraj Naik
19793,32915,0,Basavaraj Patil,Arrest,2026-01-18,Hassan,Ashwini Kulkarni
19794,32917,0,Bhavana Kulkarni,Arrest,2026-01-18,Raichur,Girish Bhat
19795,32919,0,Pooja Naik,Arrest,2026-01-18,Mysuru,Chetan Iyengar
19796,32923,0,Girish Kulkarni,Arrest,2026-01-18,Kalaburagi,Vinutha Nayak
19799,32927,0,Suresh Gowda,Arrest,2026-01-18,Tumakuru,Suresh Murthy
19801,32929,0,Bhavana Naik,Arrest,2026-01-18,Tumakuru,Prakash Patil
19802,32933,0,Kiran Shetty,Arrest,2026-01-18,Hubballi-Dharwad,Anitha Murthy
19804,32935,0,Prakash Kumar,Arrest,2026-01-18,Bengaluru City,Prakash Reddy
19806,32937,0,Kiran Prasad,Arrest,2026-01-18,Shivamogga,Chetan Kumar
19808,32939,0,Shivakumar Kulkarni,Arrest,2026-01-18,Mysuru,Pooja Kumar
19810,32941,0,Girish Kumar,Arrest,2026-01-19,Hubballi-Dharwad,Manjunath Iyengar
19812,32947,0,Bhavana Hegde,Arrest,2026-01-19,Hassan,Pooja Patil
19814,32949,0,Ashwini Nayak,Arrest,2026-01-19,Belagavi,Chetan Kulkarni
19816,32951,0,Shivakumar Naik,Arrest,2026-01-19,Mysuru,Ashwini Iyengar
19817,32953,0,Deepak Desai,Surrender,2026-01-19,Udupi,Imran Shetty
19818,32957,0,Shivakumar Naik,Arrest,2026-01-19,Bengaluru City,Imran Nayak
19819,32959,0,Suresh Desai,Surrender,2026-01-19,Tumakuru,Rekha Gowda
19820,32963,0,Joseph Kulkarni,Arrest,2026-01-19,Kalaburagi,Manjunath Kulkarni
19821,32965,0,Lakshmi Naik,Arrest,2026-01-19,Bengaluru City,Mary Naik
19823,32967,0,Kiran Reddy,Arrest,2026-01-19,Belagavi,Basavaraj Rao
19825,32971,0,Girish Patil,Arrest,2026-01-19,Tumakuru,Fatima Reddy
19827,32973,0,Vinutha Rao,Arrest,2026-01-19,Belagavi,Lakshmi Hegde
19830,32977,0,Rekha Bhat,Arrest,2026-01-20,Mysuru,Pooja Bhat
19831,32981,0,Basavaraj Desai,Arrest,2026-01-20,Hassan,Imran Gowda
19832,32983,0,Mary Gowda,Arrest,2026-01-20,Bengaluru City,Kiran Prasad
19833,32985,0,Vinutha Patil,Arrest,2026-01-20,Bengaluru City,Ashwini Reddy
19834,32987,0,Deepak Prasad,Arrest,2026-01-20,Udupi,Mary Bhat
19836,32989,0,Basavaraj Nayak,Arrest,2026-01-20,Bengaluru City,Girish Rao
19837,32991,0,Yashwanth Desai,Arrest,2026-01-20,Davanagere,Lakshmi Rao
19838,32993,0,Ashwini Kulkarni,Arrest,2026-01-20,Belagavi,Pooja Prasad
19840,32995,0,Basavaraj Kulkarni,Arrest,2026-01-20,Davanagere,Basavaraj Hegde
19842,32999,0,Kiran Hegde,Arrest,2026-01-20,Bengaluru City,Lakshmi Kumar
19843,33001,0,Nagaraj Shetty,Arrest,2026-01-20,Bengaluru City,Yashwanth Kumar
19845,33005,0,Anitha Patil,Arrest,2026-01-20,Tumakuru,Nagaraj Kulkarni
19849,33013,0,Manjunath Kulkarni,Arrest,2026-01-21,Hubballi-Dharwad,Vinutha Patil
19852,33017,0,Nagaraj Patil,Arrest,2026-01-21,Raichur,Prakash Shetty
19854,33019,0,Joseph Nayak,Arrest,2026-01-21,Kalaburagi,Fatima Desai
19856,33023,0,Anitha Patil,Arrest,2026-01-21,Belagavi,Kiran Naik
19858,33025,0,Deepak Desai,Arrest,2026-01-21,Bengaluru City,Rekha Murthy
19859,33027,0,Anitha Reddy,Arrest,2026-01-21,Hassan,Vinutha Nayak
19862,33037,0,Vinutha Shetty,Arrest,2026-01-21,Udupi,Yashwanth Iyengar
19863,33039,0,Girish Kulkarni,Arrest,2026-01-21,Shivamogga,Mary Rao
19864,33041,0,Ravi Desai,Arrest,2026-01-21,Ballari,Yashwanth Prasad
19866,33043,0,Joseph Gowda,Arrest,2026-01-21,Belagavi,Mary Kulkarni
19868,33045,0,Deepak Murthy,Surrender,2026-01-22,Udupi,Yashwanth Kumar
19869,33047,0,Chetan Rao,Arrest,2026-01-22,Kalaburagi,Mary Kulkarni
19870,33049,0,Fatima Kulkarni,Arrest,2026-01-22,Tumakuru,Girish Bhat
19873,33059,0,Imran Nayak,Arrest,2026-01-22,Ballari,Yashwanth Naik
19875,33061,0,Joseph Kulkarni,Arrest,2026-01-22,Belagavi,Girish Shetty
19877,33063,0,Basavaraj Shetty,Arrest,2026-01-22,Hubballi-Dharwad,Mary Bhat
19878,33065,0,Basavaraj Bhat,Arrest,2026-01-22,Kalaburagi,Girish Naik
19880,33067,0,Vinutha Rao,Arrest,2026-01-22,Raichur,Girish Prasad
19882,33069,0,Vinutha Shetty,Arrest,2026-01-22,Kalaburagi,Manjunath Naik
19883,33071,0,Nagaraj Nayak,Arrest,2026-01-22,Bengaluru City,Kiran Murthy
19885,33073,0,Suresh Prasad,Surrender,2026-01-22,Hubballi-Dharwad,Nagaraj Patil
19887,33075,0,Pooja Hegde,Arrest,2026-01-22,Kalaburagi,Suresh Bhat
19888,33079,0,Deepak Prasad,Arrest,2026-01-23,Belagavi,Fatima Shetty
19889,33081,0,Chetan Naik,Arrest,2026-01-23,Mangaluru (DK),Bhavana Rao
19891,33083,0,Girish Rao,Arrest,2026-01-23,Belagavi,Ashwini Bhat
19893,33085,0,Imran Murthy,Surrender,2026-01-23,Tumakuru,Pooja Murthy
19895,33087,0,Vinutha Nayak,Arrest,2026-01-23,Bengaluru City,Shivakumar Naik
19897,33091,0,Shivakumar Desai,Arrest,2026-01-23,Vijayapura,Nagaraj Gowda
19900,33101,0,Deepak Prasad,Surrender,2026-01-23,Ballari,Prakash Nayak
19904,33113,0,Rekha Bhat,Arrest,2026-01-23,Belagavi,Fatima Nayak
19905,33115,0,Joseph Bhat,Arrest,2026-01-23,Bengaluru Rural,Chetan Naik
19907,33119,0,Bhavana Murthy,Surrender,2026-01-23,Shivamogga,Prakash Bhat
19909,33121,0,Fatima Bhat,Arrest,2026-01-23,Bengaluru City,Anitha Murthy
19910,33123,0,Joseph Reddy,Arrest,2026-01-24,Hassan,Vinutha Rao
19913,33129,0,Kiran Prasad,Arrest,2026-01-24,Bengaluru City,Prakash Kulkarni
19915,33131,0,Anitha Iyengar,Arrest,2026-01-24,Vijayapura,Kiran Murthy
19916,33133,0,Fatima Kumar,Arrest,2026-01-24,Ballari,Suresh Bhat
19917,33135,0,Ashwini Desai,Arrest,2026-01-24,Mysuru,Mary Kumar
19919,33137,0,Bhavana Gowda,Arrest,2026-01-24,Belagavi,Yashwanth Reddy
19921,33139,0,Bhavana Shetty,Arrest,2026-01-24,Bengaluru City,Chetan Rao
19923,33141,0,Ravi Hegde,Arrest,2026-01-24,Bengaluru City,Bhavana Naik
19925,33143,0,Joseph Reddy,Arrest,2026-01-24,Hubballi-Dharwad,Deepak Bhat
19927,33145,0,Deepak Patil,Arrest,2026-01-24,Ballari,Kiran Kulkarni
19929,33147,0,Suresh Iyengar,Arrest,2026-01-24,Bengaluru City,Basavaraj Bhat
19931,33149,0,Rekha Hegde,Arrest,2026-01-24,Bengaluru City,Ashwini Rao
19933,33151,0,Fatima Bhat,Arrest,2026-01-24,Bengaluru City,Imran Gowda
19934,33153,0,Deepak Gowda,Arrest,2026-01-24,Bengaluru City,Nagaraj Kulkarni
19935,33157,0,Lakshmi Bhat,Arrest,2026-01-24,Kalaburagi,Yashwanth Kumar
19936,33159,0,Imran Gowda,Arrest,2026-01-24,Bengaluru City,Manjunath Desai
19938,33163,0,Girish Murthy,Arrest,2026-01-24,Bengaluru City,Vinutha Murthy
19940,33165,0,Ravi Hegde,Arrest,2026-01-24,Shivamogga,Deepak Rao
19941,33167,0,Manjunath Kulkarni,Arrest,2026-01-24,Mangaluru (DK),Yashwanth Gowda
19943,33169,0,Nagaraj Rao,Arrest,2026-01-24,Bengaluru City,Shivakumar Reddy
19945,33173,0,Imran Rao,Arrest,2026-01-25,Mysuru,Ashwini Nayak
19947,33177,0,Joseph Rao,Arrest,2026-01-25,Belagavi,Joseph Hegde
19948,33179,0,Kiran Shetty,Arrest,2026-01-25,Kalaburagi,Anitha Reddy
19950,33181,0,Shivakumar Shetty,Arrest,2026-01-25,Mangaluru (DK),Basavaraj Reddy
19952,33183,0,Ashwini Desai,Arrest,2026-01-25,Tumakuru,Suresh Rao
19955,33187,0,Basavaraj Rao,Arrest,2026-01-25,Mangaluru (DK),Shivakumar Kumar
19956,33189,0,Ravi Prasad,Arrest,2026-01-25,Tumakuru,Suresh Iyengar
19957,33191,0,Manjunath Hegde,Arrest,2026-01-25,Bengaluru City,Bhavana Murthy
19959,33195,0,Basavaraj Bhat,Arrest,2026-01-25,Bengaluru City,Fatima Patil
19960,33197,0,Bhavana Patil,Arrest,2026-01-25,Hassan,Girish Patil
19965,33209,0,Nagaraj Hegde,Arrest,2026-01-25,Hubballi-Dharwad,Chetan Gowda
19967,33211,0,Joseph Murthy,Arrest,2026-01-25,Ballari,Bhavana Kulkarni
19970,33217,0,Pooja Reddy,Arrest,2026-01-26,Hubballi-Dharwad,Bhavana Murthy
19973,33225,0,Nagaraj Gowda,Arrest,2026-01-26,Hassan,Rekha Patil
19974,33227,0,Deepak Kumar,Arrest,2026-01-26,Mangaluru (DK),Prakash Gowda
19976,33229,0,Prakash Kumar,Surrender,2026-01-26,Bengaluru City,Manjunath Patil
19979,33233,0,Girish Nayak,Arrest,2026-01-26,Mangaluru (DK),Shivakumar Kumar
19981,33235,0,Vinutha Patil,Arrest,2026-01-26,Bengaluru City,Anitha Kulkarni
19983,33239,0,Mary Hegde,Arrest,2026-01-27,Kalaburagi,Imran Desai
19985,33241,0,Girish Rao,Arrest,2026-01-27,Ballari,Suresh Patil
19986,33243,0,Bhavana Iyengar,Surrender,2026-01-27,Vijayapura,Pooja Naik
19990,33249,0,Kiran Iyengar,Arrest,2026-01-27,Hubballi-Dharwad,Rekha Iyengar
19992,33251,0,Mary Shetty,Arrest,2026-01-27,Bengaluru City,Ravi Iyengar
19994,33253,0,Anitha Hegde,Arrest,2026-01-27,Vijayapura,Manjunath Iyengar
19997,33257,0,Fatima Gowda,Surrender,2026-01-27,Davanagere,Mary Murthy
19999,33259,0,Bhavana Shetty,Surrender,2026-01-27,Bengaluru City,Ravi Iyengar
20002,33263,0,Shivakumar Murthy,Arrest,2026-01-27,Mysuru,Bhavana Desai
20004,33265,0,Shivakumar Bhat,Arrest,2026-01-27,Bengaluru City,Fatima Patil
20006,33271,0,Lakshmi Patil,Arrest,2026-01-27,Hassan,Joseph Rao
20008,33273,0,Lakshmi Prasad,Arrest,2026-01-27,Bengaluru Rural,Lakshmi Murthy
20012,33283,0,Basavaraj Naik,Arrest,2026-01-28,Vijayapura,Yashwanth Patil
20016,33289,0,Suresh Kumar,Arrest,2026-01-28,Bengaluru Rural,Ashwini Patil
20017,33291,0,Girish Nayak,Arrest,2026-01-28,Bengaluru City,Girish Kumar
20019,33293,0,Anitha Desai,Arrest,2026-01-28,Hubballi-Dharwad,Anitha Kulkarni
20020,33295,0,Imran Shetty,Surrender,2026-01-28,Belagavi,Anitha Bhat
20022,33297,0,Girish Iyengar,Surrender,2026-01-28,Tumakuru,Anitha Desai
20023,33299,0,Prakash Iyengar,Surrender,2026-01-28,Bengaluru City,Ashwini Iyengar
20024,33301,0,Pooja Gowda,Arrest,2026-01-28,Belagavi,Prakash Kumar
20026,33305,0,Bhavana Hegde,Arrest,2026-01-28,Bengaluru City,Pooja Murthy
20028,33309,0,Ashwini Prasad,Arrest,2026-01-28,Hassan,Imran Patil
20031,33313,0,Rekha Iyengar,Arrest,2026-01-28,Mysuru,Basavaraj Nayak
20035,33323,0,Bhavana Murthy,Arrest,2026-01-28,Udupi,Girish Rao
20037,33329,0,Ashwini Nayak,Arrest,2026-01-29,Udupi,Ashwini Naik
20039,33339,0,Anitha Reddy,Arrest,2026-01-29,Bengaluru City,Deepak Bhat
20040,33341,0,Lakshmi Prasad,Arrest,2026-01-29,Bengaluru City,Suresh Prasad
20042,33345,0,Bhavana Kumar,Arrest,2026-01-29,Vijayapura,Chetan Bhat
20044,33347,0,Kiran Desai,Arrest,2026-01-29,Belagavi,Kiran Murthy
20045,33349,0,Fatima Reddy,Arrest,2026-01-29,Tumakuru,Lakshmi Naik
20047,33351,0,Girish Patil,Arrest,2026-01-29,Udupi,Imran Naik
20049,33355,0,Pooja Bhat,Arrest,2026-01-29,Mysuru,Bhavana Hegde
20051,33357,0,Shivakumar Gowda,Arrest,2026-01-29,Bengaluru City,Bhavana Prasad
20052,33359,0,Mary Naik,Arrest,2026-01-29,Bengaluru City,Nagaraj Rao
20053,33361,0,Manjunath Desai,Arrest,2026-01-29,Davanagere,Basavaraj Murthy
20055,33365,0,Imran Reddy,Arrest,2026-01-29,Belagavi,Joseph Rao
20058,33371,0,Pooja Prasad,Arrest,2026-01-29,Bengaluru Rural,Deepak Patil
20060,33375,0,Ravi Reddy,Surrender,2026-01-30,Kalaburagi,Basavaraj Rao
20063,33379,0,Girish Reddy,Surrender,2026-01-30,Davanagere,Nagaraj Hegde
20064,33381,0,Deepak Shetty,Arrest,2026-01-30,Vijayapura,Nagaraj Gowda
20066,33391,0,Anitha Naik,Arrest,2026-01-30,Belagavi,Yashwanth Prasad
20070,33399,0,Manjunath Reddy,Arrest,2026-01-30,Bengaluru City,Prakash Hegde
20071,33401,0,Bhavana Iyengar,Surrender,2026-01-30,Bengaluru City,Prakash Bhat
20073,33403,0,Suresh Kulkarni,Arrest,2026-01-30,Bengaluru City,Rekha Rao
20076,33409,0,Rekha Gowda,Arrest,2026-01-30,Bengaluru City,Suresh Shetty
20077,33411,0,Vinutha Patil,Arrest,2026-01-30,Ballari,Yashwanth Patil
20079,33415,0,Bhavana Kulkarni,Arrest,2026-01-31,Tumakuru,Ashwini Reddy
20080,33417,0,Chetan Kulkarni,Arrest,2026-01-31,Tumakuru,Ashwini Kumar
20083,33421,0,Shivakumar Desai,Arrest,2026-01-31,Hubballi-Dharwad,Basavaraj Bhat
20085,33425,0,Kiran Gowda,Arrest,2026-01-31,Bengaluru City,Pooja Patil
20089,33435,0,Lakshmi Reddy,Surrender,2026-01-31,Mangaluru (DK),Mary Rao
20090,33437,0,Imran Reddy,Arrest,2026-01-31,Bengaluru City,Suresh Rao
20094,33443,0,Ashwini Reddy,Arrest,2026-01-31,Bengaluru City,Manjunath Nayak
20097,33447,0,Manjunath Hegde,Arrest,2026-01-31,Ballari,Basavaraj Shetty
20100,33451,0,Yashwanth Reddy,Surrender,2026-01-31,Udupi,Shivakumar Hegde
20101,33453,0,Joseph Patil,Arrest,2026-01-31,Mysuru,Anitha Desai
20102,33455,0,Basavaraj Hegde,Arrest,2026-02-01,Raichur,Ravi Iyengar
20105,33459,0,Suresh Naik,Arrest,2026-02-01,Hubballi-Dharwad,Ravi Reddy
20106,33461,0,Vinutha Desai,Arrest,2026-02-01,Mangaluru (DK),Ravi Naik
20108,33463,0,Girish Iyengar,Arrest,2026-02-01,Kalaburagi,Manjunath Gowda
20109,33465,0,Pooja Iyengar,Arrest,2026-02-01,Shivamogga,Pooja Hegde
20110,33467,0,Anitha Prasad,Surrender,2026-02-01,Belagavi,Fatima Patil
20113,33471,0,Pooja Naik,Arrest,2026-02-01,Kalaburagi,Prakash Hegde
20115,33473,0,Ravi Murthy,Surrender,2026-02-01,Hassan,Chetan Reddy
20117,33477,0,Prakash Kumar,Arrest,2026-02-01,Bengaluru City,Pooja Naik
20122,33485,0,Manjunath Patil,Arrest,2026-02-01,Belagavi,Yashwanth Patil
20123,33487,0,Imran Reddy,Arrest,2026-02-01,Belagavi,Pooja Iyengar
20125,33489,0,Fatima Iyengar,Arrest,2026-02-01,Bengaluru Rural,Anitha Kulkarni
20126,33491,0,Ashwini Kumar,Arrest,2026-02-01,Kalaburagi,Rekha Kulkarni
20127,33493,0,Ashwini Gowda,Arrest,2026-02-01,Hassan,Shivakumar Hegde
20130,33499,0,Manjunath Murthy,Arrest,2026-02-02,Tumakuru,Lakshmi Kulkarni
20132,33501,0,Mary Patil,Arrest,2026-02-02,Bengaluru City,Shivakumar Patil
20134,33503,0,Vinutha Murthy,Arrest,2026-02-02,Vijayapura,Bhavana Kumar
20136,33509,0,Yashwanth Bhat,Arrest,2026-02-02,Bengaluru City,Suresh Iyengar
20137,33513,0,Ashwini Nayak,Arrest,2026-02-02,Tumakuru,Lakshmi Bhat
20138,33515,0,Bhavana Murthy,Arrest,2026-02-02,Vijayapura,Lakshmi Reddy
20140,33517,0,Kiran Nayak,Arrest,2026-02-02,Bengaluru Rural,Mary Kumar
20144,33525,0,Bhavana Naik,Arrest,2026-02-02,Kalaburagi,Anitha Iyengar
20145,33527,0,Ravi Rao,Arrest,2026-02-02,Davanagere,Manjunath Hegde
20146,33529,0,Anitha Desai,Arrest,2026-02-02,Ballari,Manjunath Bhat
20148,33531,0,Vinutha Desai,Arrest,2026-02-02,Raichur,Mary Patil
20151,33537,0,Pooja Nayak,Arrest,2026-02-03,Kalaburagi,Nagaraj Naik
20153,33543,0,Basavaraj Naik,Arrest,2026-02-03,Shivamogga,Shivakumar Nayak
20154,33545,0,Shivakumar Shetty,Arrest,2026-02-03,Ballari,Rekha Nayak
20157,33549,0,Manjunath Reddy,Arrest,2026-02-03,Hassan,Rekha Kumar
20160,33553,0,Prakash Patil,Arrest,2026-02-03,Belagavi,Ravi Hegde
20161,33557,0,Mary Naik,Surrender,2026-02-03,Hubballi-Dharwad,Shivakumar Naik
20162,33559,0,Pooja Shetty,Arrest,2026-02-03,Vijayapura,Imran Prasad
20164,33561,0,Fatima Rao,Arrest,2026-02-03,Bengaluru City,Basavaraj Reddy
20167,33571,0,Prakash Gowda,Arrest,2026-02-03,Ballari,Ravi Murthy
20169,33573,0,Suresh Rao,Arrest,2026-02-03,Udupi,Suresh Murthy
20170,33577,0,Kiran Prasad,Arrest,2026-02-03,Bengaluru City,Imran Bhat
20174,33585,0,Bhavana Nayak,Arrest,2026-02-04,Davanagere,Prakash Gowda
20176,33587,0,Yashwanth Nayak,Arrest,2026-02-04,Bengaluru City,Fatima Kulkarni
20180,33595,0,Imran Shetty,Arrest,2026-02-04,Bengaluru City,Kiran Murthy
20181,33597,0,Deepak Naik,Arrest,2026-02-04,Hassan,Chetan Prasad
20183,33601,0,Yashwanth Rao,Arrest,2026-02-04,Belagavi,Girish Reddy
20185,33603,0,Lakshmi Gowda,Arrest,2026-02-04,Tumakuru,Ravi Iyengar
20186,33605,0,Pooja Bhat,Arrest,2026-02-04,Hassan,Prakash Desai
20188,33607,0,Prakash Naik,Arrest,2026-02-04,Udupi,Ravi Iyengar
20189,33609,0,Bhavana Hegde,Arrest,2026-02-04,Bengaluru City,Anitha Bhat
20191,33613,0,Prakash Hegde,Arrest,2026-02-04,Bengaluru Rural,Vinutha Shetty
20193,33617,0,Lakshmi Iyengar,Arrest,2026-02-05,Belagavi,Basavaraj Shetty
20194,33619,0,Deepak Kulkarni,Arrest,2026-02-05,Bengaluru Rural,Chetan Gowda
20195,33623,0,Prakash Reddy,Arrest,2026-02-05,Hassan,Mary Shetty
20196,33625,0,Prakash Kulkarni,Arrest,2026-02-05,Bengaluru City,Ashwini Gowda
20200,33633,0,Pooja Shetty,Arrest,2026-02-05,Bengaluru City,Girish Patil
20201,33635,0,Bhavana Naik,Arrest,2026-02-05,Mangaluru (DK),Yashwanth Bhat
20202,33637,0,Yashwanth Bhat,Arrest,2026-02-05,Bengaluru City,Basavaraj Nayak
20204,33643,0,Kiran Gowda,Surrender,2026-02-05,Bengaluru Rural,Suresh Hegde
20205,33645,0,Chetan Shetty,Arrest,2026-02-05,Bengaluru City,Yashwanth Desai
20207,33649,0,Rekha Shetty,Arrest,2026-02-05,Mysuru,Pooja Kulkarni
20209,33651,0,Lakshmi Prasad,Arrest,2026-02-05,Udupi,Ravi Kumar
20211,33657,0,Nagaraj Gowda,Arrest,2026-02-05,Bengaluru City,Basavaraj Reddy
20215,33663,0,Fatima Iyengar,Surrender,2026-02-06,Kalaburagi,Ashwini Shetty
20218,33667,0,Kiran Bhat,Arrest,2026-02-06,Belagavi,Joseph Prasad
20220,33669,0,Ashwini Hegde,Arrest,2026-02-06,Bengaluru City,Ashwini Iyengar
20222,33673,0,Bhavana Iyengar,Arrest,2026-02-06,Belagavi,Fatima Kulkarni
20225,33677,0,Imran Kulkarni,Arrest,2026-02-06,Bengaluru City,Ashwini Patil
20227,33679,0,Prakash Reddy,Arrest,2026-02-06,Mysuru,Vinutha Nayak
20229,33681,0,Girish Iyengar,Arrest,2026-02-06,Kalaburagi,Rekha Shetty
20231,33683,0,Ravi Bhat,Arrest,2026-02-06,Raichur,Imran Naik
20232,33685,0,Bhavana Rao,Arrest,2026-02-06,Ballari,Nagaraj Kulkarni
20233,33687,0,Manjunath Prasad,Arrest,2026-02-06,Davanagere,Fatima Shetty
20236,33691,0,Deepak Bhat,Arrest,2026-02-06,Davanagere,Anitha Patil
20237,33693,0,Joseph Shetty,Arrest,2026-02-06,Bengaluru City,Ashwini Kumar
20239,33695,0,Manjunath Gowda,Arrest,2026-02-06,Hubballi-Dharwad,Fatima Desai
20241,33701,0,Bhavana Bhat,Arrest,2026-02-06,Udupi,Prakash Nayak
20242,33703,0,Imran Hegde,Arrest,2026-02-06,Bengaluru City,Imran Patil
20244,33705,0,Yashwanth Hegde,Arrest,2026-02-07,Hubballi-Dharwad,Mary Desai
20247,33709,0,Deepak Kumar,Arrest,2026-02-07,Bengaluru City,Joseph Patil
20249,33711,0,Prakash Rao,Surrender,2026-02-07,Bengaluru City,Shivakumar Rao
20250,33713,0,Suresh Hegde,Surrender,2026-02-07,Bengaluru City,Prakash Reddy
20252,33715,0,Rekha Reddy,Arrest,2026-02-07,Udupi,Yashwanth Kulkarni
20256,33721,0,Manjunath Patil,Arrest,2026-02-07,Bengaluru City,Nagaraj Reddy
20258,33723,0,Ravi Prasad,Arrest,2026-02-07,Hubballi-Dharwad,Girish Bhat
20260,33725,0,Bhavana Iyengar,Arrest,2026-02-07,Raichur,Lakshmi Kulkarni
20263,33729,0,Joseph Murthy,Arrest,2026-02-07,Ballari,Ashwini Naik
20264,33731,0,Shivakumar Reddy,Arrest,2026-02-07,Mysuru,Fatima Shetty
20265,33733,0,Bhavana Reddy,Arrest,2026-02-07,Udupi,Pooja Reddy
20267,33735,0,Basavaraj Desai,Arrest,2026-02-07,Kalaburagi,Rekha Reddy
20269,33739,0,Joseph Kulkarni,Arrest,2026-02-08,Davanagere,Anitha Rao
20271,33741,0,Yashwanth Gowda,Arrest,2026-02-08,Bengaluru Rural,Fatima Kumar
20274,33745,0,Mary Desai,Arrest,2026-02-08,Bengaluru City,Fatima Desai
20275,33747,0,Vinutha Gowda,Arrest,2026-02-08,Kalaburagi,Pooja Nayak
20277,33749,0,Ashwini Murthy,Arrest,2026-02-08,Bengaluru City,Manjunath Hegde
20281,33759,0,Bhavana Desai,Arrest,2026-02-08,Davanagere,Pooja Desai
20285,33767,0,Vinutha Rao,Arrest,2026-02-08,Bengaluru City,Ashwini Shetty
20286,33769,0,Mary Nayak,Arrest,2026-02-08,Tumakuru,Manjunath Patil
20288,33771,0,Girish Kumar,Arrest,2026-02-08,Kalaburagi,Girish Nayak
20290,33775,0,Mary Kulkarni,Arrest,2026-02-08,Tumakuru,Bhavana Patil
20291,33777,0,Fatima Murthy,Surrender,2026-02-09,Bengaluru City,Shivakumar Nayak
20293,33783,0,Vinutha Rao,Arrest,2026-02-09,Belagavi,Deepak Bhat
20295,33787,0,Vinutha Patil,Arrest,2026-02-09,Bengaluru City,Nagaraj Rao
20297,33791,0,Joseph Gowda,Surrender,2026-02-09,Bengaluru Rural,Nagaraj Reddy
20299,33795,0,Mary Murthy,Arrest,2026-02-09,Ballari,Rekha Gowda
20301,33799,0,Prakash Murthy,Arrest,2026-02-09,Mangaluru (DK),Yashwanth Bhat
20303,33801,0,Chetan Hegde,Arrest,2026-02-09,Bengaluru City,Basavaraj Bhat
20306,33807,0,Kiran Murthy,Arrest,2026-02-09,Mangaluru (DK),Prakash Shetty
20307,33809,0,Girish Kumar,Arrest,2026-02-09,Bengaluru Rural,Fatima Nayak
20309,33813,0,Imran Patil,Surrender,2026-02-09,Belagavi,Anitha Patil
20311,33815,0,Basavaraj Iyengar,Arrest,2026-02-09,Belagavi,Imran Shetty
20312,33817,0,Manjunath Desai,Arrest,2026-02-09,Mangaluru (DK),Girish Prasad
20313,33819,0,Basavaraj Iyengar,Arrest,2026-02-09,Bengaluru City,Prakash Rao
20316,33823,0,Vinutha Iyengar,Arrest,2026-02-09,Mangaluru (DK),Fatima Kulkarni
20317,33825,0,Nagaraj Kumar,Arrest,2026-02-09,Belagavi,Rekha Kumar
20318,33827,0,Rekha Nayak,Arrest,2026-02-09,Davanagere,Kiran Rao
20319,33829,0,Prakash Iyengar,Surrender,2026-02-10,Shivamogga,Girish Desai
20321,33837,0,Fatima Murthy,Arrest,2026-02-10,Hassan,Anitha Desai
20322,33839,0,Manjunath Kumar,Surrender,2026-02-10,Kalaburagi,Girish Hegde
20323,33841,0,Nagaraj Kulkarni,Arrest,2026-02-10,Tumakuru,Anitha Shetty
20325,33843,0,Pooja Kumar,Arrest,2026-02-10,Mangaluru (DK),Suresh Murthy
20327,33845,0,Mary Kulkarni,Arrest,2026-02-10,Mysuru,Joseph Gowda
20328,33847,0,Chetan Shetty,Arrest,2026-02-10,Ballari,Lakshmi Kulkarni
20330,33851,0,Basavaraj Reddy,Arrest,2026-02-10,Belagavi,Nagaraj Patil
20335,33859,0,Shivakumar Reddy,Arrest,2026-02-10,Udupi,Anitha Nayak
20336,33861,0,Basavaraj Patil,Arrest,2026-02-10,Bengaluru City,Shivakumar Murthy
20337,33863,0,Anitha Naik,Arrest,2026-02-10,Kalaburagi,Manjunath Bhat
20340,33867,0,Yashwanth Hegde,Arrest,2026-02-10,Bengaluru City,Deepak Patil
20342,33869,0,Girish Patil,Arrest,2026-02-10,Bengaluru Rural,Manjunath Bhat
20343,33871,0,Joseph Desai,Arrest,2026-02-10,Bengaluru City,Mary Patil
20345,33873,0,Ashwini Reddy,Arrest,2026-02-10,Udupi,Prakash Reddy
20347,33879,0,Anitha Murthy,Arrest,2026-02-11,Raichur,Deepak Iyengar
20350,33883,0,Lakshmi Reddy,Arrest,2026-02-11,Tumakuru,Basavaraj Rao
20352,33885,0,Anitha Gowda,Arrest,2026-02-11,Mysuru,Joseph Desai
20354,33889,0,Yashwanth Rao,Arrest,2026-02-11,Vijayapura,Deepak Kulkarni
20355,33891,0,Suresh Prasad,Arrest,2026-02-11,Raichur,Lakshmi Prasad
20357,33897,0,Bhavana Murthy,Arrest,2026-02-11,Davanagere,Ravi Rao
20359,33899,0,Nagaraj Murthy,Surrender,2026-02-11,Mangaluru (DK),Fatima Desai
20360,33901,0,Prakash Naik,Surrender,2026-02-11,Hubballi-Dharwad,Imran Kulkarni
20361,33903,0,Rekha Desai,Arrest,2026-02-11,Davanagere,Shivakumar Murthy
20363,33905,0,Pooja Gowda,Arrest,2026-02-11,Udupi,Kiran Reddy
20365,33907,0,Deepak Naik,Arrest,2026-02-12,Kalaburagi,Chetan Prasad
20366,33909,0,Fatima Shetty,Arrest,2026-02-12,Bengaluru City,Joseph Shetty
20367,33911,0,Basavaraj Nayak,Arrest,2026-02-12,Mysuru,Deepak Kumar
20370,33915,0,Basavaraj Shetty,Arrest,2026-02-12,Vijayapura,Lakshmi Iyengar
20371,33917,0,Anitha Gowda,Arrest,2026-02-12,Bengaluru Rural,Anitha Patil
20373,33919,0,Kiran Patil,Surrender,2026-02-12,Mangaluru (DK),Ravi Naik
20375,33921,0,Manjunath Bhat,Arrest,2026-02-12,Bengaluru City,Mary Patil
20378,33927,0,Yashwanth Kulkarni,Arrest,2026-02-12,Bengaluru City,Ravi Reddy
20381,33933,0,Shivakumar Desai,Arrest,2026-02-12,Bengaluru City,Nagaraj Shetty
20384,33939,0,Ravi Murthy,Arrest,2026-02-12,Raichur,Ravi Gowda
20385,33941,0,Ashwini Reddy,Arrest,2026-02-12,Belagavi,Deepak Iyengar
20387,33943,0,Joseph Desai,Arrest,2026-02-12,Belagavi,Anitha Prasad
20389,33947,0,Girish Bhat,Arrest,2026-02-12,Bengaluru City,Manjunath Rao
20391,33949,0,Pooja Nayak,Arrest,2026-02-13,Hassan,Suresh Shetty
20392,33951,0,Rekha Nayak,Arrest,2026-02-13,Raichur,Fatima Patil
20394,33955,0,Prakash Naik,Arrest,2026-02-13,Hassan,Pooja Murthy
20395,33957,0,Yashwanth Hegde,Arrest,2026-02-13,Belagavi,Girish Iyengar
20396,33959,0,Girish Kumar,Arrest,2026-02-13,Bengaluru Rural,Kiran Reddy
20397,33961,0,Rekha Iyengar,Arrest,2026-02-13,Davanagere,Deepak Patil
20398,33963,0,Vinutha Kulkarni,Arrest,2026-02-13,Ballari,Rekha Gowda
20401,33971,0,Lakshmi Iyengar,Arrest,2026-02-13,Udupi,Yashwanth Hegde
20403,33973,0,Joseph Shetty,Arrest,2026-02-13,Bengaluru City,Rekha Iyengar
20405,33975,0,Imran Prasad,Arrest,2026-02-13,Bengaluru City,Vinutha Bhat
20408,33979,0,Basavaraj Prasad,Arrest,2026-02-13,Ballari,Kiran Iyengar
20410,33981,0,Imran Shetty,Surrender,2026-02-13,Hubballi-Dharwad,Girish Rao
20413,33987,0,Rekha Iyengar,Arrest,2026-02-13,Mangaluru (DK),Vinutha Shetty
20416,33993,0,Lakshmi Hegde,Arrest,2026-02-13,Hassan,Yashwanth Bhat
20418,33997,0,Mary Patil,Arrest,2026-02-14,Hubballi-Dharwad,Basavaraj Gowda
20419,33999,0,Pooja Naik,Arrest,2026-02-14,Tumakuru,Manjunath Patil
20420,34001,0,Mary Kulkarni,Arrest,2026-02-14,Hubballi-Dharwad,Kiran Patil
20421,34003,0,Rekha Nayak,Arrest,2026-02-14,Bengaluru City,Basavaraj Kulkarni
20424,34009,0,Prakash Hegde,Arrest,2026-02-14,Raichur,Prakash Patil
20426,34013,0,Suresh Iyengar,Arrest,2026-02-14,Shivamogga,Vinutha Prasad
20427,34015,0,Prakash Naik,Arrest,2026-02-14,Hassan,Kiran Shetty
20428,34019,0,Bhavana Kulkarni,Arrest,2026-02-14,Bengaluru City,Rekha Kulkarni
20430,34023,0,Chetan Gowda,Arrest,2026-02-14,Belagavi,Basavaraj Murthy
20432,34025,0,Bhavana Naik,Arrest,2026-02-14,Bengaluru City,Girish Iyengar
20434,34029,0,Kiran Patil,Arrest,2026-02-14,Shivamogga,Girish Naik
20436,34031,0,Girish Prasad,Arrest,2026-02-14,Bengaluru Rural,Ravi Hegde
20438,34033,0,Yashwanth Bhat,Surrender,2026-02-14,Bengaluru City,Pooja Reddy
20441,34041,0,Imran Iyengar,Arrest,2026-02-15,Ballari,Prakash Kumar
20443,34043,0,Ravi Prasad,Arrest,2026-02-15,Bengaluru City,Lakshmi Desai
20445,34045,0,Mary Patil,Arrest,2026-02-15,Udupi,Yashwanth Reddy
20447,34047,0,Suresh Rao,Arrest,2026-02-15,Ballari,Girish Iyengar
20450,34051,0,Girish Murthy,Surrender,2026-02-15,Bengaluru Rural,Rekha Kulkarni
20451,34053,0,Deepak Reddy,Surrender,2026-02-15,Mysuru,Bhavana Patil
20453,34055,0,Lakshmi Naik,Arrest,2026-02-15,Hubballi-Dharwad,Vinutha Prasad
20454,34057,0,Suresh Kulkarni,Arrest,2026-02-15,Udupi,Suresh Iyengar
20455,34059,0,Shivakumar Hegde,Arrest,2026-02-15,Bengaluru City,Anitha Kulkarni
20458,34065,0,Vinutha Reddy,Arrest,2026-02-15,Davanagere,Anitha Bhat
20459,34067,0,Lakshmi Desai,Arrest,2026-02-15,Belagavi,Mary Patil
20462,34071,0,Bhavana Naik,Arrest,2026-02-15,Hubballi-Dharwad,Basavaraj Hegde
20464,34075,0,Kiran Naik,Arrest,2026-02-15,Mysuru,Anitha Bhat
20466,34077,0,Nagaraj Patil,Arrest,2026-02-15,Kalaburagi,Joseph Rao
20469,34081,0,Rekha Murthy,Surrender,2026-02-16,Davanagere,Rekha Rao
20471,34083,0,Bhavana Gowda,Arrest,2026-02-16,Bengaluru City,Yashwanth Bhat
20473,34085,0,Deepak Iyengar,Arrest,2026-02-16,Davanagere,Fatima Rao
20474,34087,0,Chetan Murthy,Surrender,2026-02-16,Belagavi,Manjunath Shetty
20476,34089,0,Girish Nayak,Arrest,2026-02-16,Bengaluru City,Prakash Gowda
20478,34091,0,Imran Patil,Arrest,2026-02-16,Vijayapura,Basavaraj Naik
20480,34095,0,Lakshmi Kulkarni,Surrender,2026-02-16,Mysuru,Fatima Gowda
20481,34097,0,Pooja Murthy,Arrest,2026-02-16,Bengaluru City,Suresh Reddy
20483,34099,0,Imran Iyengar,Arrest,2026-02-16,Bengaluru City,Girish Shetty
20485,34101,0,Lakshmi Nayak,Arrest,2026-02-16,Mysuru,Pooja Kumar
20486,34103,0,Basavaraj Rao,Arrest,2026-02-16,Bengaluru City,Nagaraj Desai
20488,34107,0,Pooja Reddy,Surrender,2026-02-16,Ballari,Yashwanth Kulkarni
20489,34111,0,Kiran Murthy,Arrest,2026-02-16,Mysuru,Ravi Bhat
20491,34113,0,Nagaraj Kulkarni,Arrest,2026-02-16,Bengaluru Rural,Lakshmi Hegde
20493,34119,0,Mary Gowda,Arrest,2026-02-17,Bengaluru City,Deepak Iyengar
20496,34123,0,Vinutha Bhat,Arrest,2026-02-17,Bengaluru Rural,Joseph Nayak
20498,34127,0,Prakash Hegde,Arrest,2026-02-17,Udupi,Yashwanth Rao
20500,34129,0,Shivakumar Prasad,Arrest,2026-02-17,Bengaluru City,Ravi Murthy
20501,34131,0,Girish Bhat,Surrender,2026-02-17,Bengaluru City,Fatima Rao
20503,34133,0,Shivakumar Gowda,Arrest,2026-02-17,Hassan,Bhavana Shetty
20505,34137,0,Bhavana Nayak,Arrest,2026-02-17,Hassan,Yashwanth Hegde
20507,34139,0,Mary Desai,Arrest,2026-02-17,Bengaluru City,Joseph Iyengar
20512,34147,0,Lakshmi Kulkarni,Surrender,2026-02-18,Belagavi,Shivakumar Kumar
20514,34149,0,Rekha Naik,Arrest,2026-02-18,Bengaluru City,Prakash Bhat
20516,34153,0,Bhavana Nayak,Arrest,2026-02-18,Bengaluru City,Mary Kulkarni
20517,34155,0,Manjunath Hegde,Arrest,2026-02-18,Mangaluru (DK),Suresh Nayak
20519,34159,0,Joseph Hegde,Arrest,2026-02-18,Belagavi,Ravi Naik
20520,34161,0,Nagaraj Hegde,Arrest,2026-02-18,Bengaluru City,Yashwanth Gowda
20521,34163,0,Fatima Rao,Arrest,2026-02-18,Davanagere,Suresh Murthy
20524,34167,0,Vinutha Desai,Arrest,2026-02-18,Hubballi-Dharwad,Vinutha Kulkarni
20526,34171,0,Fatima Shetty,Arrest,2026-02-18,Bengaluru City,Mary Nayak
20527,34173,0,Lakshmi Bhat,Surrender,2026-02-18,Udupi,Kiran Gowda
20529,34175,0,Yashwanth Bhat,Arrest,2026-02-19,Bengaluru City,Kiran Patil
20531,34177,0,Suresh Shetty,Arrest,2026-02-19,Mysuru,Girish Kumar
20533,34179,0,Lakshmi Shetty,Arrest,2026-02-19,Kalaburagi,Ashwini Hegde
20535,34183,0,Prakash Naik,Surrender,2026-02-19,Hassan,Chetan Shetty
20538,34187,0,Basavaraj Bhat,Arrest,2026-02-19,Davanagere,Lakshmi Kumar
20543,34199,0,Shivakumar Kumar,Arrest,2026-02-19,Mysuru,Rekha Desai
20544,34201,0,Shivakumar Prasad,Arrest,2026-02-19,Kalaburagi,Manjunath Reddy
20547,34207,0,Girish Prasad,Arrest,2026-02-19,Belagavi,Fatima Nayak
20548,34209,0,Lakshmi Gowda,Arrest,2026-02-19,Bengaluru City,Chetan Murthy
20551,34217,0,Suresh Gowda,Arrest,2026-02-20,Mysuru,Yashwanth Bhat
20554,34223,0,Rekha Gowda,Arrest,2026-02-20,Belagavi,Shivakumar Naik
20556,34225,0,Joseph Kumar,Arrest,2026-02-20,Hassan,Fatima Reddy
20557,34227,0,Mary Kumar,Arrest,2026-02-20,Belagavi,Deepak Nayak
20559,34229,0,Deepak Bhat,Arrest,2026-02-20,Ballari,Suresh Nayak
20563,34235,0,Imran Gowda,Arrest,2026-02-20,Udupi,Bhavana Iyengar
20566,34241,0,Mary Reddy,Surrender,2026-02-20,Bengaluru Rural,Shivakumar Reddy
20569,34247,0,Chetan Nayak,Arrest,2026-02-20,Mysuru,Anitha Bhat
20571,34251,0,Vinutha Murthy,Arrest,2026-02-20,Mysuru,Mary Murthy
20572,34253,0,Girish Hegde,Arrest,2026-02-20,Mysuru,Rekha Desai
20574,34263,0,Imran Rao,Surrender,2026-02-21,Bengaluru Rural,Suresh Hegde
20575,34265,0,Girish Kulkarni,Arrest,2026-02-21,Bengaluru City,Deepak Bhat
20577,34267,0,Kiran Iyengar,Arrest,2026-02-21,Belagavi,Anitha Reddy
20579,34271,0,Kiran Bhat,Arrest,2026-02-21,Ballari,Joseph Murthy
20582,34275,0,Bhavana Naik,Surrender,2026-02-21,Raichur,Suresh Kumar
20584,34277,0,Nagaraj Bhat,Arrest,2026-02-21,Bengaluru City,Prakash Murthy
20586,34279,0,Yashwanth Reddy,Arrest,2026-02-21,Shivamogga,Mary Reddy
20588,34283,0,Bhavana Iyengar,Arrest,2026-02-21,Vijayapura,Lakshmi Desai
20590,34289,0,Deepak Reddy,Arrest,2026-02-22,Bengaluru City,Mary Gowda
20592,34291,0,Vinutha Reddy,Arrest,2026-02-22,Mysuru,Yashwanth Kumar
20595,34295,0,Nagaraj Patil,Arrest,2026-02-22,Udupi,Yashwanth Prasad
20597,34299,0,Vinutha Patil,Arrest,2026-02-22,Belagavi,Nagaraj Iyengar
20598,34301,0,Suresh Desai,Arrest,2026-02-22,Bengaluru City,Prakash Gowda
20600,34305,0,Lakshmi Nayak,Surrender,2026-02-22,Mysuru,Anitha Bhat
20602,34313,0,Prakash Patil,Arrest,2026-02-22,Bengaluru Rural,Vinutha Shetty
20603,34315,0,Girish Shetty,Arrest,2026-02-22,Vijayapura,Kiran Shetty
20605,34317,0,Joseph Prasad,Arrest,2026-02-22,Bengaluru City,Imran Rao
20606,34321,0,Fatima Murthy,Arrest,2026-02-22,Bengaluru City,Yashwanth Nayak
20608,34323,0,Kiran Hegde,Arrest,2026-02-23,Hassan,Basavaraj Iyengar
20613,34335,0,Mary Naik,Surrender,2026-02-23,Bengaluru City,Ashwini Bhat
20615,34337,0,Prakash Desai,Arrest,2026-02-23,Tumakuru,Lakshmi Nayak
20616,34339,0,Girish Nayak,Arrest,2026-02-23,Bengaluru City,Basavaraj Reddy
20617,34341,0,Shivakumar Desai,Arrest,2026-02-23,Vijayapura,Yashwanth Rao
20618,34345,0,Prakash Shetty,Arrest,2026-02-23,Shivamogga,Fatima Patil
20620,34349,0,Joseph Kumar,Surrender,2026-02-23,Hassan,Ashwini Kumar
20621,34357,0,Vinutha Rao,Surrender,2026-02-23,Bengaluru City,Lakshmi Patil
20624,34365,0,Deepak Murthy,Arrest,2026-02-24,Bengaluru City,Shivakumar Reddy
20625,34367,0,Anitha Kumar,Arrest,2026-02-24,Mysuru,Ravi Iyengar
20626,34369,0,Lakshmi Patil,Arrest,2026-02-24,Bengaluru City,Vinutha Prasad
20628,34371,0,Yashwanth Gowda,Arrest,2026-02-24,Bengaluru City,Fatima Naik
20629,34373,0,Shivakumar Naik,Arrest,2026-02-24,Mangaluru (DK),Chetan Patil
20631,34379,0,Rekha Shetty,Arrest,2026-02-24,Hubballi-Dharwad,Joseph Kulkarni
20633,34381,0,Mary Patil,Arrest,2026-02-24,Raichur,Deepak Naik
20635,34383,0,Ashwini Kulkarni,Arrest,2026-02-24,Mysuru,Fatima Iyengar
20636,34385,0,Rekha Rao,Arrest,2026-02-24,Bengaluru Rural,Suresh Bhat
20638,34389,0,Yashwanth Patil,Arrest,2026-02-25,Belagavi,Deepak Kumar
20643,34397,0,Vinutha Shetty,Arrest,2026-02-25,Mysuru,Nagaraj Kumar
20647,34403,0,Yashwanth Nayak,Arrest,2026-02-25,Tumakuru,Ashwini Murthy
20648,34405,0,Joseph Nayak,Arrest,2026-02-25,Vijayapura,Manjunath Kulkarni
20649,34407,0,Rekha Murthy,Arrest,2026-02-25,Hubballi-Dharwad,Ashwini Nayak
20652,34413,0,Anitha Kulkarni,Arrest,2026-02-25,Raichur,Pooja Patil
20654,34415,0,Bhavana Nayak,Arrest,2026-02-25,Bengaluru Rural,Pooja Nayak
20656,34419,0,Shivakumar Nayak,Arrest,2026-02-26,Bengaluru City,Prakash Reddy
20658,34421,0,Basavaraj Shetty,Arrest,2026-02-26,Tumakuru,Ravi Desai
20661,34425,0,Yashwanth Iyengar,Surrender,2026-02-26,Mangaluru (DK),Nagaraj Murthy
20663,34429,0,Mary Reddy,Surrender,2026-02-26,Belagavi,Nagaraj Bhat
20665,34431,0,Pooja Bhat,Surrender,2026-02-26,Mangaluru (DK),Yashwanth Kulkarni
20666,34433,0,Bhavana Rao,Arrest,2026-02-26,Bengaluru City,Kiran Naik
20668,34435,0,Lakshmi Bhat,Arrest,2026-02-26,Mysuru,Kiran Patil
20671,34441,0,Manjunath Nayak,Arrest,2026-02-27,Ballari,Girish Patil
20673,34443,0,Basavaraj Patil,Surrender,2026-02-27,Hassan,Rekha Hegde
20674,34447,0,Chetan Patil,Surrender,2026-02-27,Mysuru,Shivakumar Reddy
20675,34451,0,Pooja Desai,Arrest,2026-02-27,Shivamogga,Manjunath Naik
20676,34453,0,Imran Prasad,Arrest,2026-02-27,Hassan,Prakash Kumar
20678,34457,0,Prakash Hegde,Surrender,2026-02-27,Shivamogga,Pooja Naik
20680,34463,0,Lakshmi Kumar,Arrest,2026-02-27,Vijayapura,Shivakumar Murthy
20684,34475,0,Manjunath Gowda,Surrender,2026-02-28,Mangaluru (DK),Chetan Shetty
20687,34479,0,Yashwanth Kumar,Arrest,2026-02-28,Bengaluru City,Vinutha Naik
20691,34485,0,Chetan Reddy,Arrest,2026-02-28,Vijayapura,Shivakumar Shetty
20693,34487,0,Nagaraj Murthy,Arrest,2026-02-28,Bengaluru City,Kiran Bhat
20696,34491,0,Nagaraj Prasad,Arrest,2026-02-28,Bengaluru Rural,Fatima Murthy
20698,34493,0,Vinutha Iyengar,Surrender,2026-02-28,Belagavi,Imran Bhat
20700,34495,0,Pooja Desai,Arrest,2026-02-28,Vijayapura,Ashwini Shetty
20701,34497,0,Mary Kumar,Arrest,2026-02-28,Davanagere,Bhavana Reddy
20703,34501,0,Nagaraj Patil,Arrest,2026-02-28,Ballari,Deepak Kulkarni
20705,34503,0,Prakash Bhat,Surrender,2026-02-28,Hassan,Anitha Iyengar
20706,34505,0,Mary Iyengar,Arrest,2026-02-28,Bengaluru City,Anitha Patil
20708,34507,0,Basavaraj Gowda,Arrest,2026-02-28,Raichur,Basavaraj Murthy
20709,34509,0,Vinutha Shetty,Arrest,2026-03-01,Hassan,Anitha Shetty
20711,34511,0,Nagaraj Patil,Arrest,2026-03-01,Shivamogga,Nagaraj Murthy
20712,34513,0,Kiran Murthy,Arrest,2026-03-01,Ballari,Pooja Reddy
20714,34515,0,Pooja Naik,Surrender,2026-03-01,Hubballi-Dharwad,Lakshmi Naik
20717,34519,0,Nagaraj Iyengar,Arrest,2026-03-01,Belagavi,Lakshmi Rao
20719,34521,0,Anitha Bhat,Arrest,2026-03-01,Bengaluru Rural,Suresh Patil
20721,34525,0,Nagaraj Bhat,Arrest,2026-03-01,Mysuru,Mary Nayak
20723,34529,0,Shivakumar Desai,Arrest,2026-03-01,Raichur,Rekha Murthy
20726,34535,0,Prakash Shetty,Surrender,2026-03-01,Shivamogga,Kiran Rao
20728,34537,0,Rekha Prasad,Arrest,2026-03-01,Raichur,Yashwanth Patil
20731,34543,0,Shivakumar Naik,Arrest,2026-03-01,Raichur,Deepak Rao
20733,34545,0,Manjunath Nayak,Surrender,2026-03-01,Udupi,Shivakumar Iyengar
20736,34551,0,Imran Naik,Arrest,2026-03-02,Bengaluru Rural,Girish Patil
20737,34555,0,Shivakumar Murthy,Arrest,2026-03-02,Tumakuru,Manjunath Shetty
20739,34557,0,Ashwini Prasad,Arrest,2026-03-02,Raichur,Suresh Reddy
20741,34559,0,Prakash Naik,Surrender,2026-03-02,Hassan,Ravi Desai
20742,34561,0,Lakshmi Patil,Arrest,2026-03-02,Mysuru,Pooja Kulkarni
20745,34565,0,Mary Naik,Arrest,2026-03-02,Mysuru,Rekha Iyengar
20748,34569,0,Deepak Prasad,Arrest,2026-03-02,Hassan,Imran Reddy
20749,34571,0,Yashwanth Patil,Arrest,2026-03-02,Kalaburagi,Joseph Kulkarni
20751,34573,0,Anitha Patil,Arrest,2026-03-02,Raichur,Nagaraj Shetty
20753,34575,0,Suresh Prasad,Arrest,2026-03-02,Belagavi,Chetan Patil
20754,34577,0,Chetan Rao,Arrest,2026-03-02,Bengaluru City,Ravi Iyengar
20756,34579,0,Shivakumar Reddy,Arrest,2026-03-02,Hubballi-Dharwad,Shivakumar Kumar
20758,34581,0,Mary Naik,Arrest,2026-03-02,Bengaluru City,Pooja Prasad
20761,34587,0,Yashwanth Kulkarni,Surrender,2026-03-03,Hassan,Imran Murthy
20763,34589,0,Fatima Kulkarni,Arrest,2026-03-03,Belagavi,Ravi Prasad
20766,34595,0,Bhavana Nayak,Surrender,2026-03-03,Bengaluru City,Mary Kumar
20769,34599,0,Kiran Shetty,Arrest,2026-03-03,Hubballi-Dharwad,Kiran Prasad
20770,34603,0,Fatima Kumar,Arrest,2026-03-03,Bengaluru City,Manjunath Hegde
20771,34605,0,Fatima Gowda,Arrest,2026-03-03,Bengaluru City,Lakshmi Shetty
20773,34607,0,Nagaraj Patil,Arrest,2026-03-03,Bengaluru Rural,Rekha Kumar
20774,34609,0,Ashwini Kumar,Arrest,2026-03-03,Ballari,Pooja Kulkarni
20775,34611,0,Basavaraj Kulkarni,Arrest,2026-03-03,Ballari,Basavaraj Hegde
20777,34617,0,Manjunath Rao,Arrest,2026-03-03,Shivamogga,Basavaraj Hegde
20779,34619,0,Deepak Bhat,Arrest,2026-03-04,Hubballi-Dharwad,Mary Reddy
20782,34623,0,Suresh Rao,Arrest,2026-03-04,Ballari,Imran Reddy
20784,34625,0,Joseph Gowda,Arrest,2026-03-04,Davanagere,Pooja Patil
20787,34633,0,Vinutha Prasad,Arrest,2026-03-04,Mysuru,Rekha Bhat
20789,34637,0,Prakash Reddy,Arrest,2026-03-04,Raichur,Manjunath Iyengar
20791,34641,0,Manjunath Patil,Arrest,2026-03-04,Shivamogga,Bhavana Kulkarni
20793,34643,0,Lakshmi Iyengar,Arrest,2026-03-04,Bengaluru City,Joseph Iyengar
20795,34645,0,Basavaraj Desai,Arrest,2026-03-04,Hassan,Fatima Patil
20798,34649,0,Ashwini Desai,Arrest,2026-03-04,Shivamogga,Ashwini Patil
20800,34651,0,Yashwanth Patil,Arrest,2026-03-04,Bengaluru Rural,Vinutha Kulkarni
20802,34657,0,Deepak Patil,Arrest,2026-03-04,Vijayapura,Prakash Desai
20804,34659,0,Chetan Gowda,Arrest,2026-03-04,Mysuru,Deepak Bhat
20805,34663,0,Ravi Kulkarni,Arrest,2026-03-04,Kalaburagi,Nagaraj Hegde
20806,34665,0,Girish Murthy,Arrest,2026-03-04,Bengaluru City,Vinutha Reddy
20808,34667,0,Anitha Patil,Arrest,2026-03-04,Davanagere,Rekha Gowda
20811,34675,0,Nagaraj Gowda,Arrest,2026-03-05,Davanagere,Ashwini Gowda
20813,34677,0,Girish Kumar,Surrender,2026-03-05,Mysuru,Prakash Patil
20814,34679,0,Anitha Rao,Arrest,2026-03-05,Mysuru,Vinutha Hegde
20816,34683,0,Kiran Rao,Surrender,2026-03-05,Mysuru,Suresh Bhat
20820,34691,0,Deepak Patil,Arrest,2026-03-05,Hubballi-Dharwad,Pooja Kumar
20822,34693,0,Ashwini Kulkarni,Arrest,2026-03-05,Hubballi-Dharwad,Prakash Kumar
20823,34695,0,Shivakumar Gowda,Arrest,2026-03-05,Bengaluru Rural,Fatima Shetty
20825,34697,0,Lakshmi Kumar,Arrest,2026-03-05,Hubballi-Dharwad,Chetan Shetty
20828,34701,0,Fatima Gowda,Arrest,2026-03-06,Bengaluru City,Chetan Patil
20831,34705,0,Nagaraj Iyengar,Arrest,2026-03-06,Mysuru,Girish Gowda
20834,34709,0,Lakshmi Gowda,Arrest,2026-03-06,Shivamogga,Pooja Rao
20836,34711,0,Shivakumar Bhat,Arrest,2026-03-06,Mangaluru (DK),Shivakumar Naik
20837,34713,0,Anitha Shetty,Arrest,2026-03-06,Bengaluru City,Deepak Iyengar
20839,34717,0,Suresh Bhat,Arrest,2026-03-06,Ballari,Kiran Murthy
20841,34721,0,Kiran Naik,Surrender,2026-03-06,Bengaluru City,Girish Shetty
20843,34723,0,Bhavana Rao,Arrest,2026-03-06,Raichur,Kiran Shetty
20846,34729,0,Basavaraj Bhat,Arrest,2026-03-06,Vijayapura,Yashwanth Reddy
20848,34733,0,Shivakumar Bhat,Arrest,2026-03-06,Bengaluru City,Suresh Patil
20851,34737,0,Nagaraj Iyengar,Arrest,2026-03-06,Bengaluru City,Bhavana Naik
20853,34739,0,Prakash Nayak,Arrest,2026-03-06,Mysuru,Ravi Patil
20856,34743,0,Prakash Kulkarni,Arrest,2026-03-06,Bengaluru Rural,Mary Iyengar
20859,34749,0,Suresh Murthy,Arrest,2026-03-06,Mysuru,Pooja Prasad
20860,34751,0,Suresh Patil,Surrender,2026-03-06,Vijayapura,Girish Patil
20861,34755,0,Ravi Naik,Arrest,2026-03-07,Bengaluru City,Imran Prasad
20864,34761,0,Mary Bhat,Arrest,2026-03-07,Bengaluru Rural,Bhavana Nayak
20866,34763,0,Imran Gowda,Arrest,2026-03-07,Davanagere,Shivakumar Nayak
20867,34765,0,Rekha Naik,Surrender,2026-03-07,Bengaluru Rural,Manjunath Prasad
20868,34767,0,Basavaraj Hegde,Arrest,2026-03-07,Bengaluru City,Yashwanth Murthy
20870,34769,0,Prakash Murthy,Arrest,2026-03-07,Davanagere,Manjunath Nayak
20872,34773,0,Pooja Murthy,Surrender,2026-03-07,Bengaluru City,Girish Kumar
20874,34775,0,Suresh Kulkarni,Arrest,2026-03-07,Tumakuru,Girish Bhat
20876,34777,0,Yashwanth Reddy,Arrest,2026-03-07,Shivamogga,Anitha Iyengar
20880,34783,0,Yashwanth Nayak,Arrest,2026-03-07,Udupi,Basavaraj Murthy
20881,34785,0,Yashwanth Gowda,Arrest,2026-03-07,Kalaburagi,Yashwanth Patil
20883,34791,0,Deepak Hegde,Arrest,2026-03-07,Bengaluru City,Yashwanth Kulkarni
20884,34793,0,Ravi Murthy,Arrest,2026-03-07,Ballari,Joseph Prasad
20886,34795,0,Ashwini Rao,Arrest,2026-03-07,Vijayapura,Rekha Kulkarni
20888,34797,0,Lakshmi Hegde,Surrender,2026-03-07,Tumakuru,Mary Gowda
20891,34801,0,Anitha Gowda,Arrest,2026-03-07,Bengaluru City,Suresh Hegde
20894,34805,0,Imran Reddy,Arrest,2026-03-07,Kalaburagi,Lakshmi Naik
20896,34807,0,Deepak Desai,Arrest,2026-03-07,Kalaburagi,Prakash Gowda
20898,34809,0,Manjunath Kulkarni,Arrest,2026-03-08,Hubballi-Dharwad,Imran Hegde
20899,34811,0,Shivakumar Iyengar,Arrest,2026-03-08,Mangaluru (DK),Ashwini Reddy
20901,34813,0,Fatima Patil,Arrest,2026-03-08,Bengaluru City,Mary Kumar
20905,34823,0,Nagaraj Naik,Arrest,2026-03-08,Kalaburagi,Vinutha Gowda
20907,34825,0,Nagaraj Hegde,Arrest,2026-03-08,Bengaluru City,Rekha Hegde
20909,34829,0,Ashwini Bhat,Surrender,2026-03-08,Vijayapura,Bhavana Prasad
20911,34831,0,Deepak Murthy,Arrest,2026-03-08,Bengaluru City,Fatima Desai
20914,34835,0,Pooja Nayak,Arrest,2026-03-08,Vijayapura,Imran Naik
20915,34837,0,Anitha Kumar,Arrest,2026-03-08,Mysuru,Pooja Iyengar
20917,34839,0,Chetan Naik,Arrest,2026-03-08,Belagavi,Chetan Naik
20918,34841,0,Shivakumar Prasad,Arrest,2026-03-08,Belagavi,Chetan Gowda
20919,34843,0,Shivakumar Reddy,Arrest,2026-03-08,Ballari,Manjunath Prasad
20920,34845,0,Deepak Naik,Arrest,2026-03-08,Bengaluru Rural,Ravi Nayak
20922,34847,0,Pooja Nayak,Arrest,2026-03-08,Raichur,Girish Shetty
20926,34853,0,Bhavana Gowda,Arrest,2026-03-09,Bengaluru City,Lakshmi Murthy
20928,34855,0,Kiran Hegde,Arrest,2026-03-09,Belagavi,Ravi Murthy
20930,34857,0,Manjunath Iyengar,Arrest,2026-03-09,Bengaluru City,Imran Prasad
20931,34859,0,Prakash Naik,Arrest,2026-03-09,Hubballi-Dharwad,Yashwanth Murthy
20934,34863,0,Shivakumar Kulkarni,Arrest,2026-03-09,Belagavi,Deepak Hegde
20936,34865,0,Vinutha Reddy,Arrest,2026-03-09,Belagavi,Rekha Prasad
20939,34869,0,Nagaraj Iyengar,Arrest,2026-03-09,Hubballi-Dharwad,Pooja Kumar
20940,34871,0,Vinutha Iyengar,Arrest,2026-03-09,Bengaluru City,Lakshmi Kulkarni
20942,34873,0,Kiran Prasad,Arrest,2026-03-09,Shivamogga,Shivakumar Bhat
20944,34875,0,Deepak Bhat,Arrest,2026-03-09,Mysuru,Suresh Rao
20946,34877,0,Nagaraj Desai,Arrest,2026-03-09,Bengaluru City,Girish Shetty
20947,34881,0,Pooja Naik,Arrest,2026-03-09,Belagavi,Vinutha Naik
20949,34887,0,Rekha Gowda,Arrest,2026-03-09,Mysuru,Deepak Naik
20951,34889,0,Girish Murthy,Arrest,2026-03-09,Mysuru,Nagaraj Naik
20952,34891,0,Pooja Naik,Surrender,2026-03-09,Hubballi-Dharwad,Lakshmi Iyengar
20954,34893,0,Ravi Desai,Arrest,2026-03-09,Mysuru,Chetan Shetty
20956,34895,0,Yashwanth Patil,Arrest,2026-03-09,Bengaluru City,Imran Hegde
20957,34897,0,Mary Reddy,Arrest,2026-03-09,Belagavi,Chetan Shetty
20958,34899,0,Anitha Patil,Arrest,2026-03-09,Bengaluru City,Lakshmi Hegde
20959,34909,0,Suresh Patil,Arrest,2026-03-10,Mysuru,Rekha Kulkarni
20960,34911,0,Girish Kumar,Arrest,2026-03-10,Udupi,Suresh Patil
20961,34913,0,Prakash Shetty,Arrest,2026-03-10,Mysuru,Shivakumar Reddy
20963,34915,0,Mary Bhat,Arrest,2026-03-10,Davanagere,Deepak Nayak
20967,34921,0,Basavaraj Patil,Arrest,2026-03-10,Mysuru,Rekha Prasad
20969,34925,0,Lakshmi Hegde,Arrest,2026-03-10,Belagavi,Anitha Kulkarni
20971,34927,0,Anitha Kumar,Arrest,2026-03-10,Bengaluru City,Mary Reddy
20974,34933,0,Ravi Hegde,Arrest,2026-03-10,Bengaluru Rural,Chetan Rao
20976,34935,0,Manjunath Nayak,Arrest,2026-03-10,Bengaluru City,Ashwini Iyengar
20978,34937,0,Bhavana Kumar,Arrest,2026-03-10,Hubballi-Dharwad,Imran Desai
20979,34939,0,Deepak Murthy,Arrest,2026-03-10,Hubballi-Dharwad,Shivakumar Reddy
20980,34941,0,Nagaraj Iyengar,Arrest,2026-03-10,Tumakuru,Chetan Bhat
20981,34943,0,Girish Rao,Arrest,2026-03-10,Shivamogga,Basavaraj Iyengar
20982,34945,0,Pooja Rao,Arrest,2026-03-10,Mysuru,Fatima Shetty
20984,34947,0,Anitha Bhat,Arrest,2026-03-11,Davanagere,Suresh Kumar
20986,34949,0,Ravi Patil,Arrest,2026-03-11,Vijayapura,Manjunath Nayak
20988,34953,0,Mary Iyengar,Arrest,2026-03-11,Mysuru,Anitha Desai
20990,34955,0,Pooja Desai,Surrender,2026-03-11,Bengaluru City,Imran Naik
20991,34957,0,Imran Kumar,Arrest,2026-03-11,Tumakuru,Joseph Hegde
20995,34963,0,Ravi Hegde,Arrest,2026-03-11,Shivamogga,Ravi Kulkarni
20997,34965,0,Manjunath Reddy,Arrest,2026-03-11,Bengaluru Rural,Suresh Nayak
20999,34969,0,Shivakumar Shetty,Arrest,2026-03-11,Raichur,Yashwanth Shetty
21000,34971,0,Prakash Shetty,Arrest,2026-03-11,Davanagere,Vinutha Prasad
21001,34973,0,Deepak Prasad,Arrest,2026-03-11,Mysuru,Suresh Gowda
21003,34977,0,Suresh Murthy,Arrest,2026-03-11,Tumakuru,Nagaraj Bhat
21005,34981,0,Chetan Desai,Arrest,2026-03-11,Kalaburagi,Shivakumar Kumar
21007,34983,0,Joseph Prasad,Arrest,2026-03-11,Bengaluru Rural,Ravi Shetty
21010,34987,0,Anitha Nayak,Arrest,2026-03-11,Udupi,Joseph Bhat
21012,34989,0,Basavaraj Prasad,Arrest,2026-03-12,Belagavi,Fatima Naik
21013,34993,0,Girish Murthy,Arrest,2026-03-12,Bengaluru Rural,Ashwini Gowda
21016,34997,0,Imran Iyengar,Arrest,2026-03-12,Shivamogga,Rekha Bhat
21019,35001,0,Imran Nayak,Arrest,2026-03-12,Bengaluru City,Fatima Kumar
21021,35003,0,Ashwini Kumar,Arrest,2026-03-12,Mysuru,Rekha Reddy
21023,35005,0,Joseph Prasad,Arrest,2026-03-12,Shivamogga,Pooja Kulkarni
21025,35009,0,Lakshmi Murthy,Arrest,2026-03-12,Ballari,Imran Iyengar
21028,35015,0,Girish Naik,Arrest,2026-03-12,Vijayapura,Bhavana Gowda
21029,35017,0,Pooja Naik,Arrest,2026-03-12,Tumakuru,Lakshmi Prasad
21031,35019,0,Mary Shetty,Arrest,2026-03-12,Bengaluru City,Fatima Shetty
21032,35021,0,Shivakumar Kumar,Surrender,2026-03-12,Belagavi,Manjunath Nayak
21036,35027,0,Girish Rao,Arrest,2026-03-12,Bengaluru Rural,Joseph Kumar
21038,35029,0,Rekha Bhat,Arrest,2026-03-12,Vijayapura,Ravi Desai
21041,35037,0,Basavaraj Gowda,Arrest,2026-03-13,Belagavi,Bhavana Kulkarni
21043,35039,0,Ashwini Kumar,Arrest,2026-03-13,Hassan,Deepak Shetty
21046,35045,0,Chetan Prasad,Arrest,2026-03-13,Mangaluru (DK),Shivakumar Reddy
21048,35047,0,Chetan Kulkarni,Arrest,2026-03-13,Mangaluru (DK),Lakshmi Rao
21049,35049,0,Girish Nayak,Arrest,2026-03-13,Hubballi-Dharwad,Mary Murthy
21052,35055,0,Pooja Hegde,Arrest,2026-03-13,Ballari,Prakash Prasad
21054,35057,0,Yashwanth Kulkarni,Arrest,2026-03-13,Bengaluru City,Prakash Gowda
21056,35059,0,Ashwini Shetty,Arrest,2026-03-13,Hassan,Deepak Patil
21057,35061,0,Yashwanth Desai,Arrest,2026-03-13,Tumakuru,Ravi Rao
21058,35063,0,Suresh Iyengar,Arrest,2026-03-13,Bengaluru City,Yashwanth Murthy
21060,35065,0,Suresh Patil,Arrest,2026-03-13,Bengaluru City,Manjunath Reddy
21061,35067,0,Anitha Iyengar,Arrest,2026-03-14,Kalaburagi,Shivakumar Patil
21062,35069,0,Chetan Rao,Arrest,2026-03-14,Bengaluru City,Ravi Rao
21064,35071,0,Prakash Nayak,Arrest,2026-03-14,Hubballi-Dharwad,Mary Kumar
21065,35075,0,Ashwini Kumar,Arrest,2026-03-14,Mysuru,Lakshmi Kumar
21067,35077,0,Suresh Reddy,Arrest,2026-03-14,Kalaburagi,Nagaraj Naik
21069,35081,0,Mary Kulkarni,Surrender,2026-03-14,Vijayapura,Basavaraj Patil
21070,35083,0,Shivakumar Kumar,Arrest,2026-03-14,Hubballi-Dharwad,Manjunath Naik
21073,35089,0,Deepak Patil,Arrest,2026-03-14,Udupi,Rekha Iyengar
21075,35097,0,Girish Kumar,Arrest,2026-03-14,Belagavi,Prakash Desai
21077,35099,0,Rekha Murthy,Arrest,2026-03-14,Tumakuru,Chetan Hegde
21081,35109,0,Rekha Kumar,Arrest,2026-03-15,Shivamogga,Ravi Prasad
21083,35113,0,Imran Prasad,Arrest,2026-03-15,Bengaluru City,Manjunath Hegde
21085,35119,0,Bhavana Shetty,Arrest,2026-03-15,Mangaluru (DK),Chetan Shetty
21088,35123,0,Prakash Iyengar,Arrest,2026-03-15,Bengaluru City,Rekha Shetty
21091,35129,0,Bhavana Shetty,Arrest,2026-03-15,Bengaluru City,Ravi Kulkarni
21093,35131,0,Anitha Kulkarni,Arrest,2026-03-15,Hubballi-Dharwad,Chetan Shetty
21094,35135,0,Suresh Kulkarni,Surrender,2026-03-15,Udupi,Pooja Iyengar
21096,35137,0,Girish Kulkarni,Arrest,2026-03-15,Bengaluru City,Nagaraj Murthy
21098,35143,0,Suresh Desai,Arrest,2026-03-15,Hubballi-Dharwad,Pooja Kulkarni
21099,35145,0,Ravi Nayak,Surrender,2026-03-16,Davanagere,Ashwini Gowda
21100,35147,0,Ravi Bhat,Arrest,2026-03-16,Ballari,Deepak Kumar
21102,35149,0,Anitha Murthy,Arrest,2026-03-16,Mysuru,Chetan Kulkarni
21105,35153,0,Ravi Bhat,Arrest,2026-03-16,Raichur,Nagaraj Shetty
21106,35155,0,Joseph Reddy,Arrest,2026-03-16,Kalaburagi,Girish Kumar
21108,35157,0,Mary Nayak,Surrender,2026-03-16,Bengaluru City,Basavaraj Naik
21111,35167,0,Rekha Gowda,Arrest,2026-03-16,Raichur,Joseph Iyengar
21113,35169,0,Ashwini Iyengar,Surrender,2026-03-16,Mangaluru (DK),Rekha Desai
21115,35171,0,Shivakumar Naik,Arrest,2026-03-16,Belagavi,Yashwanth Desai
21117,35173,0,Suresh Kumar,Arrest,2026-03-16,Bengaluru City,Mary Nayak
21119,35175,0,Imran Kumar,Arrest,2026-03-16,Udupi,Chetan Hegde
21122,35179,0,Chetan Patil,Surrender,2026-03-17,Bengaluru City,Manjunath Naik
21124,35183,0,Yashwanth Patil,Arrest,2026-03-17,Tumakuru,Basavaraj Desai
21126,35185,0,Vinutha Bhat,Surrender,2026-03-17,Kalaburagi,Basavaraj Shetty
21128,35187,0,Anitha Nayak,Arrest,2026-03-17,Vijayapura,Girish Desai
21129,35189,0,Anitha Reddy,Arrest,2026-03-17,Belagavi,Lakshmi Rao
21130,35191,0,Manjunath Hegde,Surrender,2026-03-17,Ballari,Shivakumar Shetty
21131,35193,0,Suresh Reddy,Surrender,2026-03-17,Hubballi-Dharwad,Lakshmi Murthy
21133,35195,0,Ashwini Desai,Surrender,2026-03-17,Bengaluru City,Mary Rao
21135,35197,0,Pooja Rao,Arrest,2026-03-17,Mysuru,Yashwanth Shetty
21136,35199,0,Shivakumar Prasad,Surrender,2026-03-17,Davanagere,Ashwini Naik
21140,35205,0,Vinutha Shetty,Arrest,2026-03-17,Bengaluru City,Ravi Prasad
21142,35207,0,Suresh Reddy,Arrest,2026-03-17,Raichur,Vinutha Kumar
21144,35211,0,Lakshmi Desai,Arrest,2026-03-17,Bengaluru City,Prakash Patil
21145,35213,0,Kiran Patil,Arrest,2026-03-17,Shivamogga,Vinutha Murthy
21148,35217,0,Yashwanth Patil,Arrest,2026-03-17,Hubballi-Dharwad,Rekha Naik
21150,35219,0,Bhavana Shetty,Arrest,2026-03-18,Tumakuru,Anitha Murthy
21152,35225,0,Vinutha Reddy,Arrest,2026-03-18,Bengaluru City,Anitha Nayak
21154,35227,0,Girish Bhat,Arrest,2026-03-18,Bengaluru City,Manjunath Iyengar
21158,35237,0,Joseph Gowda,Arrest,2026-03-18,Bengaluru City,Pooja Shetty
21160,35239,0,Rekha Gowda,Arrest,2026-03-18,Davanagere,Kiran Patil
21162,35241,0,Fatima Bhat,Arrest,2026-03-18,Vijayapura,Girish Murthy
21164,35245,0,Rekha Gowda,Arrest,2026-03-18,Tumakuru,Ashwini Murthy
21165,35247,0,Mary Murthy,Surrender,2026-03-18,Davanagere,Yashwanth Bhat
21167,35253,0,Fatima Rao,Arrest,2026-03-18,Davanagere,Shivakumar Prasad
21169,35255,0,Basavaraj Rao,Arrest,2026-03-18,Mysuru,Pooja Reddy
21171,35259,0,Ashwini Desai,Arrest,2026-03-18,Bengaluru City,Imran Kulkarni
21174,35263,0,Vinutha Kulkarni,Arrest,2026-03-18,Bengaluru City,Manjunath Patil
21177,35269,0,Prakash Gowda,Arrest,2026-03-19,Vijayapura,Pooja Prasad
21179,35271,0,Vinutha Naik,Arrest,2026-03-19,Bengaluru City,Vinutha Kumar
21180,35273,0,Suresh Patil,Surrender,2026-03-19,Bengaluru City,Fatima Shetty
21184,35281,0,Rekha Reddy,Arrest,2026-03-19,Bengaluru City,Shivakumar Iyengar
21187,35287,0,Shivakumar Bhat,Arrest,2026-03-19,Kalaburagi,Kiran Prasad
21190,35291,0,Bhavana Prasad,Arrest,2026-03-19,Bengaluru City,Vinutha Desai
21191,35293,0,Nagaraj Bhat,Arrest,2026-03-19,Kalaburagi,Bhavana Rao
21193,35295,0,Shivakumar Shetty,Surrender,2026-03-19,Bengaluru City,Ashwini Hegde
21195,35301,0,Yashwanth Bhat,Arrest,2026-03-19,Mysuru,Imran Reddy
21196,35303,0,Basavaraj Nayak,Arrest,2026-03-19,Bengaluru City,Lakshmi Shetty
21198,35305,0,Bhavana Shetty,Arrest,2026-03-19,Bengaluru City,Chetan Patil
21200,35309,0,Nagaraj Kulkarni,Surrender,2026-03-19,Mysuru,Anitha Rao
21203,35317,0,Chetan Patil,Arrest,2026-03-20,Raichur,Rekha Reddy
21204,35319,0,Girish Kulkarni,Arrest,2026-03-20,Bengaluru City,Fatima Iyengar
21206,35321,0,Manjunath Patil,Arrest,2026-03-20,Davanagere,Fatima Kumar
21208,35325,0,Anitha Desai,Arrest,2026-03-20,Kalaburagi,Imran Reddy
21210,35327,0,Deepak Kumar,Arrest,2026-03-20,Tumakuru,Ravi Kumar
21212,35329,0,Deepak Prasad,Arrest,2026-03-20,Bengaluru City,Pooja Iyengar
21213,35331,0,Pooja Patil,Arrest,2026-03-20,Hubballi-Dharwad,Shivakumar Desai
21214,35333,0,Ravi Nayak,Arrest,2026-03-20,Belagavi,Rekha Iyengar
21216,35337,0,Shivakumar Bhat,Surrender,2026-03-20,Davanagere,Kiran Prasad
21217,35339,0,Lakshmi Naik,Arrest,2026-03-20,Bengaluru Rural,Suresh Hegde
21218,35341,0,Yashwanth Patil,Arrest,2026-03-20,Belagavi,Joseph Desai
21220,35343,0,Basavaraj Hegde,Arrest,2026-03-20,Hassan,Yashwanth Nayak
21222,35345,0,Lakshmi Nayak,Arrest,2026-03-20,Belagavi,Ravi Naik
21224,35347,0,Pooja Naik,Arrest,2026-03-20,Belagavi,Manjunath Prasad
21228,35353,0,Manjunath Patil,Arrest,2026-03-21,Kalaburagi,Lakshmi Desai
21230,35357,0,Prakash Patil,Arrest,2026-03-21,Bengaluru City,Deepak Patil
21232,35361,0,Manjunath Iyengar,Arrest,2026-03-21,Raichur,Bhavana Reddy
21234,35363,0,Prakash Gowda,Arrest,2026-03-21,Bengaluru City,Shivakumar Nayak
21236,35365,0,Imran Prasad,Arrest,2026-03-21,Davanagere,Manjunath Nayak
21237,35367,0,Vinutha Patil,Arrest,2026-03-21,Mysuru,Basavaraj Naik
21239,35369,0,Vinutha Patil,Arrest,2026-03-21,Ballari,Deepak Shetty
21242,35373,0,Bhavana Shetty,Arrest,2026-03-21,Hubballi-Dharwad,Yashwanth Shetty
21245,35377,0,Anitha Naik,Arrest,2026-03-21,Bengaluru City,Ravi Kulkarni
21247,35379,0,Kiran Prasad,Arrest,2026-03-21,Tumakuru,Shivakumar Patil
21249,35383,0,Girish Desai,Arrest,2026-03-21,Tumakuru,Ashwini Kulkarni
21250,35387,0,Fatima Kumar,Surrender,2026-03-21,Shivamogga,Joseph Iyengar
21252,35389,0,Lakshmi Nayak,Arrest,2026-03-21,Shivamogga,Prakash Rao
21253,35391,0,Ravi Rao,Arrest,2026-03-21,Bengaluru City,Deepak Nayak
21255,35395,0,Mary Iyengar,Surrender,2026-03-22,Bengaluru City,Pooja Shetty
21258,35399,0,Mary Naik,Arrest,2026-03-22,Bengaluru City,Basavaraj Shetty
21260,35401,0,Rekha Shetty,Arrest,2026-03-22,Belagavi,Anitha Gowda
21262,35403,0,Pooja Murthy,Arrest,2026-03-22,Mysuru,Lakshmi Prasad
21263,35405,0,Shivakumar Desai,Surrender,2026-03-22,Bengaluru City,Prakash Murthy
21265,35407,0,Imran Reddy,Arrest,2026-03-22,Mysuru,Shivakumar Bhat
21267,35411,0,Ravi Gowda,Arrest,2026-03-22,Bengaluru City,Chetan Gowda
21269,35415,0,Deepak Iyengar,Surrender,2026-03-22,Davanagere,Nagaraj Reddy
21271,35417,0,Rekha Rao,Surrender,2026-03-22,Raichur,Deepak Rao
21273,35419,0,Anitha Prasad,Arrest,2026-03-22,Belagavi,Basavaraj Nayak
21276,35423,0,Deepak Kulkarni,Arrest,2026-03-22,Belagavi,Shivakumar Reddy
21278,35425,0,Mary Murthy,Arrest,2026-03-23,Mysuru,Shivakumar Kumar
21279,35427,0,Prakash Kumar,Arrest,2026-03-23,Mysuru,Vinutha Kumar
21280,35429,0,Rekha Nayak,Surrender,2026-03-23,Bengaluru City,Chetan Gowda
21281,35431,0,Mary Rao,Arrest,2026-03-23,Hassan,Ravi Reddy
21282,35433,0,Manjunath Kumar,Arrest,2026-03-23,Bengaluru City,Ashwini Prasad
21284,35437,0,Ashwini Gowda,Arrest,2026-03-23,Bengaluru City,Ravi Iyengar
21286,35441,0,Joseph Shetty,Arrest,2026-03-23,Mysuru,Joseph Kumar
21288,35445,0,Rekha Patil,Arrest,2026-03-23,Bengaluru City,Pooja Gowda
21290,35449,0,Suresh Desai,Arrest,2026-03-23,Ballari,Nagaraj Reddy
21291,35451,0,Basavaraj Patil,Arrest,2026-03-23,Mangaluru (DK),Vinutha Murthy
21293,35453,0,Vinutha Naik,Arrest,2026-03-23,Vijayapura,Suresh Bhat
21295,35455,0,Shivakumar Rao,Arrest,2026-03-23,Davanagere,Fatima Gowda
21296,35457,0,Bhavana Murthy,Arrest,2026-03-24,Belagavi,Pooja Rao
21298,35459,0,Joseph Prasad,Arrest,2026-03-24,Hassan,Ashwini Prasad
21299,35461,0,Yashwanth Gowda,Arrest,2026-03-24,Belagavi,Deepak Shetty
21301,35465,0,Prakash Prasad,Surrender,2026-03-24,Ballari,Yashwanth Reddy
21303,35469,0,Girish Rao,Arrest,2026-03-24,Kalaburagi,Girish Kulkarni
21305,35471,0,Manjunath Desai,Arrest,2026-03-24,Mysuru,Rekha Bhat
21307,35473,0,Pooja Nayak,Arrest,2026-03-24,Kalaburagi,Manjunath Kumar
21308,35475,0,Suresh Kumar,Arrest,2026-03-24,Hassan,Fatima Desai
21310,35479,0,Pooja Shetty,Surrender,2026-03-24,Bengaluru City,Basavaraj Bhat
21311,35481,0,Yashwanth Rao,Arrest,2026-03-24,Raichur,Chetan Shetty
21313,35485,0,Imran Kumar,Arrest,2026-03-24,Hubballi-Dharwad,Shivakumar Rao
21315,35491,0,Rekha Desai,Arrest,2026-03-24,Bengaluru City,Mary Rao
21317,35495,0,Deepak Gowda,Arrest,2026-03-25,Raichur,Joseph Hegde
21319,35497,0,Mary Hegde,Surrender,2026-03-25,Tumakuru,Rekha Desai
21320,35499,0,Deepak Kumar,Arrest,2026-03-25,Davanagere,Anitha Reddy
21322,35501,0,Suresh Kulkarni,Arrest,2026-03-25,Shivamogga,Basavaraj Bhat
21323,35503,0,Chetan Patil,Arrest,2026-03-25,Bengaluru City,Yashwanth Bhat
21324,35505,0,Manjunath Bhat,Arrest,2026-03-25,Bengaluru City,Ashwini Prasad
21326,35507,0,Manjunath Kulkarni,Arrest,2026-03-25,Belagavi,Imran Murthy
21327,35513,0,Nagaraj Rao,Arrest,2026-03-25,Mysuru,Manjunath Hegde
21329,35515,0,Manjunath Bhat,Arrest,2026-03-25,Bengaluru City,Suresh Kumar
21330,35519,0,Ashwini Kumar,Arrest,2026-03-25,Tumakuru,Nagaraj Naik
21333,35523,0,Ravi Prasad,Arrest,2026-03-25,Mysuru,Basavaraj Kumar
21335,35529,0,Shivakumar Patil,Surrender,2026-03-26,Hassan,Imran Shetty
21338,35537,0,Suresh Reddy,Arrest,2026-03-26,Belagavi,Yashwanth Iyengar
21339,35539,0,Yashwanth Murthy,Arrest,2026-03-26,Udupi,Anitha Patil
21341,35541,0,Shivakumar Reddy,Arrest,2026-03-26,Mysuru,Joseph Bhat
21343,35543,0,Vinutha Shetty,Arrest,2026-03-26,Bengaluru City,Mary Nayak
21344,35545,0,Manjunath Hegde,Arrest,2026-03-26,Udupi,Deepak Naik
21347,35549,0,Mary Desai,Arrest,2026-03-26,Ballari,Vinutha Desai
21348,35551,0,Ashwini Kumar,Arrest,2026-03-26,Mysuru,Lakshmi Kulkarni
21350,35557,0,Imran Iyengar,Arrest,2026-03-26,Bengaluru City,Fatima Patil
21351,35559,0,Rekha Reddy,Arrest,2026-03-26,Bengaluru City,Bhavana Gowda
21353,35561,0,Nagaraj Reddy,Surrender,2026-03-26,Davanagere,Chetan Reddy
21355,35563,0,Bhavana Gowda,Surrender,2026-03-27,Hubballi-Dharwad,Vinutha Reddy
21357,35565,0,Fatima Kulkarni,Arrest,2026-03-27,Bengaluru City,Shivakumar Iyengar
21358,35567,0,Vinutha Gowda,Arrest,2026-03-27,Bengaluru City,Kiran Reddy
21360,35569,0,Joseph Prasad,Surrender,2026-03-27,Ballari,Yashwanth Reddy
21363,35575,0,Fatima Patil,Arrest,2026-03-27,Hubballi-Dharwad,Prakash Nayak
21366,35579,0,Mary Kulkarni,Arrest,2026-03-27,Mysuru,Ashwini Prasad
21368,35581,0,Deepak Iyengar,Arrest,2026-03-27,Tumakuru,Chetan Prasad
21370,35583,0,Rekha Patil,Arrest,2026-03-27,Bengaluru City,Ravi Nayak
21372,35585,0,Deepak Reddy,Arrest,2026-03-27,Ballari,Joseph Nayak
21375,35589,0,Joseph Shetty,Arrest,2026-03-27,Bengaluru City,Ravi Gowda
21376,35591,0,Ashwini Patil,Surrender,2026-03-27,Mangaluru (DK),Joseph Nayak
21379,35599,0,Basavaraj Reddy,Arrest,2026-03-27,Hubballi-Dharwad,Mary Desai
21382,35603,0,Yashwanth Prasad,Arrest,2026-03-27,Kalaburagi,Kiran Murthy
21384,35605,0,Nagaraj Prasad,Arrest,2026-03-27,Vijayapura,Rekha Naik
21385,35607,0,Prakash Kulkarni,Surrender,2026-03-27,Bengaluru City,Fatima Prasad
21386,35609,0,Deepak Bhat,Arrest,2026-03-27,Bengaluru City,Deepak Naik
21388,35611,0,Manjunath Gowda,Arrest,2026-03-27,Mysuru,Prakash Murthy
21391,35617,0,Vinutha Nayak,Surrender,2026-03-28,Kalaburagi,Girish Kumar
21394,35623,0,Deepak Iyengar,Surrender,2026-03-28,Hubballi-Dharwad,Vinutha Iyengar
21396,35625,0,Girish Patil,Arrest,2026-03-28,Bengaluru City,Anitha Reddy
21400,35631,0,Rekha Kumar,Arrest,2026-03-28,Bengaluru City,Imran Hegde
21402,35633,0,Suresh Nayak,Arrest,2026-03-28,Raichur,Rekha Nayak
21403,35635,0,Ashwini Nayak,Surrender,2026-03-28,Shivamogga,Shivakumar Gowda
21405,35637,0,Fatima Rao,Arrest,2026-03-28,Vijayapura,Ashwini Rao
21407,35639,0,Prakash Kulkarni,Surrender,2026-03-28,Bengaluru City,Manjunath Rao
21409,35641,0,Ashwini Kulkarni,Arrest,2026-03-28,Davanagere,Imran Rao
21411,35643,0,Nagaraj Gowda,Surrender,2026-03-28,Mysuru,Prakash Iyengar
21415,35649,0,Lakshmi Patil,Arrest,2026-03-29,Bengaluru City,Vinutha Iyengar
21417,35651,0,Mary Desai,Arrest,2026-03-29,Mysuru,Ravi Naik
21420,35655,0,Fatima Kumar,Arrest,2026-03-29,Kalaburagi,Prakash Iyengar
21421,35657,0,Bhavana Kumar,Arrest,2026-03-29,Bengaluru City,Pooja Gowda
21423,35661,0,Imran Nayak,Arrest,2026-03-29,Hubballi-Dharwad,Prakash Bhat
21425,35665,0,Basavaraj Patil,Arrest,2026-03-29,Hubballi-Dharwad,Ravi Kumar
21426,35667,0,Girish Iyengar,Surrender,2026-03-29,Vijayapura,Mary Hegde
21427,35669,0,Kiran Nayak,Arrest,2026-03-29,Mysuru,Anitha Gowda
21430,35675,0,Anitha Gowda,Arrest,2026-03-29,Mysuru,Vinutha Nayak
21433,35679,0,Vinutha Hegde,Arrest,2026-03-29,Shivamogga,Kiran Naik
21434,35681,0,Ravi Desai,Arrest,2026-03-29,Bengaluru City,Joseph Reddy
21435,35683,0,Imran Naik,Arrest,2026-03-29,Kalaburagi,Deepak Bhat
21437,35693,0,Basavaraj Shetty,Arrest,2026-03-30,Hubballi-Dharwad,Kiran Nayak
21439,35697,0,Pooja Naik,Arrest,2026-03-30,Bengaluru City,Anitha Desai
21441,35701,0,Anitha Naik,Arrest,2026-03-30,Bengaluru City,Chetan Reddy
21445,35707,0,Deepak Rao,Arrest,2026-03-30,Bengaluru City,Rekha Hegde
21447,35709,0,Joseph Reddy,Arrest,2026-03-30,Raichur,Prakash Nayak
21448,35713,0,Basavaraj Bhat,Arrest,2026-03-30,Bengaluru City,Ravi Prasad
21451,35717,0,Girish Hegde,Arrest,2026-03-30,Vijayapura,Bhavana Gowda
21453,35719,0,Rekha Kumar,Arrest,2026-03-30,Mysuru,Kiran Desai
21455,35721,0,Joseph Shetty,Arrest,2026-03-30,Belagavi,Rekha Iyengar
21457,35723,0,Vinutha Rao,Arrest,2026-03-30,Bengaluru Rural,Imran Desai
21460,35731,0,Ashwini Gowda,Surrender,2026-03-31,Bengaluru City,Ravi Murthy
21464,35737,0,Kiran Kumar,Arrest,2026-03-31,Mangaluru (DK),Fatima Murthy
21466,35739,0,Girish Patil,Arrest,2026-03-31,Bengaluru City,Anitha Hegde
21468,35741,0,Shivakumar Gowda,Arrest,2026-03-31,Hubballi-Dharwad,Lakshmi Hegde
21469,35743,0,Manjunath Reddy,Arrest,2026-03-31,Ballari,Chetan Kulkarni
21471,35745,0,Rekha Prasad,Arrest,2026-03-31,Hassan,Suresh Patil
21473,35747,0,Ravi Nayak,Surrender,2026-03-31,Bengaluru City,Joseph Murthy
21475,35749,0,Yashwanth Murthy,Surrender,2026-03-31,Vijayapura,Nagaraj Gowda
21477,35751,0,Fatima Gowda,Arrest,2026-03-31,Belagavi,Girish Desai
21478,35761,0,Vinutha Bhat,Arrest,2026-03-31,Shivamogga,Nagaraj Shetty
21480,35763,0,Rekha Kumar,Arrest,2026-03-31,Belagavi,Joseph Nayak
21481,35765,0,Fatima Kumar,Arrest,2026-03-31,Bengaluru City,Basavaraj Gowda
21483,35767,0,Shivakumar Murthy,Arrest,2026-03-31,Hubballi-Dharwad,Rekha Gowda
21485,35769,0,Imran Prasad,Arrest,2026-03-31,Hubballi-Dharwad,Pooja Murthy
21486,35771,0,Manjunath Iyengar,Arrest,2026-03-31,Belagavi,Yashwanth Murthy
21487,35773,0,Manjunath Desai,Surrender,2026-03-31,Ballari,Basavaraj Murthy
21490,35777,0,Suresh Kulkarni,Arrest,2026-03-31,Bengaluru City,Yashwanth Bhat
21494,35785,0,Lakshmi Shetty,Surrender,2026-04-01,Bengaluru City,Kiran Nayak
21496,35789,0,Deepak Iyengar,Arrest,2026-04-01,Mangaluru (DK),Anitha Hegde
21499,35797,0,Mary Kumar,Arrest,2026-04-01,Kalaburagi,Deepak Iyengar
21502,35801,0,Manjunath Patil,Arrest,2026-04-01,Mysuru,Shivakumar Gowda
21504,35803,0,Lakshmi Naik,Arrest,2026-04-01,Bengaluru Rural,Ashwini Kulkarni
21505,35805,0,Ravi Prasad,Arrest,2026-04-01,Hubballi-Dharwad,Nagaraj Prasad
21506,35807,0,Imran Naik,Arrest,2026-04-01,Bengaluru City,Ravi Shetty
21507,35811,0,Yashwanth Patil,Arrest,2026-04-01,Shivamogga,Deepak Gowda
21509,35815,0,Pooja Desai,Arrest,2026-04-01,Mysuru,Bhavana Nayak
21511,35817,0,Suresh Kulkarni,Arrest,2026-04-02,Hubballi-Dharwad,Vinutha Hegde
21513,35821,0,Chetan Desai,Arrest,2026-04-02,Ballari,Basavaraj Gowda
21516,35827,0,Lakshmi Reddy,Arrest,2026-04-02,Mysuru,Bhavana Naik
21517,35831,0,Manjunath Murthy,Arrest,2026-04-02,Belagavi,Ashwini Hegde
21519,35833,0,Rekha Desai,Arrest,2026-04-02,Ballari,Bhavana Rao
21520,35835,0,Anitha Kumar,Arrest,2026-04-02,Hassan,Shivakumar Naik
21524,35841,0,Deepak Gowda,Arrest,2026-04-02,Shivamogga,Rekha Desai
21526,35843,0,Ashwini Patil,Arrest,2026-04-02,Davanagere,Vinutha Kulkarni
21527,35845,0,Chetan Bhat,Arrest,2026-04-02,Belagavi,Imran Desai
21528,35847,0,Manjunath Rao,Surrender,2026-04-02,Mysuru,Basavaraj Patil
21530,35849,0,Deepak Gowda,Surrender,2026-04-02,Hubballi-Dharwad,Joseph Rao
21531,35851,0,Girish Kulkarni,Surrender,2026-04-02,Kalaburagi,Shivakumar Kulkarni
21532,35853,0,Basavaraj Bhat,Surrender,2026-04-02,Belagavi,Ravi Shetty
21534,35855,0,Pooja Gowda,Arrest,2026-04-02,Bengaluru Rural,Shivakumar Rao
21535,35857,0,Ashwini Kumar,Arrest,2026-04-02,Hubballi-Dharwad,Imran Desai
21537,35859,0,Rekha Kumar,Arrest,2026-04-02,Mysuru,Manjunath Nayak
21539,35861,0,Vinutha Shetty,Arrest,2026-04-03,Mysuru,Kiran Prasad
21542,35865,0,Pooja Shetty,Arrest,2026-04-03,Bengaluru City,Anitha Reddy
21543,35867,0,Anitha Naik,Surrender,2026-04-03,Raichur,Chetan Kumar
21545,35869,0,Basavaraj Shetty,Arrest,2026-04-03,Tumakuru,Ravi Kulkarni
21547,35873,0,Lakshmi Murthy,Surrender,2026-04-03,Bengaluru City,Ashwini Rao
21549,35875,0,Ashwini Prasad,Arrest,2026-04-03,Hubballi-Dharwad,Deepak Hegde
21550,35877,0,Girish Gowda,Arrest,2026-04-03,Hubballi-Dharwad,Vinutha Gowda
21551,35879,0,Vinutha Kumar,Surrender,2026-04-03,Kalaburagi,Fatima Prasad
21553,35885,0,Yashwanth Patil,Surrender,2026-04-03,Bengaluru City,Anitha Hegde
21554,35887,0,Ravi Iyengar,Arrest,2026-04-03,Kalaburagi,Prakash Gowda
21556,35889,0,Pooja Gowda,Arrest,2026-04-03,Bengaluru City,Chetan Nayak
21558,35891,0,Shivakumar Gowda,Arrest,2026-04-03,Vijayapura,Deepak Kumar
21560,35893,0,Bhavana Kulkarni,Arrest,2026-04-03,Bengaluru City,Shivakumar Bhat
21562,35897,0,Anitha Iyengar,Arrest,2026-04-04,Vijayapura,Bhavana Iyengar
21564,35899,0,Prakash Bhat,Arrest,2026-04-04,Udupi,Joseph Rao
21566,35903,0,Pooja Desai,Surrender,2026-04-04,Mangaluru (DK),Bhavana Murthy
21570,35909,0,Pooja Kulkarni,Arrest,2026-04-04,Hassan,Imran Shetty
21572,35913,0,Ashwini Naik,Arrest,2026-04-04,Mysuru,Girish Hegde
21574,35915,0,Pooja Kumar,Arrest,2026-04-04,Ballari,Kiran Gowda
21576,35917,0,Rekha Rao,Arrest,2026-04-04,Davanagere,Joseph Gowda
21579,35923,0,Shivakumar Bhat,Surrender,2026-04-04,Mysuru,Kiran Naik
21581,35925,0,Suresh Nayak,Arrest,2026-04-04,Belagavi,Basavaraj Nayak
21584,35929,0,Pooja Shetty,Surrender,2026-04-05,Mangaluru (DK),Kiran Reddy
21590,35939,0,Ravi Kulkarni,Arrest,2026-04-05,Bengaluru City,Ravi Murthy
21592,35941,0,Imran Naik,Surrender,2026-04-05,Hubballi-Dharwad,Kiran Kulkarni
21593,35943,0,Rekha Rao,Arrest,2026-04-05,Bengaluru City,Deepak Kumar
21596,35949,0,Suresh Shetty,Arrest,2026-04-05,Kalaburagi,Nagaraj Nayak
21597,35951,0,Manjunath Bhat,Arrest,2026-04-05,Bengaluru City,Mary Desai
21602,35959,0,Basavaraj Shetty,Arrest,2026-04-05,Vijayapura,Manjunath Iyengar
21604,35963,0,Prakash Rao,Arrest,2026-04-05,Bengaluru City,Chetan Nayak
21605,35965,0,Shivakumar Desai,Arrest,2026-04-05,Belagavi,Prakash Desai
21606,35967,0,Prakash Hegde,Arrest,2026-04-05,Bengaluru City,Rekha Shetty
21610,35977,0,Vinutha Hegde,Arrest,2026-04-05,Mangaluru (DK),Basavaraj Iyengar
21612,35979,0,Imran Hegde,Arrest,2026-04-06,Bengaluru City,Shivakumar Iyengar
21615,35983,0,Prakash Kumar,Arrest,2026-04-06,Vijayapura,Nagaraj Kumar
21617,35987,0,Vinutha Desai,Surrender,2026-04-06,Bengaluru Rural,Kiran Shetty
21620,35991,0,Bhavana Shetty,Arrest,2026-04-06,Belagavi,Suresh Gowda
21622,35995,0,Ashwini Prasad,Arrest,2026-04-06,Kalaburagi,Joseph Iyengar
21624,35997,0,Ashwini Gowda,Surrender,2026-04-06,Bengaluru City,Vinutha Kulkarni
21627,36005,0,Anitha Iyengar,Arrest,2026-04-06,Belagavi,Fatima Murthy
21629,36009,0,Shivakumar Prasad,Arrest,2026-04-06,Mysuru,Shivakumar Reddy
21634,36025,0,Manjunath Murthy,Arrest,2026-04-07,Bengaluru City,Mary Prasad
21635,36031,0,Bhavana Gowda,Arrest,2026-04-07,Hassan,Mary Kulkarni
21637,36033,0,Rekha Iyengar,Arrest,2026-04-07,Ballari,Basavaraj Bhat
21642,36043,0,Rekha Iyengar,Arrest,2026-04-07,Raichur,Pooja Kumar
21647,36053,0,Shivakumar Nayak,Arrest,2026-04-07,Tumakuru,Basavaraj Prasad
21649,36055,0,Ashwini Shetty,Arrest,2026-04-07,Mysuru,Manjunath Kumar
21650,36057,0,Basavaraj Naik,Arrest,2026-04-07,Udupi,Girish Desai
21651,36059,0,Manjunath Kulkarni,Arrest,2026-04-07,Bengaluru City,Shivakumar Desai
21653,36061,0,Joseph Prasad,Arrest,2026-04-07,Tumakuru,Pooja Rao
21654,36067,0,Deepak Bhat,Arrest,2026-04-08,Raichur,Prakash Kulkarni
21656,36069,0,Girish Hegde,Arrest,2026-04-08,Shivamogga,Anitha Patil
21658,36071,0,Nagaraj Kulkarni,Arrest,2026-04-08,Mysuru,Lakshmi Murthy
21660,36073,0,Anitha Bhat,Arrest,2026-04-08,Hassan,Ashwini Shetty
21662,36075,0,Girish Kumar,Arrest,2026-04-08,Mysuru,Basavaraj Naik
21664,36079,0,Manjunath Hegde,Arrest,2026-04-08,Belagavi,Ashwini Patil
21666,36083,0,Imran Kumar,Arrest,2026-04-08,Shivamogga,Anitha Naik
21668,36085,0,Deepak Nayak,Surrender,2026-04-08,Bengaluru City,Girish Shetty
21670,36087,0,Ashwini Kumar,Arrest,2026-04-08,Bengaluru City,Bhavana Hegde
21671,36089,0,Lakshmi Kulkarni,Arrest,2026-04-08,Shivamogga,Fatima Shetty
21673,36091,0,Lakshmi Nayak,Arrest,2026-04-08,Bengaluru City,Lakshmi Nayak
21674,36093,0,Joseph Nayak,Arrest,2026-04-09,Hubballi-Dharwad,Shivakumar Murthy
21677,36097,0,Pooja Bhat,Arrest,2026-04-09,Bengaluru City,Imran Hegde
21679,36099,0,Joseph Bhat,Arrest,2026-04-09,Mysuru,Prakash Hegde
21681,36101,0,Prakash Gowda,Arrest,2026-04-09,Vijayapura,Pooja Kumar
21683,36103,0,Mary Bhat,Arrest,2026-04-09,Ballari,Vinutha Shetty
21685,36105,0,Imran Patil,Surrender,2026-04-09,Bengaluru City,Anitha Desai
21686,36107,0,Manjunath Rao,Arrest,2026-04-09,Mangaluru (DK),Joseph Bhat
21687,36109,0,Shivakumar Murthy,Surrender,2026-04-09,Bengaluru City,Shivakumar Rao
21689,36113,0,Girish Kulkarni,Arrest,2026-04-09,Belagavi,Ashwini Shetty
21691,36115,0,Vinutha Hegde,Arrest,2026-04-09,Bengaluru City,Prakash Nayak
21693,36117,0,Ravi Rao,Arrest,2026-04-09,Bengaluru City,Manjunath Iyengar
21697,36125,0,Imran Nayak,Arrest,2026-04-09,Bengaluru City,Prakash Murthy
21699,36131,0,Joseph Shetty,Surrender,2026-04-09,Bengaluru City,Yashwanth Gowda
21702,36137,0,Manjunath Shetty,Arrest,2026-04-09,Bengaluru City,Anitha Bhat
21704,36139,0,Joseph Iyengar,Arrest,2026-04-10,Bengaluru City,Prakash Rao
21706,36141,0,Rekha Shetty,Surrender,2026-04-10,Davanagere,Lakshmi Reddy
21709,36149,0,Yashwanth Gowda,Arrest,2026-04-10,Bengaluru City,Fatima Hegde
21710,36151,0,Imran Naik,Arrest,2026-04-10,Kalaburagi,Lakshmi Kulkarni
21711,36153,0,Deepak Murthy,Arrest,2026-04-10,Mangaluru (DK),Chetan Nayak
21714,36159,0,Chetan Nayak,Arrest,2026-04-10,Belagavi,Manjunath Rao
21716,36163,0,Fatima Desai,Arrest,2026-04-10,Kalaburagi,Lakshmi Prasad
21719,36167,0,Joseph Kulkarni,Arrest,2026-04-10,Mangaluru (DK),Girish Shetty
21720,36173,0,Prakash Hegde,Arrest,2026-04-10,Kalaburagi,Lakshmi Patil
21722,36175,0,Rekha Murthy,Arrest,2026-04-10,Belagavi,Kiran Gowda
21723,36177,0,Nagaraj Kulkarni,Arrest,2026-04-10,Hubballi-Dharwad,Vinutha Naik
21725,36181,0,Ravi Prasad,Arrest,2026-04-10,Bengaluru Rural,Anitha Desai
21727,36183,0,Prakash Patil,Arrest,2026-04-10,Mysuru,Nagaraj Reddy
21728,36185,0,Anitha Bhat,Surrender,2026-04-10,Bengaluru City,Ravi Nayak
21729,36187,0,Manjunath Murthy,Arrest,2026-04-10,Bengaluru City,Anitha Naik
21730,36189,0,Prakash Hegde,Arrest,2026-04-10,Bengaluru City,Joseph Murthy
21732,36191,0,Nagaraj Shetty,Arrest,2026-04-10,Mysuru,Joseph Reddy
21733,36195,0,Manjunath Reddy,Surrender,2026-04-11,Bengaluru City,Prakash Shetty
21734,36197,0,Shivakumar Prasad,Surrender,2026-04-11,Bengaluru City,Yashwanth Naik
21736,36199,0,Prakash Nayak,Arrest,2026-04-11,Shivamogga,Joseph Gowda
21738,36201,0,Manjunath Nayak,Arrest,2026-04-11,Kalaburagi,Fatima Shetty
21740,36203,0,Shivakumar Prasad,Arrest,2026-04-11,Vijayapura,Suresh Rao
21742,36205,0,Kiran Naik,Arrest,2026-04-11,Bengaluru City,Anitha Shetty
21745,36209,0,Imran Prasad,Arrest,2026-04-11,Kalaburagi,Anitha Murthy
21747,36211,0,Vinutha Rao,Arrest,2026-04-11,Mysuru,Vinutha Rao
21748,36213,0,Shivakumar Patil,Arrest,2026-04-11,Shivamogga,Girish Desai
21751,36219,0,Lakshmi Desai,Arrest,2026-04-11,Mysuru,Anitha Iyengar
21752,36221,0,Nagaraj Iyengar,Arrest,2026-04-11,Ballari,Deepak Hegde
21756,36227,0,Girish Shetty,Arrest,2026-04-11,Bengaluru City,Rekha Bhat
21757,36231,0,Prakash Patil,Arrest,2026-04-11,Bengaluru City,Nagaraj Nayak
21758,36233,0,Prakash Patil,Surrender,2026-04-11,Raichur,Vinutha Patil
21759,36235,0,Shivakumar Nayak,Surrender,2026-04-11,Vijayapura,Bhavana Kulkarni
21760,36237,0,Joseph Nayak,Arrest,2026-04-12,Belagavi,Fatima Kumar
21761,36239,0,Prakash Gowda,Arrest,2026-04-12,Mysuru,Suresh Iyengar
21763,36241,0,Prakash Nayak,Arrest,2026-04-12,Belagavi,Deepak Kulkarni
21765,36245,0,Girish Rao,Arrest,2026-04-12,Kalaburagi,Imran Hegde
21767,36249,0,Bhavana Bhat,Arrest,2026-04-12,Bengaluru City,Kiran Desai
21769,36251,0,Manjunath Iyengar,Arrest,2026-04-12,Kalaburagi,Kiran Bhat
21772,36255,0,Bhavana Hegde,Arrest,2026-04-12,Raichur,Lakshmi Murthy
21774,36257,0,Anitha Hegde,Arrest,2026-04-12,Udupi,Fatima Shetty
21776,36259,0,Ravi Desai,Arrest,2026-04-12,Mysuru,Imran Murthy
21778,36261,0,Ravi Kumar,Arrest,2026-04-12,Mysuru,Girish Patil
21781,36265,0,Anitha Patil,Arrest,2026-04-12,Hassan,Fatima Desai
21783,36269,0,Anitha Desai,Arrest,2026-04-12,Mysuru,Ashwini Murthy
21784,36271,0,Basavaraj Nayak,Arrest,2026-04-12,Tumakuru,Girish Bhat
21787,36275,0,Pooja Gowda,Surrender,2026-04-12,Mysuru,Manjunath Bhat
21789,36279,0,Kiran Hegde,Arrest,2026-04-12,Mysuru,Joseph Gowda
21790,36281,0,Mary Iyengar,Arrest,2026-04-13,Ballari,Shivakumar Patil
21795,36291,0,Manjunath Shetty,Arrest,2026-04-13,Hubballi-Dharwad,Fatima Kumar
21796,36297,0,Fatima Iyengar,Surrender,2026-04-13,Bengaluru Rural,Suresh Hegde
21797,36299,0,Rekha Kulkarni,Arrest,2026-04-13,Udupi,Ashwini Rao
21799,36301,0,Basavaraj Nayak,Arrest,2026-04-13,Mysuru,Basavaraj Patil
21803,36307,0,Suresh Desai,Arrest,2026-04-13,Mysuru,Yashwanth Kumar
21804,36309,0,Manjunath Naik,Arrest,2026-04-13,Shivamogga,Joseph Iyengar
21807,36313,0,Manjunath Patil,Arrest,2026-04-13,Mysuru,Ashwini Iyengar
21812,36325,0,Manjunath Shetty,Arrest,2026-04-13,Belagavi,Ravi Hegde
21813,36327,0,Basavaraj Kumar,Surrender,2026-04-13,Mysuru,Lakshmi Naik
21814,36333,0,Girish Murthy,Arrest,2026-04-14,Bengaluru City,Kiran Patil
21816,36335,0,Girish Patil,Arrest,2026-04-14,Kalaburagi,Shivakumar Rao
21818,36337,0,Fatima Nayak,Arrest,2026-04-14,Shivamogga,Pooja Bhat
21820,36339,0,Kiran Nayak,Arrest,2026-04-14,Bengaluru City,Girish Gowda
21825,36351,0,Pooja Kumar,Arrest,2026-04-14,Bengaluru City,Shivakumar Rao
21827,36353,0,Yashwanth Rao,Arrest,2026-04-14,Bengaluru City,Mary Bhat
21828,36355,0,Yashwanth Nayak,Arrest,2026-04-14,Belagavi,Girish Gowda
21832,36361,0,Nagaraj Desai,Surrender,2026-04-14,Davanagere,Chetan Kulkarni
21834,36363,0,Suresh Prasad,Arrest,2026-04-14,Davanagere,Chetan Prasad
21836,36365,0,Deepak Bhat,Arrest,2026-04-14,Mangaluru (DK),Imran Patil
21837,36367,0,Girish Kulkarni,Surrender,2026-04-14,Hassan,Joseph Kulkarni
21841,36375,0,Girish Patil,Arrest,2026-04-15,Bengaluru City,Fatima Rao
21842,36377,0,Bhavana Patil,Arrest,2026-04-15,Hubballi-Dharwad,Girish Naik
21843,36379,0,Bhavana Naik,Arrest,2026-04-15,Davanagere,Shivakumar Bhat
21845,36381,0,Mary Patil,Arrest,2026-04-15,Belagavi,Anitha Shetty
21847,36383,0,Deepak Nayak,Arrest,2026-04-15,Mysuru,Suresh Nayak
21849,36385,0,Chetan Iyengar,Arrest,2026-04-15,Bengaluru City,Bhavana Rao
21851,36387,0,Chetan Shetty,Arrest,2026-04-15,Bengaluru City,Rekha Shetty
21853,36389,0,Mary Nayak,Arrest,2026-04-15,Bengaluru Rural,Vinutha Rao
21854,36391,0,Ravi Gowda,Arrest,2026-04-15,Mysuru,Joseph Shetty
21855,36393,0,Manjunath Murthy,Arrest,2026-04-15,Bengaluru City,Pooja Hegde
21858,36397,0,Nagaraj Rao,Arrest,2026-04-15,Mysuru,Pooja Desai
21860,36399,0,Joseph Shetty,Arrest,2026-04-15,Vijayapura,Mary Nayak
21861,36401,0,Shivakumar Gowda,Surrender,2026-04-15,Davanagere,Bhavana Shetty
21864,36405,0,Kiran Murthy,Arrest,2026-04-15,Udupi,Girish Rao
21866,36407,0,Basavaraj Patil,Surrender,2026-04-15,Bengaluru City,Chetan Desai
21867,36409,0,Joseph Hegde,Arrest,2026-04-15,Bengaluru City,Lakshmi Murthy
21868,36411,0,Yashwanth Patil,Arrest,2026-04-15,Vijayapura,Vinutha Murthy
21870,36415,0,Chetan Naik,Arrest,2026-04-16,Mysuru,Mary Prasad
21872,36417,0,Joseph Iyengar,Arrest,2026-04-16,Udupi,Girish Naik
21874,36419,0,Basavaraj Nayak,Arrest,2026-04-16,Bengaluru City,Suresh Gowda
21876,36421,0,Anitha Patil,Arrest,2026-04-16,Mysuru,Imran Nayak
21878,36423,0,Vinutha Desai,Arrest,2026-04-16,Bengaluru City,Vinutha Rao
21884,36433,0,Nagaraj Bhat,Arrest,2026-04-16,Vijayapura,Prakash Murthy
21886,36435,0,Rekha Rao,Arrest,2026-04-16,Bengaluru City,Prakash Desai
21888,36437,0,Vinutha Iyengar,Arrest,2026-04-16,Bengaluru City,Imran Gowda
21890,36439,0,Girish Shetty,Arrest,2026-04-16,Belagavi,Prakash Kulkarni
21891,36441,0,Shivakumar Kulkarni,Arrest,2026-04-16,Bengaluru City,Vinutha Prasad
21893,36443,0,Joseph Patil,Arrest,2026-04-16,Mysuru,Lakshmi Iyengar
21895,36449,0,Shivakumar Kulkarni,Arrest,2026-04-16,Shivamogga,Kiran Shetty
21898,36453,0,Ashwini Naik,Arrest,2026-04-16,Bengaluru City,Rekha Nayak
21900,36455,0,Yashwanth Patil,Arrest,2026-04-16,Kalaburagi,Deepak Hegde
21903,36459,0,Deepak Hegde,Arrest,2026-04-16,Bengaluru City,Suresh Murthy
21906,36465,0,Manjunath Naik,Arrest,2026-04-17,Hassan,Suresh Reddy
21908,36467,0,Lakshmi Murthy,Surrender,2026-04-17,Mysuru,Anitha Iyengar
21910,36469,0,Ravi Iyengar,Surrender,2026-04-17,Belagavi,Ravi Kumar
21912,36471,0,Ashwini Reddy,Arrest,2026-04-17,Mysuru,Basavaraj Hegde
21913,36473,0,Manjunath Gowda,Arrest,2026-04-17,Bengaluru City,Nagaraj Bhat
21915,36477,0,Lakshmi Naik,Arrest,2026-04-17,Vijayapura,Yashwanth Iyengar
21918,36481,0,Shivakumar Hegde,Surrender,2026-04-17,Bengaluru City,Joseph Rao
21920,36485,0,Suresh Bhat,Surrender,2026-04-17,Shivamogga,Lakshmi Patil
21922,36487,0,Deepak Rao,Arrest,2026-04-17,Udupi,Mary Hegde
21924,36489,0,Joseph Nayak,Arrest,2026-04-17,Kalaburagi,Mary Bhat
21926,36491,0,Girish Bhat,Arrest,2026-04-17,Bengaluru City,Nagaraj Nayak
21928,36493,0,Shivakumar Reddy,Arrest,2026-04-17,Belagavi,Fatima Gowda
21930,36497,0,Chetan Murthy,Arrest,2026-04-17,Shivamogga,Kiran Kulkarni
21932,36499,0,Bhavana Iyengar,Arrest,2026-04-17,Hassan,Lakshmi Patil
21934,36501,0,Ravi Patil,Arrest,2026-04-17,Kalaburagi,Imran Patil
21938,36511,0,Basavaraj Reddy,Surrender,2026-04-18,Shivamogga,Shivakumar Gowda
21940,36515,0,Fatima Desai,Arrest,2026-04-18,Bengaluru City,Anitha Naik
21942,36517,0,Ashwini Bhat,Arrest,2026-04-18,Mysuru,Fatima Naik
21944,36519,0,Joseph Prasad,Arrest,2026-04-18,Hassan,Deepak Iyengar
21948,36525,0,Prakash Rao,Surrender,2026-04-18,Bengaluru City,Lakshmi Gowda
21949,36527,0,Shivakumar Prasad,Arrest,2026-04-18,Bengaluru City,Ashwini Rao
21952,36539,0,Bhavana Rao,Arrest,2026-04-18,Bengaluru City,Pooja Prasad
21954,36543,0,Imran Naik,Arrest,2026-04-18,Kalaburagi,Shivakumar Reddy
21958,36551,0,Shivakumar Naik,Arrest,2026-04-18,Kalaburagi,Deepak Reddy
21959,36555,0,Suresh Hegde,Arrest,2026-04-19,Hubballi-Dharwad,Ashwini Prasad
21960,36557,0,Prakash Desai,Arrest,2026-04-19,Hubballi-Dharwad,Kiran Kulkarni
21962,36559,0,Deepak Naik,Arrest,2026-04-19,Bengaluru City,Girish Gowda
21964,36561,0,Girish Kulkarni,Arrest,2026-04-19,Bengaluru Rural,Deepak Shetty
21966,36563,0,Ashwini Hegde,Arrest,2026-04-19,Mysuru,Anitha Hegde
21968,36565,0,Prakash Shetty,Arrest,2026-04-19,Mangaluru (DK),Fatima Naik
21969,36567,0,Nagaraj Iyengar,Arrest,2026-04-19,Raichur,Lakshmi Shetty
21971,36569,0,Nagaraj Reddy,Arrest,2026-04-19,Mangaluru (DK),Girish Iyengar
21974,36573,0,Nagaraj Shetty,Arrest,2026-04-19,Udupi,Bhavana Murthy
21977,36577,0,Prakash Iyengar,Arrest,2026-04-19,Bengaluru Rural,Vinutha Iyengar
21978,36579,0,Girish Prasad,Arrest,2026-04-19,Bengaluru City,Suresh Iyengar
21980,36581,0,Deepak Desai,Arrest,2026-04-19,Kalaburagi,Ashwini Murthy
21981,36583,0,Deepak Bhat,Arrest,2026-04-19,Belagavi,Basavaraj Naik
21985,36589,0,Ashwini Rao,Surrender,2026-04-19,Ballari,Ashwini Prasad
21987,36591,0,Manjunath Naik,Arrest,2026-04-19,Mangaluru (DK),Vinutha Kulkarni
21989,36593,0,Pooja Iyengar,Arrest,2026-04-19,Bengaluru Rural,Fatima Shetty
21991,36599,0,Suresh Nayak,Arrest,2026-04-19,Raichur,Ashwini Rao
21994,36603,0,Anitha Shetty,Arrest,2026-04-20,Bengaluru City,Yashwanth Murthy
21995,36607,0,Girish Patil,Arrest,2026-04-20,Hassan,Joseph Hegde
21997,36609,0,Bhavana Hegde,Arrest,2026-04-20,Bengaluru Rural,Vinutha Rao
21999,36611,0,Ashwini Gowda,Arrest,2026-04-20,Shivamogga,Nagaraj Iyengar
22003,36617,0,Bhavana Murthy,Surrender,2026-04-20,Kalaburagi,Suresh Kulkarni
22005,36619,0,Vinutha Gowda,Arrest,2026-04-20,Kalaburagi,Joseph Iyengar
22008,36625,0,Fatima Kulkarni,Surrender,2026-04-20,Vijayapura,Yashwanth Iyengar
22009,36627,0,Basavaraj Naik,Arrest,2026-04-20,Vijayapura,Mary Gowda
22011,36633,0,Bhavana Iyengar,Arrest,2026-04-20,Tumakuru,Manjunath Naik
22013,36637,0,Anitha Reddy,Arrest,2026-04-20,Mysuru,Kiran Rao
22016,36643,0,Girish Murthy,Arrest,2026-04-20,Belagavi,Kiran Kulkarni
22018,36647,0,Chetan Prasad,Arrest,2026-04-20,Udupi,Mary Reddy
22019,36649,0,Girish Iyengar,Arrest,2026-04-20,Kalaburagi,Imran Rao
22020,36651,0,Girish Reddy,Arrest,2026-04-20,Bengaluru City,Fatima Nayak
22022,36653,0,Nagaraj Reddy,Arrest,2026-04-20,Ballari,Prakash Prasad
22025,36659,0,Chetan Hegde,Surrender,2026-04-21,Bengaluru City,Pooja Bhat
22027,36663,0,Anitha Reddy,Arrest,2026-04-21,Ballari,Mary Nayak
22028,36665,0,Prakash Gowda,Arrest,2026-04-21,Bengaluru City,Girish Gowda
22029,36667,0,Nagaraj Prasad,Arrest,2026-04-21,Bengaluru City,Girish Shetty
22031,36669,0,Shivakumar Patil,Arrest,2026-04-21,Vijayapura,Fatima Iyengar
22033,36671,0,Pooja Iyengar,Arrest,2026-04-21,Bengaluru City,Fatima Reddy
22035,36675,0,Manjunath Rao,Arrest,2026-04-21,Shivamogga,Nagaraj Kulkarni
22038,36683,0,Chetan Rao,Arrest,2026-04-21,Kalaburagi,Girish Nayak
22040,36685,0,Joseph Nayak,Arrest,2026-04-21,Mangaluru (DK),Ravi Hegde
22041,36687,0,Joseph Prasad,Arrest,2026-04-21,Mangaluru (DK),Ashwini Bhat
22043,36693,0,Kiran Patil,Arrest,2026-04-21,Bengaluru City,Girish Kulkarni
22046,36697,0,Deepak Shetty,Arrest,2026-04-21,Tumakuru,Pooja Bhat
22048,36699,0,Suresh Nayak,Surrender,2026-04-21,Mysuru,Bhavana Murthy
22049,36701,0,Ravi Reddy,Arrest,2026-04-21,Bengaluru City,Rekha Iyengar
22051,36703,0,Lakshmi Prasad,Arrest,2026-04-21,Bengaluru City,Chetan Nayak
22053,36705,0,Bhavana Rao,Arrest,2026-04-22,Udupi,Manjunath Patil
22055,36713,0,Vinutha Gowda,Arrest,2026-04-22,Hubballi-Dharwad,Shivakumar Iyengar
22056,36715,0,Joseph Hegde,Arrest,2026-04-22,Udupi,Ravi Iyengar
22057,36717,0,Manjunath Naik,Arrest,2026-04-22,Kalaburagi,Girish Desai
22058,36719,0,Prakash Kumar,Arrest,2026-04-22,Mangaluru (DK),Manjunath Reddy
22060,36721,0,Kiran Reddy,Arrest,2026-04-22,Bengaluru City,Ashwini Gowda
22061,36723,0,Ravi Naik,Arrest,2026-04-22,Vijayapura,Kiran Bhat
22062,36725,0,Deepak Shetty,Arrest,2026-04-22,Belagavi,Deepak Kumar
22065,36729,0,Kiran Iyengar,Arrest,2026-04-22,Bengaluru City,Bhavana Rao
22066,36733,0,Prakash Shetty,Arrest,2026-04-22,Kalaburagi,Lakshmi Kumar
22068,36735,0,Chetan Murthy,Arrest,2026-04-22,Vijayapura,Mary Nayak
22070,36737,0,Pooja Hegde,Arrest,2026-04-22,Bengaluru City,Ashwini Murthy
22073,36743,0,Bhavana Reddy,Arrest,2026-04-22,Bengaluru City,Suresh Patil
22077,36749,0,Kiran Nayak,Arrest,2026-04-22,Mysuru,Lakshmi Shetty
22079,36753,0,Yashwanth Bhat,Surrender,2026-04-22,Mysuru,Deepak Nayak
22080,36755,0,Basavaraj Shetty,Arrest,2026-04-22,Bengaluru Rural,Rekha Reddy
22081,36757,0,Imran Gowda,Arrest,2026-04-22,Bengaluru City,Lakshmi Kumar
22082,36759,0,Bhavana Hegde,Arrest,2026-04-22,Hubballi-Dharwad,Girish Hegde
22085,36765,0,Pooja Desai,Arrest,2026-04-22,Bengaluru City,Yashwanth Kumar
22086,36767,0,Yashwanth Naik,Arrest,2026-04-22,Vijayapura,Prakash Rao
22088,36771,0,Bhavana Reddy,Arrest,2026-04-22,Ballari,Suresh Bhat
22090,36775,0,Mary Bhat,Arrest,2026-04-23,Mysuru,Vinutha Hegde
22092,36779,0,Anitha Murthy,Arrest,2026-04-23,Mangaluru (DK),Pooja Nayak
22094,36781,0,Fatima Iyengar,Arrest,2026-04-23,Mysuru,Vinutha Patil
22098,36787,0,Shivakumar Prasad,Arrest,2026-04-23,Bengaluru City,Manjunath Naik
22100,36789,0,Girish Prasad,Arrest,2026-04-23,Ballari,Ravi Naik
22102,36791,0,Mary Murthy,Arrest,2026-04-23,Belagavi,Rekha Reddy
22103,36793,0,Deepak Rao,Arrest,2026-04-23,Belagavi,Girish Patil
22105,36795,0,Shivakumar Hegde,Arrest,2026-04-23,Udupi,Pooja Bhat
22107,36797,0,Manjunath Reddy,Arrest,2026-04-23,Vijayapura,Ravi Iyengar
22109,36799,0,Nagaraj Patil,Arrest,2026-04-23,Bengaluru City,Girish Gowda
22113,36805,0,Lakshmi Murthy,Arrest,2026-04-23,Hubballi-Dharwad,Anitha Gowda
22115,36807,0,Ravi Iyengar,Arrest,2026-04-23,Ballari,Yashwanth Reddy
22117,36809,0,Prakash Shetty,Arrest,2026-04-23,Vijayapura,Rekha Bhat
22118,36815,0,Chetan Kumar,Arrest,2026-04-23,Raichur,Vinutha Rao
22120,36817,0,Basavaraj Patil,Arrest,2026-04-23,Hassan,Basavaraj Shetty
22123,36823,0,Yashwanth Kulkarni,Arrest,2026-04-24,Mysuru,Lakshmi Murthy
22125,36825,0,Fatima Kumar,Arrest,2026-04-24,Kalaburagi,Bhavana Gowda
22127,36829,0,Bhavana Kumar,Arrest,2026-04-24,Bengaluru City,Joseph Patil
22129,36833,0,Pooja Gowda,Surrender,2026-04-24,Vijayapura,Yashwanth Iyengar
22130,36837,0,Anitha Patil,Arrest,2026-04-24,Bengaluru City,Chetan Kumar
22132,36839,0,Lakshmi Hegde,Arrest,2026-04-24,Shivamogga,Suresh Patil
22134,36841,0,Mary Rao,Arrest,2026-04-24,Kalaburagi,Chetan Bhat
22136,36847,0,Ravi Iyengar,Arrest,2026-04-24,Vijayapura,Anitha Patil
22140,36855,0,Manjunath Nayak,Arrest,2026-04-24,Hubballi-Dharwad,Anitha Iyengar
22142,36859,0,Ashwini Bhat,Surrender,2026-04-24,Raichur,Manjunath Murthy
22144,36861,0,Imran Reddy,Arrest,2026-04-24,Shivamogga,Kiran Hegde
22146,36863,0,Basavaraj Kumar,Arrest,2026-04-25,Mysuru,Shivakumar Prasad
22148,36865,0,Basavaraj Naik,Arrest,2026-04-25,Hubballi-Dharwad,Imran Reddy
22149,36869,0,Ravi Gowda,Arrest,2026-04-25,Vijayapura,Pooja Patil
22151,36871,0,Deepak Patil,Surrender,2026-04-25,Ballari,Prakash Kumar
22153,36873,0,Deepak Prasad,Surrender,2026-04-25,Vijayapura,Mary Iyengar
22154,36875,0,Joseph Nayak,Arrest,2026-04-25,Bengaluru City,Joseph Gowda
22156,36879,0,Fatima Iyengar,Arrest,2026-04-25,Tumakuru,Imran Prasad
22157,36881,0,Manjunath Reddy,Arrest,2026-04-25,Ballari,Vinutha Murthy
22159,36883,0,Shivakumar Murthy,Surrender,2026-04-25,Bengaluru City,Ashwini Naik
22161,36885,0,Nagaraj Gowda,Arrest,2026-04-25,Bengaluru City,Fatima Prasad
22163,36889,0,Pooja Kumar,Arrest,2026-04-25,Bengaluru City,Basavaraj Iyengar
22164,36891,0,Kiran Prasad,Arrest,2026-04-25,Bengaluru City,Nagaraj Prasad
22166,36893,0,Joseph Kumar,Arrest,2026-04-25,Hassan,Lakshmi Naik
22168,36895,0,Chetan Kumar,Arrest,2026-04-25,Bengaluru City,Chetan Reddy
22170,36897,0,Basavaraj Naik,Arrest,2026-04-25,Mysuru,Ravi Kulkarni
22172,36901,0,Joseph Gowda,Surrender,2026-04-25,Mangaluru (DK),Pooja Naik
22175,36907,0,Girish Patil,Surrender,2026-04-25,Davanagere,Ashwini Iyengar
22177,36909,0,Nagaraj Gowda,Arrest,2026-04-25,Bengaluru City,Bhavana Prasad
22178,36911,0,Prakash Patil,Arrest,2026-04-26,Mysuru,Fatima Shetty
22180,36913,0,Nagaraj Kulkarni,Arrest,2026-04-26,Mangaluru (DK),Nagaraj Kulkarni
22182,36917,0,Kiran Desai,Arrest,2026-04-26,Vijayapura,Anitha Iyengar
22184,36919,0,Kiran Reddy,Surrender,2026-04-26,Ballari,Pooja Desai
22186,36921,0,Imran Kumar,Arrest,2026-04-26,Bengaluru City,Fatima Kumar
22189,36925,0,Deepak Nayak,Arrest,2026-04-26,Tumakuru,Fatima Shetty
22191,36927,0,Imran Rao,Arrest,2026-04-26,Hassan,Vinutha Shetty
22193,36929,0,Basavaraj Bhat,Arrest,2026-04-26,Bengaluru City,Basavaraj Kulkarni
22195,36931,0,Manjunath Iyengar,Arrest,2026-04-26,Bengaluru Rural,Ashwini Naik
22196,36933,0,Pooja Kumar,Arrest,2026-04-26,Mysuru,Basavaraj Rao
22198,36935,0,Nagaraj Shetty,Arrest,2026-04-26,Hassan,Anitha Kumar
22200,36937,0,Girish Gowda,Surrender,2026-04-26,Tumakuru,Basavaraj Prasad
22202,36939,0,Manjunath Nayak,Surrender,2026-04-26,Shivamogga,Ravi Bhat
22204,36943,0,Nagaraj Desai,Arrest,2026-04-26,Hubballi-Dharwad,Suresh Kumar
22207,36947,0,Kiran Iyengar,Surrender,2026-04-26,Raichur,Lakshmi Reddy
22208,36949,0,Rekha Naik,Arrest,2026-04-27,Udupi,Girish Kumar
22212,36955,0,Nagaraj Prasad,Surrender,2026-04-27,Udupi,Ravi Desai
22215,36961,0,Deepak Prasad,Arrest,2026-04-27,Kalaburagi,Chetan Gowda
22216,36965,0,Shivakumar Rao,Arrest,2026-04-27,Bengaluru Rural,Prakash Nayak
22218,36967,0,Deepak Rao,Arrest,2026-04-27,Tumakuru,Nagaraj Kulkarni
22222,36977,0,Ravi Shetty,Arrest,2026-04-27,Mysuru,Rekha Shetty
22227,36989,0,Lakshmi Patil,Arrest,2026-04-27,Bengaluru City,Ashwini Kulkarni
22228,36991,0,Girish Kumar,Surrender,2026-04-27,Udupi,Bhavana Naik
22231,36995,0,Anitha Murthy,Arrest,2026-04-27,Udupi,Suresh Desai
22233,36997,0,Deepak Kulkarni,Surrender,2026-04-27,Mysuru,Nagaraj Kumar
22235,36999,0,Kiran Iyengar,Arrest,2026-04-28,Bengaluru City,Anitha Nayak
22237,37001,0,Ashwini Nayak,Arrest,2026-04-28,Udupi,Yashwanth Iyengar
22239,37003,0,Deepak Shetty,Arrest,2026-04-28,Mysuru,Ravi Bhat
22241,37005,0,Girish Iyengar,Arrest,2026-04-28,Hassan,Imran Reddy
22246,37015,0,Basavaraj Desai,Arrest,2026-04-28,Hassan,Rekha Patil
22247,37017,0,Manjunath Rao,Arrest,2026-04-28,Kalaburagi,Prakash Kumar
22249,37019,0,Yashwanth Gowda,Arrest,2026-04-28,Bengaluru City,Ravi Bhat
22251,37021,0,Prakash Nayak,Arrest,2026-04-28,Mysuru,Manjunath Murthy
22253,37023,0,Pooja Iyengar,Arrest,2026-04-28,Mangaluru (DK),Ashwini Hegde
22255,37027,0,Pooja Rao,Arrest,2026-04-28,Mangaluru (DK),Shivakumar Kumar
22257,37029,0,Yashwanth Gowda,Surrender,2026-04-28,Bengaluru City,Prakash Kulkarni
22258,37031,0,Suresh Prasad,Arrest,2026-04-28,Bengaluru Rural,Anitha Kumar
22260,37033,0,Deepak Shetty,Arrest,2026-04-28,Davanagere,Pooja Naik
22262,37039,0,Fatima Shetty,Arrest,2026-04-28,Hubballi-Dharwad,Vinutha Iyengar
22264,37041,0,Manjunath Iyengar,Surrender,2026-04-28,Mangaluru (DK),Imran Murthy
22266,37043,0,Fatima Kulkarni,Arrest,2026-04-28,Bengaluru City,Fatima Iyengar
22267,37045,0,Imran Desai,Arrest,2026-04-29,Hubballi-Dharwad,Lakshmi Kumar
22269,37047,0,Rekha Murthy,Surrender,2026-04-29,Bengaluru City,Joseph Kumar
22271,37051,0,Ravi Kumar,Arrest,2026-04-29,Hassan,Anitha Patil
22275,37057,0,Anitha Iyengar,Arrest,2026-04-29,Bengaluru City,Lakshmi Desai
22277,37069,0,Prakash Reddy,Arrest,2026-04-29,Mysuru,Suresh Desai
22278,37071,0,Pooja Hegde,Arrest,2026-04-29,Bengaluru City,Suresh Reddy
22279,37073,0,Rekha Desai,Arrest,2026-04-29,Davanagere,Imran Patil
22281,37075,0,Basavaraj Kulkarni,Arrest,2026-04-29,Bengaluru City,Shivakumar Desai
22282,37077,0,Kiran Gowda,Arrest,2026-04-29,Bengaluru City,Manjunath Patil
22284,37081,0,Ravi Reddy,Arrest,2026-04-29,Ballari,Basavaraj Hegde
22286,37085,0,Pooja Gowda,Surrender,2026-04-29,Bengaluru City,Kiran Reddy
22290,37091,0,Joseph Reddy,Arrest,2026-04-30,Tumakuru,Anitha Gowda
22295,37101,0,Bhavana Gowda,Arrest,2026-04-30,Belagavi,Lakshmi Prasad
22297,37103,0,Pooja Kumar,Arrest,2026-04-30,Bengaluru City,Manjunath Shetty
22298,37105,0,Anitha Patil,Arrest,2026-04-30,Kalaburagi,Rekha Bhat
22300,37109,0,Ravi Reddy,Arrest,2026-04-30,Hubballi-Dharwad,Kiran Murthy
22302,37115,0,Yashwanth Patil,Surrender,2026-04-30,Bengaluru Rural,Kiran Desai
22303,37117,0,Shivakumar Iyengar,Arrest,2026-04-30,Bengaluru City,Rekha Iyengar
22306,37121,0,Basavaraj Bhat,Arrest,2026-04-30,Shivamogga,Bhavana Bhat
22308,37127,0,Lakshmi Prasad,Arrest,2026-04-30,Mysuru,Pooja Iyengar
22309,37129,0,Deepak Gowda,Surrender,2026-05-01,Vijayapura,Ravi Naik
22311,37131,0,Deepak Hegde,Surrender,2026-05-01,Hubballi-Dharwad,Chetan Kumar
22312,37133,0,Imran Nayak,Arrest,2026-05-01,Shivamogga,Shivakumar Reddy
22316,37139,0,Shivakumar Hegde,Arrest,2026-05-01,Bengaluru City,Vinutha Patil
22317,37141,0,Pooja Nayak,Arrest,2026-05-01,Mangaluru (DK),Joseph Naik
22319,37143,0,Ashwini Hegde,Arrest,2026-05-01,Belagavi,Imran Gowda
22321,37145,0,Shivakumar Patil,Arrest,2026-05-01,Raichur,Fatima Hegde
22323,37149,0,Rekha Murthy,Arrest,2026-05-01,Udupi,Nagaraj Kulkarni
22325,37151,0,Lakshmi Patil,Arrest,2026-05-01,Hubballi-Dharwad,Fatima Gowda
22326,37153,0,Deepak Naik,Arrest,2026-05-01,Belagavi,Nagaraj Prasad
22328,37161,0,Rekha Shetty,Arrest,2026-05-01,Davanagere,Shivakumar Patil
22330,37165,0,Imran Reddy,Arrest,2026-05-01,Kalaburagi,Rekha Nayak
22332,37167,0,Anitha Desai,Arrest,2026-05-01,Vijayapura,Girish Prasad
22334,37171,0,Prakash Nayak,Arrest,2026-05-01,Shivamogga,Nagaraj Hegde
22336,37173,0,Mary Iyengar,Surrender,2026-05-01,Hassan,Nagaraj Nayak
22337,37175,0,Anitha Naik,Surrender,2026-05-01,Hubballi-Dharwad,Fatima Shetty
22339,37177,0,Ashwini Kumar,Arrest,2026-05-01,Mangaluru (DK),Manjunath Bhat
22340,37181,0,Manjunath Reddy,Arrest,2026-05-01,Hassan,Prakash Patil
22342,37183,0,Kiran Murthy,Arrest,2026-05-01,Mangaluru (DK),Fatima Patil
22344,37185,0,Manjunath Kumar,Arrest,2026-05-01,Bengaluru City,Kiran Reddy
22345,37187,0,Vinutha Rao,Arrest,2026-05-01,Kalaburagi,Yashwanth Naik
22346,37193,0,Lakshmi Nayak,Arrest,2026-05-02,Bengaluru City,Imran Rao
22347,37195,0,Anitha Shetty,Arrest,2026-05-02,Hubballi-Dharwad,Nagaraj Desai
22348,37199,0,Nagaraj Reddy,Arrest,2026-05-02,Mysuru,Girish Shetty
22349,37201,0,Manjunath Kumar,Arrest,2026-05-02,Bengaluru City,Prakash Naik
22350,37203,0,Manjunath Desai,Arrest,2026-05-02,Bengaluru City,Girish Gowda
22354,37209,0,Vinutha Gowda,Surrender,2026-05-02,Bengaluru City,Deepak Shetty
22356,37211,0,Shivakumar Kulkarni,Arrest,2026-05-02,Belagavi,Anitha Naik
22358,37215,0,Manjunath Naik,Arrest,2026-05-02,Bengaluru City,Vinutha Kulkarni
22359,37217,0,Yashwanth Prasad,Arrest,2026-05-02,Bengaluru City,Suresh Reddy
22361,37221,0,Prakash Bhat,Arrest,2026-05-02,Vijayapura,Nagaraj Reddy
22363,37223,0,Anitha Bhat,Surrender,2026-05-02,Mangaluru (DK),Anitha Nayak
22364,37225,0,Basavaraj Prasad,Arrest,2026-05-02,Kalaburagi,Nagaraj Hegde
22366,37227,0,Rekha Murthy,Arrest,2026-05-02,Hubballi-Dharwad,Anitha Rao
22368,37231,0,Rekha Kumar,Arrest,2026-05-02,Davanagere,Basavaraj Murthy
22369,37233,0,Deepak Nayak,Arrest,2026-05-03,Shivamogga,Pooja Iyengar
22370,37237,0,Bhavana Bhat,Arrest,2026-05-03,Hassan,Lakshmi Murthy
22372,37239,0,Joseph Prasad,Arrest,2026-05-03,Vijayapura,Nagaraj Reddy
22374,37241,0,Basavaraj Kumar,Arrest,2026-05-03,Mangaluru (DK),Girish Iyengar
22375,37243,0,Nagaraj Nayak,Arrest,2026-05-03,Mysuru,Fatima Kulkarni
22377,37247,0,Basavaraj Bhat,Arrest,2026-05-03,Shivamogga,Girish Murthy
22378,37249,0,Lakshmi Nayak,Arrest,2026-05-03,Hubballi-Dharwad,Lakshmi Kulkarni
22381,37253,0,Nagaraj Kumar,Arrest,2026-05-03,Bengaluru City,Fatima Reddy
22383,37257,0,Basavaraj Bhat,Arrest,2026-05-03,Hassan,Prakash Rao
22386,37265,0,Prakash Naik,Arrest,2026-05-03,Mysuru,Prakash Shetty
22387,37267,0,Imran Kumar,Surrender,2026-05-03,Hassan,Yashwanth Kulkarni
22390,37273,0,Ashwini Naik,Arrest,2026-05-03,Udupi,Manjunath Patil
22392,37275,0,Yashwanth Bhat,Arrest,2026-05-03,Davanagere,Pooja Nayak
22394,37277,0,Imran Rao,Arrest,2026-05-04,Kalaburagi,Manjunath Nayak
22397,37281,0,Deepak Kumar,Arrest,2026-05-04,Belagavi,Mary Rao
22399,37283,0,Joseph Prasad,Arrest,2026-05-04,Kalaburagi,Chetan Kumar
22403,37291,0,Ashwini Iyengar,Arrest,2026-05-04,Bengaluru City,Bhavana Prasad
22405,37293,0,Deepak Shetty,Arrest,2026-05-04,Mysuru,Basavaraj Kulkarni
22407,37297,0,Kiran Gowda,Arrest,2026-05-04,Belagavi,Girish Rao
22409,37301,0,Suresh Shetty,Arrest,2026-05-04,Belagavi,Vinutha Bhat
22411,37305,0,Kiran Prasad,Arrest,2026-05-04,Bengaluru City,Shivakumar Kulkarni
22413,37307,0,Chetan Kumar,Arrest,2026-05-04,Hassan,Imran Hegde
22415,37309,0,Yashwanth Shetty,Arrest,2026-05-05,Mangaluru (DK),Bhavana Gowda
22417,37311,0,Shivakumar Rao,Arrest,2026-05-05,Ballari,Basavaraj Kulkarni
22418,37315,0,Bhavana Bhat,Arrest,2026-05-05,Shivamogga,Bhavana Gowda
22420,37317,0,Prakash Naik,Surrender,2026-05-05,Kalaburagi,Nagaraj Kumar
22421,37319,0,Shivakumar Desai,Arrest,2026-05-05,Bengaluru City,Pooja Desai
22422,37321,0,Chetan Reddy,Arrest,2026-05-05,Raichur,Prakash Kulkarni
22423,37323,0,Kiran Nayak,Arrest,2026-05-05,Shivamogga,Suresh Gowda
22425,37327,0,Vinutha Kulkarni,Surrender,2026-05-05,Bengaluru City,Lakshmi Hegde
22430,37339,0,Yashwanth Prasad,Surrender,2026-05-05,Bengaluru City,Vinutha Rao
22432,37341,0,Rekha Nayak,Arrest,2026-05-05,Bengaluru City,Pooja Murthy
22433,37343,0,Manjunath Prasad,Arrest,2026-05-05,Bengaluru City,Ashwini Kulkarni
22435,37345,0,Prakash Rao,Surrender,2026-05-05,Bengaluru City,Vinutha Gowda
22437,37347,0,Deepak Iyengar,Arrest,2026-05-05,Bengaluru City,Rekha Shetty
22438,37349,0,Pooja Nayak,Surrender,2026-05-05,Bengaluru City,Shivakumar Rao
22439,37353,0,Nagaraj Prasad,Surrender,2026-05-05,Tumakuru,Shivakumar Nayak
22441,37355,0,Deepak Iyengar,Arrest,2026-05-05,Davanagere,Anitha Gowda
22442,37357,0,Kiran Reddy,Surrender,2026-05-05,Mysuru,Shivakumar Shetty
22444,37359,0,Deepak Murthy,Arrest,2026-05-05,Mysuru,Anitha Reddy
22446,37361,0,Nagaraj Patil,Arrest,2026-05-06,Hassan,Yashwanth Prasad
22448,37363,0,Girish Gowda,Surrender,2026-05-06,Bengaluru City,Ravi Bhat
22449,37367,0,Mary Hegde,Arrest,2026-05-06,Kalaburagi,Shivakumar Naik
22452,37373,0,Nagaraj Hegde,Arrest,2026-05-06,Bengaluru City,Girish Kumar
22453,37375,0,Lakshmi Murthy,Arrest,2026-05-06,Ballari,Anitha Kumar
22454,37377,0,Lakshmi Desai,Arrest,2026-05-06,Ballari,Suresh Prasad
22456,37381,0,Pooja Shetty,Arrest,2026-05-06,Hubballi-Dharwad,Shivakumar Gowda
22458,37383,0,Suresh Gowda,Surrender,2026-05-06,Udupi,Basavaraj Hegde
22459,37385,0,Shivakumar Gowda,Surrender,2026-05-06,Davanagere,Ashwini Reddy
22461,37387,0,Manjunath Nayak,Arrest,2026-05-06,Ballari,Anitha Desai
22463,37389,0,Basavaraj Kumar,Surrender,2026-05-06,Bengaluru City,Yashwanth Murthy
22465,37391,0,Manjunath Patil,Arrest,2026-05-06,Bengaluru City,Rekha Patil
22466,37393,0,Nagaraj Rao,Arrest,2026-05-06,Mangaluru (DK),Deepak Desai
22468,37395,0,Girish Prasad,Arrest,2026-05-06,Tumakuru,Mary Hegde
22471,37401,0,Pooja Patil,Arrest,2026-05-06,Hubballi-Dharwad,Chetan Kulkarni
22473,37403,0,Imran Bhat,Surrender,2026-05-06,Bengaluru City,Ashwini Desai
22476,37407,0,Basavaraj Rao,Arrest,2026-05-06,Bengaluru City,Lakshmi Iyengar
22480,37417,0,Ravi Murthy,Arrest,2026-05-07,Mangaluru (DK),Lakshmi Reddy
22482,37419,0,Bhavana Naik,Arrest,2026-05-07,Shivamogga,Pooja Desai
22483,37421,0,Pooja Shetty,Arrest,2026-05-07,Bengaluru City,Vinutha Patil
22486,37425,0,Rekha Desai,Arrest,2026-05-07,Bengaluru City,Kiran Patil
22488,37427,0,Basavaraj Naik,Arrest,2026-05-07,Hubballi-Dharwad,Manjunath Murthy
22490,37429,0,Kiran Iyengar,Surrender,2026-05-07,Kalaburagi,Girish Iyengar
22492,37431,0,Fatima Iyengar,Arrest,2026-05-07,Udupi,Suresh Bhat
22493,37433,0,Girish Gowda,Surrender,2026-05-07,Belagavi,Chetan Kumar
22494,37435,0,Manjunath Kumar,Arrest,2026-05-07,Raichur,Ravi Bhat
22496,37437,0,Nagaraj Gowda,Arrest,2026-05-07,Vijayapura,Kiran Nayak
22497,37439,0,Ravi Reddy,Arrest,2026-05-07,Bengaluru City,Anitha Kulkarni
22498,37441,0,Ravi Desai,Arrest,2026-05-07,Bengaluru Rural,Suresh Rao
22499,37443,0,Vinutha Patil,Arrest,2026-05-07,Bengaluru City,Prakash Desai
22502,37449,0,Kiran Kulkarni,Arrest,2026-05-07,Raichur,Yashwanth Iyengar
22508,37467,0,Manjunath Hegde,Surrender,2026-05-08,Hubballi-Dharwad,Chetan Gowda
22509,37469,0,Ashwini Kumar,Arrest,2026-05-08,Kalaburagi,Yashwanth Nayak
22511,37471,0,Kiran Kulkarni,Arrest,2026-05-08,Bengaluru City,Ravi Bhat
22512,37473,0,Girish Rao,Arrest,2026-05-08,Belagavi,Chetan Nayak
22513,37475,0,Fatima Reddy,Arrest,2026-05-08,Mysuru,Rekha Kulkarni
22514,37477,0,Anitha Reddy,Surrender,2026-05-08,Mangaluru (DK),Fatima Kumar
22516,37479,0,Basavaraj Iyengar,Arrest,2026-05-08,Bengaluru City,Yashwanth Iyengar
22518,37487,0,Manjunath Gowda,Arrest,2026-05-08,Mysuru,Yashwanth Iyengar
22519,37489,0,Vinutha Nayak,Arrest,2026-05-08,Belagavi,Yashwanth Shetty
22521,37491,0,Ashwini Iyengar,Arrest,2026-05-08,Bengaluru City,Bhavana Bhat
22523,37495,0,Imran Gowda,Arrest,2026-05-08,Bengaluru City,Vinutha Gowda
22525,37497,0,Bhavana Murthy,Surrender,2026-05-08,Bengaluru Rural,Kiran Hegde
22527,37499,0,Prakash Nayak,Arrest,2026-05-08,Bengaluru City,Girish Patil
22529,37501,0,Vinutha Kulkarni,Arrest,2026-05-08,Bengaluru City,Rekha Murthy
22531,37503,0,Kiran Patil,Arrest,2026-05-08,Mangaluru (DK),Chetan Reddy
22533,37505,0,Shivakumar Patil,Arrest,2026-05-08,Mangaluru (DK),Chetan Hegde
22536,37511,0,Chetan Kulkarni,Arrest,2026-05-08,Mangaluru (DK),Nagaraj Naik
22538,37513,0,Ravi Kumar,Arrest,2026-05-08,Hubballi-Dharwad,Joseph Rao
22539,37515,0,Vinutha Naik,Arrest,2026-05-09,Mangaluru (DK),Lakshmi Shetty
22541,37519,0,Suresh Murthy,Arrest,2026-05-09,Vijayapura,Kiran Naik
22542,37521,0,Yashwanth Patil,Arrest,2026-05-09,Hassan,Lakshmi Rao
22544,37523,0,Imran Reddy,Arrest,2026-05-09,Mangaluru (DK),Manjunath Shetty
22546,37529,0,Prakash Kulkarni,Arrest,2026-05-09,Kalaburagi,Chetan Rao
22547,37531,0,Shivakumar Rao,Surrender,2026-05-09,Shivamogga,Manjunath Kumar
22548,37533,0,Prakash Nayak,Arrest,2026-05-09,Shivamogga,Ashwini Desai
22550,37535,0,Chetan Bhat,Arrest,2026-05-09,Mysuru,Bhavana Nayak
22553,37539,0,Chetan Desai,Arrest,2026-05-09,Bengaluru Rural,Ravi Shetty
22555,37545,0,Bhavana Gowda,Arrest,2026-05-09,Mysuru,Joseph Gowda
22557,37547,0,Chetan Kulkarni,Arrest,2026-05-09,Belagavi,Mary Naik
22559,37549,0,Lakshmi Desai,Arrest,2026-05-09,Mysuru,Anitha Prasad
22562,37553,0,Girish Nayak,Arrest,2026-05-10,Shivamogga,Deepak Iyengar
22563,37555,0,Bhavana Iyengar,Arrest,2026-05-10,Ballari,Shivakumar Patil
22565,37557,0,Ravi Patil,Arrest,2026-05-10,Hassan,Mary Bhat
22566,37559,0,Bhavana Bhat,Arrest,2026-05-10,Bengaluru City,Vinutha Naik
22567,37561,0,Ravi Prasad,Arrest,2026-05-10,Hassan,Ashwini Iyengar
22569,37563,0,Bhavana Kulkarni,Surrender,2026-05-10,Shivamogga,Girish Kumar
22570,37565,0,Lakshmi Reddy,Arrest,2026-05-10,Mysuru,Rekha Desai
22571,37567,0,Lakshmi Kulkarni,Arrest,2026-05-10,Bengaluru City,Shivakumar Rao
22573,37571,0,Joseph Reddy,Arrest,2026-05-10,Raichur,Prakash Rao
22574,37573,0,Chetan Bhat,Arrest,2026-05-10,Bengaluru City,Girish Prasad
22580,37583,0,Suresh Desai,Arrest,2026-05-10,Bengaluru City,Bhavana Bhat
22581,37585,0,Kiran Reddy,Arrest,2026-05-10,Bengaluru Rural,Ravi Desai
22584,37597,0,Prakash Hegde,Arrest,2026-05-11,Bengaluru City,Rekha Kumar
22587,37601,0,Vinutha Hegde,Arrest,2026-05-11,Bengaluru City,Rekha Patil
22590,37605,0,Joseph Kumar,Arrest,2026-05-11,Mysuru,Mary Nayak
22593,37611,0,Deepak Rao,Arrest,2026-05-11,Kalaburagi,Kiran Bhat
22595,37613,0,Shivakumar Naik,Arrest,2026-05-11,Vijayapura,Joseph Nayak
22598,37617,0,Joseph Shetty,Arrest,2026-05-11,Mangaluru (DK),Mary Bhat
22599,37619,0,Girish Kumar,Arrest,2026-05-11,Vijayapura,Kiran Prasad
22601,37623,0,Lakshmi Nayak,Arrest,2026-05-11,Vijayapura,Girish Gowda
22603,37625,0,Fatima Desai,Arrest,2026-05-11,Davanagere,Yashwanth Shetty
22605,37627,0,Pooja Iyengar,Arrest,2026-05-11,Bengaluru Rural,Ravi Rao
22607,37629,0,Suresh Gowda,Arrest,2026-05-11,Hubballi-Dharwad,Vinutha Gowda
22609,37635,0,Manjunath Desai,Arrest,2026-05-12,Kalaburagi,Vinutha Prasad
22611,37637,0,Anitha Naik,Arrest,2026-05-12,Bengaluru Rural,Girish Shetty
22612,37639,0,Bhavana Rao,Surrender,2026-05-12,Vijayapura,Deepak Desai
22614,37643,0,Ashwini Kumar,Surrender,2026-05-12,Shivamogga,Pooja Murthy
22615,37645,0,Imran Rao,Arrest,2026-05-12,Bengaluru City,Mary Naik
22617,37647,0,Shivakumar Naik,Arrest,2026-05-12,Bengaluru City,Ravi Kulkarni
22620,37651,0,Ravi Rao,Arrest,2026-05-12,Mangaluru (DK),Yashwanth Patil
22621,37653,0,Ashwini Shetty,Arrest,2026-05-12,Vijayapura,Ashwini Naik
22624,37657,0,Basavaraj Nayak,Surrender,2026-05-12,Mysuru,Shivakumar Murthy
22625,37659,0,Ravi Desai,Arrest,2026-05-12,Shivamogga,Fatima Desai
22626,37661,0,Nagaraj Hegde,Arrest,2026-05-12,Kalaburagi,Pooja Patil
22627,37663,0,Prakash Reddy,Arrest,2026-05-12,Kalaburagi,Imran Naik
22633,37673,0,Yashwanth Nayak,Arrest,2026-05-13,Vijayapura,Lakshmi Murthy
22635,37675,0,Mary Hegde,Arrest,2026-05-13,Bengaluru City,Suresh Naik
22637,37677,0,Joseph Kulkarni,Arrest,2026-05-13,Raichur,Deepak Gowda
22639,37679,0,Chetan Kumar,Arrest,2026-05-13,Bengaluru City,Deepak Gowda
22640,37681,0,Mary Kumar,Arrest,2026-05-13,Udupi,Yashwanth Hegde
22642,37685,0,Deepak Bhat,Arrest,2026-05-13,Mangaluru (DK),Deepak Iyengar
22646,37693,0,Anitha Reddy,Surrender,2026-05-13,Raichur,Rekha Murthy
22647,37695,0,Rekha Bhat,Arrest,2026-05-13,Bengaluru City,Imran Prasad
22649,37701,0,Yashwanth Kumar,Arrest,2026-05-13,Belagavi,Prakash Rao
22651,37703,0,Kiran Rao,Arrest,2026-05-13,Bengaluru City,Mary Gowda
22653,37705,0,Nagaraj Patil,Arrest,2026-05-14,Tumakuru,Chetan Nayak
22655,37707,0,Joseph Murthy,Arrest,2026-05-14,Shivamogga,Imran Nayak
22657,37709,0,Ravi Shetty,Arrest,2026-05-14,Bengaluru City,Mary Reddy
22658,37713,0,Imran Bhat,Arrest,2026-05-14,Bengaluru Rural,Fatima Shetty
22660,37715,0,Prakash Patil,Arrest,2026-05-14,Udupi,Mary Murthy
22661,37717,0,Ashwini Shetty,Arrest,2026-05-14,Bengaluru City,Nagaraj Naik
22663,37719,0,Basavaraj Iyengar,Arrest,2026-05-14,Davanagere,Imran Naik
22665,37723,0,Girish Murthy,Arrest,2026-05-14,Bengaluru City,Deepak Kumar
22667,37725,0,Rekha Murthy,Arrest,2026-05-14,Shivamogga,Nagaraj Bhat
22669,37729,0,Shivakumar Patil,Arrest,2026-05-14,Shivamogga,Ravi Hegde
22675,37739,0,Anitha Prasad,Arrest,2026-05-14,Ballari,Kiran Nayak
22677,37741,0,Yashwanth Nayak,Arrest,2026-05-14,Ballari,Anitha Naik
22679,37745,0,Bhavana Reddy,Arrest,2026-05-15,Hubballi-Dharwad,Vinutha Nayak
22681,37747,0,Shivakumar Nayak,Arrest,2026-05-15,Hassan,Imran Iyengar
22683,37749,0,Deepak Hegde,Arrest,2026-05-15,Mysuru,Bhavana Desai
22686,37753,0,Yashwanth Nayak,Arrest,2026-05-15,Mangaluru (DK),Imran Bhat
22688,37755,0,Prakash Bhat,Surrender,2026-05-15,Vijayapura,Anitha Prasad
22690,37757,0,Ashwini Naik,Arrest,2026-05-15,Vijayapura,Anitha Desai
22692,37761,0,Mary Naik,Arrest,2026-05-15,Bengaluru City,Anitha Bhat
22695,37765,0,Basavaraj Nayak,Arrest,2026-05-15,Belagavi,Deepak Shetty
22697,37767,0,Yashwanth Rao,Surrender,2026-05-15,Tumakuru,Ashwini Bhat
22699,37769,0,Kiran Iyengar,Arrest,2026-05-15,Davanagere,Ravi Gowda
22701,37771,0,Anitha Naik,Arrest,2026-05-15,Mangaluru (DK),Chetan Gowda
22703,37773,0,Rekha Desai,Surrender,2026-05-15,Bengaluru City,Pooja Murthy
22704,37775,0,Shivakumar Hegde,Arrest,2026-05-15,Kalaburagi,Kiran Desai
22706,37777,0,Manjunath Murthy,Arrest,2026-05-15,Tumakuru,Bhavana Shetty
22707,37779,0,Ravi Hegde,Arrest,2026-05-15,Mangaluru (DK),Shivakumar Prasad
22710,37785,0,Ashwini Shetty,Arrest,2026-05-15,Bengaluru City,Bhavana Murthy
22712,37793,0,Bhavana Desai,Arrest,2026-05-15,Raichur,Yashwanth Desai
22715,37799,0,Shivakumar Bhat,Arrest,2026-05-16,Mysuru,Kiran Nayak
22716,37803,0,Pooja Shetty,Surrender,2026-05-16,Mysuru,Imran Prasad
22718,37805,0,Ravi Murthy,Arrest,2026-05-16,Bengaluru City,Prakash Bhat
22721,37809,0,Yashwanth Nayak,Arrest,2026-05-16,Belagavi,Kiran Hegde
22723,37811,0,Mary Prasad,Arrest,2026-05-16,Tumakuru,Rekha Shetty
22725,37815,0,Fatima Kulkarni,Arrest,2026-05-16,Davanagere,Girish Rao
22727,37817,0,Mary Rao,Arrest,2026-05-16,Udupi,Pooja Kumar
22728,37823,0,Imran Bhat,Arrest,2026-05-16,Hubballi-Dharwad,Ashwini Patil
22732,37829,0,Mary Nayak,Surrender,2026-05-16,Bengaluru City,Joseph Iyengar
22734,37831,0,Bhavana Desai,Arrest,2026-05-16,Bengaluru City,Bhavana Kumar
22735,37833,0,Mary Hegde,Arrest,2026-05-16,Shivamogga,Anitha Shetty
22736,37835,0,Imran Prasad,Arrest,2026-05-16,Kalaburagi,Kiran Prasad
22738,37839,0,Suresh Nayak,Arrest,2026-05-17,Mysuru,Prakash Reddy
22741,37843,0,Kiran Patil,Arrest,2026-05-17,Tumakuru,Pooja Bhat
22742,37845,0,Nagaraj Rao,Arrest,2026-05-17,Bengaluru City,Suresh Shetty
22744,37847,0,Anitha Desai,Surrender,2026-05-17,Hassan,Girish Iyengar
22745,37849,0,Basavaraj Reddy,Surrender,2026-05-17,Shivamogga,Manjunath Gowda
22747,37851,0,Lakshmi Kulkarni,Arrest,2026-05-17,Bengaluru Rural,Ashwini Nayak
22749,37853,0,Ravi Rao,Arrest,2026-05-17,Belagavi,Pooja Rao
22751,37855,0,Nagaraj Prasad,Arrest,2026-05-17,Mysuru,Lakshmi Patil
22752,37857,0,Vinutha Hegde,Arrest,2026-05-17,Ballari,Girish Gowda
22755,37861,0,Basavaraj Kumar,Surrender,2026-05-17,Belagavi,Suresh Desai
22758,37865,0,Suresh Kumar,Arrest,2026-05-17,Bengaluru Rural,Lakshmi Prasad
22760,37867,0,Ashwini Prasad,Surrender,2026-05-17,Mysuru,Girish Patil
22761,37873,0,Nagaraj Bhat,Arrest,2026-05-17,Shivamogga,Kiran Prasad
22763,37875,0,Kiran Prasad,Surrender,2026-05-17,Hassan,Pooja Patil
22765,37877,0,Rekha Kulkarni,Arrest,2026-05-17,Udupi,Basavaraj Iyengar
22766,37881,0,Yashwanth Shetty,Arrest,2026-05-18,Mangaluru (DK),Kiran Nayak
22767,37883,0,Basavaraj Patil,Arrest,2026-05-18,Hubballi-Dharwad,Suresh Kumar
22768,37885,0,Chetan Bhat,Arrest,2026-05-18,Mangaluru (DK),Rekha Reddy
22770,37887,0,Basavaraj Rao,Surrender,2026-05-18,Mangaluru (DK),Pooja Gowda
22771,37889,0,Manjunath Rao,Arrest,2026-05-18,Kalaburagi,Imran Kulkarni
22773,37891,0,Rekha Shetty,Arrest,2026-05-18,Davanagere,Lakshmi Shetty
22775,37893,0,Ravi Gowda,Arrest,2026-05-18,Bengaluru City,Imran Bhat
22777,37895,0,Bhavana Reddy,Arrest,2026-05-18,Bengaluru City,Basavaraj Gowda
22778,37897,0,Fatima Kumar,Arrest,2026-05-18,Bengaluru Rural,Prakash Patil
22780,37899,0,Rekha Prasad,Arrest,2026-05-18,Hubballi-Dharwad,Nagaraj Desai
22782,37901,0,Deepak Shetty,Arrest,2026-05-18,Belagavi,Chetan Iyengar
22784,37903,0,Anitha Rao,Arrest,2026-05-18,Mangaluru (DK),Lakshmi Gowda
22786,37905,0,Imran Shetty,Arrest,2026-05-18,Bengaluru City,Mary Hegde
22788,37907,0,Ravi Naik,Arrest,2026-05-18,Davanagere,Lakshmi Prasad
22790,37909,0,Vinutha Rao,Arrest,2026-05-18,Hubballi-Dharwad,Pooja Naik
22792,37913,0,Lakshmi Nayak,Surrender,2026-05-18,Bengaluru City,Deepak Kulkarni
22793,37915,0,Ashwini Shetty,Arrest,2026-05-18,Bengaluru City,Yashwanth Naik
22796,37919,0,Shivakumar Bhat,Arrest,2026-05-18,Kalaburagi,Prakash Gowda
22798,37921,0,Mary Prasad,Arrest,2026-05-19,Mysuru,Lakshmi Bhat
22799,37923,0,Ravi Kulkarni,Arrest,2026-05-19,Kalaburagi,Mary Kumar
22801,37927,0,Vinutha Prasad,Arrest,2026-05-19,Mangaluru (DK),Vinutha Hegde
22803,37931,0,Vinutha Kumar,Arrest,2026-05-19,Belagavi,Vinutha Shetty
22805,37933,0,Anitha Nayak,Surrender,2026-05-19,Bengaluru City,Joseph Murthy
22809,37939,0,Fatima Hegde,Arrest,2026-05-19,Vijayapura,Rekha Bhat
22811,37941,0,Shivakumar Kulkarni,Surrender,2026-05-19,Ballari,Joseph Prasad
22813,37947,0,Fatima Iyengar,Surrender,2026-05-19,Davanagere,Suresh Murthy
22816,37955,0,Prakash Reddy,Arrest,2026-05-19,Vijayapura,Basavaraj Naik
22817,37957,0,Mary Shetty,Arrest,2026-05-19,Udupi,Girish Nayak
22819,37959,0,Vinutha Hegde,Arrest,2026-05-19,Belagavi,Prakash Murthy
22821,37961,0,Imran Nayak,Arrest,2026-05-19,Mysuru,Imran Kulkarni
22823,37963,0,Rekha Patil,Arrest,2026-05-19,Vijayapura,Bhavana Reddy
22825,37965,0,Prakash Gowda,Arrest,2026-05-19,Shivamogga,Joseph Gowda
22827,37967,0,Yashwanth Naik,Arrest,2026-05-20,Belagavi,Vinutha Bhat
22829,37969,0,Suresh Reddy,Arrest,2026-05-20,Hubballi-Dharwad,Rekha Desai
22831,37971,0,Yashwanth Patil,Arrest,2026-05-20,Mangaluru (DK),Mary Patil
22832,37973,0,Rekha Naik,Surrender,2026-05-20,Vijayapura,Deepak Shetty
22833,37977,0,Pooja Patil,Arrest,2026-05-20,Belagavi,Fatima Shetty
22835,37979,0,Suresh Bhat,Arrest,2026-05-20,Ballari,Bhavana Murthy
22836,37981,0,Rekha Gowda,Arrest,2026-05-20,Mysuru,Deepak Kumar
22837,37983,0,Joseph Iyengar,Arrest,2026-05-20,Belagavi,Chetan Bhat
22840,37987,0,Lakshmi Desai,Arrest,2026-05-20,Vijayapura,Kiran Iyengar
22842,37989,0,Manjunath Iyengar,Arrest,2026-05-20,Tumakuru,Bhavana Patil
22844,37991,0,Lakshmi Iyengar,Arrest,2026-05-20,Ballari,Rekha Bhat
22845,37993,0,Suresh Naik,Arrest,2026-05-20,Ballari,Rekha Bhat
22847,37995,0,Ashwini Iyengar,Surrender,2026-05-20,Mangaluru (DK),Kiran Bhat
22849,37999,0,Imran Iyengar,Arrest,2026-05-20,Tumakuru,Joseph Kulkarni
22853,38013,0,Deepak Naik,Arrest,2026-05-21,Mysuru,Anitha Kumar
22855,38015,0,Kiran Murthy,Arrest,2026-05-21,Bengaluru City,Rekha Kulkarni
22858,38019,0,Yashwanth Bhat,Arrest,2026-05-21,Davanagere,Mary Naik
22861,38027,0,Joseph Prasad,Arrest,2026-05-21,Bengaluru City,Vinutha Kulkarni
22863,38029,0,Lakshmi Reddy,Arrest,2026-05-21,Bengaluru City,Yashwanth Desai
22865,38035,0,Mary Nayak,Surrender,2026-05-21,Bengaluru City,Bhavana Naik
22867,38039,0,Yashwanth Rao,Arrest,2026-05-21,Davanagere,Rekha Desai
22871,38045,0,Kiran Reddy,Arrest,2026-05-22,Bengaluru Rural,Kiran Gowda
22873,38047,0,Deepak Nayak,Arrest,2026-05-22,Mangaluru (DK),Yashwanth Murthy
22875,38049,0,Chetan Shetty,Arrest,2026-05-22,Mysuru,Anitha Naik
22879,38055,0,Fatima Murthy,Arrest,2026-05-22,Bengaluru City,Shivakumar Bhat
22880,38057,0,Basavaraj Gowda,Arrest,2026-05-22,Bengaluru City,Fatima Naik
22882,38059,0,Pooja Prasad,Arrest,2026-05-22,Belagavi,Rekha Kulkarni
22883,38061,0,Ashwini Rao,Arrest,2026-05-22,Shivamogga,Anitha Shetty
22884,38067,0,Yashwanth Patil,Arrest,2026-05-22,Kalaburagi,Girish Desai
22889,38077,0,Chetan Desai,Arrest,2026-05-22,Bengaluru Rural,Lakshmi Hegde
22890,38083,0,Shivakumar Rao,Arrest,2026-05-22,Belagavi,Kiran Gowda
22892,38087,0,Nagaraj Bhat,Arrest,2026-05-22,Kalaburagi,Fatima Nayak
22895,38091,0,Fatima Reddy,Arrest,2026-05-23,Bengaluru City,Shivakumar Patil
22898,38095,0,Shivakumar Murthy,Arrest,2026-05-23,Hassan,Ashwini Iyengar
22899,38097,0,Deepak Murthy,Arrest,2026-05-23,Mysuru,Suresh Patil
22901,38099,0,Manjunath Prasad,Arrest,2026-05-23,Shivamogga,Manjunath Kumar
22902,38101,0,Kiran Gowda,Arrest,2026-05-23,Shivamogga,Fatima Bhat
22904,38105,0,Yashwanth Desai,Arrest,2026-05-23,Ballari,Ravi Patil
22908,38113,0,Ashwini Reddy,Arrest,2026-05-23,Hubballi-Dharwad,Joseph Kulkarni
22910,38115,0,Mary Prasad,Arrest,2026-05-23,Hubballi-Dharwad,Shivakumar Nayak
22912,38117,0,Rekha Reddy,Arrest,2026-05-23,Bengaluru City,Ravi Murthy
22914,38119,0,Mary Reddy,Arrest,2026-05-23,Hassan,Anitha Shetty
22915,38121,0,Mary Reddy,Arrest,2026-05-23,Mangaluru (DK),Pooja Shetty
22917,38123,0,Mary Naik,Surrender,2026-05-23,Bengaluru City,Chetan Nayak
22918,38125,0,Girish Iyengar,Arrest,2026-05-23,Tumakuru,Nagaraj Prasad
22920,38127,0,Joseph Shetty,Arrest,2026-05-23,Hubballi-Dharwad,Bhavana Shetty
22922,38129,0,Kiran Reddy,Arrest,2026-05-23,Tumakuru,Ravi Bhat
22923,38131,0,Manjunath Prasad,Arrest,2026-05-23,Bengaluru City,Anitha Bhat
22925,38133,0,Joseph Kulkarni,Arrest,2026-05-23,Kalaburagi,Rekha Shetty
22927,38135,0,Bhavana Rao,Arrest,2026-05-24,Belagavi,Lakshmi Shetty
22930,38141,0,Fatima Murthy,Arrest,2026-05-24,Tumakuru,Girish Hegde
22932,38143,0,Manjunath Kumar,Arrest,2026-05-24,Hassan,Nagaraj Kumar
22934,38145,0,Basavaraj Kumar,Arrest,2026-05-24,Bengaluru City,Anitha Shetty
22936,38147,0,Joseph Nayak,Arrest,2026-05-24,Bengaluru City,Prakash Patil
22937,38149,0,Deepak Hegde,Arrest,2026-05-24,Bengaluru City,Girish Hegde
22940,38155,0,Deepak Hegde,Arrest,2026-05-24,Hubballi-Dharwad,Ashwini Bhat
22942,38157,0,Chetan Hegde,Arrest,2026-05-24,Hubballi-Dharwad,Suresh Kumar
22944,38161,0,Ashwini Nayak,Surrender,2026-05-24,Bengaluru City,Kiran Patil
22945,38163,0,Shivakumar Desai,Arrest,2026-05-24,Raichur,Fatima Hegde
22946,38165,0,Joseph Patil,Arrest,2026-05-24,Hubballi-Dharwad,Anitha Iyengar
22947,38167,0,Lakshmi Hegde,Arrest,2026-05-24,Ballari,Lakshmi Patil
22948,38169,0,Shivakumar Desai,Arrest,2026-05-24,Shivamogga,Pooja Shetty
22952,38177,0,Basavaraj Bhat,Arrest,2026-05-24,Hassan,Manjunath Desai
22955,38181,0,Fatima Hegde,Surrender,2026-05-24,Belagavi,Joseph Rao
22957,38183,0,Pooja Hegde,Surrender,2026-05-24,Belagavi,Kiran Kulkarni
22958,38185,0,Pooja Prasad,Arrest,2026-05-25,Shivamogga,Pooja Iyengar
22960,38187,0,Prakash Desai,Arrest,2026-05-25,Bengaluru Rural,Joseph Kumar
22961,38191,0,Shivakumar Reddy,Arrest,2026-05-25,Mysuru,Manjunath Reddy
22964,38195,0,Basavaraj Prasad,Arrest,2026-05-25,Mysuru,Joseph Naik
22965,38197,0,Vinutha Hegde,Arrest,2026-05-25,Hubballi-Dharwad,Kiran Kulkarni
22968,38201,0,Suresh Patil,Surrender,2026-05-25,Mangaluru (DK),Nagaraj Iyengar
22970,38203,0,Shivakumar Kulkarni,Arrest,2026-05-25,Bengaluru City,Yashwanth Rao
22972,38205,0,Joseph Murthy,Arrest,2026-05-25,Shivamogga,Fatima Desai
22974,38207,0,Pooja Prasad,Arrest,2026-05-25,Kalaburagi,Lakshmi Rao
22978,38219,0,Imran Gowda,Arrest,2026-05-25,Vijayapura,Deepak Murthy
22981,38223,0,Yashwanth Patil,Arrest,2026-05-25,Bengaluru City,Ashwini Murthy
22982,38225,0,Yashwanth Bhat,Arrest,2026-05-25,Davanagere,Joseph Bhat
22984,38227,0,Basavaraj Rao,Arrest,2026-05-25,Bengaluru City,Joseph Naik
22986,38229,0,Rekha Nayak,Arrest,2026-05-25,Davanagere,Suresh Patil
22989,38233,0,Joseph Shetty,Arrest,2026-05-26,Davanagere,Manjunath Nayak
22991,38235,0,Chetan Iyengar,Arrest,2026-05-26,Tumakuru,Vinutha Murthy
22992,38237,0,Suresh Murthy,Arrest,2026-05-26,Kalaburagi,Fatima Desai
22993,38239,0,Shivakumar Patil,Surrender,2026-05-26,Mangaluru (DK),Deepak Hegde
22995,38243,0,Pooja Rao,Arrest,2026-05-26,Udupi,Prakash Prasad
22997,38245,0,Rekha Reddy,Arrest,2026-05-26,Tumakuru,Girish Kumar
22998,38247,0,Prakash Kumar,Arrest,2026-05-26,Ballari,Joseph Gowda
23000,38253,0,Basavaraj Bhat,Arrest,2026-05-26,Hubballi-Dharwad,Ravi Murthy
23002,38255,0,Girish Rao,Arrest,2026-05-26,Tumakuru,Mary Nayak
23005,38259,0,Ravi Naik,Arrest,2026-05-26,Kalaburagi,Suresh Shetty
23006,38261,0,Pooja Hegde,Arrest,2026-05-26,Hassan,Ravi Gowda
23008,38265,0,Ravi Naik,Arrest,2026-05-26,Davanagere,Vinutha Prasad
23010,38267,0,Nagaraj Rao,Arrest,2026-05-26,Raichur,Deepak Desai
23012,38271,0,Imran Murthy,Surrender,2026-05-26,Tumakuru,Mary Nayak
23016,38277,0,Manjunath Desai,Arrest,2026-05-26,Bengaluru City,Imran Patil
23018,38279,0,Deepak Iyengar,Arrest,2026-05-26,Bengaluru City,Girish Shetty
23021,38283,0,Suresh Murthy,Arrest,2026-05-26,Belagavi,Shivakumar Shetty
23023,38285,0,Yashwanth Kulkarni,Arrest,2026-05-27,Bengaluru City,Deepak Prasad
23025,38291,0,Manjunath Prasad,Arrest,2026-05-27,Mangaluru (DK),Pooja Shetty
23026,38293,0,Anitha Murthy,Arrest,2026-05-27,Mangaluru (DK),Shivakumar Desai
23027,38295,0,Prakash Reddy,Arrest,2026-05-27,Raichur,Girish Murthy
23028,38297,0,Nagaraj Bhat,Arrest,2026-05-27,Davanagere,Yashwanth Kumar
23031,38301,0,Imran Gowda,Arrest,2026-05-27,Davanagere,Kiran Rao
23035,38309,0,Anitha Patil,Arrest,2026-05-27,Belagavi,Shivakumar Shetty
23036,38313,0,Ravi Patil,Arrest,2026-05-27,Mysuru,Ravi Bhat
23039,38317,0,Kiran Hegde,Arrest,2026-05-28,Tumakuru,Kiran Iyengar
23040,38319,0,Chetan Murthy,Arrest,2026-05-28,Bengaluru City,Suresh Gowda
23042,38321,0,Fatima Kulkarni,Arrest,2026-05-28,Ballari,Anitha Prasad
23045,38325,0,Ashwini Reddy,Arrest,2026-05-28,Ballari,Girish Kumar
23046,38327,0,Manjunath Kumar,Arrest,2026-05-28,Kalaburagi,Ashwini Gowda
23048,38329,0,Mary Patil,Arrest,2026-05-28,Tumakuru,Rekha Kumar
23050,38331,0,Pooja Hegde,Arrest,2026-05-28,Hassan,Fatima Gowda
23051,38333,0,Prakash Iyengar,Arrest,2026-05-28,Bengaluru City,Imran Patil
23053,38335,0,Ravi Desai,Arrest,2026-05-28,Raichur,Ravi Reddy
23056,38339,0,Prakash Kumar,Surrender,2026-05-28,Udupi,Girish Prasad
23059,38345,0,Ravi Patil,Surrender,2026-05-28,Belagavi,Suresh Naik
23062,38349,0,Vinutha Patil,Arrest,2026-05-28,Hubballi-Dharwad,Shivakumar Hegde
23063,38351,0,Rekha Patil,Arrest,2026-05-28,Bengaluru City,Girish Reddy
23065,38355,0,Mary Shetty,Arrest,2026-05-28,Tumakuru,Rekha Rao
23066,38357,0,Ashwini Bhat,Arrest,2026-05-28,Mysuru,Chetan Shetty
23068,38359,0,Mary Reddy,Arrest,2026-05-28,Kalaburagi,Girish Prasad
23070,38363,0,Basavaraj Bhat,Arrest,2026-05-29,Mysuru,Pooja Kulkarni
23071,38365,0,Ravi Desai,Surrender,2026-05-29,Belagavi,Manjunath Bhat
23072,38367,0,Joseph Kulkarni,Arrest,2026-05-29,Belagavi,Bhavana Naik
23073,38369,0,Imran Desai,Arrest,2026-05-29,Bengaluru Rural,Anitha Murthy
23074,38371,0,Vinutha Murthy,Surrender,2026-05-29,Mysuru,Ashwini Desai
23076,38373,0,Fatima Nayak,Arrest,2026-05-29,Bengaluru Rural,Ravi Hegde
23078,38375,0,Basavaraj Kulkarni,Arrest,2026-05-29,Bengaluru City,Vinutha Murthy
23081,38379,0,Imran Desai,Arrest,2026-05-29,Mysuru,Ravi Murthy
23083,38381,0,Mary Bhat,Arrest,2026-05-29,Bengaluru City,Fatima Hegde
23086,38385,0,Lakshmi Kumar,Arrest,2026-05-29,Bengaluru City,Manjunath Gowda
23087,38387,0,Girish Nayak,Arrest,2026-05-29,Bengaluru City,Nagaraj Prasad
23088,38389,0,Bhavana Hegde,Arrest,2026-05-29,Bengaluru City,Basavaraj Iyengar
23090,38391,0,Bhavana Gowda,Arrest,2026-05-29,Hubballi-Dharwad,Lakshmi Bhat
23093,38403,0,Ravi Murthy,Arrest,2026-05-30,Hubballi-Dharwad,Yashwanth Reddy
23095,38405,0,Deepak Naik,Arrest,2026-05-30,Mangaluru (DK),Deepak Rao
23096,38407,0,Girish Prasad,Arrest,2026-05-30,Tumakuru,Prakash Shetty
23098,38411,0,Nagaraj Hegde,Arrest,2026-05-30,Belagavi,Shivakumar Bhat
23101,38419,0,Ashwini Reddy,Arrest,2026-05-30,Bengaluru City,Anitha Desai
23103,38421,0,Kiran Bhat,Arrest,2026-05-30,Kalaburagi,Yashwanth Rao
23105,38423,0,Ravi Shetty,Arrest,2026-05-30,Bengaluru City,Suresh Prasad
23107,38427,0,Deepak Rao,Arrest,2026-05-30,Bengaluru City,Manjunath Rao
23110,38431,0,Prakash Reddy,Arrest,2026-05-30,Hubballi-Dharwad,Basavaraj Naik
23111,38433,0,Deepak Kumar,Arrest,2026-05-30,Bengaluru City,Joseph Bhat
23113,38435,0,Deepak Desai,Arrest,2026-05-30,Bengaluru City,Shivakumar Naik
23115,38437,0,Basavaraj Patil,Arrest,2026-05-30,Tumakuru,Ashwini Prasad
23119,38443,0,Manjunath Naik,Arrest,2026-05-30,Shivamogga,Mary Desai
23120,38445,0,Fatima Desai,Arrest,2026-05-30,Bengaluru Rural,Prakash Naik
23122,38449,0,Anitha Hegde,Arrest,2026-05-30,Vijayapura,Vinutha Hegde
23124,38453,0,Basavaraj Bhat,Surrender,2026-05-31,Ballari,Rekha Bhat
23125,38455,0,Ravi Desai,Arrest,2026-05-31,Bengaluru City,Prakash Nayak
23127,38461,0,Girish Bhat,Arrest,2026-05-31,Bengaluru Rural,Basavaraj Reddy
23129,38463,0,Basavaraj Shetty,Arrest,2026-05-31,Shivamogga,Lakshmi Prasad
23131,38465,0,Prakash Murthy,Arrest,2026-05-31,Vijayapura,Yashwanth Gowda
23132,38469,0,Yashwanth Rao,Arrest,2026-05-31,Mysuru,Pooja Kulkarni
23134,38471,0,Manjunath Hegde,Arrest,2026-05-31,Raichur,Imran Naik
23135,38473,0,Joseph Bhat,Arrest,2026-05-31,Ballari,Imran Kulkarni
23136,38475,0,Imran Kumar,Arrest,2026-05-31,Vijayapura,Fatima Iyengar
23138,38479,0,Mary Prasad,Arrest,2026-05-31,Raichur,Rekha Prasad
23140,38483,0,Prakash Rao,Arrest,2026-05-31,Hubballi-Dharwad,Anitha Kulkarni
23143,38489,0,Girish Rao,Arrest,2026-05-31,Raichur,Bhavana Hegde
23145,38491,0,Shivakumar Prasad,Arrest,2026-06-01,Kalaburagi,Anitha Hegde
23147,38495,0,Pooja Desai,Arrest,2026-06-01,Bengaluru Rural,Ravi Kumar
23152,38503,0,Ashwini Murthy,Arrest,2026-06-01,Bengaluru Rural,Fatima Naik
23154,38505,0,Nagaraj Rao,Surrender,2026-06-01,Bengaluru City,Bhavana Gowda
23156,38507,0,Deepak Gowda,Arrest,2026-06-01,Ballari,Shivakumar Nayak
23158,38513,0,Basavaraj Hegde,Surrender,2026-06-01,Mysuru,Rekha Kumar
23159,38515,0,Imran Shetty,Arrest,2026-06-01,Belagavi,Imran Patil
23161,38517,0,Girish Iyengar,Arrest,2026-06-01,Kalaburagi,Kiran Prasad
23164,38523,0,Anitha Kumar,Surrender,2026-06-01,Raichur,Shivakumar Reddy
23166,38525,0,Fatima Hegde,Arrest,2026-06-01,Bengaluru City,Fatima Rao
23167,38527,0,Ashwini Naik,Arrest,2026-06-01,Bengaluru City,Lakshmi Shetty
23169,38529,0,Ravi Gowda,Arrest,2026-06-01,Hubballi-Dharwad,Deepak Gowda
23171,38533,0,Imran Patil,Arrest,2026-06-02,Bengaluru City,Nagaraj Rao
23174,38537,0,Vinutha Reddy,Arrest,2026-06-02,Belagavi,Bhavana Naik
23176,38541,0,Shivakumar Naik,Surrender,2026-06-02,Bengaluru City,Prakash Reddy
23178,38543,0,Rekha Reddy,Arrest,2026-06-02,Belagavi,Rekha Murthy
23180,38545,0,Fatima Patil,Arrest,2026-06-02,Bengaluru City,Lakshmi Shetty
23183,38551,0,Manjunath Kulkarni,Surrender,2026-06-02,Belagavi,Chetan Desai
23186,38555,0,Mary Hegde,Surrender,2026-06-02,Bengaluru Rural,Pooja Shetty
23188,38557,0,Ravi Nayak,Arrest,2026-06-02,Bengaluru City,Basavaraj Rao
23190,38559,0,Bhavana Reddy,Arrest,2026-06-02,Mysuru,Girish Nayak
23193,38563,0,Yashwanth Patil,Arrest,2026-06-02,Kalaburagi,Chetan Prasad
23195,38565,0,Imran Patil,Arrest,2026-06-03,Hubballi-Dharwad,Girish Rao
23197,38567,0,Rekha Desai,Arrest,2026-06-03,Bengaluru City,Vinutha Shetty
23199,38569,0,Deepak Hegde,Arrest,2026-06-03,Shivamogga,Basavaraj Prasad
23201,38571,0,Vinutha Naik,Arrest,2026-06-03,Bengaluru City,Pooja Gowda
23203,38573,0,Anitha Rao,Surrender,2026-06-03,Vijayapura,Imran Kulkarni
23205,38577,0,Bhavana Iyengar,Arrest,2026-06-03,Bengaluru City,Lakshmi Rao
23206,38579,0,Shivakumar Kumar,Arrest,2026-06-03,Belagavi,Rekha Iyengar
23208,38581,0,Prakash Hegde,Surrender,2026-06-03,Tumakuru,Bhavana Kulkarni
23210,38583,0,Ravi Nayak,Arrest,2026-06-03,Tumakuru,Suresh Murthy
23211,38585,0,Anitha Reddy,Arrest,2026-06-03,Shivamogga,Ashwini Murthy
23213,38587,0,Shivakumar Shetty,Arrest,2026-06-03,Kalaburagi,Girish Iyengar
23217,38593,0,Rekha Patil,Arrest,2026-06-03,Mysuru,Girish Iyengar
23220,38599,0,Rekha Murthy,Arrest,2026-06-03,Bengaluru City,Manjunath Bhat
23222,38601,0,Manjunath Kulkarni,Arrest,2026-06-03,Tumakuru,Bhavana Hegde
23224,38603,0,Nagaraj Bhat,Arrest,2026-06-03,Kalaburagi,Rekha Iyengar
23225,38605,0,Rekha Hegde,Arrest,2026-06-03,Bengaluru City,Basavaraj Shetty
23226,38607,0,Nagaraj Bhat,Arrest,2026-06-03,Hubballi-Dharwad,Shivakumar Bhat
23228,38609,0,Kiran Rao,Surrender,2026-06-03,Bengaluru City,Suresh Iyengar
23230,38615,0,Prakash Nayak,Arrest,2026-06-04,Bengaluru Rural,Mary Kumar
23231,38617,0,Lakshmi Rao,Arrest,2026-06-04,Kalaburagi,Lakshmi Nayak
23233,38619,0,Lakshmi Rao,Arrest,2026-06-04,Vijayapura,Joseph Kulkarni
23234,38621,0,Ravi Iyengar,Arrest,2026-06-04,Belagavi,Ravi Iyengar
23238,38627,0,Ashwini Patil,Surrender,2026-06-04,Bengaluru City,Bhavana Kulkarni
23240,38629,0,Nagaraj Prasad,Arrest,2026-06-04,Bengaluru City,Manjunath Patil
23242,38631,0,Suresh Prasad,Arrest,2026-06-04,Bengaluru City,Ravi Gowda
23244,38635,0,Deepak Naik,Arrest,2026-06-04,Kalaburagi,Prakash Reddy
23246,38637,0,Yashwanth Murthy,Arrest,2026-06-04,Vijayapura,Joseph Patil
23249,38643,0,Basavaraj Gowda,Arrest,2026-06-05,Hubballi-Dharwad,Nagaraj Iyengar
23250,38649,0,Mary Iyengar,Arrest,2026-06-05,Raichur,Suresh Iyengar
23252,38651,0,Pooja Reddy,Arrest,2026-06-05,Kalaburagi,Vinutha Rao
23253,38653,0,Girish Reddy,Arrest,2026-06-05,Udupi,Manjunath Nayak
23255,38655,0,Imran Shetty,Arrest,2026-06-05,Hubballi-Dharwad,Shivakumar Kulkarni
23256,38657,0,Shivakumar Kulkarni,Arrest,2026-06-05,Mangaluru (DK),Rekha Rao
23259,38665,0,Kiran Kumar,Arrest,2026-06-05,Bengaluru City,Fatima Rao
23261,38667,0,Manjunath Desai,Arrest,2026-06-05,Mysuru,Lakshmi Reddy
23263,38671,0,Imran Kumar,Arrest,2026-06-05,Bengaluru City,Mary Bhat
23264,38673,0,Suresh Nayak,Surrender,2026-06-06,Belagavi,Ashwini Gowda
23265,38675,0,Kiran Patil,Arrest,2026-06-06,Bengaluru City,Bhavana Murthy
23268,38683,0,Shivakumar Bhat,Arrest,2026-06-06,Bengaluru City,Fatima Naik
23271,38687,0,Imran Nayak,Arrest,2026-06-06,Mysuru,Kiran Gowda
23273,38689,0,Imran Desai,Arrest,2026-06-06,Bengaluru Rural,Ashwini Iyengar
23274,38691,0,Ashwini Rao,Arrest,2026-06-06,Bengaluru Rural,Girish Kumar
23276,38693,0,Rekha Desai,Arrest,2026-06-06,Bengaluru City,Pooja Gowda
23278,38695,0,Pooja Prasad,Surrender,2026-06-06,Tumakuru,Deepak Reddy
23279,38697,0,Basavaraj Naik,Arrest,2026-06-06,Bengaluru City,Prakash Murthy
23281,38701,0,Fatima Murthy,Surrender,2026-06-06,Tumakuru,Yashwanth Rao
23283,38705,0,Lakshmi Bhat,Arrest,2026-06-06,Mysuru,Lakshmi Bhat
23285,38707,0,Manjunath Nayak,Arrest,2026-06-07,Bengaluru City,Imran Iyengar
23286,38709,0,Imran Kumar,Arrest,2026-06-07,Bengaluru Rural,Nagaraj Bhat
23288,38711,0,Fatima Rao,Arrest,2026-06-07,Bengaluru City,Joseph Rao
23291,38717,0,Joseph Prasad,Arrest,2026-06-07,Tumakuru,Anitha Reddy
23293,38719,0,Ashwini Bhat,Arrest,2026-06-07,Bengaluru Rural,Kiran Hegde
23295,38721,0,Prakash Shetty,Arrest,2026-06-07,Mangaluru (DK),Kiran Nayak
23296,38723,0,Chetan Kulkarni,Arrest,2026-06-07,Hubballi-Dharwad,Vinutha Iyengar
23298,38725,0,Nagaraj Bhat,Arrest,2026-06-07,Ballari,Chetan Kulkarni
23300,38727,0,Girish Patil,Arrest,2026-06-07,Mysuru,Nagaraj Shetty
23302,38729,0,Vinutha Rao,Arrest,2026-06-07,Vijayapura,Lakshmi Nayak
23304,38731,0,Girish Kulkarni,Arrest,2026-06-07,Mangaluru (DK),Vinutha Murthy
23306,38733,0,Nagaraj Kumar,Surrender,2026-06-07,Hassan,Ravi Gowda
23308,38737,0,Vinutha Hegde,Arrest,2026-06-07,Shivamogga,Deepak Desai
23312,38747,0,Deepak Hegde,Arrest,2026-06-07,Bengaluru City,Prakash Bhat
23313,38749,0,Anitha Prasad,Arrest,2026-06-08,Vijayapura,Prakash Iyengar
23314,38751,0,Mary Murthy,Arrest,2026-06-08,Tumakuru,Shivakumar Kumar
23315,38753,0,Rekha Murthy,Arrest,2026-06-08,Hubballi-Dharwad,Imran Patil
23317,38757,0,Prakash Reddy,Arrest,2026-06-08,Hassan,Manjunath Desai
23318,38759,0,Deepak Rao,Arrest,2026-06-08,Shivamogga,Joseph Shetty
23320,38763,0,Mary Kulkarni,Arrest,2026-06-08,Mysuru,Deepak Patil
23322,38765,0,Bhavana Gowda,Arrest,2026-06-08,Bengaluru City,Manjunath Patil
23324,38767,0,Suresh Prasad,Arrest,2026-06-08,Mysuru,Anitha Bhat
23326,38769,0,Vinutha Shetty,Surrender,2026-06-08,Bengaluru City,Ravi Reddy
23328,38771,0,Shivakumar Desai,Arrest,2026-06-08,Bengaluru City,Fatima Iyengar
23329,38773,0,Deepak Reddy,Arrest,2026-06-08,Bengaluru City,Lakshmi Kulkarni
23331,38775,0,Ravi Kumar,Surrender,2026-06-08,Udupi,Lakshmi Iyengar
23335,38781,0,Lakshmi Iyengar,Surrender,2026-06-09,Shivamogga,Manjunath Bhat
23338,38791,0,Suresh Hegde,Arrest,2026-06-09,Hubballi-Dharwad,Joseph Patil
23341,38795,0,Lakshmi Nayak,Arrest,2026-06-09,Kalaburagi,Imran Iyengar
23344,38799,0,Suresh Shetty,Arrest,2026-06-09,Belagavi,Girish Desai
23346,38803,0,Fatima Desai,Arrest,2026-06-09,Bengaluru City,Imran Hegde
23347,38805,0,Imran Reddy,Surrender,2026-06-09,Mangaluru (DK),Fatima Nayak
23350,38811,0,Vinutha Naik,Arrest,2026-06-09,Hassan,Yashwanth Hegde
23352,38815,0,Bhavana Rao,Arrest,2026-06-10,Shivamogga,Nagaraj Hegde
23353,38821,0,Anitha Prasad,Arrest,2026-06-10,Bengaluru City,Joseph Patil
23354,38823,0,Suresh Shetty,Arrest,2026-06-10,Bengaluru City,Suresh Kumar
23356,38827,0,Ashwini Naik,Arrest,2026-06-10,Bengaluru City,Imran Patil
23359,38835,0,Prakash Kulkarni,Arrest,2026-06-10,Mangaluru (DK),Suresh Patil
23361,38837,0,Prakash Hegde,Arrest,2026-06-10,Ballari,Suresh Shetty
23363,38839,0,Mary Hegde,Arrest,2026-06-10,Mysuru,Nagaraj Naik
23365,38845,0,Prakash Hegde,Arrest,2026-06-10,Bengaluru City,Imran Kumar
23367,38847,0,Mary Hegde,Arrest,2026-06-10,Davanagere,Yashwanth Reddy
23368,38851,0,Lakshmi Rao,Arrest,2026-06-10,Hassan,Pooja Naik
23369,38853,0,Basavaraj Desai,Arrest,2026-06-10,Shivamogga,Mary Naik
23371,38855,0,Chetan Kulkarni,Arrest,2026-06-10,Tumakuru,Deepak Prasad
23372,38857,0,Rekha Murthy,Arrest,2026-06-10,Mysuru,Pooja Iyengar
23376,38863,0,Ravi Bhat,Arrest,2026-06-11,Bengaluru City,Joseph Reddy
23378,38869,0,Manjunath Gowda,Arrest,2026-06-11,Belagavi,Pooja Prasad
23380,38875,0,Basavaraj Desai,Surrender,2026-06-11,Bengaluru City,Fatima Patil
23381,38877,0,Rekha Murthy,Arrest,2026-06-11,Vijayapura,Girish Reddy
23384,38881,0,Lakshmi Shetty,Surrender,2026-06-11,Mangaluru (DK),Shivakumar Kumar
23386,38883,0,Rekha Desai,Arrest,2026-06-11,Bengaluru City,Fatima Desai
23387,38885,0,Basavaraj Shetty,Arrest,2026-06-11,Bengaluru City,Imran Kulkarni
23389,38887,0,Prakash Shetty,Surrender,2026-06-11,Vijayapura,Suresh Kumar
23392,38893,0,Deepak Kulkarni,Surrender,2026-06-12,Bengaluru City,Mary Bhat
23395,38897,0,Kiran Gowda,Arrest,2026-06-12,Bengaluru City,Pooja Reddy
23397,38899,0,Kiran Naik,Arrest,2026-06-12,Bengaluru City,Shivakumar Rao
23398,38901,0,Lakshmi Nayak,Surrender,2026-06-12,Bengaluru City,Prakash Gowda
23400,38905,0,Fatima Kumar,Arrest,2026-06-12,Hubballi-Dharwad,Manjunath Murthy
23402,38907,0,Suresh Nayak,Arrest,2026-06-12,Mangaluru (DK),Basavaraj Iyengar
23403,38909,0,Shivakumar Shetty,Arrest,2026-06-12,Udupi,Kiran Rao
23404,38911,0,Basavaraj Murthy,Arrest,2026-06-12,Hubballi-Dharwad,Anitha Desai
23405,38913,0,Yashwanth Nayak,Arrest,2026-06-12,Kalaburagi,Pooja Gowda
23407,38915,0,Bhavana Hegde,Arrest,2026-06-12,Kalaburagi,Deepak Desai
23409,38917,0,Kiran Iyengar,Arrest,2026-06-12,Hassan,Suresh Reddy
23410,38919,0,Manjunath Hegde,Arrest,2026-06-12,Mangaluru (DK),Nagaraj Desai
23412,38923,0,Vinutha Patil,Arrest,2026-06-12,Hubballi-Dharwad,Yashwanth Naik
23414,38927,0,Mary Gowda,Arrest,2026-06-12,Kalaburagi,Kiran Desai
23415,38929,0,Anitha Desai,Arrest,2026-06-12,Belagavi,Imran Iyengar
23418,38933,0,Lakshmi Reddy,Arrest,2026-06-13,Bengaluru Rural,Ashwini Reddy
23421,38937,0,Suresh Nayak,Surrender,2026-06-13,Davanagere,Deepak Kumar
23423,38939,0,Ashwini Iyengar,Arrest,2026-06-13,Belagavi,Nagaraj Naik
23425,38941,0,Nagaraj Naik,Arrest,2026-06-13,Hubballi-Dharwad,Nagaraj Gowda
23426,38943,0,Kiran Desai,Arrest,2026-06-13,Hassan,Joseph Bhat
23429,38947,0,Deepak Naik,Arrest,2026-06-13,Vijayapura,Prakash Murthy
23431,38949,0,Chetan Prasad,Arrest,2026-06-13,Hubballi-Dharwad,Shivakumar Kumar
23433,38951,0,Rekha Gowda,Arrest,2026-06-13,Mangaluru (DK),Pooja Prasad
23435,38953,0,Imran Rao,Arrest,2026-06-13,Kalaburagi,Yashwanth Rao
23436,38955,0,Nagaraj Desai,Arrest,2026-06-13,Bengaluru City,Vinutha Nayak
23438,38957,0,Chetan Iyengar,Arrest,2026-06-13,Ballari,Yashwanth Rao
23440,38959,0,Basavaraj Kumar,Arrest,2026-06-13,Mysuru,Basavaraj Murthy
23441,38963,0,Suresh Patil,Surrender,2026-06-13,Belagavi,Mary Nayak
23442,38965,0,Prakash Naik,Arrest,2026-06-14,Hassan,Anitha Gowda
23444,38967,0,Suresh Nayak,Arrest,2026-06-14,Bengaluru City,Basavaraj Rao
23448,38973,0,Prakash Prasad,Arrest,2026-06-14,Vijayapura,Girish Gowda
23450,38977,0,Mary Rao,Arrest,2026-06-14,Mysuru,Manjunath Desai
23451,38979,0,Joseph Shetty,Arrest,2026-06-14,Bengaluru City,Shivakumar Rao
23452,38981,0,Basavaraj Kumar,Arrest,2026-06-14,Bengaluru City,Suresh Kumar
23454,38983,0,Girish Hegde,Arrest,2026-06-14,Bengaluru City,Prakash Bhat
23455,38989,0,Nagaraj Rao,Arrest,2026-06-14,Mysuru,Pooja Patil
23457,38991,0,Yashwanth Desai,Arrest,2026-06-14,Bengaluru City,Bhavana Nayak
23459,38995,0,Imran Prasad,Arrest,2026-06-14,Bengaluru City,Vinutha Kumar
23461,38999,0,Vinutha Iyengar,Arrest,2026-06-14,Kalaburagi,Imran Bhat
23464,39003,0,Girish Kumar,Arrest,2026-06-15,Hubballi-Dharwad,Joseph Iyengar
23466,39005,0,Yashwanth Gowda,Arrest,2026-06-15,Hassan,Suresh Shetty
23469,39011,0,Prakash Desai,Arrest,2026-06-15,Bengaluru City,Deepak Kumar
23473,39019,0,Bhavana Shetty,Arrest,2026-06-15,Kalaburagi,Mary Gowda
23474,39023,0,Kiran Kumar,Arrest,2026-06-15,Tumakuru,Ravi Hegde
23476,39025,0,Nagaraj Hegde,Arrest,2026-06-15,Vijayapura,Prakash Prasad
23479,39029,0,Suresh Shetty,Arrest,2026-06-15,Belagavi,Mary Murthy
23481,39035,0,Girish Kulkarni,Surrender,2026-06-16,Hubballi-Dharwad,Lakshmi Nayak
23484,39039,0,Basavaraj Gowda,Arrest,2026-06-16,Hassan,Prakash Murthy
23485,39041,0,Imran Shetty,Arrest,2026-06-16,Hassan,Deepak Gowda
23487,39043,0,Mary Prasad,Arrest,2026-06-16,Bengaluru City,Kiran Naik
23488,39045,0,Vinutha Rao,Arrest,2026-06-16,Mangaluru (DK),Bhavana Patil
23489,39049,0,Anitha Bhat,Surrender,2026-06-16,Vijayapura,Shivakumar Hegde
23490,39051,0,Fatima Gowda,Arrest,2026-06-16,Bengaluru City,Deepak Naik
23491,39053,0,Basavaraj Kumar,Arrest,2026-06-16,Bengaluru City,Suresh Hegde
23493,39057,0,Imran Kumar,Arrest,2026-06-16,Hubballi-Dharwad,Manjunath Rao
23495,39061,0,Imran Shetty,Arrest,2026-06-16,Hubballi-Dharwad,Bhavana Reddy
23497,39063,0,Suresh Kumar,Arrest,2026-06-17,Mangaluru (DK),Manjunath Rao
23499,39065,0,Chetan Hegde,Arrest,2026-06-17,Bengaluru City,Manjunath Iyengar
23500,39067,0,Yashwanth Prasad,Surrender,2026-06-17,Bengaluru City,Mary Hegde
23502,39069,0,Deepak Prasad,Arrest,2026-06-17,Hubballi-Dharwad,Fatima Shetty
23504,39073,0,Manjunath Bhat,Arrest,2026-06-17,Mysuru,Manjunath Kulkarni
23505,39075,0,Joseph Rao,Arrest,2026-06-17,Ballari,Suresh Bhat
23506,39079,0,Prakash Gowda,Surrender,2026-06-17,Davanagere,Fatima Rao
23509,39083,0,Basavaraj Bhat,Arrest,2026-06-17,Bengaluru City,Ravi Kulkarni
23511,39089,0,Anitha Murthy,Arrest,2026-06-17,Mangaluru (DK),Pooja Prasad
23512,39091,0,Suresh Naik,Arrest,2026-06-17,Ballari,Girish Rao
23514,39093,0,Suresh Gowda,Arrest,2026-06-17,Hassan,Yashwanth Prasad
23517,39097,0,Mary Desai,Arrest,2026-06-17,Belagavi,Joseph Naik
23519,39099,0,Bhavana Desai,Arrest,2026-06-17,Raichur,Suresh Desai
23522,39105,0,Manjunath Rao,Arrest,2026-06-18,Kalaburagi,Rekha Iyengar
23524,39109,0,Chetan Gowda,Arrest,2026-06-18,Bengaluru City,Chetan Naik
23525,39111,0,Anitha Shetty,Arrest,2026-06-18,Mangaluru (DK),Vinutha Rao
23526,39113,0,Bhavana Hegde,Arrest,2026-06-18,Bengaluru City,Deepak Bhat
23527,39115,0,Prakash Iyengar,Surrender,2026-06-18,Kalaburagi,Bhavana Kumar
23528,39117,0,Mary Patil,Arrest,2026-06-18,Shivamogga,Ravi Reddy
23530,39119,0,Vinutha Nayak,Arrest,2026-06-18,Bengaluru City,Deepak Reddy
23533,39123,0,Mary Hegde,Arrest,2026-06-18,Kalaburagi,Manjunath Prasad
23535,39125,0,Lakshmi Nayak,Arrest,2026-06-18,Kalaburagi,Pooja Reddy
23537,39129,0,Manjunath Naik,Arrest,2026-06-18,Bengaluru Rural,Basavaraj Bhat
23539,39131,0,Lakshmi Reddy,Arrest,2026-06-18,Kalaburagi,Lakshmi Desai
23542,39135,0,Kiran Shetty,Surrender,2026-06-18,Mysuru,Chetan Gowda
23544,39139,0,Ravi Nayak,Arrest,2026-06-18,Bengaluru City,Girish Kulkarni
23547,39143,0,Yashwanth Murthy,Arrest,2026-06-19,Belagavi,Bhavana Bhat
23549,39145,0,Kiran Patil,Arrest,2026-06-19,Kalaburagi,Pooja Murthy
23551,39149,0,Nagaraj Bhat,Arrest,2026-06-19,Kalaburagi,Chetan Murthy
23553,39153,0,Fatima Murthy,Arrest,2026-06-19,Bengaluru City,Nagaraj Murthy
23554,39155,0,Joseph Naik,Arrest,2026-06-19,Ballari,Nagaraj Hegde
23556,39157,0,Manjunath Reddy,Arrest,2026-06-19,Mangaluru (DK),Imran Iyengar
23557,39159,0,Shivakumar Bhat,Arrest,2026-06-19,Bengaluru City,Manjunath Patil
23559,39163,0,Girish Reddy,Surrender,2026-06-19,Bengaluru City,Yashwanth Prasad
23562,39169,0,Bhavana Nayak,Arrest,2026-06-19,Bengaluru City,Rekha Murthy
23565,39173,0,Bhavana Shetty,Arrest,2026-06-19,Bengaluru City,Mary Naik
23567,39177,0,Ravi Patil,Arrest,2026-06-19,Bengaluru City,Deepak Murthy
23569,39179,0,Nagaraj Murthy,Arrest,2026-06-19,Raichur,Imran Murthy
23570,39181,0,Mary Shetty,Arrest,2026-06-19,Kalaburagi,Bhavana Murthy
23572,39183,0,Basavaraj Prasad,Arrest,2026-06-19,Bengaluru City,Deepak Bhat
23573,39185,0,Kiran Desai,Arrest,2026-06-20,Hubballi-Dharwad,Fatima Nayak
23575,39187,0,Prakash Gowda,Arrest,2026-06-20,Kalaburagi,Prakash Patil
23577,39189,0,Chetan Prasad,Arrest,2026-06-20,Bengaluru City,Ashwini Gowda
23578,39191,0,Basavaraj Prasad,Arrest,2026-06-20,Ballari,Yashwanth Prasad
23580,39195,0,Shivakumar Iyengar,Arrest,2026-06-20,Shivamogga,Pooja Desai
23582,39197,0,Rekha Desai,Arrest,2026-06-20,Bengaluru City,Joseph Iyengar
23585,39201,0,Imran Murthy,Arrest,2026-06-20,Bengaluru Rural,Fatima Bhat
23587,39203,0,Nagaraj Iyengar,Arrest,2026-06-20,Bengaluru City,Anitha Reddy
23589,39205,0,Kiran Kulkarni,Arrest,2026-06-20,Kalaburagi,Suresh Naik
23592,39209,0,Basavaraj Reddy,Arrest,2026-06-20,Bengaluru City,Prakash Prasad
23594,39211,0,Girish Kulkarni,Arrest,2026-06-20,Bengaluru City,Lakshmi Murthy
23595,39213,0,Ashwini Desai,Surrender,2026-06-20,Mysuru,Chetan Rao
23597,39215,0,Shivakumar Rao,Surrender,2026-06-20,Belagavi,Kiran Shetty
23598,39219,0,Bhavana Kulkarni,Surrender,2026-06-20,Tumakuru,Deepak Gowda
23600,39221,0,Prakash Murthy,Arrest,2026-06-20,Bengaluru City,Rekha Patil
23602,39223,0,Pooja Murthy,Arrest,2026-06-20,Bengaluru City,Joseph Shetty
23604,39225,0,Kiran Murthy,Arrest,2026-06-20,Davanagere,Prakash Nayak
23605,39227,0,Prakash Hegde,Arrest,2026-06-20,Kalaburagi,Ashwini Patil
23606,39229,0,Kiran Iyengar,Arrest,2026-06-21,Mysuru,Manjunath Gowda
23608,39231,0,Mary Hegde,Arrest,2026-06-21,Bengaluru Rural,Rekha Kumar
23610,39233,0,Joseph Kulkarni,Arrest,2026-06-21,Mangaluru (DK),Nagaraj Naik
23612,39235,0,Joseph Bhat,Arrest,2026-06-21,Davanagere,Nagaraj Kumar
23614,39239,0,Bhavana Naik,Arrest,2026-06-21,Mangaluru (DK),Lakshmi Kumar
23616,39241,0,Prakash Nayak,Arrest,2026-06-21,Bengaluru Rural,Rekha Murthy
23618,39243,0,Mary Prasad,Arrest,2026-06-21,Hubballi-Dharwad,Ravi Patil
23620,39247,0,Anitha Patil,Arrest,2026-06-21,Bengaluru City,Vinutha Reddy
23622,39249,0,Deepak Prasad,Arrest,2026-06-21,Tumakuru,Chetan Shetty
23624,39251,0,Ashwini Prasad,Surrender,2026-06-21,Bengaluru City,Vinutha Kulkarni
23626,39261,0,Imran Reddy,Arrest,2026-06-22,Bengaluru Rural,Manjunath Bhat
23628,39263,0,Yashwanth Prasad,Arrest,2026-06-22,Bengaluru City,Ravi Nayak
23630,39267,0,Bhavana Shetty,Arrest,2026-06-22,Mysuru,Ravi Prasad
23634,39275,0,Girish Iyengar,Arrest,2026-06-22,Raichur,Girish Iyengar
23638,39281,0,Deepak Rao,Arrest,2026-06-22,Ballari,Ashwini Reddy
23640,39283,0,Deepak Kulkarni,Arrest,2026-06-22,Udupi,Prakash Hegde
23641,39285,0,Ashwini Desai,Arrest,2026-06-22,Mysuru,Prakash Kumar
23642,39287,0,Girish Bhat,Arrest,2026-06-22,Bengaluru Rural,Fatima Kulkarni
23643,39289,0,Suresh Kulkarni,Surrender,2026-06-22,Hassan,Suresh Bhat
23644,39291,0,Joseph Hegde,Arrest,2026-06-22,Bengaluru City,Manjunath Iyengar
23645,39293,0,Anitha Naik,Arrest,2026-06-22,Kalaburagi,Vinutha Hegde
23646,39297,0,Rekha Desai,Arrest,2026-06-22,Hubballi-Dharwad,Rekha Kumar
23648,39299,0,Chetan Bhat,Arrest,2026-06-22,Bengaluru City,Vinutha Reddy
23649,39301,0,Deepak Hegde,Arrest,2026-06-23,Hubballi-Dharwad,Mary Murthy
23652,39305,0,Ravi Rao,Surrender,2026-06-23,Bengaluru City,Rekha Gowda
23654,39307,0,Prakash Bhat,Arrest,2026-06-23,Hubballi-Dharwad,Fatima Kumar
23657,39311,0,Yashwanth Kumar,Arrest,2026-06-23,Bengaluru City,Nagaraj Kumar
23659,39315,0,Girish Patil,Arrest,2026-06-23,Hubballi-Dharwad,Suresh Shetty
23660,39317,0,Nagaraj Murthy,Arrest,2026-06-23,Mysuru,Fatima Patil
23662,39319,0,Anitha Prasad,Surrender,2026-06-23,Mangaluru (DK),Mary Desai
23663,39321,0,Suresh Kumar,Arrest,2026-06-23,Bengaluru Rural,Deepak Murthy
23665,39323,0,Kiran Reddy,Arrest,2026-06-23,Bengaluru City,Fatima Desai
23666,39325,0,Ravi Nayak,Arrest,2026-06-23,Davanagere,Vinutha Reddy
23668,39327,0,Lakshmi Patil,Arrest,2026-06-23,Belagavi,Ravi Nayak
23670,39331,0,Rekha Reddy,Arrest,2026-06-23,Bengaluru City,Shivakumar Nayak
23671,39333,0,Pooja Shetty,Arrest,2026-06-24,Kalaburagi,Pooja Gowda
23674,39337,0,Anitha Rao,Arrest,2026-06-24,Mangaluru (DK),Yashwanth Kulkarni
23676,39341,0,Chetan Kumar,Arrest,2026-06-24,Bengaluru Rural,Bhavana Kulkarni
23679,39349,0,Girish Gowda,Arrest,2026-06-24,Bengaluru City,Ashwini Iyengar
23682,39353,0,Suresh Shetty,Arrest,2026-06-24,Belagavi,Manjunath Murthy
23684,39355,0,Yashwanth Nayak,Arrest,2026-06-24,Bengaluru Rural,Joseph Kulkarni
23686,39357,0,Kiran Prasad,Arrest,2026-06-24,Kalaburagi,Manjunath Shetty
23687,39361,0,Imran Bhat,Surrender,2026-06-24,Mangaluru (DK),Joseph Patil
23689,39363,0,Ravi Iyengar,Arrest,2026-06-24,Bengaluru City,Bhavana Reddy
23692,39367,0,Manjunath Rao,Arrest,2026-06-24,Hassan,Joseph Rao
23694,39369,0,Imran Patil,Arrest,2026-06-24,Davanagere,Suresh Patil
23696,39371,0,Girish Reddy,Arrest,2026-06-25,Bengaluru City,Basavaraj Reddy
23699,39377,0,Chetan Shetty,Arrest,2026-06-25,Hubballi-Dharwad,Fatima Hegde
23701,39381,0,Lakshmi Shetty,Arrest,2026-06-25,Tumakuru,Yashwanth Iyengar
23703,39383,0,Pooja Iyengar,Arrest,2026-06-25,Bengaluru City,Rekha Prasad
23705,39387,0,Anitha Kumar,Surrender,2026-06-25,Ballari,Shivakumar Rao
23706,39389,0,Ravi Murthy,Arrest,2026-06-25,Bengaluru Rural,Girish Bhat
23708,39393,0,Manjunath Nayak,Arrest,2026-06-25,Raichur,Vinutha Murthy
23709,39395,0,Anitha Gowda,Arrest,2026-06-25,Shivamogga,Shivakumar Nayak
23711,39397,0,Yashwanth Kumar,Arrest,2026-06-25,Hassan,Vinutha Reddy
23713,39401,0,Nagaraj Gowda,Arrest,2026-06-25,Bengaluru City,Vinutha Iyengar
23715,39403,0,Rekha Desai,Arrest,2026-06-25,Ballari,Deepak Bhat
23717,39409,0,Ashwini Murthy,Arrest,2026-06-26,Mangaluru (DK),Rekha Rao
23720,39415,0,Rekha Naik,Arrest,2026-06-26,Hubballi-Dharwad,Suresh Nayak
23721,39417,0,Mary Iyengar,Arrest,2026-06-26,Ballari,Nagaraj Shetty
23722,39419,0,Yashwanth Patil,Arrest,2026-06-26,Tumakuru,Pooja Murthy
23724,39423,0,Anitha Prasad,Arrest,2026-06-26,Tumakuru,Rekha Desai
23726,39425,0,Suresh Naik,Arrest,2026-06-26,Bengaluru City,Kiran Naik
23728,39427,0,Vinutha Patil,Surrender,2026-06-26,Vijayapura,Lakshmi Nayak
23729,39429,0,Fatima Gowda,Arrest,2026-06-26,Bengaluru City,Fatima Naik
23731,39433,0,Manjunath Nayak,Arrest,2026-06-26,Mysuru,Imran Iyengar
23733,39435,0,Prakash Shetty,Arrest,2026-06-26,Mysuru,Ashwini Desai
23735,39437,0,Fatima Rao,Arrest,2026-06-26,Mysuru,Pooja Shetty
23736,39439,0,Pooja Gowda,Arrest,2026-06-26,Bengaluru City,Vinutha Gowda
23737,39445,0,Nagaraj Gowda,Arrest,2026-06-27,Mangaluru (DK),Vinutha Desai
23740,39449,0,Kiran Bhat,Arrest,2026-06-27,Bengaluru City,Vinutha Rao
23741,39451,0,Girish Murthy,Arrest,2026-06-27,Mysuru,Fatima Iyengar
23743,39453,0,Basavaraj Kumar,Arrest,2026-06-27,Shivamogga,Deepak Kulkarni
23745,39455,0,Pooja Prasad,Arrest,2026-06-27,Davanagere,Mary Desai
23747,39457,0,Basavaraj Iyengar,Arrest,2026-06-27,Davanagere,Nagaraj Reddy
23749,39459,0,Pooja Gowda,Surrender,2026-06-27,Bengaluru City,Girish Hegde
23750,39461,0,Basavaraj Bhat,Arrest,2026-06-27,Shivamogga,Suresh Prasad
23751,39463,0,Chetan Rao,Arrest,2026-06-27,Ballari,Prakash Bhat
23753,39467,0,Nagaraj Patil,Arrest,2026-06-27,Tumakuru,Fatima Rao
23755,39469,0,Imran Kumar,Arrest,2026-06-27,Davanagere,Manjunath Nayak
23758,39475,0,Mary Prasad,Arrest,2026-06-28,Mysuru,Joseph Prasad
23760,39479,0,Yashwanth Reddy,Arrest,2026-06-28,Davanagere,Vinutha Hegde
23762,39481,0,Fatima Reddy,Surrender,2026-06-28,Mangaluru (DK),Rekha Naik
23763,39483,0,Lakshmi Patil,Arrest,2026-06-28,Ballari,Kiran Kumar
23765,39487,0,Shivakumar Prasad,Surrender,2026-06-28,Kalaburagi,Prakash Desai
23768,39491,0,Suresh Iyengar,Surrender,2026-06-28,Bengaluru City,Prakash Shetty
23770,39499,0,Nagaraj Murthy,Arrest,2026-06-28,Vijayapura,Vinutha Reddy
23771,39501,0,Rekha Rao,Surrender,2026-06-28,Ballari,Imran Bhat
23772,39503,0,Yashwanth Prasad,Arrest,2026-06-28,Kalaburagi,Manjunath Shetty
23775,39507,0,Joseph Desai,Arrest,2026-06-29,Tumakuru,Rekha Shetty
23776,39509,0,Lakshmi Nayak,Arrest,2026-06-29,Vijayapura,Ashwini Naik
23778,39511,0,Nagaraj Bhat,Arrest,2026-06-29,Bengaluru City,Suresh Kulkarni
23779,39513,0,Fatima Kumar,Surrender,2026-06-29,Udupi,Lakshmi Shetty
23781,39515,0,Prakash Reddy,Arrest,2026-06-29,Belagavi,Deepak Iyengar
23783,39519,0,Girish Patil,Arrest,2026-06-29,Belagavi,Kiran Shetty
23784,39521,0,Lakshmi Gowda,Arrest,2026-06-29,Mangaluru (DK),Shivakumar Shetty
23786,39523,0,Girish Bhat,Arrest,2026-06-29,Raichur,Ravi Naik
23790,39533,0,Ravi Kulkarni,Arrest,2026-06-29,Hubballi-Dharwad,Anitha Gowda
23792,39535,0,Basavaraj Gowda,Arrest,2026-06-29,Shivamogga,Anitha Naik
23793,39537,0,Girish Kumar,Arrest,2026-06-29,Mysuru,Kiran Desai
23795,39539,0,Shivakumar Shetty,Surrender,2026-06-29,Bengaluru City,Mary Naik
23798,39545,0,Ashwini Desai,Arrest,2026-06-30,Bengaluru City,Chetan Nayak
23801,39553,0,Bhavana Iyengar,Arrest,2026-06-30,Kalaburagi,Kiran Desai
23803,39557,0,Joseph Patil,Arrest,2026-06-30,Tumakuru,Deepak Iyengar
23804,39559,0,Manjunath Prasad,Arrest,2026-06-30,Bengaluru Rural,Kiran Gowda
23806,39561,0,Mary Naik,Arrest,2026-06-30,Belagavi,Yashwanth Kulkarni
23808,39563,0,Yashwanth Rao,Surrender,2026-06-30,Ballari,Deepak Hegde
23814,39573,0,Mary Shetty,Arrest,2026-06-30,Hassan,Fatima Hegde
23816,39575,0,Mary Reddy,Arrest,2026-06-30,Mysuru,Bhavana Naik
23817,39577,0,Deepak Shetty,Arrest,2026-06-30,Bengaluru Rural,Ashwini Kumar