LinkID,AccusedA,AccusedB,SharedCases,RingID
15701,Chetan Prasad,Yashwanth Murthy,11,6
4588,Chetan Prasad,Joseph Iyengar,10,6
5202,Chetan Prasad,Girish Bhat,9,6
8650,Kiran Murthy,Suresh Desai,9,8
17836,Girish Gowda,Yashwanth Murthy,9,6
1746,Pooja Rao,Pooja Shetty,8,7
2075,Joseph Prasad,Suresh Bhat,8,7
5049,Fatima Iyengar,Nagaraj Gowda,8,1
5834,Imran Naik,Mary Iyengar,8,0
10092,Imran Kumar,Nagaraj Iyengar,8,0
10457,Prakash Rao,Shivakumar Naik,8,5
11149,Basavaraj Patil,Nagaraj Bhat,8,2
17,Nagaraj Rao,Ravi Hegde,7,0
231,Anitha Patil,Chetan Kulkarni,7,0
1387,Basavaraj Bhat,Chetan Kulkarni,7,2
1388,Bhavana Gowda,Yashwanth Rao,7,1
1427,Basavaraj Iyengar,Girish Patil,7,3
2083,Deepak Iyengar,Manjunath Naik,7,3
4173,Manjunath Shetty,Nagaraj Kulkarni,7,4
4364,Fatima Gowda,Imran Nayak,7,1
4449,Mary Reddy,Yashwanth Rao,7,5
7212,Chetan Hegde,Fatima Murthy,7,0
7280,Imran Patil,Suresh Patil,7,0
8605,Ashwini Desai,Imran Nayak,7,0
8797,Bhavana Naik,Yashwanth Bhat,7,3
9215,Basavaraj Naik,Basavaraj Patil,7,2
10296,Rekha Murthy,Shivakumar Shetty,7,7
12013,Joseph Hegde,Suresh Bhat,7,7
12999,Lakshmi Patil,Pooja Shetty,7,6
13151,Prakash Kumar,Shivakumar Desai,7,4
14196,Manjunath Prasad,Yashwanth Patil,7,0
14854,Nagaraj Bhat,Yashwanth Murthy,7,3
15679,Pooja Shetty,Yashwanth Murthy,7,6
16625,Chetan Kulkarni,Fatima Shetty,7,7
18065,Ravi Shetty,Shivakumar Prasad,7,0
19494,Imran Rao,Lakshmi Reddy,7,8
23178,Ashwini Iyengar,Rekha Iyengar,7,4
23321,Manjunath Shetty,Shivakumar Shetty,7,4
24943,Lakshmi Reddy,Mary Murthy,7,8
39,Imran Murthy,Yashwanth Hegde,6,0
150,Basavaraj Iyengar,Girish Murthy,6,3
305,Suresh Hegde,Yashwanth Reddy,6,5
454,Ashwini Desai,Manjunath Iyengar,6,0
495,Imran Murthy,Manjunath Gowda,6,0
611,Bhavana Kumar,Ravi Hegde,6,0
737,Rekha Rao,Shivakumar Shetty,6,8
803,Fatima Kumar,Rekha Iyengar,6,4
848,Girish Patil,Mary Naik,6,7
880,Bhavana Reddy,Lakshmi Desai,6,0
952,Manjunath Gowda,Nagaraj Bhat,6,3
1044,Girish Patil,Prakash Patil,6,0
1049,Manjunath Gowda,Shivakumar Shetty,6,8
1052,Basavaraj Bhat,Yashwanth Murthy,6,2
1087,Girish Patil,Manjunath Reddy,6,0
1146,Basavaraj Murthy,Imran Nayak,6,0
1292,Mary Desai,Pooja Rao,6,7
1509,Prakash Patil,Yashwanth Kulkarni,6,0
1730,Basavaraj Reddy,Shivakumar Desai,6,4
1741,Basavaraj Patil,Mary Kulkarni,6,2
1782,Pooja Shetty,Vinutha Gowda,6,6
1835,Deepak Rao,Suresh Shetty,6,7
1850,Mary Desai,Suresh Shetty,6,0
1890,Anitha Murthy,Prakash Shetty,6,0
1891,Prakash Shetty,Ravi Patil,6,0
2151,Manjunath Patil,Vinutha Bhat,6,0
2533,Ashwini Reddy,Vinutha Desai,6,0
2879,Kiran Desai,Lakshmi Patil,6,0
3140,Bhavana Prasad,Vinutha Desai,6,3
3542,Chetan Iyengar,Manjunath Desai,6,8
3545,Deepak Kulkarni,Mary Iyengar,6,0
3698,Prakash Rao,Suresh Nayak,6,0
3834,Ashwini Naik,Yashwanth Reddy,6,5
3954,Bhavana Rao,Yashwanth Reddy,6,5
4439,Ashwini Naik,Prakash Shetty,6,5
4441,Anitha Nayak,Prakash Shetty,6,0
4448,Lakshmi Shetty,Prakash Patil,6,0
4513,Mary Hegde,Ravi Gowda,6,5
4557,Bhavana Kulkarni,Suresh Gowda,6,0
4836,Mary Reddy,Nagaraj Kumar,6,5
4949,Nagaraj Bhat,Prakash Kulkarni,6,3
5022,Ravi Bhat,Vinutha Reddy,6,0
5075,Basavaraj Patil,Manjunath Reddy,6,2
5212,Kiran Iyengar,Mary Desai,6,0
5215,Manjunath Kumar,Rekha Shetty,6,3
5274,Chetan Kulkarni,Mary Gowda,6,0
5276,Chetan Kulkarni,Prakash Gowda,6,0
5339,Anitha Bhat,Mary Iyengar,6,7
5566,Bhavana Gowda,Suresh Desai,6,1
5572,Bhavana Rao,Vinutha Prasad,6,0
5608,Deepak Rao,Kiran Reddy,6,7
5853,Vinutha Desai,Yashwanth Kulkarni,6,0
6003,Prakash Hegde,Rekha Shetty,6,3
6276,Kiran Murthy,Suresh Hegde,6,8
6359,Anitha Rao,Lakshmi Kumar,6,4
6368,Anitha Nayak,Prakash Gowda,6,0
6570,Pooja Shetty,Ravi Desai,6,6
6595,Basavaraj Iyengar,Deepak Iyengar,6,3
7626,Joseph Kumar,Yashwanth Desai,6,2
7710,Prakash Iyengar,Prakash Shetty,6,5
7738,Deepak Bhat,Girish Nayak,6,0
7827,Imran Shetty,Manjunath Nayak,6,5
7837,Basavaraj Bhat,Girish Patil,6,2
7983,Anitha Patil,Mary Murthy,6,8
8218,Deepak Bhat,Rekha Gowda,6,0
8316,Deepak Kumar,Manjunath Kulkarni,6,0
8469,Ashwini Shetty,Basavaraj Kumar,6,0
8548,Anitha Prasad,Chetan Kulkarni,6,0
8924,Bhavana Gowda,Rekha Murthy,6,1
8935,Chetan Kulkarni,Suresh Desai,6,0
9024,Chetan Kumar,Vinutha Gowda,6,0
9201,Ravi Desai,Shivakumar Shetty,6,8
9339,Deepak Kulkarni,Imran Naik,6,0
9351,Chetan Kulkarni,Lakshmi Reddy,6,8
9920,Girish Hegde,Manjunath Nayak,6,4
9971,Fatima Reddy,Imran Gowda,6,0
10528,Fatima Rao,Lakshmi Prasad,6,0
10944,Manjunath Kulkarni,Yashwanth Patil,6,0
11025,Anitha Nayak,Yashwanth Bhat,6,3
11038,Manjunath Kulkarni,Mary Iyengar,6,0
11129,Rekha Murthy,Suresh Nayak,6,7
11177,Bhavana Shetty,Deepak Prasad,6,0
11332,Mary Patil,Pooja Iyengar,6,5
11497,Ashwini Nayak,Bhavana Hegde,6,0
11753,Shivakumar Hegde,Suresh Naik,6,1
11965,Ashwini Prasad,Joseph Kulkarni,6,0
12494,Anitha Kulkarni,Vinutha Gowda,6,0
13425,Girish Reddy,Shivakumar Shetty,6,8
13426,Chetan Kulkarni,Shivakumar Shetty,6,8
13513,Basavaraj Bhat,Pooja Hegde,6,2
13526,Bhavana Nayak,Joseph Kulkarni,6,2
13849,Chetan Kulkarni,Kiran Desai,6,0
14226,Girish Kulkarni,Ravi Nayak,6,5
14811,Ashwini Iyengar,Lakshmi Kumar,6,4
14855,Nagaraj Rao,Pooja Patil,6,0
15283,Ashwini Shetty,Bhavana Desai,6,5
15306,Mary Murthy,Yashwanth Patil,6,8
15429,Vinutha Gowda,Vinutha Patil,6,2
15551,Bhavana Gowda,Ravi Nayak,6,1
15692,Girish Gowda,Pooja Shetty,6,6
15817,Prakash Gowda,Suresh Desai,6,0
16409,Anitha Patil,Pooja Murthy,6,0
16443,Suresh Bhat,Yashwanth Reddy,6,7
16563,Kiran Iyengar,Rekha Kulkarni,6,0
16673,Vinutha Rao,Yashwanth Rao,6,0
17082,Ashwini Desai,Rekha Patil,6,0
17498,Chetan Kulkarni,Nagaraj Bhat,6,3
17502,Joseph Murthy,Nagaraj Patil,6,2
17579,Manjunath Gowda,Prakash Nayak,6,0
17807,Basavaraj Hegde,Bhavana Gowda,6,1
18121,Rekha Kumar,Shivakumar Naik,6,5
18151,Mary Shetty,Pooja Murthy,6,0
18326,Manjunath Shetty,Ravi Iyengar,6,4
18411,Bhavana Gowda,Manjunath Patil,6,1
18463,Chetan Bhat,Manjunath Prasad,6,0
18850,Bhavana Murthy,Rekha Kulkarni,6,0
18924,Fatima Hegde,Lakshmi Kulkarni,6,0
19097,Ashwini Iyengar,Shivakumar Desai,6,4
19762,Pooja Iyengar,Prakash Kulkarni,6,5
20166,Bhavana Nayak,Rekha Kulkarni,6,2
20338,Kiran Reddy,Mary Murthy,6,7
21455,Joseph Iyengar,Manjunath Patil,6,6
21675,Imran Shetty,Shivakumar Murthy,6,0
22648,Basavaraj Patil,Joseph Kumar,6,2
23780,Joseph Shetty,Manjunath Shetty,6,4
24128,Girish Naik,Imran Gowda,6,0
25356,Imran Reddy,Prakash Patil,6,0
26230,Basavaraj Bhat,Prakash Naik,6,2
26298,Bhavana Gowda,Yashwanth Kulkarni,6,1
26687,Imran Rao,Rekha Nayak,6,8
29625,Manjunath Iyengar,Prakash Hegde,6,0
29715,Ashwini Desai,Lakshmi Nayak,6,1
102,Anitha Kumar,Imran Shetty,5,0
103,Imran Shetty,Lakshmi Rao,5,7
120,Mary Reddy,Prakash Bhat,5,5
127,Lakshmi Murthy,Shivakumar Rao,5,0
141,Anitha Reddy,Kiran Iyengar,5,0
157,Basavaraj Reddy,Deepak Gowda,5,0
164,Chetan Kumar,Girish Shetty,5,0
176,Ashwini Hegde,Basavaraj Patil,5,2
177,Basavaraj Patil,Nagaraj Gowda,5,2
199,Joseph Nayak,Ravi Bhat,5,0
242,Bhavana Rao,Shivakumar Bhat,5,0
272,Ashwini Gowda,Manjunath Reddy,5,0
311,Vinutha Kumar,Yashwanth Hegde,5,0
337,Kiran Prasad,Vinutha Patil,5,2
351,Chetan Iyengar,Rekha Reddy,5,0
365,Deepak Hegde,Lakshmi Patil,5,0
460,Mary Reddy,Ravi Iyengar,5,5
549,Ashwini Iyengar,Mary Prasad,5,4
585,Basavaraj Rao,Suresh Murthy,5,0
638,Imran Hegde,Nagaraj Rao,5,0
669,Lakshmi Kulkarni,Lakshmi Prasad,5,0
674,Deepak Iyengar,Suresh Murthy,5,3
683,Ashwini Gowda,Shivakumar Shetty,5,8
721,Manjunath Naik,Yashwanth Hegde,5,0
772,Imran Gowda,Vinutha Murthy,5,0
784,Manjunath Iyengar,Nagaraj Prasad,5,0
785,Suresh Patil,Yashwanth Patil,5,0
820,Ashwini Iyengar,Kiran Kumar,5,4
831,Nagaraj Bhat,Yashwanth Hegde,5,3
849,Anitha Nayak,Girish Patil,5,0
870,Ashwini Gowda,Ravi Patil,5,0
874,Bhavana Reddy,Yashwanth Rao,5,0
920,Bhavana Nayak,Mary Naik,5,2
953,Imran Nayak,Nagaraj Bhat,5,3
1038,Basavaraj Kumar,Vinutha Reddy,5,0
1039,Basavaraj Naik,Mary Gowda,5,0
1047,Anitha Murthy,Manjunath Naik,5,0
1067,Basavaraj Kumar,Girish Iyengar,5,0
1071,Basavaraj Bhat,Basavaraj Rao,5,2
1163,Prakash Naik,Shivakumar Kumar,5,2
1185,Basavaraj Rao,Yashwanth Reddy,5,5
1197,Deepak Kulkarni,Yashwanth Naik,5,0
1220,Anitha Reddy,Rekha Murthy,5,7
1262,Lakshmi Iyengar,Ravi Shetty,5,0
1263,Fatima Shetty,Lakshmi Hegde,5,7
1298,Lakshmi Iyengar,Vinutha Patil,5,2
1306,Bhavana Kumar,Nagaraj Rao,5,0
1313,Bhavana Gowda,Fatima Kulkarni,5,1
1330,Basavaraj Naik,Nagaraj Patil,5,2
1371,Anitha Patil,Ashwini Shetty,5,0
1374,Prakash Patil,Vinutha Rao,5,0
1405,Girish Kulkarni,Nagaraj Bhat,5,5
1451,Ravi Shetty,Yashwanth Hegde,5,0
1469,Ashwini Desai,Yashwanth Rao,5,0
1537,Nagaraj Gowda,Pooja Shetty,5,6
1563,Basavaraj Nayak,Girish Murthy,5,0
1609,Fatima Iyengar,Prakash Shetty,5,1
1634,Anitha Iyengar,Imran Bhat,5,0
1641,Prakash Bhat,Prakash Nayak,5,0
1664,Joseph Patil,Prakash Naik,5,3
1693,Girish Prasad,Manjunath Kulkarni,5,0
1697,Bhavana Kulkarni,Bhavana Nayak,5,2
1700,Bhavana Nayak,Manjunath Naik,5,2
1728,Joseph Nayak,Shivakumar Desai,5,4
1784,Girish Reddy,Kiran Desai,5,0
1979,Girish Murthy,Manjunath Nayak,5,5
1983,Lakshmi Desai,Prakash Iyengar,5,5
1989,Anitha Nayak,Shivakumar Shetty,5,8
2012,Anitha Naik,Rekha Gowda,5,0
2017,Rekha Shetty,Shivakumar Naik,5,3
2025,Girish Murthy,Suresh Nayak,5,0
2101,Basavaraj Kumar,Lakshmi Murthy,5,0
2135,Kiran Iyengar,Shivakumar Shetty,5,8
2241,Manjunath Gowda,Yashwanth Nayak,5,0
2260,Shivakumar Prasad,Shivakumar Shetty,5,8
2261,Ravi Bhat,Shivakumar Shetty,5,8
2296,Ravi Nayak,Vinutha Bhat,5,1
2472,Ashwini Shetty,Manjunath Kulkarni,5,0
2480,Ravi Gowda,Rekha Murthy,5,3
2517,Deepak Rao,Shivakumar Shetty,5,7
2534,Girish Kulkarni,Yashwanth Nayak,5,5
2545,Manjunath Reddy,Mary Shetty,5,0
2550,Basavaraj Bhat,Shivakumar Naik,5,2
2553,Imran Hegde,Kiran Iyengar,5,0
2686,Imran Reddy,Shivakumar Gowda,5,3
2739,Lakshmi Bhat,Ravi Bhat,5,0
2746,Nagaraj Kulkarni,Suresh Bhat,5,4
2747,Kiran Hegde,Nagaraj Kulkarni,5,3
2802,Anitha Patil,Ravi Hegde,5,0
2832,Fatima Kumar,Kiran Iyengar,5,0
2845,Anitha Reddy,Basavaraj Hegde,5,0
2849,Deepak Rao,Girish Nayak,5,7
2854,Imran Gowda,Prakash Kulkarni,5,7
2861,Chetan Kulkarni,Vinutha Prasad,5,0
2869,Bhavana Bhat,Girish Bhat,5,6
2884,Deepak Rao,Yashwanth Iyengar,5,7
2907,Pooja Murthy,Suresh Desai,5,0
2941,Fatima Naik,Prakash Rao,5,0
2943,Nagaraj Gowda,Prakash Nayak,5,0
3039,Manjunath Shetty,Prakash Murthy,5,4
3046,Lakshmi Prasad,Manjunath Desai,5,8
3113,Nagaraj Hegde,Yashwanth Kumar,5,0
3117,Anitha Kumar,Yashwanth Rao,5,0
3119,Pooja Bhat,Vinutha Reddy,5,5
3124,Ravi Shetty,Rekha Gowda,5,0
3137,Kiran Shetty,Pooja Shetty,5,6
3186,Basavaraj Reddy,Deepak Hegde,5,0
3262,Manjunath Patil,Vinutha Gowda,5,0
3284,Mary Murthy,Ravi Bhat,5,8
3309,Bhavana Gowda,Fatima Iyengar,5,1
3383,Anitha Desai,Pooja Desai,5,0
3389,Pooja Rao,Shivakumar Desai,5,7
3406,Basavaraj Patil,Chetan Patil,5,2
3463,Anitha Nayak,Fatima Shetty,5,7
3489,Shivakumar Naik,Shivakumar Reddy,5,5
3505,Joseph Rao,Ravi Nayak,5,1
3510,Anitha Kumar,Pooja Shetty,5,6
3574,Pooja Nayak,Prakash Rao,5,0
3579,Pooja Murthy,Rekha Prasad,5,0
3604,Bhavana Rao,Lakshmi Kulkarni,5,0
3650,Prakash Reddy,Rekha Bhat,5,0
3769,Joseph Prasad,Yashwanth Bhat,5,3
3786,Vinutha Kumar,Yashwanth Naik,5,0
3790,Chetan Reddy,Mary Bhat,5,1
3792,Fatima Shetty,Nagaraj Patil,5,7
3817,Kiran Reddy,Manjunath Rao,5,7
3882,Mary Reddy,Suresh Iyengar,5,5
3914,Fatima Kumar,Imran Nayak,5,0
3995,Yashwanth Kulkarni,Yashwanth Reddy,5,5
4000,Ashwini Iyengar,Yashwanth Reddy,5,4
4064,Manjunath Iyengar,Yashwanth Reddy,5,5
4265,Deepak Hegde,Shivakumar Shetty,5,8
4266,Nagaraj Patil,Shivakumar Shetty,5,2
4271,Fatima Hegde,Yashwanth Bhat,5,3
4282,Anitha Reddy,Joseph Shetty,5,4
4308,Chetan Kulkarni,Mary Murthy,5,8
4404,Basavaraj Patil,Chetan Kulkarni,5,2
4406,Basavaraj Patil,Deepak Patil,5,2
4424,Girish Murthy,Vinutha Hegde,5,0
4473,Lakshmi Shetty,Suresh Desai,5,0
4491,Kiran Prasad,Manjunath Kulkarni,5,0
4519,Manjunath Desai,Shivakumar Shetty,5,8
4543,Joseph Iyengar,Yashwanth Hegde,5,6
4585,Basavaraj Rao,Imran Reddy,5,0
4597,Bhavana Nayak,Suresh Nayak,5,2
4600,Prakash Kulkarni,Suresh Nayak,5,7
4606,Joseph Murthy,Manjunath Kumar,5,3
4708,Rekha Gowda,Rekha Reddy,5,0
4745,Fatima Iyengar,Yashwanth Patil,5,1
4792,Chetan Kulkarni,Prakash Reddy,5,0
4796,Ashwini Shetty,Prakash Reddy,5,0
4808,Joseph Patil,Manjunath Desai,5,3
4815,Basavaraj Murthy,Deepak Rao,5,7
4910,Rekha Kulkarni,Yashwanth Bhat,5,3
4921,Fatima Desai,Mary Shetty,5,0
4948,Ashwini Reddy,Nagaraj Bhat,5,3
4996,Prakash Gowda,Ravi Hegde,5,0
4998,Bhavana Naik,Rekha Gowda,5,3
5057,Anitha Bhat,Manjunath Prasad,5,7
5203,Chetan Prasad,Ravi Shetty,5,6
5314,Joseph Reddy,Rekha Shetty,5,2
5315,Deepak Kumar,Joseph Nayak,5,0
5344,Mary Bhat,Pooja Desai,5,0
5463,Lakshmi Nayak,Mary Reddy,5,1
5470,Basavaraj Hegde,Basavaraj Prasad,5,0
5492,Anitha Patil,Girish Murthy,5,0
5555,Basavaraj Desai,Lakshmi Rao,5,7
5593,Prakash Kumar,Prakash Patil,5,0
5661,Lakshmi Nayak,Vinutha Patil,5,1
5824,Anitha Nayak,Ravi Hegde,5,0
5869,Suresh Reddy,Yashwanth Reddy,5,5
5893,Imran Nayak,Kiran Nayak,5,0
5955,Manjunath Gowda,Yashwanth Gowda,5,0
5978,Lakshmi Kumar,Suresh Hegde,5,4
6001,Mary Reddy,Shivakumar Reddy,5,5
6005,Anitha Murthy,Ashwini Naik,5,5
6010,Girish Murthy,Yashwanth Nayak,5,0
6073,Imran Reddy,Joseph Reddy,5,2
6096,Kiran Hegde,Vinutha Kulkarni,5,3
6127,Bhavana Kulkarni,Vinutha Gowda,5,0
6164,Lakshmi Hegde,Mary Bhat,5,1
6165,Manjunath Naik,Prakash Bhat,5,0
6221,Joseph Prasad,Pooja Murthy,5,0
6415,Chetan Prasad,Manjunath Desai,5,6
6501,Basavaraj Patil,Nagaraj Prasad,5,2
6530,Anitha Murthy,Rekha Desai,5,0
6537,Joseph Desai,Mary Naik,5,7
6607,Anitha Iyengar,Deepak Bhat,5,0
6658,Fatima Shetty,Rekha Shetty,5,7
6663,Imran Nayak,Suresh Shetty,5,0
6785,Chetan Kulkarni,Shivakumar Murthy,5,0
6805,Manjunath Rao,Vinutha Reddy,5,0
6809,Vinutha Naik,Vinutha Reddy,5,0
6815,Manjunath Gowda,Mary Hegde,5,5
6816,Mary Hegde,Nagaraj Patil,5,5
6888,Anitha Naik,Shivakumar Bhat,5,0
6908,Anitha Murthy,Anitha Prasad,5,0
6930,Mary Shetty,Rekha Shetty,5,3
7001,Bhavana Shetty,Ravi Shetty,5,0
7009,Bhavana Gowda,Suresh Murthy,5,1
7028,Lakshmi Shetty,Vinutha Rao,5,0
7110,Chetan Reddy,Vinutha Hegde,5,1
7112,Joseph Nayak,Prakash Iyengar,5,5
7156,Prakash Iyengar,Yashwanth Reddy,5,5
7239,Girish Rao,Manjunath Shetty,5,4
7255,Imran Shetty,Vinutha Reddy,5,0
7263,Ashwini Kulkarni,Chetan Desai,5,0
7267,Anitha Nayak,Manjunath Iyengar,5,0
7286,Nagaraj Kumar,Prakash Gowda,5,0
7331,Yashwanth Patil,Yashwanth Reddy,5,5
7366,Deepak Prasad,Manjunath Kulkarni,5,0
7370,Bhavana Nayak,Deepak Patil,5,2
7396,Pooja Murthy,Pooja Shetty,5,6
7437,Manjunath Rao,Yashwanth Rao,5,0
7473,Suresh Gowda,Vinutha Iyengar,5,0
7554,Bhavana Rao,Girish Patil,5,0
7657,Joseph Kumar,Prakash Reddy,5,2
7752,Bhavana Gowda,Girish Reddy,5,1
7755,Ashwini Desai,Vinutha Gowda,5,0
7820,Joseph Patil,Mary Kulkarni,5,3
7826,Manjunath Nayak,Pooja Gowda,5,5
7834,Basavaraj Bhat,Fatima Kumar,5,2
7845,Chetan Bhat,Ravi Gowda,5,3
7859,Deepak Nayak,Suresh Prasad,5,0
7943,Manjunath Kulkarni,Ravi Murthy,5,0
7986,Shivakumar Naik,Yashwanth Reddy,5,5
8138,Shivakumar Naik,Yashwanth Nayak,5,5
8213,Pooja Rao,Yashwanth Kulkarni,5,7
8270,Kiran Hegde,Yashwanth Hegde,5,3
8289,Kiran Iyengar,Vinutha Prasad,5,0
8344,Rekha Murthy,Yashwanth Murthy,5,7
8364,Girish Kulkarni,Rekha Murthy,5,5
8405,Rekha Desai,Shivakumar Patil,5,0
8512,Rekha Prasad,Suresh Desai,5,0
8547,Chetan Kulkarni,Vinutha Shetty,5,0
8631,Imran Gowda,Kiran Patil,5,0
8643,Manjunath Kulkarni,Nagaraj Bhat,5,3
8696,Joseph Shetty,Lakshmi Murthy,5,4
8709,Bhavana Nayak,Fatima Gowda,5,2
8747,Nagaraj Patil,Shivakumar Desai,5,2
8795,Bhavana Naik,Pooja Gowda,5,3
8879,Ashwini Murthy,Mary Iyengar,5,0
8891,Girish Hegde,Pooja Shetty,5,4
9033,Shivakumar Hegde,Yashwanth Rao,5,1
9034,Ravi Kumar,Yashwanth Rao,5,0
9109,Manjunath Hegde,Pooja Iyengar,5,5
9205,Manjunath Gowda,Shivakumar Prasad,5,0
9209,Bhavana Gowda,Prakash Shetty,5,1
9277,Lakshmi Shetty,Suresh Reddy,5,0
9308,Imran Reddy,Vinutha Rao,5,0
9346,Shivakumar Bhat,Yashwanth Patil,5,0
9361,Joseph Prasad,Vinutha Patil,5,2
9363,Lakshmi Prasad,Ravi Hegde,5,0
9375,Nagaraj Bhat,Pooja Iyengar,5,3
9440,Basavaraj Patil,Imran Naik,5,2
9499,Fatima Iyengar,Girish Shetty,5,1
9503,Nagaraj Gowda,Rekha Murthy,5,7
9511,Fatima Hegde,Shivakumar Prasad,5,0
9520,Basavaraj Murthy,Girish Patil,5,0
9549,Bhavana Shetty,Imran Gowda,5,0
9575,Kiran Patil,Ravi Hegde,5,0
9630,Deepak Patil,Rekha Gowda,5,2
9767,Pooja Kumar,Shivakumar Shetty,5,8
9824,Ashwini Desai,Nagaraj Prasad,5,0
9856,Bhavana Nayak,Girish Bhat,5,2
9985,Basavaraj Iyengar,Vinutha Gowda,5,3
10053,Anitha Desai,Shivakumar Shetty,5,8
10127,Lakshmi Kumar,Pooja Desai,5,4
10160,Anitha Desai,Chetan Kulkarni,5,0
10242,Ashwini Kulkarni,Bhavana Gowda,5,1
10265,Imran Shetty,Manjunath Gowda,5,0
10315,Kiran Desai,Manjunath Prasad,5,0
10334,Basavaraj Nayak,Nagaraj Bhat,5,3
10341,Ashwini Desai,Prakash Gowda,5,0
10387,Nagaraj Bhat,Vinutha Rao,5,3
10450,Basavaraj Desai,Nagaraj Bhat,5,3
10515,Manjunath Gowda,Manjunath Patil,5,0
10635,Lakshmi Patil,Pooja Hegde,5,0
10668,Deepak Gowda,Yashwanth Iyengar,5,7
10712,Bhavana Rao,Deepak Rao,5,7
10742,Ashwini Reddy,Bhavana Naik,5,3
10843,Chetan Kulkarni,Girish Iyengar,5,0
10908,Girish Reddy,Mary Murthy,5,8
10981,Pooja Murthy,Suresh Iyengar,5,0
11090,Bhavana Nayak,Deepak Gowda,5,2
11109,Pooja Naik,Shivakumar Naik,5,5
11110,Fatima Iyengar,Shivakumar Hegde,5,1
11187,Joseph Prasad,Lakshmi Patil,5,0
11208,Basavaraj Desai,Mary Desai,5,0
11217,Ashwini Hegde,Yashwanth Hegde,5,0
11265,Nagaraj Kulkarni,Suresh Nayak,5,4
11348,Bhavana Kumar,Lakshmi Murthy,5,0
11351,Nagaraj Rao,Prakash Patil,5,0
11408,Deepak Gowda,Manjunath Prasad,5,0
11432,Chetan Iyengar,Lakshmi Nayak,5,1
11442,Anitha Reddy,Deepak Murthy,5,0
11475,Mary Kumar,Vinutha Nayak,5,0
11487,Imran Patil,Joseph Prasad,5,0
11545,Imran Rao,Rekha Shetty,5,8
11569,Joseph Patil,Nagaraj Gowda,5,3
11633,Lakshmi Kulkarni,Nagaraj Prasad,5,0
11654,Manjunath Nayak,Nagaraj Murthy,5,5
11672,Fatima Gowda,Kiran Hegde,5,1
11685,Ashwini Kumar,Lakshmi Hegde,5,1
11766,Chetan Gowda,Chetan Kulkarni,5,0
11776,Pooja Shetty,Ravi Kulkarni,5,6
11790,Lakshmi Kulkarni,Pooja Naik,5,0
11856,Deepak Rao,Yashwanth Hegde,5,7
12056,Basavaraj Iyengar,Suresh Nayak,5,3
12060,Ashwini Desai,Vinutha Reddy,5,0
12091,Imran Rao,Yashwanth Patil,5,8
12128,Kiran Naik,Shivakumar Shetty,5,8
12192,Bhavana Gowda,Ravi Gowda,5,1
12304,Chetan Bhat,Shivakumar Naik,5,5
12352,Manjunath Desai,Ravi Bhat,5,8
12391,Nagaraj Bhat,Suresh Reddy,5,3
12415,Basavaraj Gowda,Pooja Gowda,5,3
12459,Pooja Gowda,Suresh Reddy,5,3
12486,Deepak Nayak,Girish Patil,5,0
12503,Pooja Rao,Shivakumar Shetty,5,7
12519,Kiran Desai,Prakash Kumar,5,0
12602,Joseph Patil,Yashwanth Patil,5,3
12610,Fatima Kulkarni,Girish Hegde,5,3
12654,Chetan Kulkarni,Manjunath Bhat,5,0
12737,Chetan Prasad,Vinutha Nayak,5,6
12769,Suresh Desai,Suresh Nayak,5,0
12809,Imran Murthy,Shivakumar Shetty,5,8
12877,Chetan Kulkarni,Girish Patil,5,0
12907,Manjunath Shetty,Ravi Patil,5,4
12981,Basavaraj Bhat,Lakshmi Kumar,5,2
12983,Ashwini Rao,Rekha Rao,5,0
13030,Prakash Patil,Shivakumar Kulkarni,5,0
13066,Deepak Kumar,Vinutha Kumar,5,0
13071,Anitha Shetty,Mary Gowda,5,0
13077,Girish Kulkarni,Girish Rao,5,5
13078,Girish Kulkarni,Nagaraj Kulkarni,5,5
13260,Lakshmi Hegde,Yashwanth Murthy,5,1
13332,Imran Prasad,Suresh Hegde,5,0
13464,Nagaraj Bhat,Rekha Nayak,5,3
13498,Joseph Iyengar,Pooja Shetty,5,6
13536,Kiran Desai,Vinutha Kumar,5,0
13555,Basavaraj Patil,Prakash Rao,5,2
13596,Bhavana Gowda,Nagaraj Shetty,5,1
13644,Basavaraj Gowda,Kiran Prasad,5,0
13907,Lakshmi Kulkarni,Ravi Shetty,5,0
13913,Nagaraj Patil,Suresh Reddy,5,2
13916,Deepak Prasad,Fatima Hegde,5,0
13993,Ashwini Iyengar,Imran Reddy,5,4
14002,Mary Murthy,Prakash Patil,5,8
14061,Chetan Reddy,Joseph Kumar,5,1
14072,Bhavana Rao,Mary Naik,5,7
14075,Joseph Shetty,Shivakumar Desai,5,4
14112,Basavaraj Gowda,Rekha Prasad,5,0
14268,Manjunath Nayak,Yashwanth Bhat,5,5
14302,Pooja Shetty,Shivakumar Murthy,5,6
14317,Kiran Naik,Ravi Iyengar,5,0
14401,Ashwini Desai,Ashwini Gowda,5,0
14445,Basavaraj Prasad,Shivakumar Naik,5,5
14619,Shivakumar Prasad,Shivakumar Reddy,5,0
14628,Manjunath Shetty,Yashwanth Patil,5,4
14650,Bhavana Gowda,Manjunath Hegde,5,1
14651,Bhavana Gowda,Rekha Bhat,5,1
14658,Lakshmi Iyengar,Rekha Rao,5,0
14672,Anitha Shetty,Joseph Hegde,5,7
14690,Basavaraj Nayak,Lakshmi Prasad,5,0
15016,Basavaraj Rao,Chetan Kulkarni,5,0
15089,Mary Iyengar,Yashwanth Kumar,5,0
15184,Basavaraj Shetty,Shivakumar Naik,5,5
15202,Fatima Murthy,Joseph Reddy,5,2
15226,Mary Naik,Shivakumar Shetty,5,7
15573,Ashwini Naik,Lakshmi Kumar,5,5
15594,Fatima Murthy,Prakash Patil,5,0
15624,Lakshmi Bhat,Mary Gowda,5,0
15691,Shivakumar Desai,Yashwanth Rao,5,4
15844,Chetan Desai,Shivakumar Shetty,5,8
15905,Basavaraj Reddy,Bhavana Gowda,5,1
16180,Nagaraj Patil,Vinutha Patil,5,2
16185,Kiran Shetty,Pooja Desai,5,0
16266,Chetan Kulkarni,Fatima Rao,5,0
16355,Lakshmi Murthy,Yashwanth Rao,5,0
16464,Bhavana Rao,Manjunath Shetty,5,4
16522,Mary Gowda,Shivakumar Prasad,5,0
16525,Anitha Kumar,Mary Gowda,5,0
16628,Bhavana Rao,Kiran Naik,5,0
16751,Ashwini Desai,Chetan Shetty,5,0
16930,Imran Gowda,Shivakumar Prasad,5,0
16994,Anitha Desai,Anitha Nayak,5,0
17020,Nagaraj Kulkarni,Prakash Patil,5,4
17106,Manjunath Desai,Rekha Gowda,5,8
17127,Kiran Naik,Lakshmi Murthy,5,0
17139,Girish Gowda,Manjunath Iyengar,5,6
17144,Girish Kulkarni,Manjunath Rao,5,5
17172,Deepak Naik,Imran Rao,5,8
17332,Rekha Shetty,Suresh Hegde,5,3
17335,Bhavana Gowda,Imran Hegde,5,1
17412,Lakshmi Rao,Shivakumar Hegde,5,7
17472,Kiran Gowda,Prakash Kumar,5,0
17494,Bhavana Nayak,Deepak Murthy,5,2
17527,Fatima Iyengar,Ravi Nayak,5,1
17763,Rekha Reddy,Shivakumar Rao,5,0
17813,Ashwini Murthy,Suresh Kulkarni,5,0
17886,Deepak Rao,Shivakumar Naik,5,7
17982,Kiran Naik,Yashwanth Rao,5,0
18006,Rekha Kumar,Shivakumar Prasad,5,0
18114,Nagaraj Naik,Suresh Gowda,5,0
18130,Basavaraj Iyengar,Girish Hegde,5,3
18159,Anitha Bhat,Manjunath Gowda,5,7
18233,Lakshmi Kulkarni,Nagaraj Bhat,5,3
18324,Manjunath Shetty,Pooja Desai,5,4
18379,Deepak Rao,Lakshmi Nayak,5,7
18536,Kiran Hegde,Rekha Kumar,5,3
18592,Anitha Reddy,Suresh Bhat,5,7
18701,Bhavana Desai,Vinutha Patil,5,5
18712,Manjunath Bhat,Prakash Rao,5,0
18816,Girish Kulkarni,Imran Murthy,5,5
18827,Basavaraj Desai,Shivakumar Prasad,5,0
18836,Manjunath Reddy,Shivakumar Desai,5,4
18988,Pooja Kumar,Prakash Nayak,5,8
19063,Lakshmi Hegde,Manjunath Prasad,5,1
19070,Joseph Iyengar,Yashwanth Murthy,5,6
19122,Lakshmi Nayak,Yashwanth Murthy,5,1
19192,Imran Nayak,Manjunath Patil,5,0
19226,Ashwini Desai,Ravi Patil,5,0
19236,Rekha Iyengar,Shivakumar Desai,5,4
19342,Deepak Rao,Suresh Iyengar,5,7
19502,Nagaraj Kulkarni,Suresh Desai,5,4
19614,Deepak Prasad,Manjunath Reddy,5,0
19615,Anitha Patil,Manjunath Reddy,5,0
19706,Shivakumar Shetty,Vinutha Naik,5,8
19864,Kiran Kumar,Shivakumar Naik,5,5
19946,Ashwini Desai,Kiran Reddy,5,7
20239,Basavaraj Naik,Chetan Patil,5,4
20256,Basavaraj Murthy,Pooja Shetty,5,6
20289,Anitha Reddy,Chetan Kulkarni,5,0
20508,Basavaraj Kumar,Fatima Prasad,5,0
20547,Pooja Murthy,Ravi Kumar,5,0
20558,Anitha Naik,Shivakumar Shetty,5,8
20572,Fatima Murthy,Pooja Kulkarni,5,0
20773,Basavaraj Patil,Prakash Naik,5,2
20863,Rekha Desai,Yashwanth Rao,5,0
20877,Prakash Reddy,Suresh Reddy,5,0
20892,Imran Reddy,Pooja Shetty,5,6
21128,Girish Hegde,Vinutha Reddy,5,4
21284,Basavaraj Reddy,Joseph Kumar,5,2
21403,Basavaraj Bhat,Kiran Hegde,5,2
21736,Nagaraj Bhat,Nagaraj Patil,5,3
21821,Anitha Kumar,Ravi Naik,5,7
22247,Girish Rao,Nagaraj Murthy,5,0
22303,Ashwini Kumar,Bhavana Naik,5,3
22389,Bhavana Gowda,Manjunath Kumar,5,1
22634,Basavaraj Patil,Lakshmi Prasad,5,2
22677,Joseph Shetty,Rekha Iyengar,5,4
22776,Girish Reddy,Yashwanth Bhat,5,3
22922,Fatima Shetty,Vinutha Kulkarni,5,7
23174,Anitha Rao,Ashwini Iyengar,5,4
23215,Ashwini Desai,Imran Kumar,5,0
23232,Lakshmi Kumar,Shivakumar Desai,5,4
23376,Joseph Shetty,Nagaraj Kulkarni,5,4
23399,Kiran Shetty,Yashwanth Bhat,5,3
23431,Girish Hegde,Lakshmi Murthy,5,4
23808,Deepak Hegde,Manjunath Gowda,5,0
24218,Imran Desai,Rekha Nayak,5,8
24517,Anitha Patil,Suresh Desai,5,0
24827,Chetan Shetty,Suresh Kumar,5,0
24916,Basavaraj Bhat,Mary Hegde,5,2
24982,Shivakumar Shetty,Yashwanth Reddy,5,8
25269,Bhavana Shetty,Ravi Hegde,5,0
25383,Chetan Patil,Fatima Murthy,5,4
26149,Nagaraj Kulkarni,Rekha Nayak,5,4
26219,Deepak Kulkarni,Vinutha Shetty,5,0
26535,Girish Reddy,Imran Desai,5,8
26843,Bhavana Shetty,Deepak Rao,5,7
27276,Basavaraj Bhat,Lakshmi Hegde,5,2
27712,Chetan Shetty,Suresh Bhat,5,7
28046,Joseph Prasad,Suresh Desai,5,0
29249,Deepak Rao,Manjunath Nayak,5,7
31070,Girish Nayak,Yashwanth Desai,5,0
31405,Ashwini Hegde,Yashwanth Murthy,5,6
31676,Manjunath Kulkarni,Shivakumar Nayak,5,0
31778,Ashwini Iyengar,Prakash Rao,5,4
32049,Chetan Hegde,Rekha Patil,5,0
32078,Manjunath Prasad,Yashwanth Hegde,5,0
33949,Anitha Rao,Chetan Kulkarni,5,4
2,Bhavana Gowda,Manjunath Bhat,4,1
44,Shivakumar Shetty,Vinutha Prasad,4,8
49,Joseph Shetty,Prakash Shetty,4,4
59,Mary Hegde,Prakash Kumar,4,5
63,Bhavana Bhat,Suresh Prasad,4,0
80,Nagaraj Reddy,Yashwanth Gowda,4,7
81,Basavaraj Iyengar,Bhavana Gowda,4,3
87,Lakshmi Nayak,Yashwanth Kumar,4,1
89,Lakshmi Nayak,Prakash Gowda,4,1
95,Pooja Naik,Prakash Prasad,4,0
96,Pooja Naik,Suresh Shetty,4,0
108,Anitha Kumar,Bhavana Shetty,4,0
112,Fatima Shetty,Rekha Bhat,4,7
122,Lakshmi Iyengar,Shivakumar Kumar,4,0
161,Mary Iyengar,Vinutha Shetty,4,0
166,Girish Shetty,Pooja Kulkarni,4,0
172,Basavaraj Patil,Bhavana Nayak,4,2
178,Basavaraj Patil,Chetan Prasad,4,2
182,Girish Bhat,Rekha Bhat,4,6
186,Lakshmi Desai,Mary Naik,4,7
187,Lakshmi Desai,Ravi Prasad,4,0
193,Joseph Desai,Nagaraj Gowda,4,0
203,Ashwini Desai,Deepak Kumar,4,0
208,Deepak Kumar,Imran Murthy,4,0
211,Lakshmi Reddy,Ravi Reddy,4,8
220,Basavaraj Bhat,Basavaraj Kulkarni,4,2
244,Anitha Reddy,Yashwanth Kulkarni,4,0
254,Imran Kumar,Manjunath Reddy,4,0
262,Mary Nayak,Vinutha Bhat,4,0
293,Kiran Hegde,Rekha Gowda,4,3
312,Bhavana Naik,Pooja Rao,4,3
327,Lakshmi Murthy,Yashwanth Shetty,4,0
328,Lakshmi Murthy,Ravi Reddy,4,1
332,Mary Iyengar,Rekha Prasad,4,0
344,Deepak Nayak,Vinutha Rao,4,0
349,Prakash Kumar,Vinutha Rao,4,0
356,Anitha Prasad,Suresh Kumar,4,0
358,Bhavana Desai,Pooja Shetty,4,5
363,Basavaraj Reddy,Chetan Hegde,4,0
395,Mary Desai,Nagaraj Bhat,4,3
399,Lakshmi Murthy,Prakash Kulkarni,4,7
430,Joseph Kulkarni,Kiran Bhat,4,0
434,Basavaraj Patil,Yashwanth Bhat,4,2
442,Lakshmi Kumar,Lakshmi Patil,4,4
448,Basavaraj Iyengar,Prakash Naik,4,3
452,Girish Kulkarni,Joseph Hegde,4,5
473,Ashwini Kulkarni,Chetan Naik,4,0
482,Ashwini Naik,Vinutha Rao,4,5
512,Joseph Prasad,Ravi Gowda,4,3
559,Kiran Patil,Nagaraj Iyengar,4,0
563,Chetan Kulkarni,Manjunath Nayak,4,5
587,Chetan Patil,Rekha Desai,4,4
591,Bhavana Reddy,Girish Prasad,4,0
592,Nagaraj Kumar,Prakash Kumar,4,0
609,Pooja Murthy,Vinutha Kumar,4,0
612,Bhavana Kumar,Deepak Rao,4,7
622,Pooja Iyengar,Suresh Prasad,4,5
631,Deepak Reddy,Vinutha Iyengar,4,0
649,Nagaraj Bhat,Yashwanth Gowda,4,3
665,Nagaraj Murthy,Pooja Murthy,4,0
666,Joseph Nayak,Pooja Murthy,4,0
671,Anitha Patil,Shivakumar Prasad,4,0
678,Manjunath Gowda,Vinutha Rao,4,0
689,Anitha Rao,Suresh Rao,4,4
694,Rekha Patil,Yashwanth Nayak,4,0
708,Kiran Prasad,Prakash Bhat,4,0
722,Anitha Nayak,Nagaraj Gowda,4,0
731,Anitha Rao,Chetan Kumar,4,4
732,Chetan Kumar,Prakash Patil,4,0
738,Manjunath Rao,Shivakumar Shetty,4,8
741,Anitha Prasad,Imran Nayak,4,0
749,Anitha Kulkarni,Vinutha Patil,4,2
756,Manjunath Kulkarni,Ravi Prasad,4,0
765,Anitha Patil,Rekha Reddy,4,0
771,Fatima Kulkarni,Nagaraj Kulkarni,4,3
779,Prakash Patil,Suresh Patil,4,0
780,Prakash Patil,Yashwanth Patil,4,0
789,Ashwini Naik,Lakshmi Hegde,4,5
808,Ravi Kulkarni,Yashwanth Reddy,4,5
825,Basavaraj Patil,Rekha Bhat,4,2
829,Lakshmi Kulkarni,Suresh Patil,4,0
832,Deepak Prasad,Prakash Murthy,4,0
833,Kiran Kumar,Shivakumar Patil,4,0
841,Joseph Kulkarni,Shivakumar Nayak,4,0
850,Anitha Nayak,Mary Naik,4,7
859,Lakshmi Kumar,Pooja Murthy,4,4
862,Bhavana Nayak,Kiran Iyengar,4,2
863,Kiran Iyengar,Kiran Murthy,4,8
865,Joseph Kumar,Kiran Murthy,4,2
875,Lakshmi Desai,Yashwanth Rao,4,0
877,Bhavana Reddy,Manjunath Iyengar,4,0
888,Joseph Patil,Pooja Rao,4,3
894,Ashwini Bhat,Bhavana Rao,4,0
910,Chetan Iyengar,Manjunath Kulkarni,4,0
914,Joseph Prasad,Yashwanth Hegde,4,0
923,Manjunath Prasad,Mary Naik,4,7
942,Rekha Patil,Vinutha Gowda,4,0
945,Pooja Rao,Yashwanth Reddy,4,7
974,Anitha Kumar,Nagaraj Patil,4,2
977,Basavaraj Patil,Ravi Shetty,4,2
978,Kiran Kulkarni,Ravi Shetty,4,5
984,Chetan Shetty,Prakash Kulkarni,4,7
1004,Lakshmi Shetty,Ravi Nayak,4,1
1005,Girish Murthy,Lakshmi Shetty,4,0
1009,Girish Rao,Yashwanth Desai,4,0
1020,Girish Kulkarni,Nagaraj Gowda,4,5
1029,Imran Reddy,Prakash Shetty,4,0
1032,Manjunath Patil,Manjunath Rao,4,0
1043,Bhavana Nayak,Girish Patil,4,2
1053,Ravi Hegde,Suresh Patil,4,0
1077,Ashwini Shetty,Joseph Kulkarni,4,0
1112,Basavaraj Kulkarni,Pooja Desai,4,0
1115,Bhavana Gowda,Chetan Bhat,4,1
1116,Basavaraj Kulkarni,Chetan Bhat,4,0
1117,Basavaraj Kulkarni,Bhavana Gowda,4,1
1120,Ashwini Gowda,Suresh Hegde,4,0
1199,Joseph Iyengar,Suresh Rao,4,6
1204,Chetan Gowda,Shivakumar Prasad,4,0
1221,Anitha Reddy,Mary Patil,4,0
1231,Ashwini Gowda,Girish Kulkarni,4,5
1236,Girish Rao,Nagaraj Rao,4,0
1248,Fatima Shetty,Imran Reddy,4,7
1268,Vinutha Patil,Yashwanth Rao,4,2
1295,Lakshmi Rao,Manjunath Kulkarni,4,7
1305,Ravi Rao,Shivakumar Shetty,4,8
1329,Basavaraj Desai,Basavaraj Naik,4,0
1331,Anitha Kulkarni,Nagaraj Iyengar,4,0
1337,Ashwini Bhat,Shivakumar Iyengar,4,0
1339,Bhavana Gowda,Shivakumar Hegde,4,1
1340,Bhavana Gowda,Kiran Bhat,4,1
1372,Anitha Patil,Kiran Kumar,4,0
1384,Fatima Shetty,Joseph Kulkarni,4,7
1385,Bhavana Shetty,Chetan Kulkarni,4,0
1386,Basavaraj Bhat,Bhavana Shetty,4,2
1409,Chetan Iyengar,Ravi Naik,4,7
1416,Lakshmi Nayak,Ravi Kumar,4,1
1417,Imran Reddy,Pooja Prasad,4,0
1443,Girish Rao,Manjunath Naik,4,0
1454,Basavaraj Iyengar,Shivakumar Desai,4,3
1455,Anitha Gowda,Basavaraj Iyengar,4,3
1465,Fatima Hegde,Yashwanth Rao,4,0
1480,Prakash Reddy,Ravi Prasad,4,0
1489,Bhavana Rao,Joseph Patil,4,3
1491,Chetan Murthy,Vinutha Rao,4,0
1495,Lakshmi Iyengar,Prakash Patil,4,0
1504,Nagaraj Hegde,Suresh Prasad,4,0
1507,Bhavana Hegde,Rekha Reddy,4,0
1510,Kiran Gowda,Suresh Desai,4,0
1517,Chetan Kulkarni,Deepak Rao,4,7
1545,Vinutha Murthy,Vinutha Rao,4,0
1550,Mary Murthy,Nagaraj Nayak,4,8
1576,Rekha Rao,Vinutha Rao,4,0
1608,Fatima Iyengar,Imran Desai,4,1
1626,Fatima Kulkarni,Yashwanth Gowda,4,3
1629,Joseph Kulkarni,Pooja Rao,4,7
1635,Bhavana Iyengar,Prakash Murthy,4,0
1649,Basavaraj Rao,Joseph Iyengar,4,6
1682,Joseph Murthy,Shivakumar Shetty,4,8
1684,Chetan Iyengar,Shivakumar Shetty,4,8
1685,Lakshmi Desai,Shivakumar Shetty,4,8
1704,Joseph Gowda,Joseph Prasad,4,0
1717,Fatima Shetty,Mary Hegde,4,7
1727,Basavaraj Reddy,Joseph Nayak,4,0
1732,Shivakumar Desai,Shivakumar Kumar,4,4
1733,Lakshmi Iyengar,Ravi Bhat,4,0
1734,Lakshmi Iyengar,Yashwanth Patil,4,0
1753,Joseph Nayak,Pooja Shetty,4,6
1758,Kiran Desai,Vinutha Rao,4,0
1815,Anitha Murthy,Manjunath Desai,4,8
1817,Pooja Desai,Shivakumar Shetty,4,8
1820,Joseph Prasad,Nagaraj Gowda,4,0
1832,Fatima Bhat,Joseph Kulkarni,4,0
1845,Fatima Hegde,Imran Bhat,4,0
1852,Mary Desai,Suresh Gowda,4,0
1853,Anitha Shetty,Ashwini Iyengar,4,4
1883,Imran Desai,Shivakumar Shetty,4,8
1884,Rekha Patil,Shivakumar Shetty,4,8
1912,Chetan Gowda,Suresh Gowda,4,0
1937,Imran Naik,Ravi Reddy,4,1
1954,Imran Naik,Vinutha Desai,4,0
1973,Ravi Gowda,Suresh Iyengar,4,3
1988,Anitha Naik,Rekha Shetty,4,3
1990,Ashwini Prasad,Manjunath Gowda,4,0
1995,Mary Prasad,Vinutha Kulkarni,4,0
2009,Pooja Hegde,Ravi Naik,4,7
2011,Ashwini Desai,Rekha Gowda,4,0
2014,Deepak Patil,Suresh Patil,4,2
2016,Bhavana Patil,Chetan Patil,4,4
2029,Imran Nayak,Prakash Hegde,4,0
2040,Mary Desai,Rekha Bhat,4,0
2050,Deepak Naik,Manjunath Prasad,4,0
2077,Joseph Gowda,Suresh Nayak,4,0
2088,Lakshmi Rao,Yashwanth Kulkarni,4,7
2103,Lakshmi Shetty,Rekha Kulkarni,4,0
2116,Prakash Gowda,Suresh Bhat,4,7
2122,Girish Rao,Joseph Desai,4,0
2126,Anitha Iyengar,Deepak Kumar,4,0
2131,Kiran Nayak,Manjunath Nayak,4,5
2152,Basavaraj Nayak,Vinutha Bhat,4,0
2159,Bhavana Shetty,Yashwanth Kulkarni,4,0
2191,Manjunath Kumar,Yashwanth Hegde,4,3
2210,Anitha Kumar,Ravi Desai,4,0
2217,Bhavana Kumar,Shivakumar Naik,4,5
2236,Bhavana Kumar,Bhavana Nayak,4,2
2248,Imran Gowda,Vinutha Reddy,4,0
2249,Ashwini Reddy,Suresh Nayak,4,0
2252,Bhavana Nayak,Ravi Hegde,4,2
2276,Fatima Shetty,Mary Iyengar,4,7
2280,Mary Nayak,Shivakumar Naik,4,5
2282,Prakash Desai,Prakash Reddy,4,0
2283,Ashwini Iyengar,Prakash Reddy,4,4
2321,Bhavana Reddy,Yashwanth Desai,4,0
2331,Girish Kulkarni,Shivakumar Naik,4,5
2346,Girish Shetty,Suresh Shetty,4,0
2359,Rekha Murthy,Suresh Bhat,4,7
2363,Anitha Iyengar,Manjunath Iyengar,4,0
2369,Kiran Patil,Rekha Murthy,4,7
2374,Deepak Kulkarni,Mary Bhat,4,0
2378,Bhavana Nayak,Manjunath Patil,4,2
2389,Fatima Bhat,Ravi Rao,4,0
2399,Nagaraj Rao,Vinutha Kulkarni,4,0
2406,Deepak Patil,Mary Naik,4,2
2407,Chetan Kulkarni,Suresh Rao,4,0
2414,Shivakumar Reddy,Suresh Rao,4,0
2425,Anitha Nayak,Manjunath Prasad,4,0
2449,Basavaraj Prasad,Ravi Hegde,4,0
2471,Joseph Kumar,Nagaraj Rao,4,2
2473,Manjunath Kulkarni,Mary Murthy,4,8
2481,Deepak Rao,Prakash Rao,4,7
2492,Deepak Gowda,Vinutha Kumar,4,0
2507,Ashwini Gowda,Deepak Hegde,4,0
2537,Pooja Patil,Suresh Kumar,4,0
2540,Manjunath Patil,Pooja Shetty,4,6
2542,Manjunath Reddy,Rekha Prasad,4,0
2555,Kiran Reddy,Prakash Iyengar,4,7
2556,Manjunath Desai,Prakash Iyengar,4,8
2558,Anitha Murthy,Chetan Shetty,4,0
2561,Pooja Naik,Prakash Kumar,4,0
2577,Fatima Patil,Kiran Desai,4,0
2582,Fatima Murthy,Nagaraj Bhat,4,3
2587,Suresh Iyengar,Vinutha Patil,4,2
2626,Manjunath Prasad,Prakash Reddy,4,0
2644,Anitha Murthy,Kiran Kumar,4,0
2662,Girish Bhat,Vinutha Kumar,4,6
2663,Vinutha Kumar,Yashwanth Iyengar,4,7
2664,Girish Bhat,Yashwanth Iyengar,4,6
2672,Mary Naik,Prakash Bhat,4,7
2680,Manjunath Patil,Ravi Nayak,4,1
2689,Pooja Desai,Shivakumar Nayak,4,0
2696,Ashwini Desai,Joseph Hegde,4,7
2717,Kiran Gowda,Mary Hegde,4,5
2729,Shivakumar Naik,Vinutha Shetty,4,5
2749,Kiran Patil,Manjunath Bhat,4,0
2751,Fatima Kulkarni,Ravi Gowda,4,3
2752,Ashwini Naik,Fatima Kulkarni,4,5
2761,Ashwini Naik,Nagaraj Kulkarni,4,5
2762,Lakshmi Nayak,Shivakumar Murthy,4,1
2768,Bhavana Nayak,Vinutha Nayak,4,2
2796,Girish Iyengar,Vinutha Hegde,4,0
2797,Girish Iyengar,Vinutha Desai,4,0
2820,Pooja Naik,Rekha Gowda,4,0
2824,Joseph Nayak,Vinutha Bhat,4,0
2825,Fatima Kulkarni,Vinutha Bhat,4,3
2833,Anitha Nayak,Nagaraj Rao,4,0
2842,Chetan Hegde,Chetan Murthy,4,0
2847,Joseph Kulkarni,Vinutha Bhat,4,0
2857,Rekha Shetty,Yashwanth Rao,4,3
2867,Deepak Rao,Fatima Shetty,4,7
2882,Deepak Rao,Pooja Patil,4,7
2897,Joseph Reddy,Shivakumar Murthy,4,2
2902,Manjunath Desai,Ravi Gowda,4,8
2906,Pooja Murthy,Shivakumar Shetty,4,8
2908,Prakash Reddy,Vinutha Kumar,4,0
2913,Shivakumar Shetty,Suresh Desai,4,8
2915,Imran Patil,Pooja Hegde,4,0
2940,Prakash Rao,Shivakumar Desai,4,4
2973,Lakshmi Patil,Mary Prasad,4,0
2975,Bhavana Murthy,Deepak Bhat,4,0
2996,Anitha Kumar,Bhavana Rao,4,0
3000,Ashwini Bhat,Bhavana Kulkarni,4,0
3059,Pooja Naik,Ravi Patil,4,0
3066,Kiran Kumar,Prakash Hegde,4,0
3084,Basavaraj Prasad,Bhavana Prasad,4,3
3091,Kiran Prasad,Ravi Shetty,4,0
3100,Fatima Prasad,Lakshmi Naik,4,0
3122,Basavaraj Naik,Rekha Gowda,4,0
3187,Basavaraj Reddy,Rekha Gowda,4,0
3208,Manjunath Bhat,Mary Naik,4,7
3227,Manjunath Rao,Suresh Rao,4,0
3240,Basavaraj Nayak,Deepak Bhat,4,0
3242,Manjunath Shetty,Vinutha Reddy,4,4
3243,Deepak Bhat,Manjunath Shetty,4,4
3250,Imran Prasad,Mary Desai,4,0
3276,Pooja Nayak,Vinutha Kulkarni,4,0
3282,Kiran Iyengar,Mary Murthy,4,8
3288,Chetan Kulkarni,Imran Nayak,4,0
3296,Fatima Kumar,Kiran Hegde,4,3
3352,Bhavana Gowda,Vinutha Murthy,4,1
3370,Bhavana Nayak,Suresh Kumar,4,2
3375,Manjunath Naik,Mary Murthy,4,8
3379,Lakshmi Patil,Pooja Desai,4,0
3413,Fatima Kumar,Imran Reddy,4,0
3424,Girish Reddy,Mary Reddy,4,5
3443,Basavaraj Hegde,Shivakumar Shetty,4,8
3444,Anitha Kulkarni,Shivakumar Shetty,4,8
3465,Ashwini Desai,Pooja Iyengar,4,5
3479,Bhavana Kulkarni,Girish Reddy,4,0
3490,Girish Iyengar,Joseph Desai,4,0
3494,Joseph Desai,Shivakumar Naik,4,5
3531,Chetan Prasad,Deepak Iyengar,4,6
3558,Mary Naik,Suresh Nayak,4,7
3563,Manjunath Nayak,Ravi Murthy,4,5
3566,Bhavana Rao,Ravi Murthy,4,0
3595,Imran Kumar,Suresh Naik,4,0
3613,Bhavana Kumar,Prakash Shetty,4,0
3614,Lakshmi Nayak,Prakash Patil,4,1
3615,Lakshmi Nayak,Prakash Shetty,4,1
3616,Prakash Patil,Prakash Shetty,4,0
3621,Imran Reddy,Mary Desai,4,0
3625,Deepak Kulkarni,Prakash Patil,4,0
3637,Imran Murthy,Kiran Kulkarni,4,5
3683,Bhavana Desai,Fatima Iyengar,4,5
3687,Prakash Hegde,Ravi Nayak,4,1
3690,Bhavana Reddy,Shivakumar Patil,4,0
3703,Imran Murthy,Suresh Murthy,4,0
3714,Kiran Iyengar,Ravi Desai,4,0
3715,Kiran Iyengar,Rekha Patil,4,0
3716,Ravi Desai,Rekha Patil,4,0
3730,Fatima Kulkarni,Nagaraj Bhat,4,3
3758,Bhavana Nayak,Pooja Iyengar,4,2
3759,Pooja Iyengar,Ravi Hegde,4,5
3762,Prakash Kulkarni,Rekha Murthy,4,7
3771,Lakshmi Reddy,Rekha Gowda,4,8
3791,Manjunath Reddy,Ravi Rao,4,0
3806,Vinutha Prasad,Yashwanth Shetty,4,0
3808,Kiran Desai,Kiran Gowda,4,0
3830,Kiran Naik,Suresh Nayak,4,0
3843,Chetan Reddy,Yashwanth Reddy,4,1
3876,Deepak Bhat,Suresh Iyengar,4,0
3889,Deepak Bhat,Manjunath Kulkarni,4,0
3890,Deepak Bhat,Nagaraj Kulkarni,4,4
3921,Pooja Bhat,Ravi Nayak,4,5
3922,Basavaraj Bhat,Nagaraj Bhat,4,2
3929,Ashwini Iyengar,Kiran Iyengar,4,4
3957,Prakash Reddy,Suresh Murthy,4,0
3959,Mary Kulkarni,Prakash Reddy,4,0
3968,Basavaraj Gowda,Lakshmi Naik,4,0
3971,Chetan Hegde,Manjunath Desai,4,8
4011,Chetan Naik,Kiran Desai,4,0
4012,Basavaraj Patil,Chetan Shetty,4,2
4014,Chetan Shetty,Imran Reddy,4,0
4029,Manjunath Desai,Suresh Prasad,4,8
4038,Manjunath Gowda,Ravi Reddy,4,1
4065,Manjunath Iyengar,Rekha Kumar,4,0
4067,Ashwini Kumar,Ashwini Prasad,4,0
4088,Kiran Patil,Nagaraj Bhat,4,3
4092,Nagaraj Nayak,Prakash Gowda,4,0
4094,Basavaraj Hegde,Joseph Kumar,4,2
4099,Anitha Shetty,Girish Hegde,4,4
4108,Rekha Bhat,Rekha Murthy,4,7
4111,Girish Bhat,Lakshmi Shetty,4,6
4112,Girish Bhat,Girish Gowda,4,6
4113,Basavaraj Kumar,Chetan Desai,4,0
4119,Bhavana Kumar,Ravi Rao,4,0
4120,Lakshmi Nayak,Pooja Iyengar,4,1
4141,Basavaraj Patil,Fatima Murthy,4,2
4153,Anitha Naik,Prakash Rao,4,0
4166,Chetan Kumar,Deepak Kulkarni,4,0
4218,Vinutha Patil,Yashwanth Murthy,4,2
4219,Mary Desai,Vinutha Patil,4,2
4225,Mary Shetty,Nagaraj Rao,4,0
4236,Ashwini Reddy,Rekha Kumar,4,0
4246,Fatima Kumar,Pooja Shetty,4,6
4273,Ravi Shetty,Yashwanth Iyengar,4,7
4307,Ashwini Reddy,Prakash Hegde,4,0
4309,Manjunath Desai,Mary Murthy,4,8
4314,Anitha Kumar,Suresh Nayak,4,0
4316,Prakash Prasad,Yashwanth Reddy,4,5
4339,Ashwini Iyengar,Chetan Patil,4,4
4362,Fatima Gowda,Fatima Shetty,4,1
4363,Fatima Shetty,Imran Nayak,4,7
4378,Chetan Kulkarni,Rekha Kumar,4,0
4387,Rekha Kulkarni,Rekha Patil,4,0
4422,Girish Murthy,Shivakumar Kulkarni,4,0
4457,Joseph Iyengar,Kiran Kumar,4,6
4523,Lakshmi Desai,Manjunath Patil,4,0
4549,Joseph Kulkarni,Ravi Reddy,4,1
4566,Deepak Bhat,Deepak Hegde,4,0
4568,Manjunath Kumar,Rekha Patil,4,3
4570,Manjunath Kumar,Nagaraj Kumar,4,3
4571,Kiran Iyengar,Yashwanth Rao,4,0
4584,Suresh Prasad,Yashwanth Gowda,4,0
4586,Imran Reddy,Nagaraj Murthy,4,0
4598,Bhavana Nayak,Prakash Kulkarni,4,2
4611,Ravi Shetty,Rekha Kulkarni,4,0
4612,Prakash Kumar,Ravi Shetty,4,0
4615,Joseph Prasad,Prakash Reddy,4,0
4616,Fatima Kulkarni,Joseph Prasad,4,3
4619,Bhavana Nayak,Vinutha Patil,4,2
4636,Ashwini Shetty,Prakash Rao,4,0
4638,Fatima Iyengar,Imran Rao,4,1
4649,Kiran Bhat,Nagaraj Patil,4,2
4650,Prakash Naik,Vinutha Shetty,4,2
4662,Joseph Prasad,Manjunath Rao,4,0
4719,Imran Rao,Nagaraj Kulkarni,4,8
4728,Imran Murthy,Prakash Kulkarni,4,7
4748,Pooja Desai,Suresh Hegde,4,0
4757,Mary Iyengar,Yashwanth Desai,4,0
4779,Vinutha Iyengar,Vinutha Kumar,4,0
4786,Kiran Kulkarni,Prakash Shetty,4,5
4794,Chetan Kulkarni,Girish Reddy,4,0
4807,Basavaraj Reddy,Fatima Shetty,4,7
4811,Lakshmi Gowda,Nagaraj Iyengar,4,0
4821,Chetan Naik,Suresh Desai,4,0
4827,Lakshmi Shetty,Suresh Prasad,4,0
4845,Chetan Kumar,Fatima Kumar,4,0
4852,Nagaraj Rao,Pooja Kumar,4,8
4853,Nagaraj Desai,Pooja Kumar,4,8
4854,Nagaraj Desai,Nagaraj Rao,4,0
4872,Ashwini Rao,Ravi Iyengar,4,0
4894,Prakash Shetty,Shivakumar Kulkarni,4,0
4896,Prakash Shetty,Shivakumar Patil,4,0
4911,Pooja Nayak,Rekha Kulkarni,4,0
4932,Bhavana Kumar,Chetan Reddy,4,1
4955,Anitha Kumar,Rekha Kumar,4,0
4957,Imran Gowda,Yashwanth Bhat,4,3
4979,Basavaraj Bhat,Shivakumar Desai,4,2
5004,Basavaraj Kumar,Joseph Kulkarni,4,0
5007,Girish Murthy,Imran Rao,4,8
5036,Deepak Kulkarni,Vinutha Patil,4,2
5041,Ashwini Reddy,Rekha Murthy,4,7
5058,Manjunath Prasad,Suresh Hegde,4,0
5061,Anitha Bhat,Suresh Hegde,4,7
5131,Mary Naik,Shivakumar Kulkarni,4,7
5136,Mary Gowda,Suresh Bhat,4,7
5209,Prakash Naik,Shivakumar Shetty,4,2
5243,Nagaraj Rao,Pooja Naik,4,0
5259,Anitha Desai,Suresh Prasad,4,0
5285,Deepak Reddy,Vinutha Desai,4,0
5305,Deepak Naik,Lakshmi Murthy,4,0
5309,Deepak Naik,Suresh Patil,4,0
5322,Basavaraj Bhat,Deepak Prasad,4,2
5326,Basavaraj Bhat,Prakash Gowda,4,2
5332,Imran Iyengar,Prakash Kumar,4,0
5333,Prakash Kumar,Yashwanth Nayak,4,0
5336,Joseph Nayak,Mary Iyengar,4,0
5338,Joseph Kumar,Mary Iyengar,4,2
5357,Girish Desai,Girish Patil,4,0
5359,Manjunath Kulkarni,Manjunath Patil,4,0
5370,Chetan Murthy,Lakshmi Kulkarni,4,0
5374,Kiran Hegde,Vinutha Kumar,4,3
5438,Girish Iyengar,Manjunath Kulkarni,4,0
5456,Bhavana Gowda,Kiran Hegde,4,1
5459,Bhavana Gowda,Vinutha Bhat,4,1
5502,Basavaraj Reddy,Ravi Hegde,4,0
5526,Deepak Prasad,Pooja Iyengar,4,5
5527,Deepak Prasad,Nagaraj Patil,4,2
5560,Anitha Prasad,Ravi Iyengar,4,0
5567,Imran Nayak,Suresh Desai,4,0
5576,Girish Bhat,Prakash Gowda,4,6
5582,Deepak Rao,Suresh Reddy,4,7
5591,Ashwini Naik,Basavaraj Prasad,4,5
5670,Anitha Prasad,Vinutha Kumar,4,0
5671,Girish Hegde,Kiran Naik,4,4
5691,Girish Kulkarni,Ravi Prasad,4,5
5701,Imran Nayak,Kiran Kumar,4,0
5713,Joseph Prasad,Prakash Rao,4,0
5723,Joseph Kulkarni,Manjunath Desai,4,8
5740,Deepak Kumar,Yashwanth Nayak,4,0
5750,Lakshmi Kulkarni,Mary Nayak,4,0
5754,Basavaraj Bhat,Manjunath Patil,4,2
5782,Joseph Naik,Mary Murthy,4,5
5783,Imran Murthy,Mary Murthy,4,8
5786,Ravi Bhat,Yashwanth Gowda,4,0
5790,Pooja Murthy,Prakash Shetty,4,0
5798,Bhavana Hegde,Bhavana Naik,4,3
5799,Mary Reddy,Shivakumar Naik,4,5
5804,Shivakumar Kulkarni,Suresh Gowda,4,0
5807,Bhavana Prasad,Shivakumar Patil,4,3
5813,Bhavana Rao,Fatima Shetty,4,7
5823,Anitha Nayak,Suresh Shetty,4,0
5835,Bhavana Shetty,Chetan Reddy,4,1
5871,Fatima Naik,Suresh Reddy,4,0
5886,Basavaraj Kulkarni,Kiran Kumar,4,0
5902,Ashwini Reddy,Kiran Reddy,4,7
5904,Joseph Nayak,Pooja Hegde,4,0
5940,Anitha Shetty,Suresh Bhat,4,7
5968,Kiran Iyengar,Rekha Desai,4,0
5977,Kiran Naik,Yashwanth Hegde,4,0
5990,Manjunath Naik,Prakash Gowda,4,0
6004,Lakshmi Rao,Prakash Rao,4,7
6034,Basavaraj Murthy,Deepak Naik,4,0
6039,Bhavana Reddy,Yashwanth Patil,4,0
6051,Anitha Rao,Shivakumar Gowda,4,4
6065,Girish Kumar,Lakshmi Iyengar,4,0
6070,Girish Rao,Joseph Reddy,4,2
6081,Deepak Iyengar,Imran Naik,4,3
6100,Chetan Iyengar,Joseph Prasad,4,0
6122,Basavaraj Gowda,Lakshmi Nayak,4,1
6126,Bhavana Iyengar,Bhavana Kulkarni,4,0
6179,Girish Murthy,Prakash Desai,4,0
6194,Basavaraj Hegde,Mary Rao,4,0
6214,Mary Desai,Mary Reddy,4,5
6222,Joseph Nayak,Joseph Prasad,4,0
6226,Kiran Iyengar,Manjunath Iyengar,4,0
6229,Vinutha Murthy,Yashwanth Reddy,4,5
6233,Deepak Desai,Nagaraj Patil,4,2
6248,Nagaraj Bhat,Ravi Hegde,4,3
6250,Ashwini Gowda,Rekha Murthy,4,7
6251,Manjunath Rao,Rekha Murthy,4,7
6257,Bhavana Desai,Mary Reddy,4,5
6259,Mary Reddy,Vinutha Hegde,4,5
6278,Nagaraj Shetty,Suresh Hegde,4,0
6285,Bhavana Murthy,Shivakumar Reddy,4,0
6286,Kiran Gowda,Prakash Rao,4,0
6298,Imran Shetty,Rekha Naik,4,0
6317,Shivakumar Murthy,Vinutha Shetty,4,0
6320,Joseph Nayak,Vinutha Nayak,4,0
6323,Bhavana Nayak,Kiran Rao,4,2
6324,Manjunath Gowda,Vinutha Prasad,4,0
6326,Imran Reddy,Rekha Kulkarni,4,0
6334,Bhavana Desai,Chetan Iyengar,4,5
6347,Girish Nayak,Vinutha Reddy,4,0
6353,Fatima Iyengar,Rekha Bhat,4,1
6396,Anitha Patil,Imran Murthy,4,0
6412,Girish Rao,Shivakumar Patil,4,0
6466,Nagaraj Gowda,Vinutha Reddy,4,0
6481,Bhavana Bhat,Suresh Reddy,4,0
6484,Chetan Kulkarni,Manjunath Iyengar,4,0
6485,Nagaraj Rao,Pooja Rao,4,7
6490,Anitha Iyengar,Imran Naik,4,0
6500,Imran Rao,Yashwanth Bhat,4,8
6511,Manjunath Bhat,Yashwanth Reddy,4,5
6516,Vinutha Prasad,Yashwanth Reddy,4,5
6533,Mary Bhat,Yashwanth Hegde,4,0
6561,Imran Kumar,Suresh Gowda,4,0
6577,Lakshmi Patil,Vinutha Hegde,4,0
6579,Ashwini Kumar,Prakash Reddy,4,0
6584,Kiran Bhat,Vinutha Nayak,4,0
6587,Anitha Gowda,Vinutha Gowda,4,0
6588,Nagaraj Rao,Vinutha Gowda,4,0
6596,Basavaraj Iyengar,Ravi Gowda,4,3
6600,Bhavana Gowda,Bhavana Naik,4,1
6618,Anitha Kumar,Mary Naik,4,7
6625,Nagaraj Rao,Prakash Hegde,4,0
6653,Fatima Shetty,Yashwanth Patil,4,7
6655,Girish Reddy,Yashwanth Patil,4,0
6656,Fatima Shetty,Joseph Reddy,4,7
6667,Girish Hegde,Ravi Hegde,4,4
6671,Nagaraj Reddy,Rekha Murthy,4,7
6679,Girish Kulkarni,Girish Murthy,4,5
6687,Joseph Prasad,Vinutha Kumar,4,0
6688,Nagaraj Murthy,Vinutha Kumar,4,0
6727,Imran Rao,Kiran Murthy,4,8
6729,Kiran Murthy,Manjunath Bhat,4,8
6730,Deepak Gowda,Prakash Kulkarni,4,7
6759,Kiran Hegde,Vinutha Naik,4,3
6763,Basavaraj Rao,Fatima Nayak,4,0
6765,Basavaraj Rao,Prakash Shetty,4,0
6770,Fatima Kumar,Lakshmi Patil,4,0
6771,Chetan Bhat,Lakshmi Patil,4,0
6788,Anitha Reddy,Mary Kumar,4,0
6821,Imran Reddy,Manjunath Kumar,4,3
6822,Fatima Shetty,Lakshmi Patil,4,7
6829,Anitha Desai,Girish Patil,4,0
6854,Bhavana Rao,Deepak Nayak,4,0
6867,Manjunath Iyengar,Prakash Iyengar,4,5
6875,Nagaraj Kulkarni,Yashwanth Rao,4,4
6883,Joseph Reddy,Ravi Nayak,4,2
6896,Chetan Iyengar,Mary Iyengar,4,0
6937,Chetan Iyengar,Suresh Nayak,4,0
6954,Fatima Kulkarni,Nagaraj Rao,4,3
6968,Ashwini Iyengar,Deepak Gowda,4,4
6971,Chetan Kumar,Vinutha Hegde,4,0
6972,Deepak Bhat,Fatima Reddy,4,0
6995,Imran Rao,Ravi Hegde,4,8
7003,Anitha Iyengar,Imran Reddy,4,0
7013,Deepak Naik,Prakash Hegde,4,0
7025,Nagaraj Hegde,Vinutha Kumar,4,0
7031,Chetan Desai,Ravi Hegde,4,0
7061,Bhavana Hegde,Rekha Rao,4,0
7069,Girish Reddy,Rekha Rao,4,0
7083,Deepak Kumar,Ravi Iyengar,4,0
7087,Girish Gowda,Yashwanth Hegde,4,6
7088,Kiran Murthy,Yashwanth Hegde,4,8
7092,Prakash Rao,Yashwanth Prasad,4,0
7116,Shivakumar Shetty,Yashwanth Gowda,4,8
7125,Lakshmi Reddy,Manjunath Desai,4,8
7136,Joseph Patil,Prakash Murthy,4,3
7145,Imran Bhat,Nagaraj Patil,4,2
7147,Nagaraj Patil,Yashwanth Kulkarni,4,2
7159,Imran Shetty,Shivakumar Hegde,4,1
7161,Nagaraj Rao,Rekha Kumar,4,0
7189,Nagaraj Iyengar,Pooja Bhat,4,5
7192,Nagaraj Desai,Prakash Prasad,4,0
7199,Joseph Patil,Ravi Rao,4,3
7200,Bhavana Nayak,Joseph Patil,4,2
7224,Joseph Naik,Suresh Nayak,4,5
7243,Deepak Shetty,Girish Nayak,4,0
7258,Bhavana Iyengar,Mary Murthy,4,8
7268,Girish Kulkarni,Kiran Murthy,4,5
7274,Shivakumar Kumar,Yashwanth Patil,4,0
7289,Mary Bhat,Shivakumar Kumar,4,0
7294,Basavaraj Murthy,Lakshmi Murthy,4,0
7297,Anitha Reddy,Nagaraj Kulkarni,4,4
7310,Ashwini Iyengar,Prakash Shetty,4,4
7311,Ashwini Iyengar,Manjunath Rao,4,4
7328,Lakshmi Naik,Lakshmi Patil,4,0
7367,Girish Murthy,Yashwanth Patil,4,0
7386,Lakshmi Shetty,Manjunath Kulkarni,4,0
7398,Kiran Desai,Pooja Kulkarni,4,0
7408,Manjunath Reddy,Suresh Patil,4,0
7410,Basavaraj Bhat,Nagaraj Rao,4,2
7416,Ashwini Desai,Yashwanth Murthy,4,6
7432,Fatima Kumar,Manjunath Patil,4,0
7442,Ashwini Bhat,Imran Shetty,4,0
7445,Pooja Reddy,Suresh Prasad,4,0
7470,Nagaraj Rao,Pooja Iyengar,4,5
7472,Deepak Patil,Imran Kumar,4,2
7492,Deepak Kulkarni,Manjunath Gowda,4,0
7515,Lakshmi Bhat,Rekha Murthy,4,7
7528,Bhavana Nayak,Suresh Patil,4,2
7531,Bhavana Gowda,Bhavana Kumar,4,1
7543,Imran Kumar,Lakshmi Kulkarni,4,0
7550,Ravi Rao,Suresh Bhat,4,7
7562,Anitha Reddy,Suresh Rao,4,0
7580,Pooja Iyengar,Vinutha Desai,4,5
7605,Chetan Naik,Prakash Reddy,4,0
7625,Chetan Kulkarni,Joseph Kumar,4,2
7639,Ashwini Shetty,Joseph Murthy,4,0
7640,Joseph Murthy,Rekha Rao,4,0
7662,Lakshmi Nayak,Pooja Nayak,4,1
7670,Ashwini Murthy,Rekha Desai,4,0
7677,Kiran Reddy,Manjunath Naik,4,7
7680,Vinutha Kumar,Vinutha Reddy,4,0
7685,Fatima Kulkarni,Mary Kulkarni,4,3
7687,Fatima Kulkarni,Imran Reddy,4,3
7716,Manjunath Patil,Suresh Rao,4,0
7739,Girish Nayak,Shivakumar Rao,4,0
7746,Mary Bhat,Mary Murthy,4,8
7761,Manjunath Desai,Vinutha Gowda,4,8
7769,Anitha Prasad,Imran Gowda,4,0
7781,Prakash Hegde,Vinutha Bhat,4,0
7789,Nagaraj Nayak,Rekha Iyengar,4,4
7808,Prakash Rao,Rekha Rao,4,0
7814,Fatima Rao,Kiran Murthy,4,8
7822,Mary Kulkarni,Nagaraj Bhat,4,3
7832,Manjunath Iyengar,Suresh Prasad,4,0
7856,Imran Naik,Lakshmi Kulkarni,4,0
7858,Lakshmi Hegde,Nagaraj Patil,4,1
7865,Chetan Kulkarni,Rekha Shetty,4,3
7871,Basavaraj Patil,Imran Gowda,4,2
7898,Girish Gowda,Manjunath Prasad,4,6
7932,Imran Rao,Vinutha Kulkarni,4,8
7939,Pooja Bhat,Shivakumar Kulkarni,4,5
7942,Lakshmi Rao,Ravi Murthy,4,7
7953,Girish Murthy,Imran Nayak,4,0
7955,Deepak Hegde,Imran Murthy,4,0
7970,Anitha Iyengar,Rekha Iyengar,4,4
8011,Mary Iyengar,Yashwanth Prasad,4,0
8026,Basavaraj Gowda,Rekha Murthy,4,7
8071,Manjunath Desai,Suresh Iyengar,4,8
8074,Bhavana Reddy,Rekha Kulkarni,4,0
8084,Deepak Patil,Shivakumar Kumar,4,2
8109,Basavaraj Bhat,Imran Gowda,4,2
8124,Mary Reddy,Shivakumar Kumar,4,5
8134,Fatima Shetty,Kiran Gowda,4,7
8151,Prakash Gowda,Vinutha Hegde,4,0
8185,Basavaraj Bhat,Mary Shetty,4,2
8207,Fatima Shetty,Vinutha Desai,4,7
8208,Fatima Shetty,Pooja Rao,4,7
8209,Fatima Shetty,Yashwanth Kulkarni,4,7
8228,Prakash Naik,Shivakumar Desai,4,2
8236,Nagaraj Prasad,Pooja Desai,4,0
8268,Pooja Reddy,Yashwanth Hegde,4,0
8298,Deepak Desai,Girish Nayak,4,0
8301,Bhavana Shetty,Rekha Reddy,4,0
8303,Basavaraj Kumar,Bhavana Shetty,4,0
8323,Joseph Naik,Yashwanth Reddy,4,5
8328,Anitha Prasad,Ashwini Kumar,4,0
8339,Manjunath Gowda,Rekha Murthy,4,7
8341,Manjunath Gowda,Manjunath Kulkarni,4,0
8351,Chetan Iyengar,Pooja Iyengar,4,5
8369,Deepak Shetty,Girish Kulkarni,4,5
8374,Basavaraj Shetty,Fatima Iyengar,4,1
8396,Vinutha Patil,Yashwanth Hegde,4,2
8419,Bhavana Reddy,Rekha Desai,4,0
8423,Bhavana Rao,Nagaraj Naik,4,0
8435,Deepak Prasad,Rekha Murthy,4,7
8443,Bhavana Shetty,Prakash Naik,4,2
8450,Chetan Iyengar,Imran Nayak,4,0
8459,Bhavana Kulkarni,Girish Kulkarni,4,5
8466,Shivakumar Desai,Suresh Rao,4,4
8472,Deepak Desai,Girish Reddy,4,0
8477,Chetan Reddy,Shivakumar Kulkarni,4,1
8502,Imran Gowda,Lakshmi Desai,4,0
8549,Basavaraj Reddy,Vinutha Shetty,4,0
8580,Anitha Nayak,Manjunath Kumar,4,3
8595,Pooja Desai,Pooja Prasad,4,0
8602,Rekha Murthy,Yashwanth Iyengar,4,7
8622,Bhavana Iyengar,Girish Kumar,4,0
8648,Kiran Murthy,Yashwanth Gowda,4,8
8655,Basavaraj Kumar,Manjunath Bhat,4,0
8662,Fatima Patil,Ravi Patil,4,0
8679,Pooja Shetty,Suresh Hegde,4,6
8681,Bhavana Bhat,Joseph Kumar,4,2
8697,Nagaraj Kumar,Yashwanth Patil,4,0
8705,Anitha Iyengar,Yashwanth Prasad,4,0
8713,Chetan Nayak,Prakash Gowda,4,0
8717,Chetan Kulkarni,Manjunath Murthy,4,0
8735,Joseph Naik,Suresh Prasad,4,5
8755,Deepak Iyengar,Shivakumar Shetty,4,3
8787,Kiran Shetty,Shivakumar Shetty,4,8
8793,Anitha Desai,Nagaraj Rao,4,0
8796,Pooja Gowda,Yashwanth Bhat,4,3
8832,Chetan Shetty,Nagaraj Kumar,4,0
8839,Girish Bhat,Pooja Shetty,4,6
8845,Imran Nayak,Mary Murthy,4,8
8850,Lakshmi Murthy,Shivakumar Bhat,4,0
8906,Basavaraj Kulkarni,Ravi Shetty,4,0
8912,Ashwini Shetty,Mary Bhat,4,0
8934,Chetan Kulkarni,Lakshmi Kumar,4,4
8946,Mary Prasad,Shivakumar Kumar,4,0
8961,Deepak Reddy,Vinutha Nayak,4,0
9017,Bhavana Rao,Shivakumar Rao,4,0
9060,Deepak Naik,Imran Nayak,4,0
9068,Manjunath Naik,Rekha Prasad,4,0
9069,Shivakumar Kumar,Yashwanth Hegde,4,0
9083,Deepak Prasad,Lakshmi Patil,4,0
9100,Pooja Bhat,Prakash Iyengar,4,5
9106,Chetan Bhat,Shivakumar Bhat,4,0
9139,Deepak Kulkarni,Girish Nayak,4,0
9145,Anitha Kumar,Imran Gowda,4,0
9155,Girish Gowda,Suresh Iyengar,4,6
9199,Basavaraj Patil,Pooja Desai,4,2
9207,Prakash Shetty,Shivakumar Kumar,4,0
9214,Basavaraj Kumar,Shivakumar Shetty,4,8
9216,Imran Nayak,Imran Shetty,4,0
9222,Girish Murthy,Suresh Kumar,4,0
9228,Girish Murthy,Lakshmi Nayak,4,1
9230,Kiran Patil,Lakshmi Nayak,4,1
9237,Lakshmi Kumar,Nagaraj Patil,4,4
9263,Shivakumar Iyengar,Shivakumar Naik,4,5
9267,Anitha Iyengar,Anitha Nayak,4,0
9272,Prakash Patil,Suresh Reddy,4,0
9278,Imran Nayak,Prakash Kumar,4,0
9282,Joseph Nayak,Mary Desai,4,0
9305,Bhavana Bhat,Prakash Rao,4,0
9310,Imran Gowda,Pooja Prasad,4,0
9315,Pooja Gowda,Shivakumar Rao,4,3
9320,Lakshmi Shetty,Nagaraj Iyengar,4,0
9321,Lakshmi Shetty,Rekha Reddy,4,0
9328,Ashwini Desai,Mary Hegde,4,5
9345,Nagaraj Rao,Shivakumar Bhat,4,0
9347,Basavaraj Bhat,Girish Kulkarni,4,2
9365,Ravi Hegde,Shivakumar Rao,4,0
9367,Lakshmi Kulkarni,Mary Murthy,4,8
9368,Fatima Kumar,Mary Murthy,4,8
9376,Deepak Iyengar,Nagaraj Bhat,4,3
9418,Ashwini Kulkarni,Prakash Shetty,4,0
9430,Lakshmi Iyengar,Nagaraj Desai,4,0
9452,Ashwini Kumar,Fatima Nayak,4,0
9479,Mary Iyengar,Suresh Patil,4,0
9487,Bhavana Iyengar,Lakshmi Shetty,4,0
9491,Imran Desai,Pooja Kumar,4,8
9550,Fatima Kumar,Ravi Kulkarni,4,0
9558,Mary Nayak,Ravi Iyengar,4,0
9559,Kiran Rao,Ravi Iyengar,4,0
9564,Deepak Shetty,Yashwanth Reddy,4,5
9573,Ashwini Iyengar,Deepak Prasad,4,4
9578,Manjunath Prasad,Pooja Bhat,4,5
9591,Girish Patil,Mary Hegde,4,5
9604,Lakshmi Desai,Nagaraj Hegde,4,0
9607,Lakshmi Desai,Lakshmi Nayak,4,1
9608,Lakshmi Shetty,Nagaraj Hegde,4,0
9612,Lakshmi Nayak,Lakshmi Shetty,4,1
9613,Chetan Reddy,Lakshmi Nayak,4,1
9658,Girish Patil,Kiran Hegde,4,3
9669,Joseph Prasad,Yashwanth Reddy,4,5
9691,Imran Prasad,Pooja Bhat,4,5
9703,Deepak Hegde,Yashwanth Hegde,4,0
9708,Bhavana Gowda,Girish Kulkarni,4,1
9715,Basavaraj Naik,Rekha Kumar,4,0
9728,Mary Iyengar,Ravi Patil,4,0
9764,Kiran Murthy,Suresh Patil,4,8
9765,Girish Gowda,Pooja Kumar,4,6
9774,Anitha Nayak,Ashwini Murthy,4,0
9776,Mary Gowda,Shivakumar Desai,4,4
9790,Basavaraj Kumar,Nagaraj Kulkarni,4,4
9841,Prakash Reddy,Shivakumar Murthy,4,0
9867,Fatima Desai,Rekha Murthy,4,7
9885,Basavaraj Gowda,Deepak Prasad,4,0
9916,Joseph Patil,Yashwanth Rao,4,3
9943,Manjunath Bhat,Prakash Murthy,4,0
9951,Ashwini Desai,Pooja Rao,4,7
9990,Kiran Prasad,Nagaraj Patil,4,2
9994,Joseph Naik,Manjunath Kulkarni,4,5
10043,Anitha Nayak,Fatima Murthy,4,0
10062,Joseph Iyengar,Prakash Kulkarni,4,6
10074,Basavaraj Gowda,Ravi Reddy,4,1
10095,Chetan Gowda,Girish Patil,4,0
10100,Girish Nayak,Rekha Shetty,4,3
10126,Manjunath Kulkarni,Pooja Desai,4,0
10139,Manjunath Gowda,Pooja Iyengar,4,5
10142,Prakash Prasad,Ravi Shetty,4,0
10158,Anitha Desai,Yashwanth Kulkarni,4,0
10159,Anitha Desai,Anitha Prasad,4,0
10186,Anitha Patil,Bhavana Kumar,4,0
10190,Rekha Hegde,Yashwanth Reddy,4,5
10193,Mary Iyengar,Nagaraj Kulkarni,4,4
10195,Mary Iyengar,Nagaraj Rao,4,0
10200,Anitha Desai,Girish Nayak,4,0
10228,Lakshmi Rao,Yashwanth Kumar,4,7
10236,Anitha Kumar,Mary Hegde,4,5
10264,Manjunath Gowda,Rekha Bhat,4,0
10266,Mary Desai,Rekha Rao,4,0
10274,Deepak Rao,Manjunath Rao,4,7
10294,Bhavana Iyengar,Shivakumar Shetty,4,8
10298,Girish Kumar,Rekha Murthy,4,7
10311,Bhavana Murthy,Ravi Naik,4,7
10313,Imran Reddy,Suresh Murthy,4,0
10329,Lakshmi Iyengar,Pooja Bhat,4,5
10330,Manjunath Reddy,Nagaraj Prasad,4,0
10342,Ashwini Desai,Chetan Rao,4,0
10362,Pooja Rao,Ravi Bhat,4,7
10385,Basavaraj Shetty,Vinutha Rao,4,0
10392,Ashwini Bhat,Rekha Gowda,4,0
10423,Kiran Hegde,Shivakumar Hegde,4,3
10433,Chetan Reddy,Joseph Naik,4,1
10460,Joseph Gowda,Rekha Gowda,4,0
10471,Mary Rao,Yashwanth Hegde,4,0
10481,Ravi Shetty,Shivakumar Desai,4,4
10482,Fatima Reddy,Suresh Rao,4,0
10483,Fatima Kulkarni,Joseph Kumar,4,3
10493,Suresh Patil,Vinutha Hegde,4,0
10518,Bhavana Gowda,Mary Reddy,4,1
10524,Girish Iyengar,Imran Nayak,4,0
10527,Ashwini Gowda,Fatima Iyengar,4,1
10530,Anitha Nayak,Lakshmi Prasad,4,0
10532,Anitha Nayak,Fatima Rao,4,0
10535,Fatima Kumar,Kiran Shetty,4,0
10562,Girish Prasad,Mary Naik,4,7
10571,Ashwini Gowda,Lakshmi Prasad,4,0
10573,Joseph Kulkarni,Ravi Nayak,4,1
10574,Joseph Kulkarni,Mary Reddy,4,5
10590,Chetan Reddy,Prakash Kumar,4,1
10603,Ravi Murthy,Shivakumar Reddy,4,0
10608,Bhavana Naik,Manjunath Kumar,4,3
10618,Chetan Shetty,Yashwanth Gowda,4,0
10631,Imran Prasad,Vinutha Bhat,4,0
10656,Manjunath Reddy,Manjunath Shetty,4,4
10685,Manjunath Bhat,Rekha Rao,4,0
10690,Girish Murthy,Yashwanth Desai,4,0
10700,Basavaraj Kumar,Yashwanth Reddy,4,5
10704,Nagaraj Bhat,Pooja Naik,4,3
10731,Prakash Rao,Yashwanth Iyengar,4,7
10740,Basavaraj Patil,Manjunath Gowda,4,2
10743,Bhavana Naik,Shivakumar Iyengar,4,3
10745,Bhavana Shetty,Manjunath Kulkarni,4,0
10790,Manjunath Murthy,Prakash Rao,4,0
10812,Basavaraj Patil,Girish Reddy,4,2
10821,Imran Kumar,Prakash Desai,4,0
10832,Imran Bhat,Manjunath Desai,4,8
10845,Rekha Gowda,Vinutha Patil,4,2
10864,Basavaraj Kumar,Basavaraj Nayak,4,0
10873,Ashwini Desai,Lakshmi Prasad,4,0
10892,Mary Bhat,Suresh Desai,4,0
10907,Kiran Naik,Mary Murthy,4,8
10918,Girish Nayak,Lakshmi Patil,4,0
10923,Deepak Desai,Imran Murthy,4,0
10942,Girish Murthy,Nagaraj Gowda,4,0
10951,Prakash Nayak,Vinutha Kulkarni,4,0
11001,Shivakumar Prasad,Suresh Shetty,4,0
11020,Ashwini Reddy,Yashwanth Kulkarni,4,0
11065,Manjunath Gowda,Rekha Kulkarni,4,0
11066,Manjunath Gowda,Nagaraj Gowda,4,0
11070,Pooja Kumar,Shivakumar Rao,4,8
11075,Anitha Gowda,Lakshmi Prasad,4,0
11096,Pooja Gowda,Pooja Shetty,4,3
11105,Prakash Patil,Rekha Patil,4,0
11112,Anitha Reddy,Deepak Prasad,4,0
11125,Chetan Rao,Joseph Desai,4,0
11127,Joseph Reddy,Rekha Murthy,4,2
11131,Joseph Reddy,Suresh Nayak,4,2
11164,Girish Patil,Kiran Prasad,4,0
11170,Kiran Prasad,Mary Iyengar,4,0
11248,Prakash Iyengar,Ravi Iyengar,4,5
11262,Kiran Prasad,Vinutha Rao,4,0
11285,Ashwini Prasad,Joseph Prasad,4,0
11289,Basavaraj Bhat,Nagaraj Patil,4,2
11322,Basavaraj Naik,Ravi Nayak,4,1
11335,Basavaraj Kumar,Girish Prasad,4,0
11358,Nagaraj Gowda,Vinutha Rao,4,0
11393,Girish Patil,Prakash Gowda,4,0
11396,Rekha Shetty,Shivakumar Rao,4,3
11400,Anitha Hegde,Deepak Rao,4,7
11411,Girish Patil,Yashwanth Prasad,4,0
11431,Imran Bhat,Lakshmi Nayak,4,1
11447,Girish Hegde,Nagaraj Kulkarni,4,4
11449,Deepak Murthy,Girish Hegde,4,4
11479,Kiran Rao,Vinutha Murthy,4,0
11496,Ashwini Nayak,Rekha Desai,4,0
11502,Pooja Nayak,Shivakumar Prasad,4,0
11560,Basavaraj Nayak,Ravi Naik,4,7
11572,Joseph Patil,Suresh Prasad,4,3
11583,Shivakumar Hegde,Vinutha Hegde,4,1
11593,Ashwini Reddy,Lakshmi Naik,4,0
11602,Ravi Desai,Rekha Murthy,4,7
11625,Shivakumar Kumar,Shivakumar Naik,4,5
11629,Pooja Rao,Yashwanth Patil,4,7
11670,Girish Patil,Lakshmi Prasad,4,0
11678,Shivakumar Bhat,Shivakumar Naik,4,5
11684,Imran Naik,Lakshmi Hegde,4,1
11692,Kiran Hegde,Pooja Gowda,4,3
11703,Pooja Kumar,Rekha Gowda,4,8
11709,Basavaraj Prasad,Rekha Hegde,4,0
11725,Anitha Prasad,Shivakumar Prasad,4,0
11754,Pooja Kulkarni,Yashwanth Hegde,4,0
11762,Deepak Prasad,Deepak Rao,4,7
11795,Ashwini Desai,Lakshmi Kulkarni,4,0
11813,Lakshmi Kumar,Suresh Iyengar,4,4
11814,Lakshmi Nayak,Prakash Iyengar,4,1
11827,Bhavana Kulkarni,Shivakumar Shetty,4,8
11828,Lakshmi Iyengar,Pooja Rao,4,7
11829,Imran Iyengar,Manjunath Naik,4,0
11861,Ashwini Prasad,Yashwanth Kumar,4,0
11878,Bhavana Prasad,Deepak Iyengar,4,3
11882,Lakshmi Patil,Suresh Nayak,4,0
11885,Joseph Gowda,Manjunath Gowda,4,0
11904,Deepak Desai,Lakshmi Desai,4,0
11914,Rekha Gowda,Yashwanth Kulkarni,4,0
11919,Ravi Naik,Vinutha Prasad,4,7
11920,Ravi Naik,Yashwanth Iyengar,4,7
11922,Fatima Kumar,Prakash Hegde,4,0
11924,Ashwini Desai,Girish Shetty,4,0
11938,Kiran Bhat,Manjunath Nayak,4,5
11951,Nagaraj Patil,Nagaraj Rao,4,2
11952,Nagaraj Patil,Vinutha Prasad,4,2
11976,Kiran Iyengar,Yashwanth Hegde,4,0
12001,Imran Patil,Kiran Gowda,4,0
12010,Nagaraj Nayak,Shivakumar Shetty,4,8
12017,Basavaraj Nayak,Ravi Shetty,4,0
12032,Deepak Shetty,Suresh Gowda,4,0
12064,Bhavana Nayak,Deepak Shetty,4,2
12080,Deepak Naik,Joseph Kumar,4,2
12100,Rekha Patil,Vinutha Murthy,4,0
12109,Kiran Kulkarni,Pooja Rao,4,5
12121,Ashwini Bhat,Girish Nayak,4,0
12124,Bhavana Gowda,Joseph Reddy,4,1
12148,Deepak Rao,Rekha Desai,4,7
12176,Mary Nayak,Prakash Prasad,4,0
12177,Prakash Prasad,Vinutha Bhat,4,0
12199,Ashwini Gowda,Suresh Nayak,4,0
12206,Bhavana Shetty,Rekha Shetty,4,3
12214,Basavaraj Gowda,Suresh Patil,4,0
12224,Basavaraj Patil,Nagaraj Iyengar,4,2
12235,Prakash Desai,Yashwanth Patil,4,0
12242,Deepak Rao,Mary Reddy,4,7
12260,Nagaraj Bhat,Prakash Reddy,4,3
12264,Girish Kumar,Pooja Gowda,4,3
12294,Basavaraj Desai,Manjunath Iyengar,4,0
12325,Girish Patil,Vinutha Nayak,4,0
12355,Girish Shetty,Yashwanth Kulkarni,4,0
12358,Fatima Shetty,Manjunath Reddy,4,7
12395,Kiran Gowda,Prakash Hegde,4,0
12402,Ravi Reddy,Suresh Gowda,4,1
12407,Manjunath Gowda,Pooja Nayak,4,0
12471,Anitha Kumar,Prakash Shetty,4,0
12506,Kiran Prasad,Manjunath Bhat,4,0
12518,Mary Desai,Prakash Patil,4,0
12522,Bhavana Rao,Nagaraj Gowda,4,0
12536,Lakshmi Hegde,Suresh Murthy,4,1
12538,Bhavana Gowda,Prakash Patil,4,1
12540,Basavaraj Iyengar,Rekha Shetty,4,3
12556,Chetan Bhat,Rekha Prasad,4,0
12559,Nagaraj Prasad,Prakash Kulkarni,4,7
12563,Basavaraj Nayak,Prakash Shetty,4,0
12600,Shivakumar Gowda,Yashwanth Bhat,4,3
12613,Ravi Iyengar,Shivakumar Shetty,4,8
12667,Anitha Murthy,Mary Reddy,4,5
12690,Prakash Patil,Ravi Kumar,4,0
12703,Deepak Prasad,Pooja Shetty,4,6
12705,Pooja Rao,Shivakumar Gowda,4,7
12712,Girish Bhat,Mary Desai,4,6
12736,Fatima Kulkarni,Rekha Murthy,4,3
12808,Ashwini Gowda,Imran Murthy,4,0
12817,Chetan Patil,Shivakumar Shetty,4,4
12857,Manjunath Kulkarni,Mary Kulkarni,4,0
12876,Girish Patil,Nagaraj Gowda,4,0
12933,Basavaraj Iyengar,Shivakumar Gowda,4,3
12936,Deepak Rao,Suresh Kulkarni,4,7
12946,Deepak Gowda,Deepak Hegde,4,0
12948,Deepak Gowda,Suresh Shetty,4,0
12968,Mary Kumar,Rekha Patil,4,0
12975,Chetan Naik,Fatima Murthy,4,0
12985,Mary Naik,Ravi Desai,4,7
12994,Imran Gowda,Pooja Iyengar,4,5
13029,Imran Reddy,Yashwanth Nayak,4,0
13039,Nagaraj Rao,Suresh Kumar,4,0
13050,Anitha Naik,Vinutha Rao,4,0
13061,Basavaraj Reddy,Pooja Hegde,4,0
13080,Nagaraj Iyengar,Shivakumar Bhat,4,0
13089,Manjunath Kumar,Manjunath Reddy,4,3
13099,Basavaraj Gowda,Manjunath Kumar,4,3
13100,Chetan Kulkarni,Mary Iyengar,4,0
13120,Joseph Reddy,Pooja Gowda,4,2
13163,Anitha Iyengar,Shivakumar Naik,4,5
13168,Mary Shetty,Pooja Hegde,4,0
13183,Mary Naik,Suresh Gowda,4,7
13199,Bhavana Gowda,Mary Kumar,4,1
13218,Lakshmi Shetty,Mary Desai,4,0
13271,Anitha Desai,Suresh Patil,4,0
13339,Imran Reddy,Joseph Patil,4,3
13354,Bhavana Reddy,Deepak Iyengar,4,3
13363,Joseph Kumar,Yashwanth Patil,4,2
13365,Manjunath Reddy,Shivakumar Shetty,4,8
13404,Anitha Reddy,Shivakumar Bhat,4,0
13416,Mary Gowda,Ravi Hegde,4,0
13434,Anitha Kumar,Fatima Murthy,4,0
13486,Bhavana Desai,Pooja Bhat,4,5
13491,Pooja Kulkarni,Prakash Naik,4,2
13506,Fatima Shetty,Kiran Hegde,4,7
13507,Basavaraj Patil,Lakshmi Shetty,4,2
13543,Fatima Shetty,Shivakumar Nayak,4,7
13545,Anitha Hegde,Bhavana Gowda,4,1
13558,Bhavana Shetty,Shivakumar Reddy,4,0
13565,Prakash Hegde,Rekha Murthy,4,7
13694,Basavaraj Naik,Girish Prasad,4,0
13719,Basavaraj Desai,Shivakumar Kulkarni,4,0
13751,Girish Patil,Yashwanth Kumar,4,0
13801,Basavaraj Reddy,Prakash Reddy,4,0
13834,Rekha Patil,Shivakumar Naik,4,5
13868,Manjunath Shetty,Mary Shetty,4,4
13870,Anitha Bhat,Manjunath Kumar,4,7
13877,Anitha Patil,Ashwini Desai,4,0
13971,Prakash Kumar,Suresh Desai,4,0
13978,Deepak Iyengar,Joseph Hegde,4,3
13985,Joseph Hegde,Lakshmi Patil,4,7
13988,Deepak Bhat,Ravi Naik,4,7
13994,Kiran Hegde,Suresh Nayak,4,3
14011,Lakshmi Reddy,Nagaraj Reddy,4,8
14030,Anitha Nayak,Ravi Naik,4,7
14046,Prakash Rao,Shivakumar Patil,4,0
14060,Chetan Reddy,Fatima Shetty,4,1
14069,Bhavana Gowda,Prakash Reddy,4,1
14083,Mary Shetty,Pooja Prasad,4,0
14123,Nagaraj Prasad,Suresh Murthy,4,0
14129,Fatima Iyengar,Imran Shetty,4,1
14135,Shivakumar Kulkarni,Shivakumar Prasad,4,0
14139,Pooja Gowda,Shivakumar Naik,4,3
14156,Vinutha Naik,Yashwanth Shetty,4,0
14187,Anitha Reddy,Suresh Murthy,4,0
14188,Joseph Shetty,Suresh Murthy,4,4
14200,Suresh Iyengar,Yashwanth Naik,4,0
14205,Ravi Hegde,Rekha Bhat,4,0
14219,Fatima Shetty,Mary Bhat,4,7
14236,Pooja Desai,Rekha Rao,4,0
14240,Joseph Prasad,Yashwanth Desai,4,0
14282,Girish Iyengar,Shivakumar Bhat,4,0
14291,Basavaraj Rao,Deepak Kulkarni,4,0
14301,Nagaraj Hegde,Pooja Shetty,4,6
14310,Manjunath Reddy,Suresh Naik,4,0
14320,Prakash Bhat,Prakash Patil,4,0
14321,Deepak Iyengar,Prakash Bhat,4,3
14322,Prakash Rao,Rekha Prasad,4,0
14328,Anitha Nayak,Nagaraj Iyengar,4,0
14329,Deepak Hegde,Nagaraj Iyengar,4,0
14369,Kiran Murthy,Pooja Rao,4,8
14371,Basavaraj Prasad,Rekha Bhat,4,0
14379,Deepak Bhat,Suresh Shetty,4,0
14403,Pooja Bhat,Ravi Prasad,4,5
14411,Deepak Prasad,Nagaraj Prasad,4,0
14421,Kiran Patil,Vinutha Reddy,4,0
14430,Chetan Murthy,Kiran Patil,4,0
14453,Ashwini Kulkarni,Suresh Murthy,4,0
14481,Deepak Prasad,Girish Reddy,4,0
14504,Kiran Bhat,Yashwanth Nayak,4,0
14507,Basavaraj Gowda,Joseph Iyengar,4,6
14513,Prakash Shetty,Yashwanth Kulkarni,4,0
14518,Imran Nayak,Prakash Naik,4,2
14526,Manjunath Bhat,Shivakumar Desai,4,4
14550,Manjunath Rao,Mary Murthy,4,8
14554,Manjunath Nayak,Ravi Nayak,4,5
14561,Kiran Murthy,Yashwanth Kulkarni,4,8
14583,Mary Murthy,Shivakumar Shetty,4,8
14605,Lakshmi Iyengar,Prakash Gowda,4,0
14634,Bhavana Gowda,Yashwanth Prasad,4,1
14643,Ashwini Murthy,Vinutha Reddy,4,0
14653,Ravi Naik,Shivakumar Iyengar,4,7
14656,Ravi Naik,Rekha Rao,4,7
14660,Rekha Gowda,Yashwanth Patil,4,0
14663,Anitha Desai,Kiran Iyengar,4,0
14677,Manjunath Iyengar,Shivakumar Desai,4,4
14689,Rekha Murthy,Yashwanth Nayak,4,7
14710,Bhavana Gowda,Deepak Kumar,4,1
14730,Ashwini Rao,Manjunath Iyengar,4,0
14740,Lakshmi Rao,Suresh Nayak,4,7
14756,Ashwini Shetty,Basavaraj Nayak,4,0
14764,Basavaraj Iyengar,Nagaraj Rao,4,3
14822,Mary Naik,Rekha Murthy,4,7
14845,Kiran Prasad,Prakash Shetty,4,0
14857,Imran Nayak,Yashwanth Bhat,4,3
14906,Mary Desai,Nagaraj Shetty,4,0
14922,Kiran Patil,Prakash Naik,4,2
14955,Bhavana Rao,Mary Rao,4,0
14970,Fatima Desai,Lakshmi Kumar,4,4
14976,Ashwini Murthy,Ravi Naik,4,7
14980,Manjunath Gowda,Prakash Rao,4,0
14985,Joseph Kumar,Lakshmi Nayak,4,2
15013,Fatima Shetty,Joseph Gowda,4,7
15019,Vinutha Kulkarni,Vinutha Prasad,4,0
15026,Mary Reddy,Prakash Shetty,4,5
15032,Basavaraj Reddy,Nagaraj Bhat,4,3
15041,Fatima Hegde,Nagaraj Kulkarni,4,4
15061,Ravi Hegde,Vinutha Bhat,4,0
15066,Basavaraj Naik,Girish Kulkarni,4,5
15083,Chetan Gowda,Joseph Prasad,4,0
15087,Deepak Bhat,Lakshmi Kulkarni,4,0
15090,Mary Iyengar,Suresh Nayak,4,0
15113,Ashwini Bhat,Chetan Bhat,4,0
15114,Ashwini Bhat,Nagaraj Kumar,4,0
15136,Girish Kulkarni,Lakshmi Nayak,4,5
15198,Fatima Rao,Lakshmi Nayak,4,1
15212,Prakash Patil,Suresh Murthy,4,0
15220,Bhavana Nayak,Pooja Naik,4,2
15228,Fatima Shetty,Lakshmi Nayak,4,7
15249,Manjunath Kumar,Prakash Kulkarni,4,3
15338,Girish Patil,Suresh Gowda,4,0
15340,Bhavana Gowda,Deepak Gowda,4,1
15355,Kiran Hegde,Ravi Desai,4,3
15356,Kiran Hegde,Manjunath Nayak,4,3
15366,Kiran Kumar,Prakash Gowda,4,0
15374,Chetan Kulkarni,Vinutha Bhat,4,0
15422,Deepak Rao,Manjunath Hegde,4,7
15449,Bhavana Reddy,Lakshmi Hegde,4,1
15452,Chetan Kumar,Mary Bhat,4,0
15461,Imran Shetty,Lakshmi Kumar,4,4
15474,Deepak Murthy,Yashwanth Kulkarni,4,0
15477,Bhavana Iyengar,Vinutha Kumar,4,0
15481,Anitha Shetty,Lakshmi Prasad,4,0
15501,Basavaraj Gowda,Kiran Iyengar,4,0
15510,Bhavana Hegde,Ravi Murthy,4,0
15561,Lakshmi Reddy,Yashwanth Nayak,4,8
15583,Ashwini Prasad,Shivakumar Patil,4,0
15588,Basavaraj Patil,Vinutha Naik,4,2
15591,Rekha Rao,Shivakumar Bhat,4,0
15620,Deepak Kulkarni,Girish Shetty,4,0
15650,Girish Rao,Prakash Kumar,4,0
15675,Deepak Nayak,Lakshmi Nayak,4,1
15688,Basavaraj Bhat,Joseph Reddy,4,2
15700,Anitha Patil,Rekha Kumar,4,0
15743,Nagaraj Rao,Suresh Hegde,4,0
15744,Basavaraj Patil,Nagaraj Rao,4,2
15751,Bhavana Iyengar,Ravi Nayak,4,1
15753,Prakash Rao,Ravi Nayak,4,1
15754,Prakash Hegde,Prakash Rao,4,0
15763,Manjunath Reddy,Shivakumar Prasad,4,0
15764,Shivakumar Prasad,Yashwanth Kulkarni,4,0
15767,Shivakumar Iyengar,Suresh Reddy,4,0
15772,Imran Nayak,Manjunath Desai,4,8
15789,Manjunath Desai,Mary Naik,4,8
15834,Basavaraj Nayak,Rekha Iyengar,4,4
15843,Joseph Iyengar,Pooja Nayak,4,6
15880,Prakash Shetty,Rekha Desai,4,0
15882,Girish Murthy,Shivakumar Prasad,4,0
15910,Girish Patil,Lakshmi Reddy,4,8
15912,Deepak Kulkarni,Shivakumar Shetty,4,8
15928,Lakshmi Kulkarni,Rekha Kulkarni,4,0
15933,Girish Desai,Mary Murthy,4,8
15935,Kiran Hegde,Mary Murthy,4,3
15938,Vinutha Desai,Yashwanth Bhat,4,3
15946,Basavaraj Prasad,Lakshmi Murthy,4,0
15951,Nagaraj Iyengar,Suresh Bhat,4,7
15963,Manjunath Naik,Rekha Kulkarni,4,0
16002,Shivakumar Murthy,Vinutha Kulkarni,4,0
16004,Pooja Patil,Prakash Rao,4,0
16168,Ravi Iyengar,Vinutha Rao,4,0
16177,Basavaraj Bhat,Ravi Bhat,4,2
16196,Nagaraj Prasad,Shivakumar Kumar,4,0
16202,Anitha Kulkarni,Lakshmi Shetty,4,0
16237,Basavaraj Bhat,Prakash Rao,4,2
16290,Ravi Hegde,Suresh Gowda,4,0
16295,Ashwini Desai,Shivakumar Nayak,4,0
16299,Chetan Rao,Joseph Shetty,4,4
16311,Deepak Bhat,Rekha Iyengar,4,4
16352,Bhavana Bhat,Pooja Patil,4,0
16354,Lakshmi Murthy,Rekha Reddy,4,0
16369,Imran Reddy,Manjunath Iyengar,4,0
16373,Deepak Shetty,Vinutha Patil,4,2
16386,Imran Reddy,Vinutha Reddy,4,0
16417,Chetan Reddy,Rekha Murthy,4,1
16466,Joseph Kumar,Lakshmi Hegde,4,2
16489,Basavaraj Kumar,Girish Patil,4,0
16499,Ashwini Naik,Rekha Iyengar,4,5
16515,Girish Rao,Kiran Kumar,4,0
16531,Bhavana Nayak,Prakash Kumar,4,2
16543,Nagaraj Nayak,Vinutha Nayak,4,0
16550,Imran Hegde,Manjunath Iyengar,4,0
16553,Mary Murthy,Pooja Kulkarni,4,8
16573,Ashwini Desai,Bhavana Kumar,4,0
16584,Anitha Gowda,Deepak Rao,4,7
16608,Manjunath Gowda,Nagaraj Kulkarni,4,4
16653,Mary Naik,Vinutha Naik,4,7
16695,Deepak Rao,Imran Reddy,4,7
16717,Mary Shetty,Yashwanth Desai,4,0
16718,Manjunath Kulkarni,Ravi Iyengar,4,0
16735,Lakshmi Bhat,Mary Desai,4,0
16745,Bhavana Hegde,Prakash Bhat,4,0
16754,Bhavana Nayak,Rekha Rao,4,2
16773,Kiran Hegde,Pooja Kulkarni,4,3
16789,Joseph Desai,Manjunath Patil,4,0
16802,Deepak Hegde,Girish Bhat,4,6
16832,Ashwini Kumar,Basavaraj Bhat,4,2
16846,Nagaraj Bhat,Yashwanth Kulkarni,4,3
16856,Lakshmi Iyengar,Suresh Iyengar,4,0
16877,Deepak Rao,Joseph Iyengar,4,7
16879,Deepak Rao,Yashwanth Patil,4,7
16945,Ashwini Kulkarni,Mary Iyengar,4,0
16959,Ashwini Hegde,Manjunath Shetty,4,4
17006,Joseph Kulkarni,Joseph Patil,4,3
17008,Imran Desai,Kiran Desai,4,8
17024,Imran Murthy,Ravi Naik,4,7
17038,Deepak Prasad,Fatima Nayak,4,0
17046,Prakash Rao,Yashwanth Gowda,4,0
17081,Lakshmi Iyengar,Manjunath Kulkarni,4,0
17087,Basavaraj Reddy,Vinutha Gowda,4,0
17095,Imran Shetty,Lakshmi Murthy,4,0
17099,Pooja Gowda,Suresh Gowda,4,3
17107,Basavaraj Bhat,Manjunath Desai,4,2
17142,Imran Prasad,Kiran Kumar,4,0
17143,Lakshmi Nayak,Mary Naik,4,1
17155,Basavaraj Nayak,Yashwanth Kulkarni,4,0
17173,Chetan Iyengar,Suresh Murthy,4,0
17239,Pooja Murthy,Ravi Iyengar,4,0
17269,Girish Iyengar,Vinutha Prasad,4,0
17274,Basavaraj Iyengar,Fatima Nayak,4,3
17299,Lakshmi Hegde,Pooja Shetty,4,1
17323,Manjunath Shetty,Suresh Kulkarni,4,4
17356,Suresh Patil,Vinutha Rao,4,0
17379,Prakash Patil,Shivakumar Shetty,4,8
17393,Nagaraj Prasad,Shivakumar Shetty,4,8
17394,Joseph Patil,Pooja Nayak,4,3
17398,Girish Rao,Joseph Prasad,4,0
17423,Fatima Nayak,Yashwanth Nayak,4,0
17424,Basavaraj Rao,Bhavana Nayak,4,2
17483,Basavaraj Bhat,Girish Murthy,4,2
17501,Anitha Shetty,Yashwanth Rao,4,0
17506,Ashwini Iyengar,Nagaraj Patil,4,4
17537,Basavaraj Reddy,Lakshmi Rao,4,7
17538,Girish Bhat,Yashwanth Murthy,4,6
17558,Ravi Bhat,Suresh Bhat,4,7
17566,Mary Bhat,Ravi Desai,4,0
17580,Basavaraj Bhat,Rekha Shetty,4,2
17677,Lakshmi Desai,Vinutha Hegde,4,0
17682,Lakshmi Shetty,Mary Shetty,4,0
17696,Deepak Kumar,Yashwanth Patil,4,0
17701,Mary Gowda,Pooja Shetty,4,6
17726,Fatima Iyengar,Imran Nayak,4,1
17730,Mary Reddy,Ravi Prasad,4,5
17741,Girish Desai,Prakash Gowda,4,0
17749,Girish Murthy,Manjunath Gowda,4,0
17768,Girish Iyengar,Nagaraj Shetty,4,0
17812,Ashwini Murthy,Ravi Desai,4,0
17820,Chetan Reddy,Mary Iyengar,4,1
17837,Girish Gowda,Suresh Rao,4,6
17845,Bhavana Murthy,Suresh Nayak,4,0
17915,Kiran Kumar,Mary Reddy,4,5
17923,Pooja Patil,Rekha Murthy,4,7
17939,Joseph Kulkarni,Suresh Desai,4,0
17960,Manjunath Prasad,Mary Kulkarni,4,0
17969,Prakash Shetty,Rekha Rao,4,0
18000,Bhavana Hegde,Kiran Iyengar,4,0
18023,Basavaraj Patil,Girish Hegde,4,2
18027,Deepak Shetty,Vinutha Gowda,4,0
18062,Ashwini Prasad,Pooja Naik,4,0
18066,Deepak Hegde,Vinutha Hegde,4,0
18087,Fatima Reddy,Girish Patil,4,0
18091,Bhavana Kulkarni,Fatima Shetty,4,7
18092,Bhavana Kulkarni,Vinutha Desai,4,0
18098,Manjunath Bhat,Rekha Murthy,4,7
18120,Deepak Prasad,Joseph Kulkarni,4,0
18138,Mary Naik,Nagaraj Patil,4,7
18165,Imran Iyengar,Rekha Patil,4,0
18193,Bhavana Gowda,Rekha Kulkarni,4,1
18216,Basavaraj Shetty,Manjunath Iyengar,4,0
18235,Mary Desai,Mary Murthy,4,8
18244,Manjunath Kulkarni,Shivakumar Desai,4,4
18254,Imran Desai,Shivakumar Desai,4,8
18274,Chetan Kulkarni,Chetan Murthy,4,0
18277,Chetan Kulkarni,Ravi Gowda,4,3
18296,Fatima Iyengar,Joseph Gowda,4,1
18309,Pooja Prasad,Vinutha Kumar,4,0
18315,Ashwini Murthy,Prakash Gowda,4,0
18330,Nagaraj Kulkarni,Shivakumar Naik,4,4
18390,Manjunath Patil,Rekha Murthy,4,7
18473,Nagaraj Murthy,Vinutha Patil,4,2
18475,Chetan Bhat,Shivakumar Desai,4,4
18486,Chetan Kulkarni,Imran Murthy,4,0
18519,Fatima Shetty,Girish Bhat,4,7
18566,Bhavana Rao,Fatima Gowda,4,1
18594,Joseph Patil,Manjunath Kulkarni,4,3
18597,Ashwini Shetty,Bhavana Shetty,4,0
18608,Bhavana Shetty,Prakash Prasad,4,0
18625,Prakash Bhat,Shivakumar Iyengar,4,0
18628,Mary Reddy,Rekha Reddy,4,5
18671,Basavaraj Hegde,Deepak Shetty,4,0
18711,Prakash Rao,Ravi Prasad,4,0
18741,Basavaraj Reddy,Rekha Bhat,4,0
18761,Lakshmi Patil,Prakash Kulkarni,4,7
18794,Ashwini Murthy,Bhavana Shetty,4,0
18795,Bhavana Shetty,Deepak Naik,4,0
18799,Bhavana Kumar,Rekha Gowda,4,0
18810,Shivakumar Bhat,Yashwanth Rao,4,0
18854,Basavaraj Hegde,Pooja Rao,4,7
18882,Kiran Shetty,Prakash Shetty,4,0
18927,Ashwini Kumar,Rekha Desai,4,0
18985,Nagaraj Reddy,Vinutha Shetty,4,7
18989,Imran Rao,Prakash Nayak,4,8
19045,Pooja Nayak,Ravi Nayak,4,1
19086,Basavaraj Kumar,Deepak Kulkarni,4,0
19093,Ashwini Bhat,Suresh Prasad,4,0
19098,Deepak Bhat,Yashwanth Patil,4,0
19099,Ashwini Reddy,Pooja Rao,4,7
19117,Rekha Desai,Shivakumar Prasad,4,0
19188,Prakash Murthy,Shivakumar Kumar,4,0
19235,Ravi Bhat,Shivakumar Desai,4,4
19253,Chetan Prasad,Girish Gowda,4,6
19326,Chetan Kulkarni,Prakash Iyengar,4,5
19330,Chetan Shetty,Pooja Naik,4,0
19419,Lakshmi Kulkarni,Manjunath Naik,4,0
19440,Girish Rao,Imran Shetty,4,0
19445,Kiran Gowda,Rekha Patil,4,0
19543,Pooja Prasad,Vinutha Rao,4,0
19557,Bhavana Rao,Suresh Nayak,4,0
19660,Manjunath Iyengar,Shivakumar Nayak,4,0
19664,Manjunath Iyengar,Nagaraj Bhat,4,3
19670,Imran Reddy,Kiran Kumar,4,0
19700,Kiran Reddy,Ravi Iyengar,4,7
19722,Nagaraj Gowda,Shivakumar Rao,4,0
19778,Basavaraj Reddy,Mary Naik,4,7
19861,Manjunath Reddy,Vinutha Kumar,4,0
19932,Ashwini Kumar,Rekha Iyengar,4,4
19973,Shivakumar Reddy,Suresh Patil,4,0
20008,Prakash Nayak,Suresh Patil,4,0
20080,Kiran Bhat,Suresh Nayak,4,0
20081,Kiran Bhat,Rekha Murthy,4,7
20185,Lakshmi Nayak,Pooja Rao,4,1
20187,Anitha Nayak,Prakash Bhat,4,0
20220,Anitha Nayak,Mary Murthy,4,8
20226,Rekha Patil,Shivakumar Prasad,4,0
20227,Kiran Bhat,Shivakumar Prasad,4,0
20286,Prakash Iyengar,Shivakumar Bhat,4,5
20318,Manjunath Naik,Shivakumar Shetty,4,8
20393,Mary Desai,Suresh Murthy,4,0
20415,Imran Desai,Kiran Murthy,4,8
20431,Manjunath Patil,Vinutha Shetty,4,0
20449,Girish Patil,Suresh Shetty,4,0
20460,Anitha Prasad,Yashwanth Rao,4,0
20467,Manjunath Nayak,Nagaraj Patil,4,5
20498,Basavaraj Bhat,Manjunath Kulkarni,4,2
20512,Bhavana Rao,Mary Shetty,4,0
20536,Girish Shetty,Shivakumar Bhat,4,0
20540,Manjunath Rao,Yashwanth Iyengar,4,7
20578,Imran Gowda,Vinutha Nayak,4,0
20596,Basavaraj Hegde,Chetan Kulkarni,4,0
20628,Anitha Desai,Rekha Murthy,4,7
20706,Anitha Naik,Lakshmi Iyengar,4,0
20710,Chetan Iyengar,Chetan Naik,4,0
20737,Pooja Hegde,Suresh Bhat,4,7
20750,Basavaraj Gowda,Kiran Rao,4,0
20782,Girish Kulkarni,Shivakumar Prasad,4,5
20786,Ravi Gowda,Ravi Iyengar,4,3
20792,Bhavana Gowda,Manjunath Kulkarni,4,1
20865,Bhavana Kulkarni,Imran Nayak,4,0
20866,Bhavana Kulkarni,Chetan Iyengar,4,0
20870,Bhavana Naik,Imran Hegde,4,3
20873,Lakshmi Murthy,Pooja Bhat,4,5
20910,Anitha Reddy,Shivakumar Kumar,4,0
20933,Basavaraj Hegde,Rekha Patil,4,0
20935,Joseph Desai,Shivakumar Hegde,4,1
20940,Manjunath Shetty,Yashwanth Shetty,4,4
20961,Mary Reddy,Pooja Patil,4,5
20980,Ashwini Shetty,Shivakumar Gowda,4,3
21010,Chetan Bhat,Nagaraj Patil,4,2
21013,Bhavana Naik,Yashwanth Rao,4,3
21039,Manjunath Prasad,Suresh Desai,4,0
21046,Bhavana Patil,Yashwanth Hegde,4,0
21052,Girish Prasad,Suresh Bhat,4,7
21088,Anitha Desai,Imran Reddy,4,0
21107,Fatima Nayak,Rekha Iyengar,4,4
21123,Chetan Nayak,Pooja Desai,4,0
21145,Deepak Gowda,Nagaraj Kulkarni,4,4
21160,Kiran Desai,Suresh Hegde,4,0
21169,Girish Prasad,Yashwanth Rao,4,0
21170,Mary Reddy,Pooja Gowda,4,5
21209,Basavaraj Bhat,Suresh Rao,4,2
21215,Fatima Shetty,Ravi Gowda,4,7
21224,Joseph Reddy,Mary Iyengar,4,2
21349,Suresh Desai,Yashwanth Reddy,4,5
21406,Deepak Shetty,Vinutha Shetty,4,0
21413,Bhavana Nayak,Yashwanth Patil,4,2
21444,Bhavana Desai,Mary Bhat,4,5
21481,Lakshmi Rao,Manjunath Gowda,4,7
21523,Mary Murthy,Yashwanth Prasad,4,8
21670,Ravi Patil,Yashwanth Rao,4,0
21677,Fatima Desai,Fatima Kulkarni,4,3
21708,Bhavana Rao,Imran Gowda,4,0
21785,Anitha Naik,Rekha Murthy,4,7
21804,Deepak Naik,Mary Desai,4,0
21809,Deepak Iyengar,Prakash Murthy,4,3
21877,Bhavana Rao,Mary Patil,4,0
21878,Joseph Bhat,Nagaraj Gowda,4,0
21893,Anitha Nayak,Pooja Nayak,4,0
21896,Basavaraj Hegde,Yashwanth Prasad,4,0
21933,Bhavana Nayak,Prakash Hegde,4,2
21944,Anitha Patil,Basavaraj Naik,4,0
21960,Chetan Shetty,Manjunath Prasad,4,0
21974,Nagaraj Patil,Vinutha Reddy,4,2
22010,Ashwini Desai,Chetan Kulkarni,4,0
22016,Basavaraj Bhat,Ravi Rao,4,2
22114,Ravi Patil,Vinutha Nayak,4,0
22120,Girish Gowda,Suresh Desai,4,6
22122,Prakash Reddy,Rekha Rao,4,0
22210,Mary Desai,Rekha Shetty,4,3
22236,Basavaraj Bhat,Suresh Naik,4,2
22257,Girish Patil,Yashwanth Rao,4,0
22258,Prakash Patil,Rekha Gowda,4,0
22344,Lakshmi Desai,Yashwanth Prasad,4,0
22386,Kiran Kulkarni,Shivakumar Naik,4,5
22431,Kiran Murthy,Mary Reddy,4,8
22448,Bhavana Shetty,Suresh Gowda,4,0
22537,Chetan Nayak,Manjunath Reddy,4,0
22582,Ravi Bhat,Vinutha Gowda,4,0
22609,Ravi Murthy,Shivakumar Kulkarni,4,0
22680,Imran Iyengar,Kiran Shetty,4,0
22735,Deepak Kumar,Imran Gowda,4,0
22759,Joseph Iyengar,Nagaraj Kulkarni,4,6
22788,Nagaraj Gowda,Nagaraj Kulkarni,4,4
22827,Anitha Patil,Nagaraj Rao,4,0
22885,Ashwini Desai,Pooja Shetty,4,6
22902,Chetan Kulkarni,Yashwanth Kumar,4,0
22927,Lakshmi Hegde,Pooja Kumar,4,1
22931,Rekha Nayak,Shivakumar Bhat,4,8
22973,Anitha Prasad,Kiran Iyengar,4,0
23009,Lakshmi Murthy,Nagaraj Kumar,4,0
23026,Mary Iyengar,Mary Patil,4,0
23064,Lakshmi Shetty,Nagaraj Murthy,4,0
23076,Chetan Gowda,Lakshmi Kulkarni,4,0
23125,Pooja Nayak,Yashwanth Hegde,4,0
23126,Bhavana Kulkarni,Vinutha Rao,4,0
23170,Manjunath Kulkarni,Vinutha Nayak,4,0
23180,Ashwini Iyengar,Shivakumar Shetty,4,4
23271,Manjunath Naik,Prakash Nayak,4,0
23293,Mary Naik,Vinutha Shetty,4,7
23300,Rekha Gowda,Shivakumar Prasad,4,0
23303,Fatima Nayak,Prakash Kulkarni,4,7
23336,Chetan Murthy,Lakshmi Nayak,4,1
23354,Deepak Shetty,Girish Bhat,4,6
23366,Anitha Patil,Lakshmi Iyengar,4,0
23374,Joseph Shetty,Shivakumar Shetty,4,4
23375,Nagaraj Kulkarni,Shivakumar Shetty,4,4
23407,Ashwini Desai,Pooja Nayak,4,0
23410,Bhavana Kumar,Yashwanth Rao,4,0
23414,Chetan Kulkarni,Manjunath Gowda,4,0
23437,Ashwini Naik,Manjunath Shetty,4,5
23449,Ashwini Desai,Suresh Gowda,4,0
23483,Imran Kumar,Shivakumar Shetty,4,8
23586,Anitha Nayak,Suresh Nayak,4,0
23606,Mary Gowda,Shivakumar Murthy,4,0
23625,Manjunath Gowda,Ravi Naik,4,7
23643,Girish Rao,Manjunath Bhat,4,0
23693,Girish Murthy,Vinutha Naik,4,0
23735,Ravi Iyengar,Suresh Kulkarni,4,0
23743,Anitha Rao,Chetan Patil,4,4
23816,Nagaraj Kulkarni,Rekha Rao,4,4
23825,Nagaraj Hegde,Ravi Desai,4,0
23846,Basavaraj Bhat,Deepak Kumar,4,2
23876,Deepak Iyengar,Prakash Kulkarni,4,3
23893,Girish Patil,Rekha Gowda,4,0
23915,Kiran Hegde,Suresh Gowda,4,3
24000,Kiran Reddy,Prakash Kulkarni,4,7
24055,Deepak Hegde,Mary Murthy,4,8
24079,Bhavana Shetty,Suresh Bhat,4,7
24096,Lakshmi Nayak,Lakshmi Patil,4,1
24123,Bhavana Naik,Imran Rao,4,3
24204,Anitha Rao,Ashwini Naik,4,4
24208,Kiran Rao,Lakshmi Shetty,4,0
24222,Ashwini Iyengar,Joseph Shetty,4,4
24228,Fatima Gowda,Girish Iyengar,4,1
24233,Joseph Murthy,Yashwanth Rao,4,0
24275,Fatima Kumar,Rekha Reddy,4,0
24335,Anitha Murthy,Mary Murthy,4,8
24343,Nagaraj Bhat,Yashwanth Reddy,4,3
24368,Rekha Kumar,Suresh Gowda,4,0
24396,Fatima Nayak,Girish Rao,4,0
24464,Deepak Bhat,Mary Desai,4,0
24514,Girish Gowda,Vinutha Gowda,4,6
24522,Ravi Nayak,Shivakumar Gowda,4,1
24552,Ashwini Naik,Mary Hegde,4,5
24674,Basavaraj Kumar,Kiran Rao,4,0
24698,Imran Gowda,Manjunath Rao,4,0
24785,Bhavana Desai,Rekha Iyengar,4,5
24799,Kiran Nayak,Rekha Shetty,4,3
24813,Anitha Iyengar,Ashwini Reddy,4,0
24849,Rekha Patil,Suresh Murthy,4,0
24878,Fatima Rao,Shivakumar Shetty,4,8
25033,Imran Iyengar,Ravi Prasad,4,0
25045,Mary Reddy,Nagaraj Rao,4,5
25052,Mary Kulkarni,Prakash Kulkarni,4,7
25207,Kiran Nayak,Mary Desai,4,0
25393,Fatima Iyengar,Lakshmi Patil,4,1
25520,Girish Hegde,Lakshmi Nayak,4,4
25531,Girish Nayak,Yashwanth Prasad,4,0
25658,Chetan Kulkarni,Suresh Nayak,4,0
25692,Kiran Rao,Prakash Shetty,4,0
25779,Ravi Murthy,Shivakumar Desai,4,4
25817,Ashwini Gowda,Nagaraj Shetty,4,0
25824,Ashwini Gowda,Manjunath Gowda,4,0
25904,Shivakumar Shetty,Suresh Kulkarni,4,8
25919,Bhavana Kulkarni,Prakash Hegde,4,0
25933,Deepak Kumar,Rekha Prasad,4,0
25995,Basavaraj Iyengar,Girish Reddy,4,3
26081,Deepak Rao,Joseph Murthy,4,7
26096,Nagaraj Hegde,Yashwanth Nayak,4,0
26151,Deepak Reddy,Rekha Murthy,4,7
26181,Shivakumar Shetty,Vinutha Shetty,4,8
26285,Anitha Desai,Bhavana Gowda,4,1
26286,Pooja Desai,Rekha Shetty,4,3
26303,Deepak Gowda,Yashwanth Patil,4,0
26374,Bhavana Gowda,Imran Desai,4,1
26404,Lakshmi Shetty,Manjunath Desai,4,8
26540,Shivakumar Kulkarni,Suresh Bhat,4,7
26676,Manjunath Nayak,Yashwanth Desai,4,5
26688,Pooja Rao,Suresh Bhat,4,7
26694,Imran Naik,Kiran Naik,4,0
26712,Chetan Prasad,Deepak Kumar,4,6
26886,Lakshmi Bhat,Nagaraj Shetty,4,0
26937,Anitha Gowda,Suresh Desai,4,0
26956,Joseph Prasad,Rekha Murthy,4,7
26988,Lakshmi Hegde,Rekha Kumar,4,1
27031,Anitha Nayak,Joseph Patil,4,3
27037,Mary Reddy,Yashwanth Bhat,4,5
27172,Prakash Rao,Yashwanth Nayak,4,0
27201,Lakshmi Kumar,Pooja Kumar,4,4
27213,Anitha Nayak,Rekha Reddy,4,0
27233,Anitha Reddy,Imran Prasad,4,0
27234,Ashwini Reddy,Imran Reddy,4,0
27335,Anitha Prasad,Shivakumar Murthy,4,0
27438,Bhavana Rao,Joseph Kumar,4,2
27465,Shivakumar Patil,Yashwanth Shetty,4,0
27468,Lakshmi Reddy,Shivakumar Shetty,4,8
27486,Chetan Kumar,Lakshmi Murthy,4,0
27499,Imran Desai,Mary Murthy,4,8
27638,Chetan Iyengar,Suresh Kumar,4,0
27738,Manjunath Rao,Rekha Gowda,4,0
27743,Imran Desai,Kiran Iyengar,4,8
27854,Basavaraj Naik,Shivakumar Desai,4,4
27863,Fatima Murthy,Vinutha Nayak,4,0
27870,Bhavana Shetty,Chetan Rao,4,0
27898,Anitha Nayak,Deepak Rao,4,7
27973,Deepak Kumar,Ravi Rao,4,0
28011,Suresh Desai,Vinutha Bhat,4,0
28016,Pooja Hegde,Shivakumar Bhat,4,0
28026,Bhavana Rao,Yashwanth Prasad,4,0
28067,Girish Gowda,Suresh Shetty,4,6
28068,Rekha Kumar,Suresh Shetty,4,0
28089,Ashwini Reddy,Bhavana Murthy,4,0
28150,Mary Bhat,Yashwanth Patil,4,0
28229,Basavaraj Bhat,Imran Reddy,4,2
28363,Manjunath Reddy,Vinutha Bhat,4,0
28472,Bhavana Murthy,Ravi Bhat,4,0
28476,Manjunath Prasad,Vinutha Iyengar,4,0
28482,Nagaraj Bhat,Suresh Hegde,4,3
28535,Ravi Murthy,Shivakumar Prasad,4,0
28564,Bhavana Kulkarni,Manjunath Gowda,4,0
28643,Joseph Gowda,Manjunath Murthy,4,0
28822,Kiran Kumar,Prakash Bhat,4,0
29132,Kiran Patil,Lakshmi Kumar,4,4
29165,Girish Bhat,Prakash Naik,4,6
29263,Deepak Patil,Fatima Shetty,4,2
29326,Deepak Hegde,Kiran Kumar,4,0
29384,Anitha Nayak,Yashwanth Kumar,4,0
29663,Ashwini Desai,Deepak Bhat,4,0
29763,Girish Desai,Manjunath Patil,4,0
29765,Mary Naik,Suresh Bhat,4,7
29785,Pooja Prasad,Rekha Desai,4,0
30167,Shivakumar Kulkarni,Suresh Desai,4,0
30294,Basavaraj Iyengar,Kiran Patil,4,3
30297,Ashwini Naik,Prakash Kulkarni,4,5
30522,Bhavana Naik,Fatima Kulkarni,4,3
30528,Manjunath Patil,Pooja Murthy,4,0
30568,Ravi Kulkarni,Shivakumar Kumar,4,0
30633,Nagaraj Kulkarni,Vinutha Kumar,4,4
30956,Nagaraj Rao,Suresh Shetty,4,0
31157,Girish Reddy,Suresh Naik,4,0
31263,Bhavana Reddy,Shivakumar Gowda,4,3
31327,Anitha Prasad,Ashwini Gowda,4,0
31437,Kiran Kumar,Shivakumar Iyengar,4,0
31526,Deepak Kumar,Manjunath Desai,4,8
31542,Ravi Prasad,Shivakumar Patil,4,0
31605,Girish Prasad,Prakash Patil,4,0
31688,Joseph Nayak,Lakshmi Prasad,4,0
32137,Deepak Kumar,Pooja Rao,4,7
32331,Manjunath Patil,Ravi Gowda,4,3
32459,Kiran Iyengar,Mary Kulkarni,4,0
32606,Manjunath Kumar,Prakash Naik,4,3
32640,Fatima Rao,Joseph Kulkarni,4,0
32709,Manjunath Nayak,Shivakumar Patil,4,5
32772,Ashwini Shetty,Lakshmi Nayak,4,1
32777,Shivakumar Naik,Vinutha Kulkarni,4,5
32961,Chetan Prasad,Pooja Shetty,4,6
33299,Bhavana Rao,Mary Desai,4,0
33575,Basavaraj Bhat,Fatima Kulkarni,4,2
33842,Bhavana Rao,Fatima Reddy,4,0
33984,Anitha Murthy,Manjunath Hegde,4,0
34323,Mary Reddy,Ravi Murthy,4,5
34447,Anitha Desai,Ashwini Hegde,4,0
35208,Chetan Prasad,Nagaraj Reddy,4,6
35788,Rekha Nayak,Shivakumar Shetty,4,8
35988,Bhavana Shetty,Pooja Iyengar,4,5
36780,Mary Desai,Ravi Gowda,4,3
3,Bhavana Gowda,Nagaraj Bhat,3,1
4,Manjunath Bhat,Nagaraj Bhat,3,3
11,Lakshmi Reddy,Yashwanth Iyengar,3,8
12,Chetan Shetty,Imran Shetty,3,0
21,Prakash Kulkarni,Prakash Patil,3,7
24,Girish Nayak,Rekha Reddy,3,0
26,Girish Nayak,Joseph Kulkarni,3,0
29,Fatima Desai,Rekha Gowda,3,0
34,Joseph Reddy,Prakash Bhat,3,2
42,Bhavana Gowda,Nagaraj Nayak,3,1
46,Lakshmi Prasad,Shivakumar Shetty,3,8
48,Joseph Shetty,Ravi Prasad,3,4
51,Prakash Shetty,Ravi Prasad,3,0
53,Ashwini Bhat,Prakash Shetty,3,0
67,Bhavana Hegde,Chetan Patil,3,4
77,Mary Hegde,Yashwanth Reddy,3,5
78,Chetan Shetty,Vinutha Gowda,3,0
79,Deepak Naik,Rekha Murthy,3,7
82,Basavaraj Iyengar,Lakshmi Bhat,3,3
83,Bhavana Gowda,Lakshmi Bhat,3,1
85,Ravi Shetty,Vinutha Nayak,3,0
86,Vinutha Nayak,Yashwanth Nayak,3,0
88,Prakash Gowda,Yashwanth Kumar,3,0
91,Fatima Reddy,Suresh Patil,3,0
100,Anitha Rao,Suresh Gowda,3,4
106,Anitha Kumar,Lakshmi Rao,3,7
107,Anitha Kumar,Vinutha Prasad,3,0
110,Bhavana Shetty,Lakshmi Rao,3,7
111,Bhavana Shetty,Vinutha Prasad,3,0
119,Deepak Prasad,Mary Reddy,3,5
123,Lakshmi Iyengar,Pooja Hegde,3,0
125,Lakshmi Murthy,Shivakumar Murthy,3,0
126,Anitha Nayak,Lakshmi Murthy,3,0
128,Anitha Nayak,Shivakumar Murthy,3,0
130,Anitha Nayak,Shivakumar Rao,3,0
133,Bhavana Prasad,Joseph Nayak,3,3
136,Girish Nayak,Suresh Patil,3,0
137,Girish Nayak,Shivakumar Shetty,3,8
138,Kiran Iyengar,Suresh Patil,3,0
144,Deepak Hegde,Ravi Gowda,3,3
145,Imran Bhat,Yashwanth Patil,3,0
149,Basavaraj Iyengar,Kiran Murthy,3,3
158,Bhavana Murthy,Manjunath Shetty,3,4
159,Fatima Desai,Joseph Shetty,3,4
168,Pooja Patil,Yashwanth Rao,3,0
170,Nagaraj Desai,Pooja Patil,3,0
174,Bhavana Nayak,Nagaraj Gowda,3,2
192,Chetan Reddy,Nagaraj Gowda,3,1
195,Chetan Nayak,Girish Rao,3,0
205,Ashwini Desai,Imran Murthy,3,0
212,Imran Murthy,Ravi Reddy,3,1
226,Nagaraj Rao,Shivakumar Kumar,3,0
234,Deepak Rao,Lakshmi Iyengar,3,7
235,Bhavana Murthy,Deepak Rao,3,7
236,Ashwini Naik,Fatima Gowda,3,5
238,Ashwini Naik,Manjunath Reddy,3,5
246,Lakshmi Kumar,Nagaraj Reddy,3,4
248,Fatima Reddy,Manjunath Gowda,3,0
253,Manjunath Reddy,Shivakumar Hegde,3,1
255,Imran Kumar,Shivakumar Hegde,3,1
258,Kiran Hegde,Mary Shetty,3,3
261,Chetan Iyengar,Girish Murthy,3,0
265,Nagaraj Kulkarni,Yashwanth Hegde,3,4
267,Nagaraj Patil,Shivakumar Kulkarni,3,2
270,Vinutha Gowda,Vinutha Naik,3,0
279,Kiran Kulkarni,Yashwanth Kumar,3,5
280,Imran Desai,Kiran Kulkarni,3,8
281,Imran Desai,Yashwanth Kumar,3,8
289,Chetan Iyengar,Girish Hegde,3,4
292,Deepak Murthy,Mary Nayak,3,0
298,Basavaraj Hegde,Mary Reddy,3,5
302,Mary Kumar,Yashwanth Reddy,3,5
304,Girish Bhat,Mary Kumar,3,6
308,Nagaraj Kulkarni,Yashwanth Reddy,3,4
309,Girish Bhat,Yashwanth Reddy,3,6
315,Manjunath Kumar,Shivakumar Hegde,3,3
316,Mary Rao,Ravi Kulkarni,3,0
331,Girish Patil,Nagaraj Bhat,3,3
339,Bhavana Nayak,Nagaraj Prasad,3,2
346,Mary Shetty,Shivakumar Nayak,3,0
352,Rekha Reddy,Vinutha Hegde,3,0
359,Basavaraj Patil,Basavaraj Reddy,3,2
364,Chetan Hegde,Yashwanth Iyengar,3,7
368,Shivakumar Hegde,Vinutha Desai,3,1
379,Chetan Rao,Pooja Patil,3,0
380,Chetan Rao,Lakshmi Prasad,3,0
381,Chetan Prasad,Shivakumar Hegde,3,6
384,Deepak Rao,Pooja Iyengar,3,7
387,Prakash Patil,Vinutha Shetty,3,0
388,Ashwini Kulkarni,Basavaraj Hegde,3,0
389,Basavaraj Hegde,Chetan Prasad,3,6
392,Joseph Prasad,Ravi Prasad,3,0
394,Mary Desai,Mary Nayak,3,0
403,Ravi Prasad,Shivakumar Shetty,3,8
416,Basavaraj Naik,Nagaraj Rao,3,0
417,Basavaraj Naik,Ravi Murthy,3,0
423,Chetan Bhat,Chetan Rao,3,0
425,Chetan Bhat,Suresh Murthy,3,0
429,Bhavana Rao,Suresh Bhat,3,7
433,Basavaraj Patil,Ravi Patil,3,2
436,Lakshmi Nayak,Prakash Hegde,3,1
443,Ashwini Reddy,Nagaraj Patil,3,2
459,Joseph Murthy,Mary Reddy,3,5
464,Prakash Prasad,Ravi Iyengar,3,0
466,Mary Kulkarni,Vinutha Bhat,3,0
468,Bhavana Rao,Yashwanth Kulkarni,3,0
475,Bhavana Reddy,Vinutha Kulkarni,3,0
483,Ashwini Naik,Manjunath Kulkarni,3,5
486,Bhavana Naik,Ravi Desai,3,3
490,Manjunath Kulkarni,Nagaraj Patil,3,2
491,Bhavana Iyengar,Ravi Desai,3,0
493,Manjunath Kulkarni,Ravi Desai,3,0
496,Lakshmi Kulkarni,Manjunath Gowda,3,0
500,Bhavana Gowda,Shivakumar Nayak,3,1
501,Bhavana Nayak,Nagaraj Kumar,3,2
505,Nagaraj Prasad,Nagaraj Shetty,3,0
516,Anitha Naik,Fatima Nayak,3,0
519,Basavaraj Rao,Girish Shetty,3,0
520,Basavaraj Rao,Imran Desai,3,8
523,Deepak Kumar,Pooja Iyengar,3,5
524,Deepak Kumar,Pooja Desai,3,0
525,Imran Patil,Suresh Gowda,3,0
526,Bhavana Desai,Kiran Hegde,3,5
527,Kiran Desai,Prakash Murthy,3,0
545,Fatima Shetty,Prakash Murthy,3,7
556,Bhavana Murthy,Pooja Prasad,3,0
557,Pooja Prasad,Shivakumar Nayak,3,0
561,Nagaraj Iyengar,Rekha Bhat,3,0
562,Bhavana Reddy,Prakash Hegde,3,0
568,Bhavana Prasad,Bhavana Rao,3,3
573,Prakash Prasad,Shivakumar Patil,3,0
579,Joseph Gowda,Rekha Rao,3,0
588,Mary Rao,Vinutha Prasad,3,0
594,Manjunath Iyengar,Prakash Kumar,3,0
595,Basavaraj Reddy,Fatima Gowda,3,1
596,Fatima Kulkarni,Imran Prasad,3,3
600,Deepak Desai,Fatima Kulkarni,3,3
602,Anitha Kulkarni,Ravi Nayak,3,1
607,Joseph Prasad,Suresh Prasad,3,0
610,Deepak Rao,Ravi Hegde,3,7
619,Girish Bhat,Manjunath Nayak,3,6
626,Pooja Iyengar,Vinutha Reddy,3,5
636,Deepak Iyengar,Deepak Reddy,3,3
637,Deepak Iyengar,Vinutha Iyengar,3,3
645,Rekha Iyengar,Yashwanth Gowda,3,4
648,Nagaraj Bhat,Vinutha Gowda,3,3
653,Anitha Kumar,Nagaraj Hegde,3,0
657,Anitha Kumar,Suresh Naik,3,0
675,Anitha Nayak,Kiran Naik,3,0
682,Ashwini Murthy,Yashwanth Rao,3,0
696,Basavaraj Gowda,Kiran Kumar,3,0
698,Kiran Kumar,Manjunath Nayak,3,5
701,Basavaraj Gowda,Manjunath Nayak,3,5
703,Manjunath Nayak,Ravi Gowda,3,5
710,Joseph Nayak,Manjunath Kulkarni,3,0
714,Joseph Iyengar,Manjunath Gowda,3,6
716,Bhavana Reddy,Nagaraj Iyengar,3,0
719,Fatima Murthy,Manjunath Naik,3,0
720,Fatima Murthy,Yashwanth Hegde,3,0
724,Bhavana Nayak,Imran Gowda,3,2
726,Basavaraj Kumar,Joseph Murthy,3,0
729,Fatima Reddy,Vinutha Reddy,3,0
730,Basavaraj Bhat,Pooja Kumar,3,2
733,Anitha Rao,Prakash Patil,3,4
745,Lakshmi Kulkarni,Yashwanth Kulkarni,3,0
748,Basavaraj Patil,Kiran Rao,3,2
750,Girish Murthy,Vinutha Patil,3,2
752,Joseph Hegde,Prakash Gowda,3,7
757,Lakshmi Naik,Manjunath Nayak,3,5
768,Lakshmi Rao,Shivakumar Naik,3,7
769,Ashwini Patil,Shivakumar Naik,3,5
773,Imran Gowda,Shivakumar Desai,3,4
782,Nagaraj Prasad,Suresh Patil,3,0
786,Manjunath Iyengar,Suresh Patil,3,0
788,Ashwini Naik,Prakash Hegde,3,5
795,Pooja Patil,Ravi Shetty,3,0
796,Imran Iyengar,Ravi Shetty,3,0
802,Anitha Bhat,Fatima Kumar,3,7
806,Anitha Naik,Basavaraj Patil,3,2
809,Imran Reddy,Yashwanth Reddy,3,5
811,Kiran Shetty,Rekha Patil,3,0
815,Chetan Reddy,Pooja Naik,3,1
834,Girish Patil,Manjunath Shetty,3,4
835,Manjunath Shetty,Suresh Hegde,3,4
837,Pooja Desai,Ravi Hegde,3,0
845,Vinutha Shetty,Yashwanth Nayak,3,0
853,Basavaraj Kumar,Lakshmi Gowda,3,0
861,Joseph Kumar,Kiran Iyengar,3,2
867,Basavaraj Bhat,Kiran Patil,3,2
869,Basavaraj Bhat,Shivakumar Nayak,3,2
873,Manjunath Iyengar,Yashwanth Rao,3,0
876,Deepak Rao,Yashwanth Rao,3,7
878,Lakshmi Desai,Manjunath Iyengar,3,0
879,Deepak Rao,Manjunath Iyengar,3,7
881,Bhavana Reddy,Deepak Rao,3,7
882,Deepak Rao,Lakshmi Desai,3,7
896,Imran Rao,Nagaraj Gowda,3,8
897,Nagaraj Kumar,Rekha Kulkarni,3,0
900,Manjunath Reddy,Nagaraj Kumar,3,0
902,Manjunath Reddy,Pooja Prasad,3,0
903,Pooja Kumar,Rekha Hegde,3,8
915,Imran Kumar,Vinutha Patil,3,2
918,Deepak Prasad,Girish Nayak,3,0
921,Bhavana Nayak,Manjunath Prasad,3,2
931,Girish Bhat,Imran Gowda,3,6
932,Kiran Bhat,Nagaraj Prasad,3,0
934,Anitha Hegde,Nagaraj Prasad,3,0
939,Anitha Hegde,Deepak Hegde,3,0
941,Anitha Gowda,Anitha Hegde,3,0
943,Chetan Prasad,Rekha Patil,3,6
944,Chetan Prasad,Vinutha Gowda,3,6
955,Nagaraj Kumar,Nagaraj Prasad,3,0
961,Prakash Naik,Vinutha Gowda,3,2
966,Deepak Iyengar,Vinutha Shetty,3,3
968,Pooja Rao,Yashwanth Hegde,3,7
969,Imran Murthy,Pooja Rao,3,7
979,Ashwini Murthy,Joseph Patil,3,3
983,Basavaraj Reddy,Prakash Iyengar,3,5
995,Girish Rao,Suresh Desai,3,0
1001,Manjunath Patil,Prakash Hegde,3,0
1006,Rekha Hegde,Vinutha Hegde,3,0
1010,Nagaraj Iyengar,Ravi Shetty,3,0
1023,Chetan Murthy,Rekha Naik,3,0
1024,Chetan Murthy,Prakash Naik,3,2
1040,Manjunath Shetty,Mary Gowda,3,4
1041,Basavaraj Naik,Manjunath Shetty,3,4
1045,Bhavana Nayak,Prakash Patil,3,2
1051,Basavaraj Bhat,Joseph Nayak,3,2
1055,Basavaraj Gowda,Manjunath Murthy,3,0
1059,Deepak Hegde,Pooja Kumar,3,8
1061,Deepak Hegde,Nagaraj Murthy,3,0
1075,Deepak Reddy,Girish Naik,3,0
1082,Lakshmi Iyengar,Ravi Naik,3,7
1084,Lakshmi Iyengar,Pooja Murthy,3,0
1089,Chetan Murthy,Manjunath Reddy,3,0
1105,Joseph Gowda,Lakshmi Bhat,3,0
1106,Lakshmi Bhat,Mary Naik,3,7
1108,Deepak Rao,Vinutha Gowda,3,7
1111,Bhavana Gowda,Pooja Desai,3,1
1118,Suresh Bhat,Suresh Hegde,3,7
1119,Deepak Gowda,Suresh Hegde,3,0
1125,Prakash Naik,Yashwanth Kumar,3,2
1131,Chetan Bhat,Vinutha Prasad,3,0
1134,Chetan Prasad,Lakshmi Kulkarni,3,6
1145,Imran Nayak,Suresh Patil,3,0
1149,Pooja Nayak,Ravi Naik,3,7
1154,Anitha Reddy,Fatima Prasad,3,0
1167,Anitha Kumar,Lakshmi Hegde,3,1
1169,Suresh Bhat,Suresh Murthy,3,7
1176,Chetan Kulkarni,Joseph Kulkarni,3,0
1180,Imran Hegde,Shivakumar Kumar,3,0
1182,Manjunath Murthy,Shivakumar Kumar,3,0
1183,Manjunath Murthy,Mary Hegde,3,5
1184,Imran Murthy,Suresh Desai,3,0
1194,Ravi Naik,Yashwanth Naik,3,7
1198,Chetan Kulkarni,Vinutha Kumar,3,0
1200,Joseph Iyengar,Ravi Shetty,3,6
1203,Lakshmi Nayak,Shivakumar Prasad,3,1
1210,Chetan Gowda,Vinutha Kumar,3,0
1214,Manjunath Gowda,Ravi Nayak,3,1
1215,Anitha Patil,Bhavana Gowda,3,1
1216,Anitha Reddy,Vinutha Bhat,3,0
1225,Lakshmi Kumar,Mary Patil,3,4
1227,Manjunath Prasad,Nagaraj Patil,3,2
1230,Imran Murthy,Prakash Prasad,3,0
1232,Anitha Iyengar,Deepak Shetty,3,0
1239,Ashwini Kumar,Lakshmi Gowda,3,0
1249,Fatima Shetty,Vinutha Murthy,3,7
1258,Chetan Hegde,Girish Iyengar,3,0
1259,Anitha Reddy,Basavaraj Bhat,3,2
1261,Anitha Reddy,Kiran Shetty,3,0
1266,Joseph Bhat,Kiran Iyengar,3,0
1279,Shivakumar Shetty,Yashwanth Kulkarni,3,8
1281,Lakshmi Kulkarni,Manjunath Bhat,3,0
1285,Kiran Shetty,Shivakumar Patil,3,0
1286,Anitha Iyengar,Lakshmi Desai,3,0
1288,Basavaraj Desai,Deepak Prasad,3,0
1296,Ravi Shetty,Vinutha Patil,3,2
1299,Chetan Bhat,Vinutha Patil,3,2
1314,Fatima Kulkarni,Manjunath Reddy,3,3
1315,Fatima Hegde,Pooja Desai,3,0
1326,Bhavana Gowda,Prakash Rao,3,1
1334,Ashwini Reddy,Vinutha Prasad,3,0
1338,Bhavana Rao,Shivakumar Iyengar,3,0
1344,Ashwini Desai,Prakash Shetty,3,0
1352,Shivakumar Rao,Suresh Nayak,3,0
1367,Kiran Murthy,Manjunath Kulkarni,3,8
1373,Ashwini Shetty,Kiran Kumar,3,0
1382,Fatima Shetty,Girish Kulkarni,3,7
1391,Prakash Bhat,Yashwanth Gowda,3,0
1396,Rekha Murthy,Shivakumar Nayak,3,7
1400,Joseph Nayak,Shivakumar Bhat,3,0
1401,Bhavana Nayak,Chetan Kulkarni,3,2
1412,Fatima Hegde,Ravi Shetty,3,0
1413,Chetan Naik,Mary Bhat,3,0
1414,Manjunath Kumar,Mary Bhat,3,3
1425,Chetan Nayak,Girish Patil,3,0
1441,Mary Desai,Prakash Kulkarni,3,7
1444,Manjunath Naik,Pooja Hegde,3,0
1450,Fatima Kumar,Girish Gowda,3,6
1453,Basavaraj Bhat,Pooja Naik,3,2
1458,Mary Shetty,Shivakumar Desai,3,4
1459,Anitha Gowda,Mary Shetty,3,0
1474,Chetan Prasad,Mary Rao,3,6
1479,Bhavana Naik,Prakash Reddy,3,3
1481,Bhavana Naik,Ravi Prasad,3,3
1482,Basavaraj Rao,Imran Murthy,3,0
1486,Joseph Kulkarni,Yashwanth Desai,3,0
1490,Bhavana Rao,Pooja Kumar,3,8
1492,Lakshmi Iyengar,Mary Kulkarni,3,0
1494,Girish Shetty,Mary Kulkarni,3,0
1497,Girish Shetty,Prakash Patil,3,0
1498,Deepak Hegde,Yashwanth Murthy,3,6
1503,Chetan Kulkarni,Mary Desai,3,0
1508,Lakshmi Kulkarni,Ravi Reddy,3,1
1516,Deepak Rao,Pooja Naik,3,7
1518,Chetan Kulkarni,Pooja Naik,3,0
1526,Pooja Patil,Shivakumar Gowda,3,3
1527,Pooja Patil,Shivakumar Prasad,3,0
1538,Nagaraj Gowda,Vinutha Shetty,3,0
1542,Ashwini Shetty,Suresh Shetty,3,0
1552,Anitha Murthy,Yashwanth Prasad,3,0
1562,Basavaraj Murthy,Pooja Desai,3,0
1572,Suresh Rao,Suresh Reddy,3,0
1573,Fatima Murthy,Pooja Murthy,3,0
1575,Joseph Patil,Vinutha Rao,3,3
1579,Ashwini Iyengar,Bhavana Nayak,3,4
1583,Anitha Kulkarni,Bhavana Rao,3,0
1587,Ashwini Desai,Basavaraj Naik,3,0
1595,Manjunath Desai,Mary Prasad,3,8
1597,Anitha Gowda,Yashwanth Kulkarni,3,0
1601,Imran Desai,Shivakumar Iyengar,3,8
1614,Joseph Shetty,Yashwanth Desai,3,4
1621,Bhavana Nayak,Pooja Rao,3,2
1624,Fatima Kulkarni,Ravi Desai,3,3
1628,Ashwini Bhat,Mary Bhat,3,0
1630,Pooja Desai,Pooja Rao,3,7
1638,Anitha Kulkarni,Joseph Nayak,3,0
1643,Deepak Rao,Kiran Iyengar,3,7
1644,Deepak Rao,Vinutha Bhat,3,7
1645,Kiran Iyengar,Vinutha Bhat,3,0
1647,Joseph Iyengar,Pooja Kumar,3,6
1656,Mary Nayak,Ravi Hegde,3,0
1660,Ashwini Kulkarni,Mary Kumar,3,0
1666,Ashwini Shetty,Joseph Patil,3,3
1670,Basavaraj Hegde,Deepak Patil,3,2
1679,Deepak Patil,Vinutha Hegde,3,2
1703,Bhavana Kulkarni,Manjunath Naik,3,0
1706,Joseph Prasad,Manjunath Naik,3,0
1707,Chetan Murthy,Suresh Bhat,3,7
1709,Ashwini Reddy,Chetan Murthy,3,0
1710,Manjunath Shetty,Nagaraj Patil,3,4
1713,Mary Hegde,Yashwanth Bhat,3,5
1715,Fatima Shetty,Yashwanth Bhat,3,7
1718,Fatima Shetty,Mary Desai,3,7
1719,Lakshmi Bhat,Pooja Desai,3,0
1726,Bhavana Hegde,Shivakumar Kumar,3,0
1740,Basavaraj Patil,Joseph Kulkarni,3,2
1743,Manjunath Rao,Pooja Nayak,3,0
1747,Girish Naik,Pooja Shetty,3,6
1751,Manjunath Desai,Vinutha Hegde,3,8
1764,Lakshmi Iyengar,Yashwanth Gowda,3,0
1766,Imran Shetty,Ravi Kulkarni,3,0
1769,Imran Shetty,Mary Murthy,3,8
1773,Imran Shetty,Nagaraj Murthy,3,0
1777,Prakash Patil,Shivakumar Iyengar,3,0
1781,Pooja Shetty,Vinutha Kumar,3,6
1785,Ashwini Iyengar,Ashwini Prasad,3,4
1788,Rekha Reddy,Shivakumar Hegde,3,1
1796,Anitha Nayak,Chetan Patil,3,4
1798,Anitha Nayak,Rekha Nayak,3,8
1802,Basavaraj Shetty,Chetan Shetty,3,0
1807,Kiran Naik,Nagaraj Patil,3,2
1814,Anitha Murthy,Nagaraj Kulkarni,3,4
1818,Pooja Desai,Pooja Naik,3,0
1821,Lakshmi Shetty,Mary Hegde,3,5
1834,Prakash Kulkarni,Shivakumar Nayak,3,7
1840,Imran Bhat,Ravi Gowda,3,3
1843,Bhavana Patil,Ravi Gowda,3,3
1846,Bhavana Patil,Imran Bhat,3,0
1848,Bhavana Patil,Ravi Desai,3,0
1849,Bhavana Patil,Fatima Hegde,3,0
1854,Anitha Shetty,Prakash Patil,3,0
1855,Ashwini Iyengar,Prakash Patil,3,4
1856,Joseph Kulkarni,Yashwanth Iyengar,3,7
1859,Fatima Murthy,Yashwanth Shetty,3,0
1861,Deepak Patil,Yashwanth Shetty,3,2
1866,Chetan Naik,Imran Bhat,3,0
1873,Fatima Iyengar,Girish Kumar,3,1
1874,Fatima Iyengar,Imran Iyengar,3,1
1876,Basavaraj Nayak,Shivakumar Kumar,3,0
1889,Manjunath Desai,Ravi Shetty,3,8
1892,Prakash Shetty,Ravi Hegde,3,0
1893,Lakshmi Iyengar,Prakash Shetty,3,0
1897,Ravi Hegde,Ravi Patil,3,0
1900,Lakshmi Naik,Mary Rao,3,0
1904,Lakshmi Naik,Yashwanth Kulkarni,3,0
1907,Imran Bhat,Yashwanth Kulkarni,3,0
1911,Deepak Kulkarni,Nagaraj Desai,3,0
1916,Girish Patil,Joseph Patil,3,3
1925,Anitha Reddy,Imran Gowda,3,0
1926,Anitha Reddy,Joseph Hegde,3,7
1928,Nagaraj Kumar,Shivakumar Murthy,3,0
1929,Lakshmi Iyengar,Shivakumar Murthy,3,0
1931,Bhavana Gowda,Manjunath Murthy,3,1
1936,Bhavana Naik,Imran Naik,3,3
1942,Kiran Bhat,Ravi Nayak,3,1
1944,Chetan Kulkarni,Deepak Murthy,3,0
1950,Deepak Gowda,Ravi Patil,3,0
1952,Chetan Naik,Ravi Patil,3,0
1953,Basavaraj Bhat,Ravi Patil,3,2
1956,Imran Desai,Prakash Kulkarni,3,8
1958,Bhavana Gowda,Yashwanth Shetty,3,1
1981,Pooja Prasad,Vinutha Kulkarni,3,0
1991,Joseph Murthy,Suresh Nayak,3,0
1992,Prakash Shetty,Suresh Naik,3,0
1998,Kiran Bhat,Vinutha Kulkarni,3,0
2000,Lakshmi Prasad,Mary Desai,3,0
2007,Prakash Kumar,Shivakumar Patil,3,0
2019,Fatima Murthy,Shivakumar Naik,3,5
2024,Ashwini Nayak,Suresh Nayak,3,0
2028,Basavaraj Murthy,Prakash Hegde,3,0
2031,Bhavana Kumar,Suresh Murthy,3,0
2034,Mary Reddy,Suresh Patil,3,5
2035,Mary Reddy,Nagaraj Kulkarni,3,5
2038,Girish Nayak,Pooja Hegde,3,0
2041,Anitha Desai,Rekha Bhat,3,0
2048,Bhavana Iyengar,Manjunath Prasad,3,0
2057,Imran Murthy,Ravi Patil,3,0
2061,Lakshmi Patil,Vinutha Kumar,3,0
2064,Manjunath Gowda,Vinutha Kumar,3,0
2068,Ashwini Murthy,Manjunath Gowda,3,0
2081,Girish Reddy,Yashwanth Iyengar,3,7
2086,Chetan Hegde,Prakash Patil,3,0
2092,Bhavana Shetty,Joseph Kulkarni,3,0
2094,Ashwini Kulkarni,Joseph Patil,3,3
2096,Nagaraj Kulkarni,Yashwanth Shetty,3,4
2098,Nagaraj Kulkarni,Ravi Prasad,3,4
2107,Mary Bhat,Shivakumar Murthy,3,0
2108,Fatima Bhat,Shivakumar Murthy,3,0
2110,Ashwini Reddy,Basavaraj Bhat,3,2
2112,Basavaraj Bhat,Ravi Naik,3,2
2120,Fatima Iyengar,Girish Rao,3,1
2125,Basavaraj Gowda,Yashwanth Rao,3,0
2127,Chetan Prasad,Manjunath Patil,3,6
2129,Chetan Kumar,Chetan Prasad,3,6
2134,Kiran Iyengar,Ravi Kumar,3,0
2138,Ravi Kumar,Shivakumar Shetty,3,8
2142,Kiran Kulkarni,Shivakumar Shetty,3,5
2144,Joseph Murthy,Nagaraj Gowda,3,0
2156,Basavaraj Naik,Deepak Reddy,3,0
2165,Rekha Reddy,Yashwanth Iyengar,3,7
2174,Bhavana Rao,Kiran Kumar,3,0
2181,Imran Patil,Shivakumar Shetty,3,8
2184,Deepak Bhat,Prakash Kumar,3,0
2187,Manjunath Kumar,Mary Iyengar,3,3
2188,Mary Iyengar,Yashwanth Hegde,3,0
2193,Deepak Gowda,Mary Kulkarni,3,0
2195,Deepak Gowda,Deepak Patil,3,2
2201,Anitha Patil,Basavaraj Prasad,3,0
2203,Basavaraj Prasad,Vinutha Reddy,3,0
2207,Rekha Kumar,Rekha Shetty,3,3
2212,Girish Murthy,Mary Bhat,3,0
2218,Bhavana Kumar,Lakshmi Kulkarni,3,0
2219,Lakshmi Kulkarni,Shivakumar Naik,3,5
2237,Bhavana Iyengar,Bhavana Nayak,3,2
2242,Bhavana Desai,Manjunath Gowda,3,5
2245,Bhavana Desai,Yashwanth Nayak,3,5
2250,Ravi Hegde,Ravi Prasad,3,0
2251,Bhavana Nayak,Ravi Prasad,3,2
2263,Prakash Murthy,Ravi Bhat,3,0
2278,Mary Iyengar,Ravi Reddy,3,1
2279,Joseph Kumar,Manjunath Nayak,3,2
2287,Lakshmi Rao,Yashwanth Prasad,3,7
2288,Yashwanth Hegde,Yashwanth Shetty,3,0
2290,Joseph Murthy,Yashwanth Shetty,3,0
2302,Fatima Reddy,Suresh Nayak,3,0
2308,Prakash Iyengar,Vinutha Prasad,3,5
2312,Ashwini Patil,Chetan Kulkarni,3,0
2316,Imran Kumar,Yashwanth Rao,3,0
2324,Anitha Patil,Fatima Gowda,3,1
2325,Fatima Gowda,Mary Reddy,3,1
2327,Kiran Murthy,Suresh Gowda,3,8
2332,Anitha Reddy,Mary Nayak,3,0
2337,Basavaraj Rao,Mary Nayak,3,0
2338,Mary Nayak,Suresh Desai,3,0
2342,Girish Iyengar,Rekha Murthy,3,7
2351,Manjunath Gowda,Nagaraj Kumar,3,0
2355,Girish Reddy,Nagaraj Kumar,3,0
2358,Imran Nayak,Manjunath Kumar,3,3
2360,Manjunath Bhat,Prakash Patil,3,0
2361,Anitha Iyengar,Mary Rao,3,0
2367,Anitha Murthy,Joseph Prasad,3,0
2377,Bhavana Nayak,Lakshmi Reddy,3,2
2384,Deepak Nayak,Ravi Desai,3,0
2386,Chetan Rao,Vinutha Desai,3,0
2392,Joseph Gowda,Nagaraj Rao,3,0
2396,Girish Shetty,Imran Reddy,3,0
2402,Kiran Prasad,Ravi Murthy,3,0
2408,Manjunath Desai,Suresh Patil,3,8
2413,Shivakumar Reddy,Yashwanth Kumar,3,0
2415,Suresh Rao,Yashwanth Kumar,3,0
2419,Shivakumar Prasad,Suresh Bhat,3,7
2420,Anitha Nayak,Mary Rao,3,0
2422,Manjunath Prasad,Mary Rao,3,0
2439,Joseph Iyengar,Vinutha Naik,3,6
2445,Anitha Prasad,Suresh Bhat,3,7
2448,Manjunath Nayak,Nagaraj Rao,3,5
2453,Basavaraj Murthy,Lakshmi Naik,3,0
2454,Manjunath Iyengar,Prakash Rao,3,0
2456,Chetan Hegde,Yashwanth Hegde,3,0
2461,Ashwini Iyengar,Deepak Nayak,3,4
2467,Deepak Kulkarni,Vinutha Desai,3,0
2468,Anitha Nayak,Deepak Kulkarni,3,0
2477,Fatima Nayak,Pooja Iyengar,3,5
2484,Fatima Rao,Girish Rao,3,0
2486,Rekha Bhat,Shivakumar Kumar,3,0
2489,Imran Desai,Suresh Bhat,3,8
2490,Imran Desai,Pooja Iyengar,3,8
2496,Kiran Patil,Yashwanth Nayak,3,0
2501,Ashwini Desai,Fatima Kulkarni,3,3
2503,Chetan Reddy,Fatima Kulkarni,3,1
2504,Lakshmi Kulkarni,Lakshmi Murthy,3,0
2505,Ashwini Shetty,Lakshmi Murthy,3,0
2511,Basavaraj Naik,Kiran Desai,3,0
2516,Prakash Kulkarni,Rekha Desai,3,7
2518,Deepak Rao,Manjunath Patil,3,7
2519,Manjunath Patil,Shivakumar Shetty,3,8
2520,Ravi Iyengar,Rekha Shetty,3,3
2524,Joseph Kumar,Manjunath Iyengar,3,2
2526,Anitha Iyengar,Yashwanth Kulkarni,3,0
2528,Anitha Iyengar,Ravi Desai,3,0
2530,Basavaraj Patil,Yashwanth Kulkarni,3,2
2549,Basavaraj Bhat,Prakash Hegde,3,2
2557,Anitha Murthy,Imran Shetty,3,0
2562,Pooja Naik,Suresh Patil,3,0
2574,Bhavana Murthy,Bhavana Nayak,3,2
2578,Mary Reddy,Pooja Rao,3,5
2579,Mary Reddy,Pooja Shetty,3,5
2580,Fatima Reddy,Nagaraj Bhat,3,3
2589,Deepak Murthy,Nagaraj Bhat,3,3
2592,Kiran Desai,Kiran Prasad,3,0
2602,Joseph Murthy,Suresh Hegde,3,0
2603,Anitha Prasad,Suresh Hegde,3,0
2609,Pooja Shetty,Suresh Prasad,3,6
2629,Lakshmi Reddy,Nagaraj Murthy,3,8
2651,Ravi Naik,Suresh Reddy,3,7
2657,Joseph Bhat,Vinutha Kumar,3,0
2673,Deepak Iyengar,Shivakumar Murthy,3,3
2677,Deepak Iyengar,Rekha Desai,3,3
2679,Lakshmi Kulkarni,Ravi Nayak,3,1
2682,Chetan Desai,Pooja Murthy,3,0
2683,Pooja Kumar,Pooja Murthy,3,8
2688,Imran Reddy,Lakshmi Hegde,3,1
2692,Deepak Gowda,Yashwanth Kumar,3,0
2697,Ashwini Desai,Manjunath Patil,3,0
2699,Joseph Kulkarni,Suresh Gowda,3,0
2718,Chetan Hegde,Mary Hegde,3,5
2724,Anitha Shetty,Chetan Reddy,3,1
2726,Pooja Desai,Rekha Murthy,3,7
2728,Ashwini Desai,Rekha Murthy,3,7
2732,Anitha Kulkarni,Rekha Bhat,3,0
2733,Chetan Kulkarni,Kiran Kumar,3,0
2741,Nagaraj Prasad,Suresh Reddy,3,0
2757,Yashwanth Gowda,Yashwanth Murthy,3,6
2759,Nagaraj Kulkarni,Vinutha Iyengar,3,4
2767,Mary Kulkarni,Shivakumar Desai,3,4
2775,Lakshmi Prasad,Prakash Reddy,3,0
2779,Shivakumar Nayak,Yashwanth Nayak,3,0
2780,Shivakumar Naik,Suresh Rao,3,5
2784,Chetan Shetty,Fatima Nayak,3,0
2787,Basavaraj Shetty,Yashwanth Bhat,3,3
2804,Prakash Patil,Shivakumar Desai,3,4
2805,Deepak Shetty,Ravi Gowda,3,3
2806,Ravi Gowda,Vinutha Reddy,3,3
2815,Shivakumar Kulkarni,Suresh Nayak,3,0
2818,Manjunath Nayak,Nagaraj Bhat,3,5
2819,Chetan Reddy,Rekha Gowda,3,1
2821,Basavaraj Hegde,Rekha Hegde,3,0
2830,Fatima Kumar,Mary Nayak,3,0
2831,Kiran Iyengar,Mary Nayak,3,0
2835,Nagaraj Murthy,Prakash Kulkarni,3,7
2841,Chetan Hegde,Shivakumar Murthy,3,0
2851,Pooja Desai,Vinutha Kumar,3,0
2853,Mary Gowda,Prakash Kulkarni,3,7
2856,Kiran Patil,Yashwanth Rao,3,0
2858,Kiran Patil,Rekha Shetty,3,3
2859,Rekha Patil,Suresh Bhat,3,7
2865,Bhavana Murthy,Joseph Nayak,3,0
2871,Girish Bhat,Yashwanth Prasad,3,6
2875,Manjunath Nayak,Prakash Shetty,3,5
2876,Imran Bhat,Shivakumar Shetty,3,8
2881,Pooja Patil,Yashwanth Iyengar,3,7
2891,Imran Murthy,Joseph Reddy,3,2
2893,Fatima Reddy,Nagaraj Rao,3,0
2898,Mary Kulkarni,Nagaraj Murthy,3,0
2905,Pooja Murthy,Prakash Reddy,3,0
2909,Shivakumar Shetty,Vinutha Kumar,3,8
2911,Prakash Reddy,Shivakumar Shetty,3,8
2918,Chetan Kumar,Suresh Patil,3,0
2923,Bhavana Nayak,Mary Nayak,3,2
2924,Girish Shetty,Manjunath Kulkarni,3,0
2930,Ashwini Nayak,Lakshmi Naik,3,0
2932,Lakshmi Naik,Rekha Prasad,3,0
2933,Manjunath Rao,Suresh Patil,3,0
2945,Anitha Gowda,Yashwanth Prasad,3,0
2946,Anitha Gowda,Joseph Shetty,3,4
2947,Joseph Shetty,Yashwanth Prasad,3,4
2953,Girish Iyengar,Manjunath Kumar,3,3
2955,Deepak Bhat,Shivakumar Shetty,3,8
2964,Ravi Bhat,Suresh Desai,3,0
2967,Fatima Iyengar,Prakash Patil,3,1
2977,Girish Patil,Mary Desai,3,0
2997,Fatima Gowda,Mary Murthy,3,1
3007,Deepak Murthy,Ravi Desai,3,0
3010,Kiran Naik,Nagaraj Iyengar,3,0
3025,Basavaraj Hegde,Lakshmi Reddy,3,8
3028,Prakash Gowda,Vinutha Patil,3,2
3029,Rekha Desai,Vinutha Patil,3,2
3031,Manjunath Reddy,Ravi Shetty,3,0
3032,Anitha Naik,Chetan Shetty,3,0
3047,Manjunath Desai,Rekha Murthy,3,8
3049,Anitha Nayak,Imran Bhat,3,0
3053,Imran Kumar,Prakash Naik,3,2
3062,Deepak Patil,Manjunath Murthy,3,2
3069,Prakash Shetty,Yashwanth Desai,3,0
3070,Prakash Shetty,Rekha Shetty,3,3
3076,Deepak Rao,Ravi Rao,3,7
3080,Manjunath Reddy,Yashwanth Patil,3,0
3081,Mary Naik,Rekha Desai,3,7
3088,Chetan Prasad,Fatima Kumar,3,6
3095,Lakshmi Prasad,Manjunath Rao,3,0
3104,Manjunath Nayak,Yashwanth Gowda,3,5
3129,Deepak Bhat,Suresh Prasad,3,0
3134,Prakash Gowda,Ravi Bhat,3,0
3136,Bhavana Desai,Suresh Kumar,3,5
3141,Bhavana Prasad,Mary Kulkarni,3,3
3143,Mary Murthy,Suresh Shetty,3,8
3145,Chetan Rao,Nagaraj Bhat,3,3
3147,Kiran Bhat,Manjunath Patil,3,0
3149,Fatima Iyengar,Kiran Bhat,3,1
3158,Joseph Naik,Lakshmi Shetty,3,5
3160,Nagaraj Shetty,Suresh Gowda,3,0
3161,Lakshmi Patil,Suresh Gowda,3,0
3165,Imran Gowda,Shivakumar Reddy,3,0
3170,Chetan Gowda,Mary Prasad,3,0
3188,Deepak Hegde,Rekha Gowda,3,0
3189,Anitha Kumar,Ravi Shetty,3,0
3192,Anitha Kumar,Lakshmi Murthy,3,0
3194,Lakshmi Murthy,Pooja Hegde,3,0
3197,Mary Nayak,Rekha Rao,3,0
3198,Imran Bhat,Pooja Rao,3,7
3200,Imran Bhat,Mary Nayak,3,0
3202,Bhavana Rao,Yashwanth Iyengar,3,7
3205,Anitha Prasad,Deepak Kumar,3,0
3206,Deepak Kumar,Manjunath Bhat,3,0
3207,Anitha Prasad,Mary Naik,3,7
3210,Suresh Shetty,Vinutha Rao,3,0
3212,Girish Desai,Vinutha Kulkarni,3,0
3216,Ravi Rao,Rekha Kulkarni,3,0
3221,Basavaraj Patil,Chetan Iyengar,3,2
3223,Anitha Naik,Vinutha Patil,3,2
3230,Ashwini Iyengar,Fatima Shetty,3,4
3231,Imran Shetty,Manjunath Reddy,3,0
3234,Rekha Rao,Suresh Naik,3,0
3237,Basavaraj Nayak,Manjunath Shetty,3,4
3241,Chetan Kulkarni,Manjunath Shetty,3,4
3247,Deepak Patil,Vinutha Shetty,3,2
3252,Deepak Hegde,Mary Prasad,3,0
3261,Bhavana Rao,Yashwanth Gowda,3,0
3281,Girish Patil,Ravi Prasad,3,0
3283,Kiran Iyengar,Ravi Bhat,3,0
3285,Ashwini Desai,Joseph Naik,3,5
3287,Chetan Shetty,Imran Nayak,3,0
3289,Chetan Kulkarni,Chetan Shetty,3,0
3290,Anitha Rao,Joseph Iyengar,3,4
3292,Basavaraj Patil,Nagaraj Hegde,3,2
3294,Basavaraj Patil,Vinutha Gowda,3,2
3303,Imran Gowda,Nagaraj Gowda,3,0
3304,Basavaraj Naik,Nagaraj Gowda,3,0
3307,Chetan Shetty,Fatima Iyengar,3,1
3308,Chetan Shetty,Lakshmi Kumar,3,4
3312,Imran Rao,Pooja Hegde,3,8
3314,Deepak Reddy,Lakshmi Reddy,3,8
3328,Girish Desai,Yashwanth Patil,3,0
3331,Joseph Patil,Kiran Bhat,3,3
3333,Imran Desai,Kiran Bhat,3,8
3334,Imran Nayak,Pooja Naik,3,0
3340,Imran Shetty,Pooja Bhat,3,5
3343,Lakshmi Prasad,Mary Kulkarni,3,0
3348,Joseph Iyengar,Vinutha Rao,3,6
3350,Imran Kumar,Suresh Desai,3,0
3353,Ashwini Iyengar,Bhavana Gowda,3,4
3355,Anitha Nayak,Mary Iyengar,3,0
3359,Yashwanth Hegde,Yashwanth Prasad,3,0
3368,Mary Hegde,Vinutha Desai,3,5
3372,Mary Murthy,Suresh Kumar,3,8
3374,Bhavana Nayak,Mary Murthy,3,2
3385,Chetan Bhat,Chetan Nayak,3,0
3386,Chetan Bhat,Joseph Naik,3,5
3387,Chetan Nayak,Joseph Naik,3,5
3398,Fatima Rao,Kiran Bhat,3,0
3405,Anitha Nayak,Prakash Patil,3,0
3410,Basavaraj Patil,Yashwanth Gowda,3,2
3411,Deepak Kumar,Yashwanth Gowda,3,0
3416,Imran Iyengar,Mary Bhat,3,0
3417,Imran Iyengar,Vinutha Rao,3,0
3418,Bhavana Kumar,Lakshmi Bhat,3,0
3421,Nagaraj Kumar,Ravi Murthy,3,0
3426,Mary Reddy,Rekha Prasad,3,5
3432,Ashwini Reddy,Rekha Shetty,3,3
3433,Imran Rao,Imran Reddy,3,8
3435,Ashwini Reddy,Prakash Murthy,3,0
3440,Kiran Prasad,Prakash Kulkarni,3,7
3450,Anitha Desai,Chetan Desai,3,0
3451,Anitha Desai,Chetan Murthy,3,0
3453,Fatima Patil,Manjunath Prasad,3,0
3455,Manjunath Prasad,Mary Desai,3,0
3483,Ashwini Reddy,Manjunath Gowda,3,0
3487,Joseph Desai,Shivakumar Reddy,3,0
3488,Imran Bhat,Shivakumar Reddy,3,0
3491,Girish Iyengar,Imran Bhat,3,0
3497,Girish Hegde,Pooja Reddy,3,4
3503,Ashwini Rao,Mary Reddy,3,5
3507,Imran Rao,Shivakumar Nayak,3,8
3509,Girish Kulkarni,Imran Rao,3,5
3513,Lakshmi Shetty,Prakash Rao,3,0
3514,Prakash Rao,Rekha Murthy,3,7
3516,Rekha Murthy,Shivakumar Kulkarni,3,7
3521,Pooja Shetty,Ravi Murthy,3,6
3523,Pooja Shetty,Suresh Desai,3,6
3528,Joseph Kulkarni,Rekha Desai,3,0
3534,Bhavana Prasad,Manjunath Patil,3,3
3539,Girish Kulkarni,Mary Kulkarni,3,5
3541,Lakshmi Iyengar,Manjunath Desai,3,8
3546,Mary Iyengar,Shivakumar Iyengar,3,0
3548,Ravi Shetty,Shivakumar Iyengar,3,0
3561,Chetan Bhat,Pooja Murthy,3,0
3570,Bhavana Rao,Prakash Naik,3,2
3571,Kiran Kulkarni,Prakash Naik,3,5
3581,Rekha Prasad,Vinutha Murthy,3,0
3600,Deepak Reddy,Pooja Patil,3,0
3601,Deepak Reddy,Lakshmi Prasad,3,0
3605,Bhavana Rao,Manjunath Bhat,3,0
3609,Chetan Murthy,Vinutha Patil,3,2
3611,Bhavana Kumar,Lakshmi Nayak,3,1
3612,Bhavana Kumar,Prakash Patil,3,0
3617,Lakshmi Nayak,Vinutha Prasad,3,1
3622,Mary Naik,Prakash Iyengar,3,7
3623,Bhavana Murthy,Mary Naik,3,7
3626,Mary Naik,Prakash Patil,3,7
3628,Mary Naik,Prakash Shetty,3,7
3633,Ashwini Bhat,Imran Murthy,3,0
3640,Deepak Kumar,Ravi Shetty,3,0
3642,Deepak Iyengar,Joseph Nayak,3,3
3644,Manjunath Patil,Prakash Reddy,3,0
3645,Manjunath Patil,Rekha Bhat,3,0
3649,Anitha Iyengar,Prakash Kulkarni,3,7
3652,Prakash Kulkarni,Rekha Bhat,3,7
3653,Fatima Kulkarni,Mary Nayak,3,3
3657,Ashwini Rao,Rekha Kulkarni,3,0
3660,Mary Nayak,Ravi Naik,3,7
3662,Chetan Iyengar,Yashwanth Bhat,3,3
3666,Pooja Rao,Ravi Patil,3,7
3671,Basavaraj Murthy,Ravi Patil,3,0
3673,Basavaraj Murthy,Manjunath Kumar,3,3
3678,Shivakumar Patil,Yashwanth Patil,3,0
3681,Nagaraj Gowda,Nagaraj Nayak,3,0
3684,Anitha Nayak,Bhavana Desai,3,5
3686,Pooja Kumar,Prakash Patil,3,8
3696,Prakash Prasad,Shivakumar Prasad,3,0
3700,Chetan Shetty,Suresh Nayak,3,0
3701,Anitha Murthy,Suresh Nayak,3,0
3710,Lakshmi Nayak,Pooja Desai,3,1
3720,Anitha Patil,Vinutha Hegde,3,0
3722,Chetan Kumar,Nagaraj Nayak,3,0
3723,Girish Nayak,Nagaraj Nayak,3,0
3728,Girish Nayak,Nagaraj Patil,3,2
3734,Joseph Bhat,Shivakumar Bhat,3,0
3742,Girish Bhat,Nagaraj Iyengar,3,6
3750,Kiran Bhat,Vinutha Iyengar,3,0
3751,Kiran Bhat,Nagaraj Murthy,3,0
3760,Bhavana Nayak,Fatima Kumar,3,2
3763,Chetan Iyengar,Ravi Bhat,3,0
3765,Joseph Shetty,Shivakumar Reddy,3,4
3767,Lakshmi Murthy,Prakash Gowda,3,0
3770,Imran Naik,Yashwanth Bhat,3,3
3773,Chetan Nayak,Lakshmi Reddy,3,8
3779,Chetan Murthy,Mary Naik,3,7
3782,Mary Nayak,Yashwanth Naik,3,0
3783,Mary Nayak,Vinutha Kumar,3,0
3794,Basavaraj Rao,Fatima Shetty,3,7
3798,Joseph Gowda,Rekha Iyengar,3,4
3800,Joseph Gowda,Kiran Kumar,3,0
3809,Manjunath Kumar,Pooja Iyengar,3,3
3812,Kiran Gowda,Pooja Murthy,3,0
3813,Imran Rao,Suresh Kumar,3,8
3815,Imran Rao,Kiran Gowda,3,8
3818,Manjunath Rao,Mary Iyengar,3,0
3825,Fatima Shetty,Manjunath Kulkarni,3,7
3827,Fatima Shetty,Suresh Shetty,3,7
3828,Imran Nayak,Kiran Naik,3,0
3829,Imran Nayak,Suresh Nayak,3,0
3833,Imran Rao,Nagaraj Patil,3,8
3837,Lakshmi Prasad,Yashwanth Reddy,3,5
3838,Fatima Naik,Yashwanth Reddy,3,5
3841,Ashwini Murthy,Shivakumar Hegde,3,1
3849,Pooja Shetty,Suresh Kulkarni,3,6
3858,Shivakumar Nayak,Suresh Desai,3,0
3859,Bhavana Kulkarni,Suresh Desai,3,0
3862,Bhavana Kulkarni,Shivakumar Nayak,3,0
3865,Bhavana Naik,Imran Murthy,3,3
3866,Girish Reddy,Kiran Rao,3,0
3867,Deepak Iyengar,Suresh Desai,3,3
3871,Kiran Iyengar,Lakshmi Shetty,3,0
3872,Lakshmi Shetty,Prakash Bhat,3,0
3874,Ashwini Hegde,Joseph Naik,3,5
3877,Deepak Bhat,Mary Reddy,3,5
3880,Mary Reddy,Prakash Kumar,3,5
3881,Bhavana Shetty,Prakash Kumar,3,0
3886,Vinutha Desai,Yashwanth Prasad,3,0
3898,Deepak Prasad,Nagaraj Gowda,3,0
3900,Mary Murthy,Ravi Desai,3,8
3901,Mary Murthy,Prakash Naik,3,8
3902,Imran Kumar,Mary Murthy,3,8
3904,Prakash Naik,Ravi Desai,3,2
3906,Ashwini Iyengar,Ravi Desai,3,4
3915,Fatima Kumar,Prakash Nayak,3,0
3918,Imran Nayak,Prakash Nayak,3,0
3920,Pooja Kulkarni,Ravi Nayak,3,1
3927,Mary Iyengar,Rekha Nayak,3,8
3930,Kiran Iyengar,Manjunath Murthy,3,0
3932,Ashwini Iyengar,Manjunath Murthy,3,4
3935,Deepak Nayak,Pooja Iyengar,3,5
3938,Mary Murthy,Prakash Hegde,3,8
3939,Lakshmi Bhat,Prakash Hegde,3,0
3941,Deepak Shetty,Girish Reddy,3,0
3947,Anitha Iyengar,Yashwanth Kumar,3,0
3956,Ravi Murthy,Ravi Prasad,3,0
3965,Basavaraj Gowda,Bhavana Rao,3,0
3969,Chetan Hegde,Chetan Iyengar,3,0
3973,Girish Prasad,Manjunath Desai,3,8
3974,Rekha Rao,Vinutha Shetty,3,0
3976,Bhavana Kulkarni,Vinutha Shetty,3,0
3978,Anitha Naik,Mary Nayak,3,0
3983,Joseph Patil,Rekha Reddy,3,3
3986,Bhavana Iyengar,Shivakumar Desai,3,4
3996,Ashwini Iyengar,Fatima Kumar,3,4
3998,Fatima Kumar,Yashwanth Reddy,3,5
3999,Ashwini Iyengar,Vinutha Kulkarni,3,4
4013,Basavaraj Patil,Imran Reddy,3,2
4015,Mary Murthy,Prakash Nayak,3,8
4017,Joseph Nayak,Mary Murthy,3,8
4019,Chetan Murthy,Shivakumar Prasad,3,0
4023,Joseph Patil,Shivakumar Prasad,3,3
4024,Joseph Patil,Pooja Desai,3,3
4033,Basavaraj Desai,Deepak Desai,3,0
4034,Chetan Shetty,Manjunath Hegde,3,0
4037,Bhavana Murthy,Lakshmi Bhat,3,0
4044,Bhavana Bhat,Mary Prasad,3,0
4046,Joseph Nayak,Prakash Kumar,3,0
4052,Ashwini Kulkarni,Manjunath Nayak,3,5
4055,Mary Bhat,Vinutha Kulkarni,3,0
4056,Girish Murthy,Suresh Gowda,3,0
4057,Deepak Kumar,Suresh Gowda,3,0
4062,Ashwini Rao,Mary Murthy,3,8
4075,Chetan Nayak,Rekha Murthy,3,7
4077,Vinutha Kumar,Yashwanth Kumar,3,0
4103,Kiran Naik,Manjunath Prasad,3,0
4105,Joseph Murthy,Lakshmi Kumar,3,4
4110,Girish Gowda,Lakshmi Shetty,3,6
4122,Pooja Iyengar,Vinutha Bhat,3,5
4127,Bhavana Desai,Girish Kulkarni,3,5
4131,Basavaraj Rao,Lakshmi Desai,3,0
4133,Deepak Prasad,Prakash Naik,3,2
4134,Deepak Prasad,Suresh Hegde,3,0
4135,Prakash Naik,Suresh Hegde,3,2
4136,Ravi Murthy,Suresh Prasad,3,0
4140,Anitha Prasad,Prakash Rao,3,0
4142,Basavaraj Patil,Ravi Bhat,3,2
4144,Chetan Iyengar,Joseph Bhat,3,0
4145,Joseph Bhat,Kiran Desai,3,0
4150,Ravi Prasad,Vinutha Patil,3,2
4155,Bhavana Naik,Rekha Murthy,3,3
4159,Kiran Murthy,Prakash Prasad,3,8
4169,Fatima Kulkarni,Manjunath Patil,3,3
4171,Kiran Kumar,Kiran Naik,3,0
4172,Anitha Nayak,Ravi Nayak,3,1
4174,Mary Prasad,Vinutha Kumar,3,0
4177,Prakash Gowda,Vinutha Rao,3,0
4196,Shivakumar Prasad,Yashwanth Patil,3,0
4198,Nagaraj Desai,Yashwanth Kumar,3,0
4207,Mary Murthy,Pooja Bhat,3,8
4208,Mary Murthy,Yashwanth Reddy,3,8
4211,Lakshmi Gowda,Suresh Shetty,3,0
4215,Mary Hegde,Yashwanth Prasad,3,5
4223,Nagaraj Murthy,Suresh Murthy,3,0
4224,Nagaraj Murthy,Pooja Desai,3,0
4227,Mary Shetty,Pooja Desai,3,0
4233,Basavaraj Gowda,Manjunath Prasad,3,0
4235,Ashwini Reddy,Bhavana Rao,3,0
4240,Bhavana Naik,Vinutha Rao,3,3
4243,Girish Kulkarni,Kiran Rao,3,5
4260,Deepak Hegde,Yashwanth Prasad,3,0
4272,Yashwanth Iyengar,Yashwanth Patil,3,7
4274,Ravi Shetty,Yashwanth Patil,3,0
4279,Fatima Shetty,Girish Prasad,3,7
4284,Joseph Shetty,Pooja Bhat,3,4
4285,Joseph Shetty,Suresh Hegde,3,4
4304,Anitha Nayak,Vinutha Kumar,3,0
4305,Ashwini Reddy,Lakshmi Shetty,3,0
4321,Kiran Prasad,Mary Nayak,3,0
4324,Mary Bhat,Mary Kulkarni,3,0
4326,Bhavana Prasad,Rekha Kumar,3,3
4329,Anitha Desai,Kiran Rao,3,0
4330,Deepak Desai,Pooja Naik,3,0
4331,Basavaraj Patil,Yashwanth Shetty,3,2
4334,Anitha Shetty,Ravi Gowda,3,3
4336,Mary Naik,Rekha Kumar,3,7
4338,Chetan Patil,Shivakumar Hegde,3,4
4340,Ashwini Iyengar,Shivakumar Hegde,3,4
4342,Basavaraj Kumar,Pooja Patil,3,0
4344,Chetan Rao,Chetan Shetty,3,0
4352,Anitha Prasad,Fatima Patil,3,0
4354,Fatima Patil,Vinutha Kulkarni,3,0
4356,Basavaraj Nayak,Girish Shetty,3,0
4357,Basavaraj Nayak,Fatima Shetty,3,7
4361,Girish Shetty,Imran Nayak,3,0
4372,Joseph Shetty,Shivakumar Patil,3,4
4374,Joseph Desai,Manjunath Reddy,3,0
4386,Ravi Desai,Rekha Kulkarni,3,0
4390,Girish Patil,Kiran Kumar,3,0
4391,Girish Patil,Prakash Hegde,3,0
4394,Shivakumar Hegde,Vinutha Prasad,3,1
4405,Chetan Kulkarni,Deepak Patil,3,2
4407,Nagaraj Rao,Suresh Prasad,3,0
4413,Prakash Gowda,Shivakumar Patil,3,0
4426,Chetan Naik,Ravi Hegde,3,0
4427,Manjunath Desai,Nagaraj Iyengar,3,8
4431,Basavaraj Rao,Shivakumar Reddy,3,0
4433,Fatima Iyengar,Shivakumar Reddy,3,1
4435,Joseph Reddy,Lakshmi Naik,3,2
4437,Basavaraj Rao,Lakshmi Naik,3,0
4456,Fatima Murthy,Kiran Kumar,3,0
4459,Girish Iyengar,Yashwanth Murthy,3,6
4460,Bhavana Kulkarni,Mary Hegde,3,5
4468,Basavaraj Murthy,Girish Kulkarni,3,5
4472,Pooja Kumar,Rekha Shetty,3,8
4476,Bhavana Hegde,Yashwanth Nayak,3,0
4484,Manjunath Prasad,Mary Reddy,3,5
4486,Fatima Murthy,Mary Reddy,3,5
4488,Imran Hegde,Lakshmi Bhat,3,0
4492,Ravi Desai,Shivakumar Kumar,3,0
4508,Chetan Desai,Nagaraj Prasad,3,0
4510,Pooja Bhat,Ravi Gowda,3,5
4515,Chetan Desai,Pooja Bhat,3,5
4516,Mary Hegde,Pooja Bhat,3,5
4522,Deepak Rao,Manjunath Desai,3,7
4524,Anitha Rao,Lakshmi Shetty,3,4
4529,Bhavana Kulkarni,Girish Desai,3,0
4531,Anitha Nayak,Chetan Nayak,3,0
4544,Joseph Iyengar,Ravi Naik,3,6
4558,Anitha Desai,Bhavana Kulkarni,3,0
4564,Anitha Desai,Deepak Hegde,3,0
4577,Bhavana Reddy,Ravi Patil,3,0
4579,Kiran Kumar,Ravi Patil,3,0
4580,Pooja Kumar,Suresh Kumar,3,8
4582,Anitha Bhat,Pooja Kumar,3,7
4589,Anitha Bhat,Kiran Prasad,3,7
4591,Anitha Bhat,Basavaraj Patil,3,7
4594,Deepak Hegde,Lakshmi Hegde,3,1
4604,Manjunath Prasad,Mary Iyengar,3,0
4614,Fatima Kulkarni,Prakash Reddy,3,3
4620,Nagaraj Kumar,Prakash Iyengar,3,5
4623,Deepak Kulkarni,Joseph Bhat,3,0
4624,Mary Iyengar,Ravi Nayak,3,1
4626,Deepak Prasad,Ravi Nayak,3,1
4628,Mary Murthy,Suresh Bhat,3,8
4633,Nagaraj Gowda,Prakash Naik,3,2
4639,Imran Rao,Kiran Reddy,3,8
4642,Fatima Iyengar,Kiran Reddy,3,1
4643,Pooja Patil,Suresh Prasad,3,0
4645,Basavaraj Patil,Joseph Nayak,3,2
4647,Nagaraj Kumar,Nagaraj Patil,3,2
4655,Imran Iyengar,Kiran Patil,3,0
4661,Fatima Bhat,Vinutha Kulkarni,3,0
4664,Joseph Prasad,Shivakumar Patil,3,0
4668,Ashwini Reddy,Imran Rao,3,8
4675,Manjunath Murthy,Yashwanth Kumar,3,0
4676,Rekha Murthy,Vinutha Patil,3,7
4679,Imran Prasad,Lakshmi Kulkarni,3,0
4683,Fatima Gowda,Ravi Hegde,3,1
4693,Deepak Iyengar,Imran Nayak,3,3
4694,Deepak Iyengar,Kiran Patil,3,3
4695,Deepak Iyengar,Manjunath Bhat,3,3
4696,Imran Nayak,Yashwanth Hegde,3,0
4702,Pooja Shetty,Ravi Kumar,3,6
4707,Anitha Murthy,Rekha Reddy,3,0
4709,Anitha Murthy,Rekha Gowda,3,0
4710,Deepak Desai,Yashwanth Shetty,3,0
4711,Deepak Desai,Vinutha Prasad,3,0
4712,Manjunath Desai,Ravi Rao,3,8
4713,Imran Rao,Manjunath Desai,3,8
4715,Imran Rao,Kiran Shetty,3,8
4718,Nagaraj Kulkarni,Ravi Rao,3,4
4726,Joseph Desai,Joseph Kulkarni,3,0
4727,Joseph Kulkarni,Manjunath Shetty,3,4
4739,Girish Iyengar,Rekha Kulkarni,3,0
4743,Pooja Desai,Yashwanth Patil,3,0
4747,Fatima Iyengar,Pooja Desai,3,1
4750,Ashwini Desai,Suresh Hegde,3,0
4751,Fatima Iyengar,Suresh Hegde,3,1
4752,Anitha Prasad,Mary Kumar,3,0
4753,Imran Murthy,Kiran Hegde,3,3
4756,Chetan Prasad,Mary Iyengar,3,6
4763,Basavaraj Naik,Yashwanth Shetty,3,0
4768,Basavaraj Reddy,Suresh Shetty,3,0
4771,Nagaraj Reddy,Yashwanth Patil,3,7
4775,Deepak Gowda,Pooja Prasad,3,0
4782,Mary Hegde,Yashwanth Desai,3,5
4789,Ashwini Nayak,Kiran Patil,3,0
4790,Girish Iyengar,Prakash Iyengar,3,5
4810,Joseph Patil,Nagaraj Iyengar,3,3
4814,Chetan Kulkarni,Pooja Murthy,3,0
4817,Deepak Rao,Imran Hegde,3,7
4824,Anitha Prasad,Suresh Murthy,3,0
4828,Joseph Iyengar,Pooja Murthy,3,6
4837,Deepak Murthy,Mary Reddy,3,5
4840,Bhavana Kulkarni,Joseph Reddy,3,2
4842,Bhavana Gowda,Manjunath Prasad,3,1
4849,Deepak Patil,Kiran Gowda,3,2
4855,Deepak Murthy,Mary Desai,3,0
4862,Mary Iyengar,Nagaraj Bhat,3,3
4865,Chetan Shetty,Kiran Rao,3,0
4866,Anitha Prasad,Bhavana Kulkarni,3,0
4869,Lakshmi Iyengar,Rekha Reddy,3,0
4874,Basavaraj Murthy,Pooja Bhat,3,5
4875,Chetan Naik,Rekha Shetty,3,3
4881,Imran Desai,Rekha Reddy,3,8
4882,Imran Desai,Pooja Shetty,3,8
4897,Lakshmi Patil,Rekha Prasad,3,0
4898,Lakshmi Patil,Yashwanth Prasad,3,0
4899,Rekha Prasad,Yashwanth Prasad,3,0
4905,Kiran Patil,Yashwanth Patil,3,0
4906,Shivakumar Reddy,Yashwanth Patil,3,0
4915,Nagaraj Naik,Suresh Desai,3,0
4916,Bhavana Gowda,Joseph Murthy,3,1
4919,Deepak Hegde,Mary Shetty,3,0
4928,Bhavana Bhat,Bhavana Rao,3,0
4930,Chetan Reddy,Girish Gowda,3,1
4935,Girish Iyengar,Prakash Hegde,3,0
4936,Joseph Iyengar,Prakash Hegde,3,6
4943,Nagaraj Bhat,Rekha Naik,3,3
4952,Ashwini Reddy,Prakash Kulkarni,3,7
4959,Kiran Kumar,Yashwanth Bhat,3,3
4960,Joseph Murthy,Yashwanth Bhat,3,3
4962,Basavaraj Patil,Lakshmi Desai,3,2
4967,Nagaraj Iyengar,Rekha Reddy,3,0
4976,Ashwini Prasad,Vinutha Prasad,3,0
4977,Ashwini Iyengar,Vinutha Prasad,3,4
4984,Pooja Murthy,Shivakumar Nayak,3,0
4986,Deepak Hegde,Shivakumar Nayak,3,0
4992,Girish Murthy,Vinutha Kumar,3,0
4994,Deepak Kumar,Vinutha Nayak,3,0
4995,Chetan Naik,Vinutha Nayak,3,0
4997,Bhavana Naik,Nagaraj Shetty,3,3
5008,Kiran Kumar,Manjunath Desai,3,8
5017,Mary Bhat,Rekha Reddy,3,0
5018,Rekha Reddy,Suresh Rao,3,0
5025,Girish Shetty,Ravi Nayak,3,1
5030,Chetan Iyengar,Joseph Hegde,3,7
5034,Basavaraj Rao,Chetan Iyengar,3,0
5037,Bhavana Gowda,Chetan Iyengar,3,1
5038,Chetan Iyengar,Chetan Kulkarni,3,0
5048,Ashwini Nayak,Fatima Iyengar,3,1
5050,Ashwini Nayak,Nagaraj Gowda,3,0
5062,Manjunath Patil,Pooja Gowda,3,3
5065,Vinutha Desai,Vinutha Kumar,3,0
5070,Lakshmi Shetty,Suresh Bhat,3,7
5074,Fatima Naik,Girish Shetty,3,0
5082,Vinutha Kulkarni,Yashwanth Gowda,3,0
5088,Pooja Shetty,Ravi Iyengar,3,6
5093,Basavaraj Reddy,Chetan Kulkarni,3,0
5096,Bhavana Gowda,Manjunath Gowda,3,1
5116,Girish Iyengar,Kiran Kumar,3,0
5124,Nagaraj Naik,Prakash Nayak,3,0
5128,Deepak Rao,Suresh Rao,3,7
5132,Manjunath Reddy,Prakash Kumar,3,0
5133,Manjunath Reddy,Shivakumar Kumar,3,0
5139,Girish Shetty,Lakshmi Nayak,3,1
5140,Bhavana Shetty,Nagaraj Reddy,3,7
5144,Bhavana Patil,Joseph Patil,3,3
5147,Anitha Murthy,Deepak Naik,3,0
5149,Chetan Kulkarni,Pooja Shetty,3,6
5154,Nagaraj Patil,Yashwanth Patil,3,2
5157,Girish Bhat,Nagaraj Patil,3,6
5160,Anitha Reddy,Prakash Kumar,3,0
5162,Anitha Reddy,Imran Bhat,3,0
5181,Ravi Prasad,Ravi Shetty,3,0
5182,Girish Murthy,Vinutha Desai,3,0
5184,Girish Murthy,Ravi Shetty,3,0
5185,Ashwini Rao,Vinutha Desai,3,0
5192,Deepak Prasad,Yashwanth Hegde,3,0
5200,Mary Reddy,Prakash Patil,3,5
5210,Joseph Gowda,Shivakumar Shetty,3,8
5223,Deepak Bhat,Vinutha Desai,3,0
5227,Deepak Patil,Rekha Kumar,3,2
5228,Deepak Patil,Rekha Murthy,3,2
5229,Girish Kumar,Prakash Shetty,3,0
5230,Imran Kumar,Mary Naik,3,7
5231,Imran Kumar,Ravi Hegde,3,0
5246,Lakshmi Desai,Suresh Desai,3,0
5252,Girish Murthy,Joseph Desai,3,0
5253,Girish Murthy,Lakshmi Kumar,3,4
5255,Bhavana Prasad,Ravi Reddy,3,3
5257,Prakash Patil,Suresh Prasad,3,0
5275,Deepak Kumar,Rekha Naik,3,0
5279,Bhavana Shetty,Manjunath Reddy,3,0
5283,Deepak Nayak,Nagaraj Rao,3,0
5286,Girish Hegde,Kiran Desai,3,4
5289,Kiran Desai,Vinutha Kulkarni,3,0
5291,Deepak Iyengar,Vinutha Kulkarni,3,3
5296,Basavaraj Bhat,Ravi Kumar,3,2
5301,Bhavana Hegde,Girish Nayak,3,0
5302,Bhavana Hegde,Prakash Rao,3,0
5303,Joseph Naik,Ravi Shetty,3,5
5306,Lakshmi Murthy,Suresh Patil,3,0
5311,Mary Shetty,Yashwanth Patil,3,0
5312,Anitha Shetty,Mary Shetty,3,0
5313,Anitha Shetty,Yashwanth Patil,3,0
5316,Mary Iyengar,Yashwanth Bhat,3,3
5327,Girish Desai,Imran Bhat,3,0
5329,Lakshmi Hegde,Manjunath Bhat,3,1
5343,Lakshmi Bhat,Mary Bhat,3,0
5348,Kiran Prasad,Mary Kulkarni,3,0
5364,Lakshmi Kulkarni,Lakshmi Kumar,3,4
5378,Fatima Kulkarni,Prakash Shetty,3,3
5379,Basavaraj Reddy,Prakash Shetty,3,0
5383,Basavaraj Rao,Joseph Shetty,3,4
5386,Basavaraj Nayak,Basavaraj Rao,3,0
5390,Ravi Naik,Vinutha Patil,3,7
5393,Bhavana Naik,Lakshmi Shetty,3,3
5407,Prakash Gowda,Prakash Murthy,3,0
5414,Kiran Patil,Manjunath Kulkarni,3,0
5421,Rekha Rao,Shivakumar Iyengar,3,0
5423,Pooja Iyengar,Prakash Rao,3,5
5424,Manjunath Kulkarni,Yashwanth Reddy,3,5
5428,Joseph Iyengar,Joseph Shetty,3,6
5429,Manjunath Gowda,Prakash Reddy,3,0
5433,Manjunath Bhat,Manjunath Kulkarni,3,0
5435,Basavaraj Hegde,Manjunath Kulkarni,3,0
5451,Basavaraj Shetty,Nagaraj Iyengar,3,0
5454,Joseph Prasad,Nagaraj Patil,3,2
5457,Nagaraj Kulkarni,Vinutha Bhat,3,4
5458,Bhavana Gowda,Nagaraj Kulkarni,3,1
5465,Bhavana Kulkarni,Lakshmi Rao,3,7
5466,Prakash Shetty,Suresh Desai,3,0
5473,Basavaraj Prasad,Ravi Bhat,3,0
5475,Basavaraj Shetty,Bhavana Naik,3,3
5478,Imran Kumar,Rekha Gowda,3,0
5487,Basavaraj Iyengar,Deepak Patil,3,3
5488,Imran Iyengar,Pooja Reddy,3,0
5489,Anitha Patil,Basavaraj Iyengar,3,3
5491,Anitha Patil,Fatima Kumar,3,0
5501,Basavaraj Reddy,Ravi Patil,3,0
5504,Imran Kumar,Ravi Patil,3,0
5507,Anitha Naik,Pooja Shetty,3,6
5510,Joseph Rao,Mary Shetty,3,0
5513,Chetan Naik,Ravi Murthy,3,0
5514,Basavaraj Iyengar,Ravi Murthy,3,3
5524,Nagaraj Gowda,Shivakumar Shetty,3,8
5528,Nagaraj Patil,Pooja Iyengar,3,2
5529,Anitha Nayak,Basavaraj Bhat,3,2
5536,Kiran Patil,Lakshmi Kulkarni,3,0
5540,Bhavana Gowda,Imran Gowda,3,1
5542,Prakash Kulkarni,Yashwanth Shetty,3,7
5547,Girish Reddy,Suresh Kulkarni,3,0
5551,Ashwini Prasad,Imran Nayak,3,0
5552,Basavaraj Desai,Imran Nayak,3,0
5564,Manjunath Kulkarni,Rekha Iyengar,3,4
5571,Fatima Nayak,Manjunath Iyengar,3,0
5581,Shivakumar Shetty,Suresh Reddy,3,8
5587,Bhavana Rao,Deepak Gowda,3,0
5598,Imran Reddy,Rekha Gowda,3,0
5599,Imran Gowda,Imran Reddy,3,0
5610,Basavaraj Bhat,Vinutha Nayak,3,2
5611,Lakshmi Naik,Ravi Shetty,3,0
5612,Lakshmi Naik,Nagaraj Murthy,3,0
5617,Bhavana Bhat,Deepak Iyengar,3,3
5620,Basavaraj Patil,Yashwanth Rao,3,2
5624,Ashwini Kumar,Pooja Gowda,3,3
5625,Bhavana Gowda,Ravi Desai,3,1
5627,Bhavana Gowda,Rekha Shetty,3,1
5631,Imran Reddy,Lakshmi Gowda,3,0
5636,Deepak Reddy,Girish Patil,3,0
5638,Deepak Naik,Mary Iyengar,3,0
5641,Manjunath Hegde,Rekha Rao,3,0
5645,Basavaraj Murthy,Suresh Nayak,3,0
5651,Imran Nayak,Suresh Murthy,3,0
5675,Kiran Iyengar,Nagaraj Bhat,3,3
5678,Bhavana Kumar,Vinutha Murthy,3,0
5679,Anitha Kulkarni,Fatima Nayak,3,0
5680,Anitha Kulkarni,Vinutha Murthy,3,0
5692,Ashwini Kumar,Ravi Prasad,3,0
5706,Manjunath Kulkarni,Prakash Prasad,3,0
5709,Chetan Kulkarni,Fatima Naik,3,0
5711,Bhavana Naik,Pooja Prasad,3,3
5718,Joseph Kulkarni,Kiran Reddy,3,7
5729,Girish Patil,Rekha Murthy,3,7
5731,Ashwini Nayak,Girish Naik,3,0
5736,Imran Prasad,Kiran Iyengar,3,0
5739,Anitha Murthy,Yashwanth Nayak,3,0
5752,Ashwini Naik,Imran Shetty,3,5
5757,Joseph Shetty,Prakash Gowda,3,4
5762,Lakshmi Naik,Suresh Nayak,3,0
5766,Girish Iyengar,Pooja Hegde,3,0
5781,Imran Murthy,Joseph Naik,3,5
5787,Girish Reddy,Yashwanth Gowda,3,0
5791,Kiran Kumar,Mary Bhat,3,0
5795,Bhavana Gowda,Nagaraj Patil,3,1
5797,Bhavana Gowda,Girish Gowda,3,1
5809,Manjunath Naik,Ravi Patil,3,0
5817,Imran Prasad,Nagaraj Hegde,3,0
5840,Anitha Naik,Girish Bhat,3,6
5841,Girish Bhat,Nagaraj Prasad,3,6
5862,Girish Prasad,Rekha Patil,3,0
5864,Bhavana Murthy,Suresh Kumar,3,0
5867,Fatima Patil,Yashwanth Reddy,3,5
5872,Fatima Kumar,Suresh Reddy,3,0
5878,Ravi Hegde,Yashwanth Bhat,3,3
5887,Kiran Kumar,Kiran Nayak,3,0
5911,Bhavana Desai,Fatima Patil,3,5
5912,Bhavana Desai,Kiran Kumar,3,5
5919,Ravi Bhat,Shivakumar Naik,3,5
5921,Manjunath Nayak,Ravi Bhat,3,5
5935,Anitha Bhat,Shivakumar Kulkarni,3,7
5945,Deepak Kulkarni,Shivakumar Bhat,3,0
5961,Girish Bhat,Prakash Kumar,3,6
5970,Prakash Hegde,Suresh Hegde,3,0
5972,Pooja Nayak,Suresh Hegde,3,0
5993,Kiran Patil,Rekha Patil,3,0
5995,Bhavana Murthy,Manjunath Nayak,3,5
6009,Ashwini Desai,Mary Desai,3,0
6011,Joseph Nayak,Pooja Bhat,3,5
6014,Imran Reddy,Suresh Naik,3,0
6016,Imran Reddy,Yashwanth Murthy,3,6
6030,Suresh Bhat,Vinutha Patil,3,7
6037,Bhavana Reddy,Shivakumar Naik,3,5
6040,Bhavana Reddy,Vinutha Reddy,3,0
6042,Shivakumar Naik,Yashwanth Patil,3,5
6046,Vinutha Reddy,Yashwanth Patil,3,0
6057,Ravi Shetty,Shivakumar Gowda,3,3
6058,Fatima Shetty,Joseph Kumar,3,7
6060,Joseph Kumar,Shivakumar Prasad,3,2
6064,Bhavana Naik,Lakshmi Iyengar,3,3
6067,Joseph Kumar,Joseph Reddy,3,2
6076,Deepak Gowda,Rekha Patil,3,0
6087,Deepak Naik,Nagaraj Murthy,3,0
6091,Ravi Hegde,Rekha Gowda,3,0
6093,Nagaraj Iyengar,Rekha Murthy,3,7
6099,Rekha Iyengar,Rekha Kumar,3,4
6101,Lakshmi Bhat,Ravi Nayak,3,1
6103,Ashwini Iyengar,Nagaraj Hegde,3,4
6107,Anitha Shetty,Imran Kumar,3,0
6109,Fatima Shetty,Yashwanth Nayak,3,7
6111,Fatima Kulkarni,Yashwanth Nayak,3,3
6113,Anitha Nayak,Chetan Kulkarni,3,0
6117,Shivakumar Desai,Suresh Gowda,3,4
6119,Kiran Iyengar,Prakash Kulkarni,3,7
6120,Pooja Desai,Prakash Kulkarni,3,7
6123,Lakshmi Nayak,Mary Kumar,3,1
6131,Joseph Gowda,Manjunath Hegde,3,0
6137,Kiran Naik,Suresh Prasad,3,0
6138,Nagaraj Gowda,Suresh Prasad,3,0
6141,Kiran Naik,Nagaraj Gowda,3,0
6143,Basavaraj Kulkarni,Kiran Naik,3,0
6145,Basavaraj Kulkarni,Nagaraj Gowda,3,0
6151,Deepak Hegde,Shivakumar Prasad,3,0
6160,Imran Prasad,Pooja Desai,3,0
6162,Manjunath Bhat,Pooja Rao,3,7
6163,Bhavana Kulkarni,Pooja Rao,3,7
6173,Kiran Gowda,Shivakumar Nayak,3,0
6174,Manjunath Desai,Yashwanth Murthy,3,8
6181,Manjunath Nayak,Nagaraj Shetty,3,5
6189,Fatima Reddy,Rekha Hegde,3,0
6192,Kiran Gowda,Yashwanth Nayak,3,0
6195,Basavaraj Hegde,Kiran Rao,3,0
6202,Fatima Shetty,Suresh Patil,3,7
6207,Anitha Desai,Anitha Patil,3,0
6217,Manjunath Iyengar,Rekha Reddy,3,0
6220,Joseph Murthy,Suresh Bhat,3,7
6223,Deepak Bhat,Fatima Prasad,3,0
6227,Manjunath Desai,Manjunath Iyengar,3,8
6228,Chetan Iyengar,Vinutha Murthy,3,0
6232,Kiran Kumar,Nagaraj Patil,3,2
6240,Prakash Reddy,Ravi Patil,3,0
6241,Nagaraj Rao,Ravi Patil,3,0
6244,Bhavana Kulkarni,Prakash Reddy,3,0
6246,Bhavana Kulkarni,Nagaraj Rao,3,0
6247,Bhavana Kulkarni,Pooja Naik,3,0
6254,Anitha Prasad,Mary Reddy,3,5
6256,Bhavana Desai,Vinutha Hegde,3,5
6270,Imran Iyengar,Lakshmi Murthy,3,0
6272,Joseph Naik,Ravi Kulkarni,3,5
6281,Basavaraj Bhat,Bhavana Gowda,3,2
6289,Rekha Murthy,Vinutha Naik,3,7
6291,Basavaraj Bhat,Prakash Kulkarni,3,2
6295,Anitha Kumar,Manjunath Patil,3,0
6306,Bhavana Iyengar,Kiran Prasad,3,0
6312,Fatima Murthy,Kiran Rao,3,0
6325,Imran Reddy,Manjunath Murthy,3,0
6333,Bhavana Desai,Deepak Naik,3,5
6335,Ashwini Shetty,Nagaraj Kulkarni,3,4
6342,Kiran Iyengar,Nagaraj Patil,3,2
6346,Ashwini Desai,Bhavana Patil,3,0
6351,Nagaraj Rao,Ravi Gowda,3,3
6352,Fatima Iyengar,Ravi Iyengar,3,1
6358,Lakshmi Kumar,Suresh Nayak,3,4
6366,Manjunath Kulkarni,Mary Rao,3,0
6371,Prakash Gowda,Shivakumar Shetty,3,8
6373,Mary Hegde,Shivakumar Shetty,3,5
6377,Fatima Prasad,Kiran Patil,3,0
6380,Nagaraj Kulkarni,Shivakumar Desai,3,4
6381,Imran Naik,Pooja Hegde,3,0
6391,Lakshmi Kulkarni,Rekha Kumar,3,0
6393,Pooja Rao,Rekha Kumar,3,7
6399,Anitha Desai,Girish Murthy,3,0
6401,Anitha Desai,Prakash Kulkarni,3,7
6402,Anitha Desai,Bhavana Nayak,3,2
6405,Bhavana Nayak,Girish Murthy,3,2
6416,Manjunath Desai,Shivakumar Patil,3,8
6426,Ashwini Shetty,Ravi Naik,3,7
6430,Basavaraj Rao,Mary Desai,3,0
6432,Mary Hegde,Ravi Nayak,3,5
6439,Nagaraj Murthy,Suresh Prasad,3,0
6440,Basavaraj Rao,Yashwanth Bhat,3,3
6451,Chetan Kumar,Girish Reddy,3,0
6458,Bhavana Desai,Girish Reddy,3,5
6465,Shivakumar Bhat,Yashwanth Nayak,3,0
6486,Joseph Iyengar,Pooja Rao,3,6
6494,Girish Hegde,Shivakumar Iyengar,3,4
6499,Anitha Kulkarni,Pooja Gowda,3,3
6502,Anitha Reddy,Basavaraj Patil,3,2
6503,Anitha Reddy,Nagaraj Prasad,3,0
6512,Vinutha Naik,Vinutha Prasad,3,0
6518,Anitha Patil,Manjunath Kumar,3,3
6520,Fatima Patil,Manjunath Kumar,3,3
6521,Joseph Nayak,Shivakumar Murthy,3,0
6523,Anitha Desai,Vinutha Hegde,3,0
6524,Anitha Desai,Chetan Naik,3,0
6529,Lakshmi Patil,Rekha Desai,3,0
6531,Chetan Naik,Yashwanth Hegde,3,0
6534,Ashwini Bhat,Yashwanth Hegde,3,0
6539,Nagaraj Prasad,Vinutha Desai,3,0
6541,Anitha Patil,Rekha Kulkarni,3,0
6543,Girish Bhat,Suresh Kulkarni,3,6
6552,Bhavana Gowda,Rekha Rao,3,1
6553,Nagaraj Gowda,Shivakumar Murthy,3,0
6555,Lakshmi Kulkarni,Yashwanth Murthy,3,6
6559,Pooja Bhat,Prakash Patil,3,5
6563,Deepak Prasad,Lakshmi Desai,3,0
6594,Deepak Iyengar,Ravi Gowda,3,3
6611,Deepak Nayak,Vinutha Desai,3,0
6620,Anitha Kumar,Ravi Bhat,3,0
6621,Mary Naik,Prakash Kulkarni,3,7
6624,Chetan Kulkarni,Nagaraj Rao,3,0
6628,Girish Kumar,Ravi Iyengar,3,0
6630,Kiran Nayak,Manjunath Bhat,3,0
6639,Bhavana Iyengar,Pooja Desai,3,0
6645,Lakshmi Patil,Ravi Desai,3,0
6649,Joseph Hegde,Mary Nayak,3,7
6650,Mary Nayak,Pooja Reddy,3,0
6651,Bhavana Nayak,Chetan Bhat,3,2
6652,Joseph Reddy,Yashwanth Patil,3,2
6657,Girish Reddy,Joseph Reddy,3,2
6659,Fatima Shetty,Girish Reddy,3,7
6672,Manjunath Prasad,Nagaraj Reddy,3,7
6681,Suresh Desai,Suresh Naik,3,0
6683,Lakshmi Shetty,Prakash Prasad,3,0
6691,Bhavana Reddy,Suresh Prasad,3,0
6699,Lakshmi Desai,Suresh Nayak,3,0
6703,Nagaraj Prasad,Pooja Bhat,3,5
6710,Fatima Naik,Suresh Patil,3,0
6715,Fatima Iyengar,Fatima Nayak,3,1
6716,Anitha Kumar,Suresh Kulkarni,3,0
6722,Girish Naik,Nagaraj Gowda,3,0
6731,Chetan Nayak,Prakash Kulkarni,3,7
6733,Bhavana Nayak,Chetan Reddy,3,2
6735,Bhavana Nayak,Manjunath Reddy,3,2
6742,Joseph Rao,Vinutha Murthy,3,0
6751,Deepak Shetty,Girish Shetty,3,0
6752,Bhavana Nayak,Deepak Rao,3,2
6760,Girish Nayak,Nagaraj Iyengar,3,0
6772,Manjunath Iyengar,Ravi Nayak,3,1
6782,Anitha Shetty,Ravi Iyengar,3,0
6783,Lakshmi Reddy,Vinutha Patil,3,8
6784,Kiran Prasad,Lakshmi Reddy,3,8
6786,Chetan Kulkarni,Lakshmi Prasad,3,0
6791,Anitha Bhat,Vinutha Hegde,3,7
6799,Deepak Murthy,Suresh Prasad,3,0
6800,Ashwini Gowda,Deepak Murthy,3,0
6801,Ashwini Gowda,Suresh Prasad,3,0
6807,Basavaraj Iyengar,Manjunath Rao,3,3
6808,Lakshmi Prasad,Vinutha Reddy,3,0
6812,Basavaraj Iyengar,Lakshmi Prasad,3,3
6814,Manjunath Gowda,Nagaraj Patil,3,2
6826,Kiran Desai,Lakshmi Shetty,3,0
6828,Anitha Desai,Shivakumar Rao,3,0
6833,Girish Patil,Suresh Nayak,3,0
6836,Anitha Kumar,Anitha Naik,3,0
6848,Manjunath Murthy,Suresh Patil,3,0
6849,Fatima Shetty,Yashwanth Hegde,3,7
6851,Kiran Kumar,Lakshmi Prasad,3,0
6852,Girish Murthy,Lakshmi Hegde,3,1
6855,Deepak Nayak,Mary Hegde,3,5
6856,Bhavana Rao,Vinutha Kulkarni,3,0
6863,Anitha Patil,Bhavana Naik,3,3
6864,Basavaraj Hegde,Prakash Shetty,3,0
6866,Prakash Iyengar,Prakash Kumar,3,5
6878,Basavaraj Nayak,Suresh Murthy,3,0
6891,Pooja Desai,Shivakumar Desai,3,4
6900,Ashwini Prasad,Girish Reddy,3,0
6910,Anitha Murthy,Deepak Rao,3,7
6917,Kiran Murthy,Lakshmi Kumar,3,8
6918,Kiran Murthy,Mary Hegde,3,8
6919,Lakshmi Kumar,Mary Hegde,3,4
6929,Prakash Reddy,Vinutha Iyengar,3,0
6931,Pooja Murthy,Prakash Desai,3,0
6932,Ashwini Rao,Pooja Murthy,3,0
6933,Girish Rao,Pooja Murthy,3,0
6936,Manjunath Desai,Suresh Nayak,3,8
6941,Bhavana Hegde,Girish Naik,3,0
6944,Ashwini Iyengar,Rekha Hegde,3,4
6948,Mary Desai,Pooja Prasad,3,0
6950,Pooja Prasad,Rekha Murthy,3,7
6955,Fatima Kulkarni,Ravi Iyengar,3,3
6958,Nagaraj Rao,Ravi Iyengar,3,0
6960,Nagaraj Rao,Vinutha Reddy,3,0
6962,Ravi Iyengar,Vinutha Reddy,3,0
6964,Vinutha Kulkarni,Yashwanth Bhat,3,3
6967,Basavaraj Rao,Imran Gowda,3,0
6981,Anitha Kulkarni,Manjunath Naik,3,0
6982,Imran Nayak,Rekha Patil,3,0
7014,Prakash Shetty,Suresh Patil,3,0
7015,Deepak Patil,Girish Hegde,3,2
7027,Rekha Kulkarni,Vinutha Rao,3,0
7029,Joseph Reddy,Manjunath Patil,3,2
7032,Chetan Desai,Pooja Shetty,3,6
7037,Ashwini Prasad,Chetan Hegde,3,0
7039,Anitha Hegde,Basavaraj Hegde,3,0
7043,Bhavana Patil,Suresh Nayak,3,0
7050,Mary Reddy,Suresh Hegde,3,5
7051,Joseph Patil,Suresh Bhat,3,3
7065,Chetan Iyengar,Girish Reddy,3,0
7068,Girish Reddy,Yashwanth Hegde,3,0
7070,Rekha Rao,Yashwanth Hegde,3,0
7072,Prakash Prasad,Shivakumar Shetty,3,8
7077,Girish Murthy,Shivakumar Nayak,3,0
7078,Pooja Shetty,Yashwanth Desai,3,6
7081,Prakash Iyengar,Yashwanth Desai,3,5
7094,Vinutha Desai,Yashwanth Kumar,3,0
7095,Pooja Gowda,Vinutha Desai,3,3
7096,Joseph Desai,Vinutha Desai,3,0
7098,Joseph Desai,Yashwanth Kumar,3,0
7120,Lakshmi Naik,Ravi Patil,3,0
7140,Kiran Naik,Lakshmi Rao,3,7
7143,Lakshmi Rao,Vinutha Kumar,3,7
7149,Nagaraj Patil,Rekha Iyengar,3,2
7168,Deepak Desai,Vinutha Kumar,3,0
7170,Fatima Desai,Shivakumar Patil,3,0
7174,Manjunath Reddy,Nagaraj Rao,3,0
7177,Pooja Reddy,Yashwanth Patil,3,0
7184,Basavaraj Naik,Kiran Nayak,3,0
7191,Shivakumar Kumar,Vinutha Kulkarni,3,0
7197,Ashwini Reddy,Manjunath Naik,3,0
7198,Bhavana Nayak,Ravi Rao,3,2
7213,Chetan Hegde,Manjunath Kumar,3,3
7214,Fatima Murthy,Manjunath Kumar,3,3
7217,Basavaraj Prasad,Mary Gowda,3,0
7229,Rekha Reddy,Suresh Nayak,3,0
7235,Bhavana Patil,Fatima Shetty,3,7
7249,Deepak Reddy,Mary Bhat,3,0
7252,Vinutha Gowda,Vinutha Rao,3,0
7256,Bhavana Gowda,Mary Murthy,3,1
7259,Deepak Nayak,Pooja Naik,3,0
7260,Mary Desai,Suresh Patil,3,0
7270,Bhavana Murthy,Girish Kulkarni,3,5
7271,Lakshmi Nayak,Mary Kulkarni,3,1
7272,Rekha Kulkarni,Suresh Rao,3,0
7293,Basavaraj Murthy,Yashwanth Murthy,3,6
7299,Anitha Reddy,Joseph Desai,3,0
7301,Girish Murthy,Rekha Prasad,3,0
7308,Kiran Hegde,Shivakumar Naik,3,3
7309,Fatima Hegde,Kiran Hegde,3,3
7314,Anitha Iyengar,Girish Patil,3,0
7315,Anitha Iyengar,Suresh Reddy,3,0
7319,Bhavana Gowda,Bhavana Rao,3,1
7325,Lakshmi Shetty,Vinutha Gowda,3,0
7326,Fatima Desai,Vinutha Gowda,3,0
7327,Fatima Desai,Lakshmi Shetty,3,0
7329,Lakshmi Kulkarni,Lakshmi Naik,3,0
7330,Lakshmi Kulkarni,Lakshmi Patil,3,0
7337,Basavaraj Kumar,Imran Kulkarni,3,0
7346,Bhavana Patil,Fatima Reddy,3,0
7347,Fatima Reddy,Nagaraj Prasad,3,0
7351,Rekha Rao,Vinutha Hegde,3,0
7357,Nagaraj Naik,Shivakumar Naik,3,5
7362,Fatima Rao,Vinutha Shetty,3,0
7365,Deepak Prasad,Joseph Nayak,3,0
7371,Joseph Naik,Manjunath Patil,3,5
7374,Lakshmi Kulkarni,Mary Reddy,3,5
7388,Basavaraj Patil,Suresh Murthy,3,2
7392,Basavaraj Kumar,Yashwanth Murthy,3,6
7397,Lakshmi Patil,Pooja Kulkarni,3,0
7399,Chetan Bhat,Pooja Kulkarni,3,0
7402,Chetan Bhat,Kiran Desai,3,0
7409,Ravi Shetty,Suresh Patil,3,0
7413,Nagaraj Rao,Yashwanth Patil,3,0
7415,Mary Patil,Yashwanth Patil,3,0
7417,Prakash Naik,Rekha Reddy,3,2
7430,Joseph Nayak,Ravi Hegde,3,0
7434,Fatima Kumar,Shivakumar Hegde,3,1
7436,Ravi Desai,Yashwanth Rao,3,0
7475,Nagaraj Patil,Suresh Nayak,3,2
7482,Fatima Shetty,Nagaraj Desai,3,7
7507,Kiran Desai,Rekha Murthy,3,7
7517,Rekha Nayak,Suresh Iyengar,3,8
7524,Lakshmi Iyengar,Prakash Iyengar,3,5
7526,Ashwini Bhat,Lakshmi Iyengar,3,0
7552,Bhavana Nayak,Shivakumar Nayak,3,2
7564,Girish Patil,Suresh Prasad,3,0
7565,Manjunath Reddy,Suresh Prasad,3,0
7569,Basavaraj Gowda,Deepak Gowda,3,0
7577,Prakash Hegde,Prakash Kumar,3,0
7585,Deepak Kumar,Fatima Iyengar,3,1
7586,Fatima Iyengar,Manjunath Murthy,3,1
7595,Ashwini Naik,Ravi Shetty,3,5
7596,Prakash Bhat,Ravi Shetty,3,0
7599,Lakshmi Kumar,Manjunath Kulkarni,3,4
7615,Anitha Naik,Fatima Iyengar,3,1
7616,Anitha Naik,Manjunath Patil,3,0
7627,Chetan Kulkarni,Yashwanth Desai,3,0
7630,Lakshmi Nayak,Shivakumar Shetty,3,1
7632,Lakshmi Nayak,Rekha Patil,3,1
7641,Bhavana Naik,Mary Nayak,3,3
7648,Basavaraj Kumar,Pooja Murthy,3,0
7649,Joseph Nayak,Vinutha Prasad,3,0
7654,Basavaraj Reddy,Shivakumar Naik,3,5
7659,Lakshmi Naik,Manjunath Rao,3,0
7663,Joseph Nayak,Prakash Prasad,3,0
7664,Joseph Nayak,Rekha Desai,3,0
7672,Ashwini Murthy,Fatima Murthy,3,0
7676,Chetan Iyengar,Manjunath Naik,3,0
7684,Ravi Desai,Rekha Prasad,3,0
7691,Basavaraj Shetty,Girish Nayak,3,0
7694,Manjunath Naik,Manjunath Rao,3,0
7698,Joseph Bhat,Manjunath Naik,3,0
7700,Manjunath Naik,Nagaraj Iyengar,3,0
7703,Ashwini Shetty,Nagaraj Patil,3,2
7705,Mary Nayak,Prakash Murthy,3,0
7726,Deepak Shetty,Pooja Prasad,3,0
7741,Anitha Patil,Shivakumar Iyengar,3,0
7749,Bhavana Gowda,Fatima Kumar,3,1
7750,Girish Reddy,Shivakumar Naik,3,5
7756,Ashwini Desai,Manjunath Desai,3,8
7763,Basavaraj Kumar,Imran Shetty,3,0
7768,Mary Desai,Yashwanth Nayak,3,0
7780,Imran Rao,Pooja Gowda,3,8
7784,Chetan Prasad,Ravi Kumar,3,6
7787,Rekha Iyengar,Rekha Prasad,3,4
7797,Fatima Kulkarni,Joseph Shetty,3,3
7810,Chetan Murthy,Pooja Bhat,3,5
7825,Pooja Iyengar,Pooja Kumar,3,5
7830,Ashwini Shetty,Prakash Desai,3,0
7835,Fatima Kumar,Mary Naik,3,7
7839,Basavaraj Bhat,Mary Naik,3,2
7840,Basavaraj Bhat,Joseph Rao,3,2
7843,Imran Prasad,Shivakumar Nayak,3,0
7852,Chetan Naik,Prakash Prasad,3,0
7855,Imran Nayak,Shivakumar Prasad,3,0
7863,Basavaraj Kumar,Chetan Kulkarni,3,0
7866,Girish Rao,Nagaraj Kulkarni,3,4
7868,Deepak Murthy,Suresh Iyengar,3,0
7870,Ashwini Bhat,Lakshmi Rao,3,7
7872,Deepak Iyengar,Mary Bhat,3,3
7874,Lakshmi Gowda,Mary Bhat,3,0
7878,Chetan Nayak,Rekha Hegde,3,0
7886,Chetan Shetty,Mary Gowda,3,0
7890,Anitha Kumar,Fatima Patil,3,0
7892,Basavaraj Reddy,Suresh Murthy,3,0
7900,Chetan Rao,Suresh Hegde,3,0
7901,Imran Kumar,Manjunath Nayak,3,5
7910,Chetan Kumar,Prakash Gowda,3,0
7911,Chetan Kumar,Yashwanth Patil,3,0
7913,Basavaraj Bhat,Manjunath Murthy,3,2
7914,Anitha Rao,Yashwanth Gowda,3,4
7915,Anitha Rao,Chetan Bhat,3,4
7919,Fatima Kumar,Girish Nayak,3,0
7920,Girish Murthy,Vinutha Rao,3,0
7924,Kiran Kulkarni,Rekha Murthy,3,5
7929,Manjunath Prasad,Ravi Desai,3,0
7950,Deepak Kumar,Suresh Kumar,3,0
7957,Chetan Bhat,Kiran Hegde,3,3
7961,Anitha Patil,Joseph Reddy,3,2
7962,Suresh Prasad,Vinutha Patil,3,2
7967,Joseph Murthy,Mary Patil,3,0
7968,Joseph Kulkarni,Rekha Iyengar,3,4
7980,Chetan Reddy,Manjunath Shetty,3,1
7985,Ashwini Murthy,Fatima Patil,3,0
7993,Nagaraj Reddy,Yashwanth Reddy,3,7
7994,Nagaraj Gowda,Suresh Gowda,3,0
7998,Anitha Naik,Mary Bhat,3,0
8003,Chetan Iyengar,Kiran Gowda,3,0
8007,Mary Iyengar,Pooja Desai,3,0
8009,Pooja Rao,Rekha Murthy,3,7
8014,Fatima Hegde,Suresh Gowda,3,0
8017,Chetan Reddy,Shivakumar Kumar,3,1
8022,Pooja Kulkarni,Vinutha Nayak,3,0
8023,Bhavana Murthy,Pooja Kulkarni,3,0
8024,Chetan Gowda,Rekha Murthy,3,7
8029,Bhavana Kulkarni,Chetan Nayak,3,0
8047,Anitha Reddy,Manjunath Prasad,3,0
8053,Girish Kulkarni,Yashwanth Patil,3,5
8064,Fatima Prasad,Mary Kulkarni,3,0
8068,Girish Hegde,Shivakumar Bhat,3,4
8079,Anitha Patil,Manjunath Kulkarni,3,0
8080,Deepak Rao,Kiran Murthy,3,7
8085,Prakash Iyengar,Shivakumar Kumar,3,5
8089,Bhavana Rao,Kiran Murthy,3,8
8090,Bhavana Rao,Ravi Hegde,3,0
8097,Ravi Prasad,Suresh Reddy,3,0
8101,Fatima Rao,Imran Reddy,3,0
8102,Imran Nayak,Imran Reddy,3,0
8103,Fatima Rao,Imran Nayak,3,0
8106,Deepak Hegde,Fatima Shetty,3,7
8108,Imran Gowda,Shivakumar Naik,3,5
8111,Basavaraj Patil,Lakshmi Kulkarni,3,2
8114,Bhavana Naik,Girish Prasad,3,3
8119,Lakshmi Nayak,Yashwanth Reddy,3,1
8131,Bhavana Hegde,Manjunath Bhat,3,0
8132,Shivakumar Patil,Suresh Nayak,3,0
8142,Manjunath Shetty,Prakash Kumar,3,4
8146,Mary Kumar,Suresh Kulkarni,3,0
8147,Ashwini Reddy,Chetan Gowda,3,0
8157,Imran Iyengar,Prakash Gowda,3,0
8159,Bhavana Reddy,Suresh Reddy,3,0
8160,Bhavana Reddy,Pooja Hegde,3,0
8167,Chetan Kulkarni,Joseph Prasad,3,0
8169,Basavaraj Desai,Rekha Desai,3,0
8174,Pooja Gowda,Pooja Kumar,3,3
8176,Kiran Nayak,Mary Murthy,3,8
8182,Lakshmi Nayak,Suresh Reddy,3,1
8186,Deepak Shetty,Mary Shetty,3,0
8190,Basavaraj Nayak,Kiran Patil,3,0
8192,Imran Naik,Rekha Gowda,3,0
8211,Rekha Shetty,Vinutha Desai,3,3
8214,Rekha Shetty,Yashwanth Kulkarni,3,3
8219,Rekha Gowda,Yashwanth Shetty,3,0
8226,Chetan Prasad,Shivakumar Bhat,3,6
8230,Chetan Prasad,Prakash Naik,3,6
8237,Lakshmi Iyengar,Manjunath Kumar,3,3
8239,Lakshmi Iyengar,Nagaraj Hegde,3,0
8244,Nagaraj Hegde,Ravi Bhat,3,0
8253,Anitha Desai,Manjunath Bhat,3,0
8257,Mary Kulkarni,Vinutha Gowda,3,0
8271,Manjunath Shetty,Rekha Reddy,3,4
8278,Anitha Hegde,Deepak Patil,3,2
8285,Deepak Patil,Rekha Naik,3,2
8311,Deepak Rao,Vinutha Prasad,3,7
8313,Bhavana Kulkarni,Vinutha Patil,3,2
8318,Girish Gowda,Nagaraj Kulkarni,3,6
8321,Nagaraj Naik,Nagaraj Rao,3,0
8331,Ashwini Hegde,Joseph Prasad,3,0
8332,Ashwini Hegde,Mary Reddy,3,5
8333,Joseph Prasad,Mary Reddy,3,5
8340,Anitha Reddy,Manjunath Gowda,3,0
8343,Manjunath Kulkarni,Rekha Murthy,3,7
8347,Manjunath Kulkarni,Yashwanth Murthy,3,6
8352,Lakshmi Iyengar,Pooja Iyengar,3,5
8355,Ashwini Desai,Pooja Hegde,3,0
8360,Deepak Kumar,Shivakumar Hegde,3,1
8361,Ashwini Bhat,Rekha Murthy,3,7
8368,Deepak Shetty,Shivakumar Patil,3,0
8371,Manjunath Desai,Suresh Reddy,3,8
8375,Ashwini Bhat,Basavaraj Reddy,3,0
8384,Manjunath Desai,Suresh Kumar,3,8
8385,Imran Gowda,Suresh Kumar,3,0
8391,Ashwini Hegde,Nagaraj Bhat,3,3
8393,Lakshmi Murthy,Mary Naik,3,7
8394,Lakshmi Murthy,Lakshmi Rao,3,7
8395,Lakshmi Rao,Mary Naik,3,7
8398,Girish Kulkarni,Vinutha Patil,3,5
8404,Anitha Nayak,Manjunath Desai,3,8
8425,Ashwini Patil,Pooja Kumar,3,8
8433,Prakash Nayak,Rekha Murthy,3,7
8434,Manjunath Hegde,Rekha Murthy,3,7
8439,Manjunath Hegde,Prakash Nayak,3,0
8445,Anitha Kumar,Chetan Rao,3,0
8448,Chetan Iyengar,Kiran Prasad,3,0
8464,Nagaraj Gowda,Yashwanth Murthy,3,6
8470,Ashwini Shetty,Yashwanth Nayak,3,0
8490,Basavaraj Naik,Manjunath Kumar,3,3
8503,Girish Hegde,Shivakumar Desai,3,4
8509,Anitha Murthy,Shivakumar Gowda,3,3
8513,Ravi Desai,Suresh Desai,3,0
8519,Pooja Bhat,Prakash Reddy,3,5
8522,Basavaraj Prasad,Rekha Reddy,3,0
8525,Girish Desai,Rekha Gowda,3,0
8531,Basavaraj Iyengar,Deepak Naik,3,3
8539,Ashwini Iyengar,Nagaraj Iyengar,3,4
8542,Pooja Naik,Prakash Bhat,3,0
8543,Chetan Kulkarni,Nagaraj Shetty,3,0
8546,Anitha Prasad,Nagaraj Shetty,3,0
8550,Anitha Prasad,Basavaraj Reddy,3,0
8553,Kiran Patil,Pooja Naik,3,0
8573,Anitha Prasad,Chetan Hegde,3,0
8576,Pooja Iyengar,Pooja Shetty,3,5
8578,Girish Desai,Shivakumar Prasad,3,0
8583,Anitha Kumar,Suresh Rao,3,0
8592,Nagaraj Prasad,Pooja Shetty,3,6
8593,Nagaraj Prasad,Rekha Reddy,3,0
8612,Bhavana Nayak,Vinutha Iyengar,3,2
8613,Imran Murthy,Vinutha Iyengar,3,0
8615,Suresh Kumar,Yashwanth Patil,3,0
8621,Bhavana Iyengar,Vinutha Hegde,3,0
8623,Nagaraj Iyengar,Vinutha Hegde,3,0
8626,Imran Gowda,Kiran Naik,3,0
8632,Imran Gowda,Pooja Hegde,3,0
8635,Kiran Patil,Pooja Hegde,3,0
8647,Bhavana Reddy,Shivakumar Murthy,3,0
8657,Chetan Nayak,Manjunath Nayak,3,5
8658,Imran Reddy,Manjunath Nayak,3,5
8673,Girish Nayak,Imran Gowda,3,0
8694,Joseph Shetty,Vinutha Shetty,3,4
8695,Lakshmi Murthy,Vinutha Shetty,3,0
8698,Nagaraj Kumar,Prakash Prasad,3,0
8701,Pooja Kumar,Yashwanth Patil,3,8
8703,Fatima Gowda,Yashwanth Prasad,3,1
8710,Anitha Iyengar,Imran Desai,3,8
8724,Kiran Murthy,Lakshmi Shetty,3,8
8745,Imran Reddy,Manjunath Gowda,3,0
8746,Bhavana Rao,Ravi Gowda,3,3
8753,Basavaraj Kulkarni,Shivakumar Shetty,3,8
8760,Anitha Prasad,Basavaraj Shetty,3,0
8779,Ravi Reddy,Suresh Iyengar,3,1
8783,Basavaraj Naik,Prakash Rao,3,0
8788,Anitha Nayak,Joseph Rao,3,0
8790,Lakshmi Kumar,Manjunath Gowda,3,4
8800,Prakash Shetty,Yashwanth Kumar,3,0
8804,Imran Gowda,Manjunath Gowda,3,0
8805,Imran Gowda,Kiran Shetty,3,0
8806,Imran Gowda,Suresh Desai,3,0
8811,Manjunath Gowda,Suresh Desai,3,0
8812,Kiran Shetty,Suresh Desai,3,0
8823,Deepak Iyengar,Yashwanth Nayak,3,3
8827,Deepak Murthy,Prakash Reddy,3,0
8831,Ashwini Kumar,Chetan Shetty,3,0
8847,Imran Nayak,Manjunath Iyengar,3,0
8866,Anitha Prasad,Mary Hegde,3,5
8881,Ashwini Iyengar,Kiran Murthy,3,4
8890,Girish Hegde,Nagaraj Gowda,3,4
8893,Ashwini Desai,Basavaraj Nayak,3,0
8903,Chetan Shetty,Ravi Shetty,3,0
8908,Rekha Patil,Suresh Patil,3,0
8913,Mary Bhat,Nagaraj Hegde,3,0
8915,Ashwini Shetty,Vinutha Murthy,3,0
8917,Deepak Prasad,Vinutha Murthy,3,0
8918,Ashwini Shetty,Nagaraj Hegde,3,0
8922,Imran Iyengar,Ravi Rao,3,0
8931,Deepak Gowda,Shivakumar Patil,3,0
8938,Mary Shetty,Yashwanth Gowda,3,0
8943,Pooja Bhat,Shivakumar Shetty,3,5
8945,Rekha Naik,Shivakumar Shetty,3,8
8949,Bhavana Shetty,Lakshmi Patil,3,0
8954,Imran Murthy,Shivakumar Desai,3,4
8962,Imran Kumar,Pooja Nayak,3,0
8964,Imran Kumar,Manjunath Kulkarni,3,0
8968,Kiran Prasad,Vinutha Gowda,3,0
8970,Vinutha Gowda,Vinutha Murthy,3,0
8973,Joseph Prasad,Nagaraj Hegde,3,0
8990,Joseph Nayak,Ravi Kulkarni,3,0
8991,Basavaraj Desai,Rekha Nayak,3,8
8992,Deepak Patil,Rekha Nayak,3,2
8993,Ravi Kulkarni,Rekha Nayak,3,8
9013,Basavaraj Reddy,Deepak Nayak,3,0
9023,Basavaraj Murthy,Nagaraj Kumar,3,0
9030,Imran Murthy,Yashwanth Patil,3,0
9031,Nagaraj Nayak,Yashwanth Patil,3,0
9032,Anitha Patil,Bhavana Nayak,3,2
9036,Basavaraj Shetty,Lakshmi Prasad,3,0
9037,Basavaraj Shetty,Vinutha Nayak,3,0
9043,Girish Nayak,Ravi Bhat,3,0
9044,Prakash Rao,Yashwanth Hegde,3,0
9051,Chetan Murthy,Fatima Desai,3,0
9057,Imran Nayak,Prakash Iyengar,3,5
9062,Chetan Rao,Deepak Prasad,3,0
9070,Ashwini Nayak,Fatima Kumar,3,0
9081,Suresh Murthy,Suresh Patil,3,0
9084,Kiran Murthy,Lakshmi Patil,3,8
9088,Basavaraj Bhat,Pooja Murthy,3,2
9101,Rekha Desai,Shivakumar Bhat,3,0
9103,Vinutha Iyengar,Yashwanth Patil,3,0
9104,Fatima Bhat,Nagaraj Hegde,3,0
9114,Pooja Gowda,Rekha Hegde,3,3
9119,Mary Desai,Rekha Hegde,3,0
9120,Prakash Patil,Ravi Patil,3,0
9121,Ravi Patil,Vinutha Naik,3,0
9123,Rekha Murthy,Yashwanth Bhat,3,7
9131,Manjunath Shetty,Vinutha Rao,3,4
9132,Girish Nayak,Vinutha Rao,3,0
9133,Lakshmi Reddy,Vinutha Rao,3,8
9134,Deepak Kulkarni,Vinutha Rao,3,0
9137,Deepak Kulkarni,Manjunath Shetty,3,4
9141,Imran Gowda,Ravi Desai,3,0
9143,Imran Gowda,Mary Murthy,3,8
9147,Anitha Kumar,Ashwini Naik,3,5
9150,Prakash Prasad,Suresh Rao,3,0
9151,Fatima Kulkarni,Girish Gowda,3,3
9175,Kiran Reddy,Mary Kulkarni,3,7
9185,Nagaraj Prasad,Rekha Kumar,3,0
9196,Basavaraj Desai,Suresh Hegde,3,0
9198,Nagaraj Reddy,Pooja Desai,3,7
9213,Girish Hegde,Prakash Iyengar,3,4
9226,Girish Murthy,Kiran Patil,3,0
9229,Kiran Patil,Prakash Murthy,3,0
9239,Imran Prasad,Nagaraj Patil,3,2
9242,Joseph Kumar,Vinutha Nayak,3,2
9243,Kiran Prasad,Prakash Hegde,3,0
9244,Bhavana Reddy,Manjunath Shetty,3,4
9245,Basavaraj Bhat,Lakshmi Shetty,3,2
9248,Basavaraj Bhat,Pooja Shetty,3,2
9249,Deepak Reddy,Lakshmi Nayak,3,1
9250,Bhavana Iyengar,Fatima Nayak,3,0
9256,Rekha Bhat,Yashwanth Murthy,3,6
9264,Ashwini Shetty,Manjunath Patil,3,0
9270,Deepak Bhat,Vinutha Hegde,3,0
9271,Prakash Patil,Yashwanth Kumar,3,0
9280,Imran Nayak,Ravi Rao,3,0
9283,Joseph Nayak,Mary Hegde,3,5
9289,Chetan Naik,Nagaraj Kumar,3,0
9292,Joseph Prasad,Shivakumar Naik,3,5
9300,Fatima Kumar,Joseph Iyengar,3,6
9307,Anitha Nayak,Rekha Rao,3,0
9309,Manjunath Iyengar,Vinutha Gowda,3,0
9314,Fatima Shetty,Shivakumar Rao,3,7
9334,Ravi Nayak,Yashwanth Kulkarni,3,1
9340,Pooja Patil,Rekha Reddy,3,0
9341,Rekha Reddy,Suresh Kumar,3,0
9342,Nagaraj Gowda,Rekha Reddy,3,0
9343,Nagaraj Gowda,Pooja Patil,3,0
9349,Imran Rao,Prakash Rao,3,8
9353,Chetan Kulkarni,Deepak Nayak,3,0
9364,Lakshmi Prasad,Shivakumar Rao,3,0
9374,Deepak Iyengar,Pooja Iyengar,3,3
9388,Deepak Hegde,Imran Naik,3,0
9393,Basavaraj Rao,Yashwanth Desai,3,0
9401,Ashwini Desai,Ashwini Shetty,3,0
9411,Basavaraj Hegde,Fatima Iyengar,3,1
9412,Fatima Iyengar,Prakash Rao,3,1
9419,Deepak Shetty,Prakash Shetty,3,0
9422,Ashwini Murthy,Prakash Kulkarni,3,7
9423,Prakash Kulkarni,Suresh Reddy,3,7
9431,Chetan Kulkarni,Prakash Kulkarni,3,7
9432,Chetan Kulkarni,Nagaraj Desai,3,0
9455,Kiran Prasad,Shivakumar Nayak,3,0
9461,Anitha Patil,Anitha Rao,3,4
9463,Lakshmi Gowda,Yashwanth Bhat,3,3
9464,Basavaraj Hegde,Chetan Desai,3,0
9465,Basavaraj Rao,Girish Kumar,3,0
9468,Deepak Hegde,Manjunath Iyengar,3,0
9469,Manjunath Kumar,Nagaraj Iyengar,3,3
9470,Lakshmi Shetty,Manjunath Kumar,3,3
9477,Girish Desai,Mary Iyengar,3,0
9478,Ashwini Shetty,Suresh Patil,3,0
9484,Chetan Nayak,Suresh Shetty,3,0
9497,Girish Shetty,Manjunath Kumar,3,3
9500,Chetan Hegde,Nagaraj Bhat,3,3
9505,Joseph Iyengar,Rekha Rao,3,6
9509,Anitha Reddy,Shivakumar Prasad,3,0
9515,Deepak Patil,Kiran Patil,3,2
9516,Kiran Patil,Vinutha Naik,3,0
9524,Imran Shetty,Manjunath Desai,3,8
9525,Imran Shetty,Vinutha Kulkarni,3,0
9536,Basavaraj Patil,Mary Prasad,3,2
9537,Anitha Kumar,Yashwanth Hegde,3,0
9546,Imran Patil,Rekha Murthy,3,7
9552,Fatima Kumar,Shivakumar Shetty,3,8
9565,Ravi Bhat,Yashwanth Reddy,3,5
9577,Fatima Gowda,Manjunath Prasad,3,1
9582,Ravi Kumar,Vinutha Iyengar,3,0
9588,Girish Patil,Ravi Kumar,3,0
9589,Mary Hegde,Pooja Rao,3,5
9597,Bhavana Rao,Girish Reddy,3,0
9614,Fatima Desai,Prakash Reddy,3,0
9620,Deepak Murthy,Fatima Kumar,3,0
9623,Basavaraj Hegde,Mary Bhat,3,0
9625,Bhavana Shetty,Mary Bhat,3,0
9626,Mary Murthy,Yashwanth Murthy,3,8
9628,Mary Murthy,Yashwanth Kulkarni,3,8
9638,Chetan Bhat,Vinutha Gowda,3,0
9645,Girish Shetty,Yashwanth Gowda,3,0
9655,Pooja Naik,Prakash Rao,3,0
9657,Girish Patil,Imran Patil,3,0
9661,Imran Patil,Kiran Hegde,3,3
9666,Kiran Kumar,Vinutha Nayak,3,0
9673,Bhavana Shetty,Vinutha Hegde,3,0
9675,Basavaraj Desai,Bhavana Shetty,3,0
9677,Manjunath Shetty,Nagaraj Kumar,3,4
9680,Joseph Bhat,Ravi Rao,3,0
9682,Fatima Patil,Manjunath Shetty,3,4
9683,Fatima Gowda,Manjunath Shetty,3,1
9692,Imran Prasad,Suresh Desai,3,0
9693,Pooja Bhat,Suresh Desai,3,5
9697,Suresh Bhat,Suresh Gowda,3,7
9704,Basavaraj Iyengar,Pooja Shetty,3,3
9710,Manjunath Patil,Shivakumar Rao,3,0
9717,Ravi Bhat,Yashwanth Bhat,3,3
9718,Prakash Hegde,Ravi Bhat,3,0
9719,Prakash Hegde,Yashwanth Bhat,3,3
9722,Kiran Rao,Rekha Iyengar,3,4
9725,Lakshmi Murthy,Yashwanth Kumar,3,0
9729,Basavaraj Patil,Suresh Desai,3,2
9734,Basavaraj Desai,Shivakumar Murthy,3,0
9742,Joseph Shetty,Mary Shetty,3,4
9747,Lakshmi Kumar,Manjunath Reddy,3,4
9749,Fatima Bhat,Ravi Desai,3,0
9771,Shivakumar Kumar,Vinutha Reddy,3,0
9773,Ashwini Murthy,Imran Naik,3,0
9784,Joseph Prasad,Shivakumar Hegde,3,1
9791,Joseph Shetty,Nagaraj Hegde,3,4
9793,Pooja Shetty,Vinutha Rao,3,6
9796,Bhavana Gowda,Joseph Nayak,3,1
9798,Girish Desai,Girish Kulkarni,3,5
9800,Kiran Hegde,Manjunath Patil,3,3
9815,Deepak Prasad,Fatima Desai,3,0
9821,Ashwini Desai,Lakshmi Naik,3,0
9830,Joseph Desai,Pooja Bhat,3,5
9852,Prakash Bhat,Rekha Desai,3,0
9854,Anitha Kumar,Girish Bhat,3,6
9862,Bhavana Desai,Ravi Nayak,3,5
9865,Ashwini Reddy,Manjunath Shetty,3,4
9866,Manjunath Shetty,Ravi Naik,3,4
9874,Ashwini Rao,Vinutha Iyengar,3,0
9876,Deepak Rao,Vinutha Iyengar,3,7
9879,Lakshmi Iyengar,Vinutha Prasad,3,0
9881,Deepak Prasad,Lakshmi Iyengar,3,0
9889,Bhavana Prasad,Fatima Shetty,3,3
9894,Kiran Naik,Rekha Reddy,3,0
9895,Basavaraj Shetty,Joseph Naik,3,5
9902,Fatima Naik,Shivakumar Hegde,3,1
9909,Shivakumar Bhat,Suresh Kumar,3,0
9919,Ashwini Prasad,Joseph Patil,3,3
9936,Bhavana Nayak,Rekha Shetty,3,2
9938,Bhavana Nayak,Mary Reddy,3,2
9939,Bhavana Rao,Joseph Shetty,3,4
9940,Bhavana Rao,Shivakumar Patil,3,0
9944,Joseph Naik,Pooja Naik,3,5
9945,Chetan Kulkarni,Rekha Reddy,3,0
9946,Chetan Kulkarni,Girish Naik,3,0
9948,Girish Kulkarni,Imran Iyengar,3,5
9950,Joseph Iyengar,Prakash Reddy,3,6
9961,Basavaraj Bhat,Bhavana Murthy,3,2
9965,Lakshmi Nayak,Nagaraj Shetty,3,1
9966,Kiran Murthy,Lakshmi Nayak,3,8
9975,Imran Gowda,Prakash Kumar,3,0
10014,Chetan Patil,Girish Hegde,3,4
10016,Bhavana Desai,Ravi Prasad,3,5
10019,Imran Reddy,Suresh Prasad,3,0
10021,Pooja Kulkarni,Suresh Prasad,3,0
10022,Ashwini Hegde,Deepak Rao,3,7
10026,Ashwini Hegde,Fatima Patil,3,0
10037,Deepak Kumar,Mary Murthy,3,8
10041,Deepak Kumar,Deepak Rao,3,7
10042,Fatima Murthy,Manjunath Iyengar,3,0
10060,Basavaraj Naik,Prakash Kulkarni,3,7
10071,Nagaraj Gowda,Ravi Bhat,3,0
10079,Ashwini Bhat,Shivakumar Murthy,3,0
10080,Pooja Nayak,Ravi Desai,3,0
10085,Chetan Bhat,Manjunath Iyengar,3,0
10087,Deepak Naik,Ravi Shetty,3,0
10103,Girish Nayak,Manjunath Prasad,3,0
10104,Fatima Shetty,Ravi Prasad,3,7
10114,Fatima Kulkarni,Nagaraj Prasad,3,3
10115,Deepak Hegde,Shivakumar Murthy,3,0
10124,Kiran Naik,Mary Desai,3,0
10128,Ashwini Naik,Rekha Gowda,3,5
10131,Girish Nayak,Imran Reddy,3,0
10132,Fatima Murthy,Girish Reddy,3,0
10134,Bhavana Gowda,Lakshmi Desai,3,1
10135,Bhavana Gowda,Joseph Iyengar,3,1
10140,Basavaraj Patil,Joseph Reddy,3,2
10143,Fatima Naik,Ravi Shetty,3,0
10144,Chetan Iyengar,Shivakumar Desai,3,4
10145,Rekha Bhat,Shivakumar Rao,3,0
10162,Anitha Prasad,Basavaraj Gowda,3,0
10165,Chetan Kulkarni,Yashwanth Kulkarni,3,0
10166,Rekha Rao,Yashwanth Gowda,3,0
10175,Suresh Nayak,Yashwanth Hegde,3,0
10188,Anitha Patil,Prakash Rao,3,0
10189,Pooja Gowda,Pooja Nayak,3,3
10209,Girish Shetty,Nagaraj Reddy,3,7
10233,Girish Iyengar,Yashwanth Kumar,3,0
10239,Chetan Iyengar,Vinutha Desai,3,0
10240,Nagaraj Nayak,Vinutha Desai,3,0
10251,Joseph Desai,Pooja Murthy,3,0
10269,Chetan Kumar,Shivakumar Shetty,3,8
10276,Deepak Shetty,Rekha Gowda,3,0
10281,Prakash Reddy,Rekha Reddy,3,0
10285,Anitha Hegde,Mary Murthy,3,8
10295,Anitha Patil,Shivakumar Shetty,3,8
10300,Bhavana Iyengar,Rekha Murthy,3,7
10301,Anitha Patil,Rekha Murthy,3,7
10312,Suresh Murthy,Vinutha Patil,3,2
10318,Imran Kumar,Nagaraj Naik,3,0
10324,Chetan Reddy,Prakash Shetty,3,1
10327,Pooja Bhat,Pooja Prasad,3,5
10331,Bhavana Nayak,Deepak Prasad,3,2
10333,Anitha Reddy,Kiran Nayak,3,0
10336,Kiran Hegde,Shivakumar Gowda,3,3
10337,Manjunath Kumar,Shivakumar Gowda,3,3
10344,Chetan Gowda,Mary Shetty,3,0
10353,Lakshmi Shetty,Suresh Shetty,3,0
10357,Bhavana Naik,Ravi Bhat,3,3
10358,Bhavana Naik,Imran Prasad,3,3
10363,Imran Prasad,Pooja Rao,3,7
10365,Girish Naik,Nagaraj Bhat,3,3
10367,Fatima Kulkarni,Mary Murthy,3,3
10374,Prakash Prasad,Ravi Rao,3,0
10384,Nagaraj Bhat,Shivakumar Nayak,3,3
10386,Basavaraj Shetty,Nagaraj Bhat,3,3
10388,Bhavana Naik,Nagaraj Bhat,3,3
10394,Girish Murthy,Rekha Desai,3,0
10397,Basavaraj Bhat,Imran Bhat,3,2
10399,Basavaraj Bhat,Suresh Hegde,3,2
10406,Bhavana Shetty,Mary Rao,3,0
10408,Bhavana Shetty,Yashwanth Rao,3,0
10415,Joseph Nayak,Manjunath Reddy,3,0
10425,Anitha Iyengar,Deepak Naik,3,0
10426,Anitha Murthy,Yashwanth Rao,3,0
10428,Bhavana Patil,Lakshmi Shetty,3,0
10443,Kiran Iyengar,Nagaraj Nayak,3,0
10445,Chetan Desai,Nagaraj Kulkarni,3,4
10447,Girish Desai,Yashwanth Iyengar,3,7
10456,Nagaraj Murthy,Ravi Nayak,3,1
10458,Shivakumar Naik,Vinutha Gowda,3,5
10464,Manjunath Desai,Yashwanth Reddy,3,8
10470,Girish Iyengar,Mary Hegde,3,5
10474,Bhavana Nayak,Yashwanth Hegde,3,2
10476,Bhavana Hegde,Mary Desai,3,0
10486,Nagaraj Desai,Prakash Gowda,3,0
10492,Basavaraj Iyengar,Suresh Patil,3,3
10495,Basavaraj Iyengar,Pooja Gowda,3,3
10504,Basavaraj Shetty,Suresh Iyengar,3,0
10505,Suresh Iyengar,Yashwanth Prasad,3,0
10506,Basavaraj Shetty,Yashwanth Prasad,3,0
10507,Imran Murthy,Imran Nayak,3,0
10521,Basavaraj Rao,Joseph Patil,3,3
10537,Fatima Kumar,Shivakumar Murthy,3,0
10538,Lakshmi Hegde,Suresh Hegde,3,1
10542,Rekha Gowda,Vinutha Bhat,3,0
10556,Girish Prasad,Kiran Naik,3,0
10561,Girish Murthy,Mary Naik,3,7
10564,Rekha Reddy,Vinutha Naik,3,0
10567,Ashwini Rao,Shivakumar Kulkarni,3,0
10575,Joseph Kulkarni,Prakash Bhat,3,0
10588,Ravi Murthy,Vinutha Reddy,3,0
10595,Girish Kulkarni,Rekha Desai,3,5
10598,Chetan Iyengar,Vinutha Iyengar,3,0
10601,Girish Nayak,Shivakumar Reddy,3,0
10605,Girish Nayak,Ravi Murthy,3,0
10607,Rekha Iyengar,Shivakumar Prasad,3,4
10611,Fatima Murthy,Rekha Kumar,3,0
10621,Lakshmi Kumar,Vinutha Reddy,3,4
10624,Pooja Shetty,Vinutha Bhat,3,6
10628,Imran Shetty,Manjunath Kulkarni,3,0
10634,Lakshmi Patil,Yashwanth Rao,3,0
10637,Girish Hegde,Imran Gowda,3,4
10640,Basavaraj Patil,Yashwanth Hegde,3,2
10647,Pooja Shetty,Shivakumar Nayak,3,6
10648,Manjunath Desai,Mary Reddy,3,8
10649,Mary Reddy,Prakash Rao,3,5
10650,Manjunath Desai,Prakash Rao,3,8
10651,Shivakumar Prasad,Suresh Nayak,3,0
10655,Bhavana Bhat,Bhavana Gowda,3,1
10657,Deepak Rao,Manjunath Gowda,3,7
10658,Imran Iyengar,Pooja Desai,3,0
10666,Pooja Kumar,Ravi Naik,3,8
10669,Deepak Kumar,Yashwanth Iyengar,3,7
10671,Ashwini Naik,Vinutha Kulkarni,3,5
10681,Anitha Desai,Mary Reddy,3,5
10686,Girish Murthy,Imran Shetty,3,0
10691,Girish Murthy,Shivakumar Rao,3,0
10702,Suresh Naik,Yashwanth Reddy,3,5
10703,Deepak Patil,Nagaraj Bhat,3,2
10711,Deepak Rao,Lakshmi Hegde,3,7
10714,Basavaraj Hegde,Imran Gowda,3,0
10721,Imran Murthy,Pooja Murthy,3,0
10728,Fatima Rao,Kiran Gowda,3,0
10729,Kiran Gowda,Ravi Prasad,3,0
10732,Bhavana Desai,Girish Bhat,3,5
10747,Deepak Naik,Shivakumar Kumar,3,0
10748,Deepak Naik,Joseph Reddy,3,2
10750,Manjunath Iyengar,Shivakumar Patil,3,0
10753,Pooja Iyengar,Suresh Gowda,3,5
10759,Joseph Prasad,Manjunath Nayak,3,5
10766,Girish Kulkarni,Yashwanth Iyengar,3,5
10768,Girish Kulkarni,Prakash Hegde,3,5
10780,Girish Bhat,Vinutha Reddy,3,6
10783,Prakash Nayak,Shivakumar Naik,3,5
10787,Imran Gowda,Vinutha Prasad,3,0
10788,Girish Patil,Prakash Rao,3,0
10792,Bhavana Gowda,Kiran Kumar,3,1
10798,Chetan Iyengar,Prakash Reddy,3,0
10814,Bhavana Shetty,Manjunath Bhat,3,0
10815,Bhavana Shetty,Yashwanth Hegde,3,0
10817,Bhavana Reddy,Imran Kumar,3,0
10820,Chetan Desai,Prakash Desai,3,0
10823,Anitha Shetty,Vinutha Nayak,3,0
10827,Deepak Iyengar,Yashwanth Reddy,3,3
10830,Bhavana Patil,Yashwanth Reddy,3,5
10833,Imran Bhat,Lakshmi Prasad,3,0
10839,Chetan Hegde,Fatima Shetty,3,7
10841,Fatima Shetty,Yashwanth Kumar,3,7
10855,Ravi Gowda,Suresh Nayak,3,3
10861,Fatima Iyengar,Kiran Shetty,3,1
10872,Bhavana Gowda,Girish Bhat,3,1
10882,Basavaraj Shetty,Rekha Shetty,3,3
10890,Girish Kumar,Joseph Prasad,3,0
10891,Joseph Reddy,Prakash Shetty,3,2
10893,Manjunath Kulkarni,Suresh Desai,3,0
10894,Ashwini Shetty,Suresh Desai,3,0
10895,Manjunath Kulkarni,Mary Bhat,3,0
10896,Bhavana Prasad,Yashwanth Bhat,3,3
10900,Bhavana Rao,Kiran Patil,3,0
10902,Fatima Rao,Mary Murthy,3,8
10903,Fatima Rao,Nagaraj Patil,3,2
10910,Girish Reddy,Kiran Naik,3,0
10913,Deepak Naik,Suresh Nayak,3,0
10919,Basavaraj Reddy,Girish Nayak,3,0
10920,Basavaraj Reddy,Lakshmi Patil,3,0
10928,Manjunath Patil,Mary Naik,3,7
10941,Nagaraj Gowda,Yashwanth Bhat,3,3
10952,Bhavana Reddy,Prakash Nayak,3,0
10953,Anitha Murthy,Kiran Shetty,3,0
10957,Girish Hegde,Rekha Bhat,3,4
10962,Bhavana Naik,Vinutha Murthy,3,3
10975,Mary Naik,Suresh Patil,3,7
10978,Anitha Kumar,Prakash Prasad,3,0
10986,Joseph Gowda,Nagaraj Iyengar,3,0
10988,Fatima Kulkarni,Lakshmi Nayak,3,3
10993,Bhavana Kumar,Rekha Shetty,3,3
11004,Chetan Shetty,Vinutha Reddy,3,0
11006,Kiran Reddy,Manjunath Reddy,3,7
11014,Kiran Shetty,Shivakumar Kulkarni,3,0
11021,Bhavana Kulkarni,Manjunath Rao,3,0
11036,Lakshmi Hegde,Pooja Desai,3,1
11042,Prakash Bhat,Suresh Iyengar,3,0
11051,Bhavana Gowda,Vinutha Iyengar,3,1
11052,Deepak Bhat,Joseph Patil,3,3
11060,Imran Iyengar,Suresh Nayak,3,0
11069,Pooja Kumar,Yashwanth Bhat,3,8
11074,Anitha Gowda,Nagaraj Kulkarni,3,4
11076,Basavaraj Rao,Mary Bhat,3,0
11084,Ashwini Kumar,Imran Iyengar,3,0
11089,Deepak Gowda,Yashwanth Shetty,3,0
11101,Pooja Desai,Yashwanth Reddy,3,5
11124,Chetan Reddy,Vinutha Desai,3,1
11132,Anitha Desai,Pooja Prasad,3,0
11135,Fatima Bhat,Fatima Hegde,3,0
11142,Basavaraj Desai,Basavaraj Hegde,3,0
11144,Ashwini Desai,Ravi Desai,3,0
11150,Basavaraj Naik,Nagaraj Bhat,3,3
11151,Ashwini Iyengar,Manjunath Shetty,3,4
11166,Joseph Iyengar,Suresh Patil,3,6
11167,Girish Reddy,Imran Patil,3,0
11171,Pooja Gowda,Suresh Desai,3,3
11179,Anitha Nayak,Rekha Gowda,3,0
11189,Prakash Reddy,Vinutha Desai,3,0
11193,Basavaraj Hegde,Shivakumar Gowda,3,3
11205,Joseph Reddy,Suresh Patil,3,2
11207,Basavaraj Desai,Suresh Patil,3,0
11234,Nagaraj Gowda,Pooja Iyengar,3,5
11238,Pooja Iyengar,Shivakumar Hegde,3,5
11261,Fatima Reddy,Kiran Prasad,3,0
11263,Fatima Reddy,Vinutha Rao,3,0
11268,Girish Patil,Mary Bhat,3,0
11271,Ashwini Kumar,Deepak Bhat,3,0
11274,Girish Desai,Imran Patil,3,0
11279,Fatima Desai,Ravi Kulkarni,3,0
11280,Fatima Desai,Pooja Prasad,3,0
11282,Mary Naik,Prakash Hegde,3,7
11287,Manjunath Kulkarni,Ravi Rao,3,0
11288,Manjunath Kulkarni,Ravi Naik,3,7
11298,Nagaraj Kulkarni,Suresh Gowda,3,4
11300,Manjunath Patil,Vinutha Iyengar,3,0
11305,Prakash Kulkarni,Yashwanth Reddy,3,7
11306,Girish Patil,Yashwanth Reddy,3,5
11307,Rekha Shetty,Vinutha Murthy,3,3
11311,Rekha Shetty,Shivakumar Kulkarni,3,3
11318,Chetan Shetty,Rekha Desai,3,0
11321,Pooja Murthy,Ravi Nayak,3,1
11329,Ashwini Patil,Pooja Hegde,3,0
11340,Girish Nayak,Nagaraj Shetty,3,0
11345,Ravi Rao,Shivakumar Desai,3,4
11347,Chetan Kulkarni,Lakshmi Murthy,3,0
11362,Pooja Murthy,Suresh Reddy,3,0
11367,Fatima Hegde,Lakshmi Patil,3,0
11375,Imran Naik,Joseph Desai,3,0
11379,Imran Naik,Yashwanth Shetty,3,0
11384,Rekha Kumar,Vinutha Prasad,3,0
11386,Bhavana Gowda,Girish Patil,3,1
11389,Bhavana Hegde,Nagaraj Gowda,3,0
11391,Girish Iyengar,Rekha Desai,3,0
11395,Anitha Naik,Shivakumar Rao,3,0
11399,Manjunath Reddy,Pooja Rao,3,7
11401,Deepak Rao,Yashwanth Nayak,3,7
11406,Anitha Shetty,Suresh Patil,3,0
11407,Fatima Kulkarni,Suresh Patil,3,3
11414,Lakshmi Kulkarni,Nagaraj Rao,3,0
11428,Basavaraj Reddy,Manjunath Desai,3,8
11429,Lakshmi Naik,Pooja Kulkarni,3,0
11433,Fatima Bhat,Yashwanth Bhat,3,3
11437,Imran Gowda,Joseph Iyengar,3,6
11438,Fatima Shetty,Girish Desai,3,7
11439,Bhavana Prasad,Girish Desai,3,3
11443,Anitha Reddy,Anitha Shetty,3,0
11460,Anitha Naik,Suresh Shetty,3,0
11466,Prakash Kumar,Yashwanth Murthy,3,6
11470,Bhavana Patil,Lakshmi Patil,3,0
11472,Manjunath Shetty,Ravi Gowda,3,4
11474,Joseph Naik,Vinutha Kumar,3,5
11476,Rekha Shetty,Yashwanth Reddy,3,3
11490,Bhavana Hegde,Yashwanth Bhat,3,3
11495,Bhavana Hegde,Rekha Desai,3,0
11500,Ashwini Kumar,Pooja Shetty,3,6
11512,Bhavana Desai,Imran Desai,3,5
11514,Pooja Shetty,Prakash Patil,3,6
11518,Girish Kulkarni,Shivakumar Hegde,3,5
11523,Lakshmi Nayak,Mary Bhat,3,1
11524,Anitha Bhat,Bhavana Gowda,3,7
11530,Deepak Naik,Ravi Hegde,3,0
11531,Kiran Desai,Shivakumar Naik,3,5
11532,Pooja Bhat,Shivakumar Naik,3,5
11534,Kiran Desai,Pooja Bhat,3,5
11537,Anitha Murthy,Ravi Shetty,3,0
11543,Joseph Murthy,Mary Hegde,3,5
11548,Joseph Bhat,Prakash Naik,3,2
11554,Bhavana Naik,Shivakumar Gowda,3,3
11557,Fatima Gowda,Mary Prasad,3,1
11559,Bhavana Gowda,Ravi Naik,3,1
11561,Basavaraj Nayak,Bhavana Gowda,3,1
11564,Nagaraj Rao,Suresh Patil,3,0
11565,Kiran Shetty,Suresh Patil,3,0
11570,Joseph Kumar,Mary Reddy,3,2
11574,Basavaraj Reddy,Joseph Patil,3,3
11578,Kiran Naik,Vinutha Patil,3,2
11595,Bhavana Patil,Chetan Kulkarni,3,0
11597,Chetan Kulkarni,Nagaraj Murthy,3,0
11598,Pooja Gowda,Prakash Rao,3,3
11601,Shivakumar Naik,Vinutha Naik,3,5
11606,Shivakumar Naik,Vinutha Patil,3,5
11613,Fatima Shetty,Lakshmi Prasad,3,7
11614,Lakshmi Rao,Nagaraj Bhat,3,7
11619,Basavaraj Patil,Deepak Iyengar,3,2
11620,Pooja Naik,Prakash Hegde,3,0
11621,Kiran Patil,Prakash Hegde,3,0
11622,Kiran Hegde,Vinutha Hegde,3,3
11628,Ravi Iyengar,Yashwanth Patil,3,0
11631,Lakshmi Reddy,Suresh Nayak,3,8
11635,Deepak Hegde,Vinutha Patil,3,2
11639,Mary Desai,Nagaraj Prasad,3,0
11642,Deepak Iyengar,Lakshmi Hegde,3,3
11648,Lakshmi Nayak,Yashwanth Prasad,3,1
11650,Nagaraj Shetty,Yashwanth Reddy,3,5
11653,Nagaraj Murthy,Yashwanth Reddy,3,5
11655,Ashwini Gowda,Yashwanth Kumar,3,0
11666,Manjunath Prasad,Prakash Bhat,3,0
11686,Imran Naik,Mary Naik,3,7
11687,Mary Naik,Vinutha Desai,3,7
11690,Imran Patil,Yashwanth Hegde,3,0
11696,Kiran Gowda,Manjunath Kulkarni,3,0
11701,Chetan Reddy,Manjunath Iyengar,3,1
11711,Girish Bhat,Rekha Gowda,3,6
11731,Anitha Prasad,Manjunath Kulkarni,3,0
11732,Ashwini Kumar,Manjunath Kulkarni,3,0
11743,Basavaraj Prasad,Chetan Nayak,3,0
11750,Kiran Bhat,Suresh Desai,3,0
11752,Lakshmi Patil,Shivakumar Hegde,3,1
11760,Vinutha Gowda,Vinutha Hegde,3,0
11763,Fatima Desai,Joseph Bhat,3,0
11765,Deepak Desai,Girish Bhat,3,6
11769,Lakshmi Murthy,Vinutha Prasad,3,0
11770,Prakash Kulkarni,Vinutha Prasad,3,7
11775,Bhavana Prasad,Lakshmi Hegde,3,3
11779,Fatima Iyengar,Fatima Prasad,3,1
11784,Anitha Bhat,Girish Desai,3,7
11789,Ashwini Desai,Pooja Naik,3,0
11794,Fatima Kulkarni,Lakshmi Shetty,3,3
11805,Chetan Nayak,Nagaraj Gowda,3,0
11818,Bhavana Murthy,Girish Bhat,3,6
11838,Pooja Nayak,Ravi Reddy,3,1
11842,Ravi Gowda,Rekha Rao,3,3
11851,Lakshmi Kumar,Suresh Patil,3,4
11865,Nagaraj Patil,Pooja Bhat,3,2
11872,Chetan Hegde,Chetan Reddy,3,1
11873,Kiran Gowda,Rekha Gowda,3,0
11874,Kiran Gowda,Pooja Naik,3,0
11875,Anitha Desai,Prakash Gowda,3,0
11881,Basavaraj Shetty,Suresh Naik,3,0
11886,Manjunath Gowda,Suresh Nayak,3,0
11888,Joseph Gowda,Ravi Reddy,3,1
11906,Bhavana Iyengar,Chetan Bhat,3,0
11909,Joseph Reddy,Lakshmi Bhat,3,2
11910,Joseph Reddy,Ravi Bhat,3,2
11912,Kiran Reddy,Lakshmi Murthy,3,7
11913,Vinutha Shetty,Yashwanth Kulkarni,3,0
11917,Girish Nayak,Vinutha Shetty,3,0
11926,Ashwini Naik,Yashwanth Hegde,3,5
11927,Vinutha Murthy,Yashwanth Hegde,3,0
11928,Ashwini Naik,Vinutha Murthy,3,5
11931,Manjunath Kulkarni,Ravi Kulkarni,3,0
11935,Lakshmi Naik,Mary Patil,3,0
11939,Kiran Bhat,Prakash Shetty,3,0
11949,Deepak Murthy,Lakshmi Gowda,3,0
11950,Ashwini Hegde,Nagaraj Prasad,3,0
11957,Fatima Murthy,Imran Nayak,3,0
11960,Lakshmi Shetty,Shivakumar Iyengar,3,0
11961,Basavaraj Naik,Shivakumar Iyengar,3,0
11962,Ashwini Kumar,Prakash Murthy,3,0
11966,Bhavana Shetty,Vinutha Gowda,3,0
11981,Girish Patil,Nagaraj Hegde,3,0
11990,Anitha Shetty,Shivakumar Murthy,3,0
11997,Nagaraj Hegde,Prakash Hegde,3,0
11998,Chetan Bhat,Joseph Murthy,3,0
12006,Girish Shetty,Kiran Hegde,3,3
12008,Imran Reddy,Joseph Desai,3,0
12021,Ashwini Iyengar,Ashwini Kumar,3,4
12024,Chetan Iyengar,Imran Iyengar,3,0
12027,Deepak Nayak,Girish Iyengar,3,0
12030,Pooja Hegde,Pooja Rao,3,7
12033,Pooja Prasad,Suresh Prasad,3,0
12040,Fatima Kulkarni,Pooja Shetty,3,3
12044,Lakshmi Gowda,Vinutha Nayak,3,0
12055,Bhavana Shetty,Kiran Murthy,3,8
12057,Ashwini Kumar,Basavaraj Iyengar,3,3
12058,Ashwini Kumar,Suresh Nayak,3,0
12065,Deepak Shetty,Lakshmi Kumar,3,4
12069,Lakshmi Kumar,Vinutha Nayak,3,4
12074,Ravi Prasad,Vinutha Kulkarni,3,0
12090,Ravi Nayak,Yashwanth Patil,3,1
12119,Fatima Hegde,Lakshmi Reddy,3,8
12126,Basavaraj Prasad,Joseph Reddy,3,2
12129,Ravi Shetty,Shivakumar Shetty,3,8
12130,Imran Nayak,Shivakumar Shetty,3,8
12133,Prakash Bhat,Yashwanth Desai,3,0
12140,Basavaraj Iyengar,Kiran Hegde,3,3
12141,Joseph Gowda,Manjunath Kulkarni,3,0
12144,Manjunath Kulkarni,Yashwanth Bhat,3,3
12147,Rekha Desai,Rekha Nayak,3,8
12150,Deepak Rao,Rekha Nayak,3,7
12155,Deepak Reddy,Nagaraj Kulkarni,3,4
12165,Deepak Shetty,Yashwanth Hegde,3,0
12179,Mary Iyengar,Ravi Rao,3,0
12181,Imran Iyengar,Mary Iyengar,3,0
12194,Suresh Nayak,Suresh Rao,3,0
12197,Rekha Shetty,Shivakumar Gowda,3,3
12217,Joseph Shetty,Mary Naik,3,4
12218,Chetan Kumar,Joseph Shetty,3,4
12219,Joseph Shetty,Suresh Patil,3,4
12220,Rekha Kulkarni,Yashwanth Reddy,3,5
12229,Deepak Nayak,Lakshmi Patil,3,0
12230,Lakshmi Patil,Ravi Rao,3,0
12233,Basavaraj Bhat,Lakshmi Murthy,3,2
12236,Prakash Desai,Vinutha Reddy,3,0
12238,Anitha Iyengar,Bhavana Desai,3,5
12250,Bhavana Reddy,Nagaraj Kulkarni,3,4
12255,Bhavana Kulkarni,Nagaraj Iyengar,3,0
12261,Bhavana Hegde,Nagaraj Bhat,3,3
12267,Nagaraj Rao,Suresh Reddy,3,0
12273,Bhavana Hegde,Lakshmi Prasad,3,0
12276,Prakash Reddy,Yashwanth Desai,3,0
12278,Manjunath Hegde,Pooja Murthy,3,0
12287,Kiran Iyengar,Suresh Gowda,3,0
12288,Basavaraj Desai,Kiran Iyengar,3,0
12290,Manjunath Iyengar,Rekha Patil,3,0
12300,Chetan Prasad,Nagaraj Prasad,3,6
12302,Nagaraj Desai,Shivakumar Naik,3,5
12303,Chetan Bhat,Nagaraj Desai,3,0
12308,Deepak Gowda,Kiran Hegde,3,3
12310,Ashwini Patil,Ashwini Prasad,3,0
12315,Fatima Patil,Vinutha Iyengar,3,0
12321,Imran Rao,Nagaraj Iyengar,3,8
12322,Nagaraj Iyengar,Pooja Naik,3,0
12331,Suresh Kulkarni,Yashwanth Gowda,3,0
12335,Girish Kulkarni,Ravi Reddy,3,5
12337,Imran Rao,Manjunath Murthy,3,8
12342,Chetan Prasad,Kiran Iyengar,3,6
12346,Girish Kumar,Vinutha Prasad,3,0
12362,Manjunath Rao,Shivakumar Naik,3,5
12363,Ashwini Desai,Prakash Hegde,3,0
12365,Nagaraj Shetty,Prakash Hegde,3,0
12374,Bhavana Reddy,Kiran Iyengar,3,0
12377,Deepak Iyengar,Fatima Rao,3,3
12380,Anitha Reddy,Kiran Prasad,3,0
12385,Ashwini Gowda,Bhavana Gowda,3,1
12386,Fatima Shetty,Shivakumar Naik,3,7
12387,Fatima Shetty,Vinutha Gowda,3,7
12394,Bhavana Rao,Pooja Kulkarni,3,0
12396,Manjunath Shetty,Vinutha Kulkarni,3,4
12405,Prakash Shetty,Ravi Kulkarni,3,0
12408,Manjunath Gowda,Ravi Hegde,3,0
12409,Suresh Desai,Yashwanth Hegde,3,0
12410,Imran Hegde,Yashwanth Hegde,3,0
12424,Girish Bhat,Rekha Reddy,3,6
12429,Bhavana Shetty,Prakash Hegde,3,0
12430,Basavaraj Naik,Girish Bhat,3,6
12434,Imran Prasad,Shivakumar Kulkarni,3,0
12441,Rekha Shetty,Yashwanth Gowda,3,3
12442,Anitha Rao,Rekha Shetty,3,4
12445,Deepak Patil,Yashwanth Rao,3,2
12448,Yashwanth Rao,Yashwanth Reddy,3,5
12449,Bhavana Hegde,Yashwanth Rao,3,0
12452,Manjunath Rao,Yashwanth Bhat,3,3
12457,Mary Murthy,Pooja Rao,3,8
12467,Manjunath Nayak,Vinutha Desai,3,5
12472,Prakash Shetty,Shivakumar Prasad,3,0
12473,Anitha Kumar,Shivakumar Prasad,3,0
12474,Basavaraj Shetty,Girish Kulkarni,3,5
12475,Basavaraj Shetty,Manjunath Nayak,3,5
12481,Fatima Rao,Mary Gowda,3,0
12484,Chetan Desai,Vinutha Bhat,3,0
12500,Imran Reddy,Rekha Murthy,3,7
12544,Manjunath Patil,Prakash Iyengar,3,5
12546,Prakash Kulkarni,Suresh Bhat,3,7
12548,Prakash Kulkarni,Ravi Prasad,3,7
12549,Anitha Naik,Ashwini Gowda,3,0
12550,Anitha Naik,Vinutha Kumar,3,0
12558,Chetan Kulkarni,Shivakumar Naik,3,5
12560,Prakash Kulkarni,Shivakumar Murthy,3,7
12567,Girish Bhat,Suresh Iyengar,3,6
12580,Imran Rao,Pooja Rao,3,8
12583,Manjunath Prasad,Pooja Gowda,3,3
12596,Basavaraj Patil,Fatima Iyengar,3,2
12597,Basavaraj Patil,Prakash Shetty,3,2
12599,Pooja Gowda,Shivakumar Gowda,3,3
12611,Fatima Kulkarni,Imran Gowda,3,3
12615,Imran Reddy,Shivakumar Shetty,3,8
12629,Joseph Desai,Rekha Murthy,3,7
12636,Nagaraj Murthy,Shivakumar Patil,3,0
12637,Bhavana Prasad,Nagaraj Murthy,3,3
12644,Imran Reddy,Suresh Kumar,3,0
12652,Rekha Desai,Suresh Shetty,3,0
12653,Lakshmi Murthy,Manjunath Bhat,3,0
12665,Pooja Bhat,Suresh Shetty,3,5
12675,Basavaraj Bhat,Shivakumar Murthy,3,2
12676,Basavaraj Iyengar,Joseph Gowda,3,3
12682,Ashwini Gowda,Bhavana Nayak,3,2
12693,Fatima Desai,Vinutha Naik,3,0
12696,Fatima Kulkarni,Kiran Hegde,3,3
12710,Manjunath Nayak,Suresh Rao,3,5
12717,Bhavana Reddy,Pooja Patil,3,0
12722,Shivakumar Murthy,Yashwanth Murthy,3,6
12726,Pooja Patil,Yashwanth Kumar,3,0
12729,Anitha Desai,Yashwanth Patil,3,0
12732,Anitha Desai,Nagaraj Shetty,3,0
12733,Manjunath Patil,Nagaraj Gowda,3,0
12735,Ashwini Reddy,Fatima Kulkarni,3,3
12743,Anitha Murthy,Imran Iyengar,3,0
12744,Basavaraj Rao,Deepak Rao,3,7
12758,Girish Kulkarni,Yashwanth Reddy,3,5
12759,Manjunath Murthy,Manjunath Shetty,3,4
12764,Lakshmi Hegde,Suresh Desai,3,1
12768,Girish Rao,Suresh Nayak,3,0
12780,Kiran Desai,Lakshmi Nayak,3,1
12785,Ashwini Gowda,Deepak Reddy,3,0
12797,Lakshmi Murthy,Manjunath Kulkarni,3,0
12803,Mary Hegde,Shivakumar Naik,3,5
12814,Anitha Nayak,Ashwini Prasad,3,0
12836,Ravi Desai,Ravi Naik,3,7
12837,Manjunath Nayak,Pooja Shetty,3,5
12841,Girish Murthy,Pooja Gowda,3,3
12842,Fatima Reddy,Pooja Gowda,3,3
12856,Girish Kulkarni,Pooja Bhat,3,5
12858,Mary Kulkarni,Suresh Nayak,3,0
12859,Manjunath Kulkarni,Suresh Nayak,3,0
12862,Manjunath Murthy,Shivakumar Patil,3,0
12872,Girish Patil,Joseph Reddy,3,2
12874,Chetan Kulkarni,Joseph Reddy,3,2
12875,Joseph Reddy,Vinutha Murthy,3,2
12879,Chetan Kulkarni,Nagaraj Gowda,3,0
12885,Mary Hegde,Suresh Nayak,3,5
12886,Kiran Patil,Prakash Gowda,3,0
12889,Rekha Bhat,Shivakumar Naik,3,5
12902,Lakshmi Kumar,Prakash Prasad,3,4
12905,Joseph Prasad,Shivakumar Desai,3,4
12908,Manjunath Shetty,Vinutha Gowda,3,4
12912,Lakshmi Reddy,Ravi Nayak,3,8
12913,Shivakumar Nayak,Yashwanth Prasad,3,0
12916,Ashwini Shetty,Yashwanth Prasad,3,0
12921,Ashwini Shetty,Rekha Reddy,3,0
12922,Ashwini Shetty,Ravi Kumar,3,0
12924,Basavaraj Patil,Girish Patil,3,2
12926,Joseph Naik,Manjunath Nayak,3,5
12927,Manjunath Nayak,Mary Hegde,3,5
12937,Anitha Patil,Deepak Rao,3,7
12938,Anitha Prasad,Basavaraj Desai,3,0
12944,Ashwini Iyengar,Deepak Hegde,3,4
12945,Ashwini Iyengar,Suresh Shetty,3,4
12949,Deepak Hegde,Deepak Prasad,3,0
12956,Girish Kulkarni,Ravi Bhat,3,5
12961,Suresh Rao,Vinutha Rao,3,0
12976,Imran Gowda,Yashwanth Kumar,3,0
12977,Mary Shetty,Suresh Bhat,3,7
12982,Ashwini Rao,Mary Desai,3,0
12989,Imran Gowda,Lakshmi Shetty,3,0
12991,Imran Gowda,Imran Nayak,3,0
12992,Imran Nayak,Ravi Nayak,3,1
12993,Imran Nayak,Pooja Iyengar,3,5
12995,Pooja Iyengar,Ravi Nayak,3,5
13006,Bhavana Gowda,Suresh Gowda,3,1
13007,Shivakumar Gowda,Suresh Gowda,3,3
13011,Chetan Kulkarni,Lakshmi Nayak,3,1
13019,Ashwini Hegde,Bhavana Murthy,3,0
13022,Deepak Hegde,Deepak Kumar,3,0
13031,Girish Patil,Yashwanth Patil,3,0
13036,Bhavana Gowda,Pooja Nayak,3,1
13037,Manjunath Shetty,Suresh Kumar,3,4
13038,Manjunath Shetty,Nagaraj Rao,3,4
13040,Girish Iyengar,Kiran Naik,3,0
13042,Prakash Kulkarni,Prakash Kumar,3,7
13047,Kiran Desai,Vinutha Desai,3,0
13048,Bhavana Rao,Kiran Nayak,3,0
13059,Anitha Patil,Fatima Naik,3,0
13064,Anitha Patil,Pooja Hegde,3,0
13075,Imran Reddy,Manjunath Desai,3,8
13081,Joseph Patil,Shivakumar Bhat,3,3
13084,Manjunath Kumar,Rekha Prasad,3,3
13090,Deepak Kumar,Yashwanth Hegde,3,0
13092,Fatima Prasad,Shivakumar Patil,3,0
13093,Bhavana Patil,Shivakumar Shetty,3,8
13101,Anitha Prasad,Fatima Kulkarni,3,3
13109,Prakash Kulkarni,Vinutha Naik,3,7
13115,Joseph Reddy,Rekha Kumar,3,2
13125,Anitha Nayak,Girish Naik,3,0
13129,Pooja Gowda,Vinutha Patil,3,3
13133,Mary Bhat,Pooja Gowda,3,3
13135,Girish Kulkarni,Manjunath Patil,3,5
13138,Girish Nayak,Yashwanth Hegde,3,0
13141,Girish Nayak,Rekha Prasad,3,0
13146,Deepak Desai,Rekha Gowda,3,0
13150,Kiran Murthy,Prakash Kumar,3,8
13160,Deepak Gowda,Yashwanth Kulkarni,3,0
13167,Manjunath Gowda,Mary Shetty,3,0
13185,Lakshmi Murthy,Suresh Gowda,3,0
13188,Lakshmi Murthy,Mary Kumar,3,0
13207,Joseph Desai,Mary Hegde,3,5
13211,Imran Patil,Prakash Nayak,3,0
13213,Lakshmi Shetty,Prakash Nayak,3,0
13219,Ashwini Hegde,Suresh Hegde,3,0
13222,Chetan Bhat,Nagaraj Murthy,3,0
13226,Fatima Kumar,Nagaraj Patil,3,2
13240,Shivakumar Hegde,Suresh Desai,3,1
13247,Deepak Patil,Pooja Prasad,3,2
13249,Lakshmi Hegde,Mary Shetty,3,1
13259,Fatima Prasad,Rekha Gowda,3,0
13262,Ashwini Murthy,Girish Desai,3,0
13268,Basavaraj Prasad,Manjunath Kulkarni,3,0
13270,Anitha Nayak,Pooja Shetty,3,6
13274,Fatima Kumar,Fatima Rao,3,0
13279,Ravi Murthy,Shivakumar Kumar,3,0
13280,Girish Kumar,Prakash Kulkarni,3,7
13287,Basavaraj Patil,Nagaraj Patil,3,2
13288,Girish Nayak,Manjunath Nayak,3,5
13295,Bhavana Shetty,Pooja Murthy,3,0
13297,Ravi Murthy,Rekha Hegde,3,0
13309,Pooja Rao,Suresh Murthy,3,7
13325,Bhavana Patil,Chetan Reddy,3,1
13333,Chetan Iyengar,Nagaraj Bhat,3,3
13334,Ravi Shetty,Rekha Murthy,3,7
13337,Chetan Iyengar,Vinutha Prasad,3,0
13342,Kiran Desai,Prakash Prasad,3,0
13344,Anitha Rao,Chetan Desai,3,4
13351,Imran Shetty,Joseph Desai,3,0
13353,Prakash Rao,Ravi Rao,3,0
13360,Anitha Kumar,Prakash Kumar,3,0
13380,Chetan Naik,Joseph Kulkarni,3,0
13381,Bhavana Desai,Joseph Kulkarni,3,5
13397,Anitha Reddy,Bhavana Shetty,3,0
13402,Anitha Reddy,Joseph Murthy,3,0
13403,Joseph Murthy,Shivakumar Bhat,3,0
13411,Deepak Rao,Mary Nayak,3,7
13417,Bhavana Rao,Girish Prasad,3,0
13437,Bhavana Hegde,Mary Kumar,3,0
13442,Vinutha Prasad,Yashwanth Patil,3,0
13444,Girish Murthy,Vinutha Prasad,3,0
13447,Basavaraj Bhat,Deepak Patil,3,2
13449,Fatima Desai,Kiran Patil,3,0
13455,Ashwini Naik,Vinutha Nayak,3,5
13458,Bhavana Nayak,Kiran Patil,3,2
13459,Basavaraj Kumar,Yashwanth Hegde,3,0
13465,Fatima Desai,Shivakumar Prasad,3,0
13479,Prakash Shetty,Rekha Prasad,3,0
13480,Fatima Desai,Imran Naik,3,0
13482,Rekha Murthy,Shivakumar Iyengar,3,7
13485,Ashwini Naik,Bhavana Desai,3,5
13510,Imran Kumar,Nagaraj Hegde,3,0
13514,Fatima Rao,Joseph Nayak,3,0
13517,Chetan Desai,Yashwanth Hegde,3,0
13518,Fatima Gowda,Joseph Iyengar,3,1
13522,Chetan Desai,Fatima Gowda,3,1
13523,Chetan Desai,Mary Patil,3,0
13525,Ashwini Desai,Bhavana Nayak,3,2
13528,Ashwini Desai,Girish Nayak,3,0
13544,Imran Murthy,Manjunath Nayak,3,5
13549,Ravi Shetty,Rekha Iyengar,3,4
13560,Prakash Iyengar,Yashwanth Kulkarni,3,5
13563,Anitha Kumar,Prakash Hegde,3,0
13566,Pooja Patil,Rekha Shetty,3,3
13568,Pooja Bhat,Shivakumar Rao,3,5
13570,Anitha Desai,Vinutha Reddy,3,0
13574,Rekha Patil,Vinutha Naik,3,0
13575,Rekha Patil,Shivakumar Gowda,3,3
13579,Shivakumar Desai,Vinutha Shetty,3,4
13580,Ravi Murthy,Rekha Bhat,3,0
13586,Manjunath Kumar,Vinutha Patil,3,3
13589,Suresh Shetty,Vinutha Desai,3,0
13590,Manjunath Hegde,Shivakumar Iyengar,3,0
13599,Basavaraj Hegde,Suresh Patil,3,0
13600,Basavaraj Desai,Rekha Iyengar,3,4
13608,Prakash Kulkarni,Yashwanth Kulkarni,3,7
13609,Joseph Hegde,Prakash Kulkarni,3,7
13614,Joseph Naik,Yashwanth Kulkarni,3,5
13615,Joseph Hegde,Pooja Kulkarni,3,7
13620,Prakash Kulkarni,Vinutha Gowda,3,7
13643,Basavaraj Murthy,Joseph Murthy,3,0
13652,Anitha Reddy,Chetan Gowda,3,0
13657,Chetan Prasad,Fatima Shetty,3,6
13660,Suresh Murthy,Yashwanth Gowda,3,0
13661,Anitha Desai,Kiran Naik,3,0
13663,Joseph Bhat,Mary Iyengar,3,0
13664,Joseph Bhat,Ravi Prasad,3,0
13665,Manjunath Rao,Prakash Patil,3,0
13667,Bhavana Shetty,Kiran Prasad,3,0
13668,Fatima Gowda,Vinutha Gowda,3,1
13669,Kiran Kumar,Ravi Iyengar,3,0
13672,Bhavana Rao,Lakshmi Murthy,3,0
13676,Nagaraj Prasad,Yashwanth Kulkarni,3,0
13685,Kiran Patil,Prakash Reddy,3,0
13686,Kiran Patil,Ravi Kumar,3,0
13689,Chetan Gowda,Joseph Kumar,3,2
13691,Kiran Kumar,Mary Desai,3,0
13692,Mary Desai,Suresh Desai,3,0
13705,Imran Nayak,Nagaraj Rao,3,0
13709,Imran Bhat,Yashwanth Prasad,3,0
13710,Imran Bhat,Pooja Nayak,3,0
13713,Deepak Prasad,Vinutha Patil,3,2
13715,Basavaraj Naik,Fatima Murthy,3,0
13716,Basavaraj Naik,Bhavana Murthy,3,0
13721,Girish Murthy,Lakshmi Murthy,3,0
13726,Imran Gowda,Yashwanth Desai,3,0
13728,Fatima Desai,Vinutha Kumar,3,0
13731,Deepak Naik,Deepak Shetty,3,0
13733,Deepak Naik,Yashwanth Bhat,3,3
13735,Bhavana Prasad,Yashwanth Nayak,3,3
13746,Anitha Shetty,Basavaraj Rao,3,0
13757,Ashwini Patil,Chetan Prasad,3,6
13772,Anitha Naik,Nagaraj Bhat,3,3
13774,Bhavana Gowda,Ravi Prasad,3,1
13778,Chetan Nayak,Suresh Nayak,3,0
13779,Mary Desai,Rekha Patil,3,0
13786,Joseph Prasad,Mary Kumar,3,0
13790,Imran Murthy,Mary Shetty,3,0
13794,Anitha Patil,Ravi Shetty,3,0
13799,Prakash Reddy,Ravi Hegde,3,0
13807,Lakshmi Hegde,Mary Prasad,3,1
13813,Manjunath Rao,Suresh Kumar,3,0
13816,Nagaraj Prasad,Pooja Gowda,3,3
13819,Bhavana Naik,Nagaraj Nayak,3,3
13826,Shivakumar Gowda,Suresh Shetty,3,3
13827,Imran Nayak,Nagaraj Iyengar,3,0
13835,Basavaraj Gowda,Shivakumar Naik,3,5
13837,Chetan Kulkarni,Lakshmi Patil,3,0
13839,Imran Naik,Prakash Shetty,3,0
13840,Basavaraj Patil,Vinutha Kumar,3,2
13852,Prakash Rao,Ravi Patil,3,0
13860,Lakshmi Hegde,Yashwanth Patil,3,1
13861,Imran Iyengar,Yashwanth Hegde,3,0
13867,Yashwanth Kumar,Yashwanth Prasad,3,0
13878,Anitha Patil,Joseph Nayak,3,0
13880,Mary Desai,Shivakumar Prasad,3,0
13891,Ashwini Bhat,Imran Patil,3,0
13906,Girish Kulkarni,Prakash Naik,3,5
13908,Anitha Gowda,Vinutha Murthy,3,0
13910,Anitha Gowda,Ashwini Prasad,3,0
13911,Bhavana Shetty,Prakash Shetty,3,0
13915,Prakash Iyengar,Rekha Desai,3,5
13920,Fatima Hegde,Pooja Hegde,3,0
13922,Bhavana Nayak,Nagaraj Naik,3,2
13925,Anitha Rao,Ravi Hegde,3,4
13926,Chetan Rao,Shivakumar Gowda,3,3
13928,Rekha Bhat,Shivakumar Gowda,3,3
13931,Basavaraj Shetty,Rekha Bhat,3,0
13934,Deepak Prasad,Rekha Hegde,3,0
13936,Lakshmi Reddy,Pooja Kumar,3,8
13941,Pooja Hegde,Yashwanth Murthy,3,6
13945,Anitha Shetty,Imran Gowda,3,0
13946,Imran Gowda,Mary Shetty,3,0
13951,Girish Rao,Lakshmi Kulkarni,3,0
13957,Ravi Naik,Rekha Bhat,3,7
13960,Manjunath Kulkarni,Yashwanth Desai,3,0
13961,Manjunath Desai,Manjunath Kulkarni,3,8
13962,Manjunath Desai,Yashwanth Desai,3,8
13965,Ashwini Desai,Ravi Shetty,3,0
13976,Nagaraj Kumar,Prakash Rao,3,0
13980,Deepak Desai,Manjunath Iyengar,3,0
13987,Mary Naik,Ravi Shetty,3,7
13989,Ashwini Naik,Kiran Prasad,3,5
13999,Ravi Reddy,Yashwanth Murthy,3,1
14008,Rekha Murthy,Rekha Nayak,3,7
14009,Nagaraj Gowda,Rekha Nayak,3,8
14014,Lakshmi Patil,Mary Desai,3,0
14042,Kiran Hegde,Prakash Rao,3,3
14043,Kiran Hegde,Shivakumar Patil,3,3
14045,Shivakumar Patil,Vinutha Patil,3,2
14047,Prakash Rao,Rekha Gowda,3,0
14048,Rekha Gowda,Shivakumar Patil,3,0
14055,Fatima Bhat,Girish Murthy,3,0
14056,Basavaraj Hegde,Manjunath Kumar,3,3
14074,Pooja Hegde,Rekha Rao,3,0
14076,Imran Prasad,Prakash Kulkarni,3,7
14094,Kiran Kumar,Nagaraj Kulkarni,3,4
14104,Chetan Kulkarni,Yashwanth Rao,3,0
14105,Anitha Nayak,Chetan Gowda,3,0
14116,Chetan Prasad,Prakash Shetty,3,6
14145,Anitha Desai,Bhavana Shetty,3,0
14146,Anitha Desai,Deepak Prasad,3,0
14151,Kiran Kumar,Nagaraj Iyengar,3,0
14178,Joseph Prasad,Mary Naik,3,7
14182,Fatima Murthy,Mary Murthy,3,8
14186,Anitha Reddy,Imran Shetty,3,0
14190,Chetan Iyengar,Pooja Kumar,3,8
14197,Yashwanth Naik,Yashwanth Patil,3,0
14201,Manjunath Prasad,Mary Patil,3,0
14202,Mary Patil,Yashwanth Naik,3,0
14210,Deepak Shetty,Suresh Nayak,3,0
14212,Deepak Shetty,Shivakumar Naik,3,5
14216,Kiran Murthy,Pooja Murthy,3,8
14220,Mary Murthy,Suresh Reddy,3,8
14222,Deepak Kumar,Pooja Kumar,3,8
14235,Bhavana Gowda,Girish Nayak,3,1
14239,Lakshmi Murthy,Lakshmi Patil,3,0
14245,Manjunath Gowda,Pooja Prasad,3,0
14250,Pooja Bhat,Ravi Reddy,3,5
14251,Kiran Iyengar,Pooja Bhat,3,5
14252,Imran Nayak,Pooja Bhat,3,5
14255,Imran Nayak,Kiran Iyengar,3,0
14256,Chetan Kulkarni,Lakshmi Rao,3,7
14263,Basavaraj Hegde,Fatima Shetty,3,7
14267,Fatima Nayak,Suresh Rao,3,0
14278,Basavaraj Desai,Girish Rao,3,0
14283,Basavaraj Desai,Fatima Iyengar,3,1
14313,Prakash Reddy,Vinutha Prasad,3,0
14316,Deepak Desai,Prakash Reddy,3,0
14327,Girish Reddy,Manjunath Rao,3,0
14333,Ashwini Kumar,Ashwini Naik,3,5
14341,Imran Patil,Manjunath Reddy,3,0
14358,Bhavana Rao,Girish Rao,3,0
14382,Deepak Bhat,Joseph Shetty,3,4
14394,Lakshmi Patil,Yashwanth Gowda,3,0
14399,Fatima Kulkarni,Nagaraj Iyengar,3,3
14412,Lakshmi Murthy,Nagaraj Prasad,3,0
14443,Shivakumar Bhat,Vinutha Kulkarni,3,0
14447,Mary Nayak,Vinutha Murthy,3,0
14449,Joseph Kulkarni,Joseph Reddy,3,2
14452,Deepak Naik,Nagaraj Prasad,3,0
14454,Ashwini Kulkarni,Rekha Murthy,3,7
14457,Nagaraj Prasad,Rekha Murthy,3,7
14464,Lakshmi Iyengar,Ravi Rao,3,0
14466,Fatima Kulkarni,Kiran Patil,3,3
14473,Bhavana Iyengar,Manjunath Desai,3,8
14476,Rekha Desai,Vinutha Gowda,3,0
14478,Basavaraj Patil,Lakshmi Iyengar,3,2
14484,Bhavana Kulkarni,Pooja Prasad,3,0
14488,Chetan Shetty,Suresh Murthy,3,0
14490,Nagaraj Iyengar,Yashwanth Hegde,3,0
14520,Kiran Kumar,Yashwanth Prasad,3,0
14532,Kiran Murthy,Rekha Reddy,3,8
14538,Nagaraj Bhat,Ravi Bhat,3,3
14540,Deepak Reddy,Shivakumar Rao,3,0
14541,Fatima Kumar,Shivakumar Bhat,3,0
14565,Fatima Gowda,Manjunath Kulkarni,3,1
14566,Manjunath Kulkarni,Pooja Iyengar,3,5
14573,Deepak Bhat,Yashwanth Kulkarni,3,0
14578,Deepak Naik,Manjunath Gowda,3,0
14586,Fatima Nayak,Nagaraj Gowda,3,0
14593,Mary Desai,Prakash Murthy,3,0
14594,Kiran Bhat,Mary Desai,3,0
14598,Joseph Kumar,Prakash Hegde,3,2
14599,Joseph Kumar,Shivakumar Reddy,3,2
14603,Nagaraj Rao,Shivakumar Reddy,3,0
14606,Nagaraj Patil,Prakash Gowda,3,2
14607,Anitha Hegde,Yashwanth Prasad,3,0
14614,Vinutha Hegde,Vinutha Prasad,3,0
14630,Chetan Shetty,Yashwanth Patil,3,0
14631,Ashwini Reddy,Girish Patil,3,0
14638,Lakshmi Prasad,Manjunath Gowda,3,0
14639,Bhavana Gowda,Fatima Gowda,3,1
14649,Basavaraj Bhat,Ravi Hegde,3,2
14670,Kiran Bhat,Yashwanth Shetty,3,0
14675,Pooja Reddy,Shivakumar Shetty,3,8
14676,Chetan Kulkarni,Prakash Kumar,3,0
14682,Pooja Bhat,Yashwanth Bhat,3,5
14683,Lakshmi Shetty,Yashwanth Rao,3,0
14684,Vinutha Gowda,Yashwanth Rao,3,0
14688,Imran Kulkarni,Shivakumar Prasad,3,0
14691,Imran Patil,Lakshmi Prasad,3,0
14698,Bhavana Gowda,Deepak Reddy,3,1
14700,Chetan Prasad,Lakshmi Nayak,3,6
14702,Joseph Murthy,Pooja Kumar,3,8
14709,Deepak Kumar,Rekha Murthy,3,7
14724,Chetan Bhat,Imran Reddy,3,0
14733,Girish Shetty,Yashwanth Rao,3,0
14734,Manjunath Patil,Yashwanth Prasad,3,0
14736,Manjunath Murthy,Manjunath Rao,3,0
14746,Kiran Rao,Yashwanth Gowda,3,0
14749,Mary Naik,Yashwanth Kumar,3,7
14753,Pooja Reddy,Shivakumar Nayak,3,0
14763,Basavaraj Iyengar,Pooja Naik,3,3
14765,Mary Bhat,Vinutha Desai,3,0
14766,Ashwini Prasad,Lakshmi Murthy,3,0
14767,Girish Kulkarni,Lakshmi Hegde,3,5
14772,Girish Rao,Suresh Murthy,3,0
14776,Nagaraj Shetty,Pooja Shetty,3,6
14780,Girish Gowda,Joseph Iyengar,3,6
14782,Anitha Reddy,Ashwini Rao,3,0
14789,Basavaraj Hegde,Lakshmi Murthy,3,0
14794,Fatima Shetty,Rekha Rao,3,7
14799,Deepak Patil,Ravi Patil,3,2
14809,Ashwini Kulkarni,Fatima Desai,3,0
14816,Bhavana Rao,Chetan Shetty,3,0
14823,Fatima Iyengar,Rekha Murthy,3,1
14828,Joseph Patil,Suresh Kulkarni,3,3
14833,Basavaraj Iyengar,Chetan Bhat,3,3
14835,Kiran Hegde,Pooja Shetty,3,3
14837,Imran Nayak,Lakshmi Murthy,3,0
14847,Chetan Kumar,Kiran Patil,3,0
14859,Imran Nayak,Joseph Prasad,3,0
14863,Manjunath Reddy,Shivakumar Patil,3,0
14864,Girish Patil,Rekha Kumar,3,0
14871,Bhavana Nayak,Pooja Kumar,3,2
14872,Bhavana Nayak,Manjunath Bhat,3,2
14876,Basavaraj Murthy,Shivakumar Prasad,3,0
14883,Lakshmi Desai,Suresh Rao,3,0
14890,Lakshmi Nayak,Vinutha Rao,3,1
14892,Bhavana Murthy,Mary Murthy,3,8
14897,Bhavana Hegde,Joseph Kulkarni,3,0
14903,Joseph Kumar,Suresh Prasad,3,2
14909,Joseph Naik,Lakshmi Desai,3,5
14912,Manjunath Hegde,Mary Desai,3,0
14913,Rekha Kumar,Shivakumar Bhat,3,0
14917,Joseph Gowda,Mary Shetty,3,0
14920,Fatima Iyengar,Rekha Iyengar,3,1
14924,Mary Iyengar,Prakash Prasad,3,0
14930,Basavaraj Shetty,Lakshmi Desai,3,0
14931,Kiran Patil,Pooja Kulkarni,3,0
14938,Ashwini Patil,Lakshmi Kulkarni,3,0
14939,Anitha Reddy,Suresh Nayak,3,0
14940,Basavaraj Nayak,Chetan Gowda,3,0
14944,Prakash Gowda,Suresh Rao,3,0
14947,Fatima Gowda,Manjunath Patil,3,1
14950,Girish Shetty,Manjunath Patil,3,0
14961,Girish Kulkarni,Kiran Gowda,3,5
14967,Girish Gowda,Lakshmi Hegde,3,6
14972,Ashwini Kumar,Rekha Bhat,3,0
14988,Ravi Reddy,Vinutha Kulkarni,3,1
14991,Girish Gowda,Shivakumar Reddy,3,6
14994,Fatima Bhat,Joseph Prasad,3,0
14995,Bhavana Reddy,Deepak Shetty,3,0
15000,Girish Murthy,Manjunath Kulkarni,3,0
15007,Kiran Patil,Vinutha Desai,3,0
15008,Deepak Kumar,Ravi Gowda,3,3
15012,Bhavana Gowda,Shivakumar Iyengar,3,1
15015,Chetan Kulkarni,Girish Kulkarni,3,5
15020,Basavaraj Naik,Lakshmi Hegde,3,1
15029,Deepak Kumar,Mary Nayak,3,0
15038,Ravi Kulkarni,Shivakumar Naik,3,5
15043,Anitha Nayak,Kiran Nayak,3,0
15047,Imran Murthy,Rekha Rao,3,0
15052,Nagaraj Bhat,Prakash Gowda,3,3
15053,Anitha Naik,Prakash Gowda,3,0
15058,Nagaraj Bhat,Vinutha Naik,3,3
15062,Shivakumar Kumar,Vinutha Bhat,3,0
15065,Kiran Hegde,Prakash Naik,3,3
15069,Chetan Bhat,Deepak Naik,3,0
15071,Deepak Naik,Girish Rao,3,0
15074,Basavaraj Reddy,Lakshmi Iyengar,3,0
15077,Bhavana Gowda,Vinutha Kulkarni,3,1
15081,Bhavana Shetty,Girish Patil,3,0
15085,Lakshmi Kulkarni,Pooja Hegde,3,0
15093,Imran Gowda,Mary Desai,3,0
15094,Anitha Reddy,Yashwanth Bhat,3,3
15103,Prakash Prasad,Rekha Reddy,3,0
15108,Deepak Prasad,Mary Rao,3,0
15132,Ravi Gowda,Shivakumar Iyengar,3,3
15143,Basavaraj Patil,Deepak Murthy,3,2
15146,Ashwini Desai,Ashwini Kulkarni,3,0
15152,Ravi Shetty,Shivakumar Nayak,3,0
15169,Bhavana Naik,Chetan Kulkarni,3,3
15172,Bhavana Nayak,Shivakumar Patil,3,2
15175,Girish Patil,Ravi Gowda,3,3
15185,Basavaraj Shetty,Mary Iyengar,3,0
15187,Imran Nayak,Shivakumar Naik,3,5
15193,Rekha Bhat,Rekha Reddy,3,0
15195,Anitha Murthy,Rekha Bhat,3,0
15197,Anitha Murthy,Mary Patil,3,0
15201,Imran Naik,Joseph Reddy,3,2
15205,Bhavana Patil,Prakash Prasad,3,0
15206,Deepak Desai,Prakash Patil,3,0
15211,Lakshmi Bhat,Lakshmi Iyengar,3,0
15221,Anitha Murthy,Joseph Murthy,3,0
15224,Ravi Hegde,Shivakumar Shetty,3,8
15237,Deepak Rao,Kiran Desai,3,7
15241,Deepak Rao,Lakshmi Patil,3,7
15245,Joseph Hegde,Mary Murthy,3,7
15256,Fatima Kumar,Joseph Kumar,3,2
15257,Anitha Reddy,Joseph Kumar,3,2
15265,Ashwini Hegde,Prakash Patil,3,0
15269,Rekha Rao,Yashwanth Naik,3,0
15278,Yashwanth Gowda,Yashwanth Reddy,3,5
15279,Chetan Shetty,Pooja Hegde,3,0
15282,Prakash Shetty,Yashwanth Hegde,3,0
15285,Joseph Iyengar,Rekha Gowda,3,6
15288,Kiran Bhat,Manjunath Rao,3,0
15290,Deepak Murthy,Mary Kulkarni,3,0
15292,Bhavana Naik,Deepak Kumar,3,3
15293,Lakshmi Iyengar,Rekha Gowda,3,0
15295,Mary Shetty,Rekha Gowda,3,0
15298,Shivakumar Murthy,Vinutha Prasad,3,0
15300,Fatima Prasad,Manjunath Kulkarni,3,0
15311,Manjunath Kulkarni,Prakash Bhat,3,0
15313,Kiran Hegde,Suresh Shetty,3,3
15318,Deepak Kumar,Rekha Rao,3,0
15320,Bhavana Prasad,Kiran Bhat,3,3
15324,Chetan Kulkarni,Manjunath Naik,3,0
15341,Deepak Gowda,Lakshmi Rao,3,7
15345,Lakshmi Rao,Mary Nayak,3,7
15358,Anitha Desai,Shivakumar Bhat,3,0
15360,Basavaraj Patil,Shivakumar Rao,3,2
15361,Fatima Iyengar,Fatima Shetty,3,1
15362,Fatima Shetty,Shivakumar Hegde,3,7
15378,Ashwini Desai,Joseph Prasad,3,0
15379,Joseph Prasad,Manjunath Iyengar,3,0
15380,Girish Murthy,Vinutha Kulkarni,3,0
15383,Girish Murthy,Mary Prasad,3,0
15384,Mary Prasad,Mary Shetty,3,0
15393,Chetan Murthy,Mary Desai,3,0
15397,Deepak Reddy,Yashwanth Hegde,3,0
15400,Ravi Naik,Yashwanth Nayak,3,7
15407,Basavaraj Murthy,Yashwanth Kulkarni,3,0
15408,Imran Nayak,Suresh Bhat,3,7
15412,Nagaraj Gowda,Nagaraj Hegde,3,0
15413,Deepak Nayak,Manjunath Kulkarni,3,0
15414,Fatima Gowda,Lakshmi Hegde,3,1
15416,Fatima Gowda,Fatima Iyengar,3,1
15425,Girish Reddy,Lakshmi Kumar,3,4
15431,Mary Reddy,Vinutha Gowda,3,5
15435,Deepak Patil,Manjunath Prasad,3,2
15442,Imran Iyengar,Lakshmi Desai,3,0
15454,Mary Bhat,Vinutha Gowda,3,0
15457,Anitha Prasad,Yashwanth Bhat,3,3
15470,Imran Rao,Yashwanth Kulkarni,3,8
15472,Girish Kumar,Yashwanth Kulkarni,3,0
15478,Ashwini Iyengar,Suresh Bhat,3,4
15487,Manjunath Iyengar,Vinutha Reddy,3,0
15490,Ashwini Iyengar,Shivakumar Naik,3,4
15495,Lakshmi Shetty,Mary Bhat,3,0
15502,Kiran Iyengar,Kiran Patil,3,0
15526,Basavaraj Kumar,Suresh Murthy,3,0
15527,Imran Murthy,Lakshmi Murthy,3,0
15532,Pooja Naik,Pooja Shetty,3,6
15546,Deepak Naik,Vinutha Reddy,3,0
15548,Anitha Gowda,Pooja Shetty,3,6
15565,Lakshmi Naik,Rekha Murthy,3,7
15570,Imran Reddy,Nagaraj Bhat,3,3
15571,Anitha Murthy,Manjunath Nayak,3,5
15579,Deepak Naik,Prakash Reddy,3,0
15590,Manjunath Gowda,Rekha Nayak,3,8
15598,Shivakumar Kulkarni,Yashwanth Bhat,3,3
15601,Anitha Reddy,Prakash Kulkarni,3,7
15604,Ashwini Desai,Prakash Rao,3,0
15607,Imran Rao,Rekha Gowda,3,8
15614,Ashwini Hegde,Manjunath Desai,3,8
15621,Girish Shetty,Yashwanth Prasad,3,0
15642,Manjunath Reddy,Yashwanth Hegde,3,0
15643,Anitha Reddy,Mary Desai,3,0
15646,Basavaraj Hegde,Girish Rao,3,0
15649,Girish Rao,Kiran Desai,3,0
15655,Fatima Patil,Girish Hegde,3,4
15657,Mary Gowda,Shivakumar Naik,3,5
15658,Mary Gowda,Pooja Gowda,3,3
15662,Kiran Naik,Lakshmi Shetty,3,0
15663,Kiran Hegde,Suresh Patil,3,3
15665,Lakshmi Shetty,Suresh Patil,3,0
15671,Lakshmi Iyengar,Prakash Reddy,3,0
15683,Fatima Nayak,Pooja Shetty,3,6
15684,Pooja Shetty,Rekha Murthy,3,6
15705,Kiran Iyengar,Vinutha Rao,3,0
15706,Manjunath Kumar,Yashwanth Rao,3,3
15707,Fatima Iyengar,Pooja Gowda,3,1
15711,Anitha Naik,Joseph Prasad,3,0
15714,Chetan Kulkarni,Mary Hegde,3,5
15716,Chetan Kulkarni,Nagaraj Nayak,3,0
15719,Bhavana Gowda,Yashwanth Desai,3,1
15745,Basavaraj Patil,Chetan Gowda,3,2
15749,Nagaraj Gowda,Prakash Reddy,3,0
15757,Girish Kulkarni,Pooja Prasad,3,5
15762,Kiran Rao,Nagaraj Patil,3,2
15769,Suresh Desai,Yashwanth Shetty,3,0
15771,Manjunath Desai,Yashwanth Prasad,3,8
15774,Manjunath Rao,Prakash Iyengar,3,5
15775,Bhavana Patil,Manjunath Rao,3,0
15784,Suresh Nayak,Vinutha Bhat,3,0
15798,Imran Bhat,Kiran Kumar,3,0
15804,Basavaraj Prasad,Pooja Shetty,3,6
15811,Ravi Kumar,Rekha Kulkarni,3,0
15823,Joseph Murthy,Rekha Reddy,3,0
15825,Chetan Iyengar,Shivakumar Rao,3,0
15832,Pooja Hegde,Rekha Iyengar,3,4
15836,Kiran Patil,Vinutha Patil,3,2
15841,Fatima Hegde,Pooja Nayak,3,0
15851,Anitha Bhat,Bhavana Nayak,3,7
15856,Chetan Kulkarni,Prakash Naik,3,2
15862,Rekha Murthy,Shivakumar Bhat,3,7
15870,Chetan Bhat,Fatima Gowda,3,1
15883,Anitha Rao,Vinutha Gowda,3,4
15885,Anitha Rao,Joseph Bhat,3,4
15891,Shivakumar Gowda,Yashwanth Rao,3,3
15895,Anitha Rao,Suresh Hegde,3,4
15898,Imran Iyengar,Prakash Shetty,3,0
15900,Chetan Desai,Yashwanth Rao,3,0
15913,Prakash Hegde,Shivakumar Shetty,3,8
15915,Rekha Murthy,Vinutha Kumar,3,7
15922,Girish Patil,Mary Iyengar,3,0
15924,Joseph Gowda,Yashwanth Naik,3,0
15930,Deepak Desai,Deepak Hegde,3,0
15936,Lakshmi Iyengar,Mary Murthy,3,8
15942,Deepak Rao,Suresh Patil,3,7
15944,Lakshmi Murthy,Vinutha Bhat,3,0
15950,Suresh Bhat,Vinutha Iyengar,3,7
15957,Anitha Gowda,Vinutha Kulkarni,3,0
15960,Rekha Kumar,Shivakumar Shetty,3,8
15979,Joseph Reddy,Prakash Murthy,3,2
15983,Basavaraj Hegde,Prakash Murthy,3,0
15984,Anitha Murthy,Basavaraj Hegde,3,0
15986,Manjunath Kulkarni,Nagaraj Desai,3,0
16008,Fatima Kumar,Rekha Nayak,3,8
16016,Bhavana Gowda,Shivakumar Shetty,3,1
16033,Prakash Iyengar,Ravi Shetty,3,5
16044,Anitha Desai,Fatima Patil,3,0
16067,Lakshmi Murthy,Manjunath Naik,3,0
16068,Manjunath Naik,Suresh Gowda,3,0
16072,Manjunath Rao,Suresh Gowda,3,0
16075,Rekha Desai,Shivakumar Rao,3,0
16076,Manjunath Hegde,Ravi Desai,3,0
16083,Chetan Desai,Mary Shetty,3,0
16085,Chetan Murthy,Ravi Gowda,3,3
16093,Imran Shetty,Suresh Rao,3,0
16105,Deepak Prasad,Ravi Reddy,3,1
16106,Deepak Prasad,Lakshmi Reddy,3,8
16110,Nagaraj Kulkarni,Pooja Murthy,3,4
16129,Ashwini Rao,Nagaraj Patil,3,2
16137,Deepak Reddy,Manjunath Reddy,3,0
16138,Deepak Reddy,Mary Murthy,3,8
16151,Shivakumar Murthy,Yashwanth Naik,3,0
16158,Mary Iyengar,Mary Reddy,3,5
16159,Nagaraj Hegde,Rekha Desai,3,0
16188,Rekha Desai,Yashwanth Iyengar,3,7
16192,Ashwini Desai,Suresh Iyengar,3,0
16198,Nagaraj Prasad,Vinutha Nayak,3,0
16207,Girish Patil,Kiran Desai,3,0
16219,Lakshmi Reddy,Mary Shetty,3,8
16221,Ashwini Kumar,Lakshmi Reddy,3,8
16231,Joseph Reddy,Lakshmi Murthy,3,2
16235,Nagaraj Bhat,Rekha Shetty,3,3
16241,Bhavana Rao,Suresh Kulkarni,3,0
16247,Chetan Murthy,Imran Kumar,3,0
16253,Nagaraj Desai,Suresh Naik,3,0
16259,Ravi Murthy,Suresh Murthy,3,0
16260,Anitha Iyengar,Mary Reddy,3,5
16263,Joseph Naik,Kiran Desai,3,5
16269,Basavaraj Naik,Shivakumar Nayak,3,0
16274,Chetan Kulkarni,Manjunath Rao,3,0
16275,Rekha Rao,Yashwanth Patil,3,0
16282,Anitha Murthy,Ashwini Kulkarni,3,0
16301,Anitha Shetty,Lakshmi Rao,3,7
16305,Anitha Shetty,Ashwini Prasad,3,0
16316,Anitha Shetty,Vinutha Rao,3,0
16317,Anitha Shetty,Yashwanth Bhat,3,3
16319,Mary Kulkarni,Yashwanth Murthy,3,6
16320,Chetan Kulkarni,Yashwanth Murthy,3,6
16328,Nagaraj Kumar,Pooja Kulkarni,3,0
16336,Bhavana Kulkarni,Joseph Iyengar,3,6
16339,Deepak Patil,Joseph Desai,3,2
16340,Anitha Desai,Imran Gowda,3,0
16356,Rekha Reddy,Yashwanth Rao,3,0
16358,Pooja Naik,Yashwanth Rao,3,0
16362,Prakash Gowda,Yashwanth Reddy,3,5
16377,Bhavana Gowda,Lakshmi Hegde,3,1
16378,Imran Prasad,Ravi Patil,3,0
16381,Bhavana Reddy,Prakash Gowda,3,0
16408,Bhavana Reddy,Pooja Murthy,3,0
16412,Basavaraj Reddy,Chetan Shetty,3,0
16413,Basavaraj Iyengar,Vinutha Murthy,3,3
16418,Deepak Gowda,Manjunath Iyengar,3,0
16433,Yashwanth Kumar,Yashwanth Patil,3,0
16434,Deepak Prasad,Kiran Bhat,3,0
16437,Basavaraj Naik,Bhavana Gowda,3,1
16439,Ashwini Iyengar,Deepak Reddy,3,4
16440,Basavaraj Naik,Girish Patil,3,0
16442,Ashwini Hegde,Manjunath Reddy,3,0
16453,Vinutha Hegde,Yashwanth Hegde,3,0
16455,Imran Gowda,Nagaraj Iyengar,3,0
16458,Manjunath Patil,Prakash Patil,3,0
16495,Anitha Reddy,Manjunath Shetty,3,4
16519,Anitha Kumar,Fatima Kulkarni,3,3
16523,Anitha Kumar,Prakash Patil,3,0
16527,Mary Kumar,Prakash Desai,3,0
16529,Suresh Naik,Suresh Rao,3,0
16530,Bhavana Nayak,Kiran Naik,3,2
16538,Lakshmi Patil,Prakash Reddy,3,0
16540,Fatima Patil,Mary Naik,3,7
16542,Shivakumar Gowda,Vinutha Nayak,3,3
16547,Manjunath Kumar,Yashwanth Bhat,3,3
16558,Joseph Reddy,Ravi Patil,3,2
16560,Nagaraj Hegde,Shivakumar Shetty,3,8
16566,Imran Reddy,Lakshmi Naik,3,0
16579,Ashwini Gowda,Mary Kulkarni,3,0
16582,Ashwini Iyengar,Deepak Rao,3,4
16585,Ashwini Nayak,Imran Reddy,3,0
16592,Anitha Patil,Prakash Bhat,3,0
16593,Deepak Iyengar,Suresh Reddy,3,3
16596,Deepak Shetty,Lakshmi Kulkarni,3,0
16601,Mary Murthy,Suresh Naik,3,8
16603,Manjunath Desai,Shivakumar Hegde,3,8
16611,Girish Kulkarni,Pooja Hegde,3,5
16616,Fatima Patil,Pooja Bhat,3,5
16617,Joseph Iyengar,Yashwanth Rao,3,6
16624,Chetan Kulkarni,Prakash Patil,3,0
16626,Basavaraj Naik,Rekha Murthy,3,7
16631,Rekha Reddy,Suresh Iyengar,3,0
16634,Chetan Bhat,Yashwanth Nayak,3,0
16636,Chetan Rao,Shivakumar Hegde,3,1
16642,Anitha Nayak,Chetan Murthy,3,0
16644,Bhavana Iyengar,Chetan Murthy,3,0
16657,Nagaraj Iyengar,Yashwanth Bhat,3,3
16674,Suresh Murthy,Yashwanth Shetty,3,0
16678,Fatima Murthy,Suresh Shetty,3,0
16681,Basavaraj Kumar,Prakash Rao,3,0
16682,Basavaraj Kumar,Deepak Shetty,3,0
16690,Ashwini Naik,Kiran Hegde,3,5
16691,Girish Prasad,Shivakumar Nayak,3,0
16700,Chetan Iyengar,Nagaraj Iyengar,3,0
16706,Fatima Kumar,Lakshmi Nayak,3,1
16707,Mary Bhat,Pooja Patil,3,0
16709,Joseph Nayak,Shivakumar Prasad,3,0
16719,Kiran Hegde,Lakshmi Nayak,3,3
16724,Lakshmi Rao,Ravi Iyengar,3,7
16728,Ashwini Shetty,Prakash Hegde,3,0
16730,Prakash Hegde,Yashwanth Shetty,3,0
16736,Mary Desai,Mary Rao,3,0
16738,Mary Shetty,Ravi Murthy,3,0
16760,Mary Kulkarni,Nagaraj Iyengar,3,0
16769,Ashwini Prasad,Basavaraj Gowda,3,0
16774,Fatima Kumar,Pooja Kulkarni,3,0
16779,Deepak Gowda,Kiran Rao,3,0
16780,Girish Patil,Vinutha Naik,3,0
16788,Basavaraj Kumar,Rekha Desai,3,0
16792,Girish Murthy,Manjunath Murthy,3,0
16806,Lakshmi Nayak,Nagaraj Patil,3,1
16815,Kiran Desai,Pooja Iyengar,3,5
16816,Basavaraj Gowda,Kiran Desai,3,0
16840,Fatima Hegde,Shivakumar Desai,3,4
16847,Nagaraj Bhat,Shivakumar Shetty,3,3
16849,Prakash Bhat,Rekha Kumar,3,0
16853,Imran Desai,Ravi Naik,3,8
16866,Basavaraj Patil,Bhavana Murthy,3,2
16880,Deepak Rao,Girish Kulkarni,3,7
16883,Joseph Naik,Rekha Shetty,3,5
16895,Ravi Naik,Vinutha Iyengar,3,7
16896,Pooja Kulkarni,Prakash Kumar,3,0
16897,Pooja Kulkarni,Ravi Naik,3,7
16908,Prakash Desai,Yashwanth Hegde,3,0
16920,Bhavana Gowda,Manjunath Nayak,3,1
16923,Imran Rao,Suresh Hegde,3,8
16928,Deepak Prasad,Deepak Reddy,3,0
16932,Manjunath Iyengar,Shivakumar Murthy,3,0
16944,Chetan Naik,Mary Iyengar,3,0
16965,Mary Shetty,Suresh Rao,3,0
16968,Ravi Gowda,Yashwanth Rao,3,3
16970,Manjunath Murthy,Ravi Gowda,3,3
16984,Anitha Naik,Suresh Rao,3,0
16997,Joseph Desai,Mary Iyengar,3,0
17010,Ashwini Desai,Rekha Kumar,3,0
17013,Bhavana Nayak,Lakshmi Nayak,3,2
17016,Lakshmi Reddy,Yashwanth Patil,3,8
17027,Imran Murthy,Shivakumar Bhat,3,0
17029,Imran Iyengar,Mary Shetty,3,0
17032,Imran Iyengar,Imran Rao,3,8
17041,Joseph Kulkarni,Yashwanth Reddy,3,5
17042,Chetan Hegde,Fatima Gowda,3,1
17044,Mary Reddy,Nagaraj Patil,3,5
17045,Nagaraj Patil,Yashwanth Gowda,3,2
17063,Nagaraj Shetty,Shivakumar Reddy,3,0
17065,Shivakumar Kumar,Suresh Murthy,3,0
17077,Bhavana Prasad,Manjunath Iyengar,3,3
17089,Joseph Prasad,Shivakumar Shetty,3,8
17093,Pooja Patil,Vinutha Rao,3,0
17094,Ashwini Shetty,Girish Murthy,3,0
17098,Basavaraj Patil,Mary Desai,3,2
17105,Manjunath Desai,Mary Iyengar,3,8
17119,Ravi Gowda,Yashwanth Gowda,3,3
17120,Manjunath Murthy,Yashwanth Gowda,3,0
17136,Bhavana Nayak,Chetan Iyengar,3,2
17152,Anitha Kulkarni,Ravi Kulkarni,3,0
17156,Deepak Kumar,Lakshmi Nayak,3,1
17163,Yashwanth Hegde,Yashwanth Naik,3,0
17164,Shivakumar Hegde,Suresh Rao,3,1
17169,Manjunath Kulkarni,Rekha Gowda,3,0
17178,Chetan Kulkarni,Yashwanth Gowda,3,0
17181,Fatima Hegde,Imran Reddy,3,0
17196,Imran Iyengar,Shivakumar Reddy,3,0
17202,Anitha Nayak,Girish Kulkarni,3,5
17203,Anitha Desai,Basavaraj Bhat,3,2
17207,Rekha Murthy,Shivakumar Hegde,3,7
17221,Deepak Patil,Prakash Naik,3,2
17225,Fatima Kumar,Pooja Prasad,3,0
17230,Mary Bhat,Suresh Iyengar,3,0
17235,Imran Nayak,Pooja Nayak,3,0
17245,Bhavana Patil,Pooja Shetty,3,6
17264,Girish Bhat,Vinutha Murthy,3,6
17280,Anitha Kulkarni,Joseph Prasad,3,0
17284,Joseph Hegde,Vinutha Patil,3,7
17292,Lakshmi Nayak,Shivakumar Hegde,3,1
17293,Kiran Desai,Nagaraj Bhat,3,3
17313,Manjunath Gowda,Prakash Shetty,3,0
17314,Bhavana Kulkarni,Prakash Prasad,3,0
17325,Girish Kulkarni,Pooja Rao,3,5
17331,Fatima Rao,Suresh Hegde,3,0
17337,Fatima Murthy,Shivakumar Patil,3,0
17338,Pooja Iyengar,Shivakumar Patil,3,5
17351,Imran Hegde,Prakash Hegde,3,0
17354,Lakshmi Kumar,Vinutha Naik,3,4
17360,Chetan Reddy,Mary Nayak,3,1
17370,Joseph Patil,Prakash Kumar,3,3
17378,Manjunath Kulkarni,Ravi Shetty,3,0
17392,Joseph Patil,Shivakumar Shetty,3,3
17396,Imran Prasad,Mary Gowda,3,0
17397,Girish Rao,Yashwanth Nayak,3,0
17404,Joseph Iyengar,Manjunath Kulkarni,3,6
17406,Deepak Prasad,Imran Naik,3,0
17411,Lakshmi Rao,Pooja Iyengar,3,7
17414,Anitha Gowda,Ravi Desai,3,0
17421,Suresh Naik,Suresh Patil,3,0
17428,Deepak Gowda,Girish Gowda,3,6
17429,Ashwini Bhat,Shivakumar Kulkarni,3,0
17431,Manjunath Iyengar,Pooja Kulkarni,3,0
17464,Deepak Patil,Shivakumar Naik,3,2
17466,Lakshmi Murthy,Manjunath Patil,3,0
17467,Lakshmi Kulkarni,Yashwanth Patil,3,0
17468,Lakshmi Kulkarni,Mary Shetty,3,0
17470,Imran Prasad,Lakshmi Nayak,3,1
17477,Mary Gowda,Yashwanth Desai,3,0
17481,Basavaraj Naik,Joseph Shetty,3,4
17487,Joseph Patil,Suresh Desai,3,3
17488,Fatima Rao,Suresh Desai,3,0
17518,Prakash Bhat,Shivakumar Gowda,3,3
17519,Lakshmi Hegde,Prakash Naik,3,1
17529,Shivakumar Patil,Vinutha Desai,3,0
17531,Deepak Murthy,Pooja Gowda,3,3
17543,Imran Nayak,Lakshmi Desai,3,0
17557,Suresh Bhat,Suresh Desai,3,7
17568,Lakshmi Shetty,Nagaraj Rao,3,0
17570,Deepak Kulkarni,Manjunath Patil,3,0
17572,Deepak Reddy,Prakash Reddy,3,0
17574,Imran Gowda,Suresh Nayak,3,0
17576,Joseph Desai,Ravi Patil,3,0
17586,Anitha Patil,Kiran Iyengar,3,0
17587,Fatima Murthy,Shivakumar Nayak,3,0
17597,Anitha Shetty,Prakash Iyengar,3,5
17601,Girish Murthy,Ravi Bhat,3,0
17603,Joseph Iyengar,Kiran Murthy,3,6
17611,Ashwini Prasad,Suresh Murthy,3,0
17612,Ashwini Prasad,Prakash Patil,3,0
17617,Pooja Nayak,Suresh Kulkarni,3,0
17621,Pooja Murthy,Rekha Nayak,3,8
17625,Kiran Shetty,Nagaraj Iyengar,3,0
17634,Ashwini Nayak,Imran Nayak,3,0
17639,Anitha Murthy,Lakshmi Hegde,3,1
17641,Anitha Prasad,Prakash Reddy,3,0
17644,Anitha Prasad,Kiran Murthy,3,8
17649,Manjunath Naik,Prakash Naik,3,2
17654,Chetan Kulkarni,Imran Naik,3,0
17659,Pooja Naik,Pooja Reddy,3,0
17660,Kiran Murthy,Vinutha Desai,3,8
17671,Bhavana Rao,Bhavana Reddy,3,0
17672,Kiran Prasad,Rekha Hegde,3,0
17673,Bhavana Rao,Kiran Prasad,3,0
17705,Imran Hegde,Nagaraj Gowda,3,0
17707,Basavaraj Bhat,Manjunath Shetty,3,2
17725,Basavaraj Reddy,Vinutha Patil,3,2
17732,Joseph Hegde,Joseph Reddy,3,7
17746,Bhavana Patil,Bhavana Reddy,3,0
17755,Anitha Patil,Kiran Gowda,3,0
17766,Shivakumar Prasad,Yashwanth Nayak,3,0
17776,Mary Naik,Shivakumar Iyengar,3,7
17777,Ravi Gowda,Ravi Nayak,3,3
17782,Anitha Hegde,Yashwanth Kumar,3,0
17785,Nagaraj Bhat,Shivakumar Iyengar,3,3
17792,Anitha Patil,Bhavana Rao,3,0
17803,Lakshmi Desai,Pooja Rao,3,7
17809,Joseph Prasad,Yashwanth Kulkarni,3,0
17828,Basavaraj Shetty,Ravi Rao,3,0
17831,Prakash Kulkarni,Prakash Nayak,3,7
17843,Ashwini Naik,Prakash Reddy,3,5
17851,Chetan Kumar,Manjunath Desai,3,8
17852,Deepak Kulkarni,Manjunath Desai,3,8
17862,Fatima Nayak,Shivakumar Naik,3,5
17869,Nagaraj Patil,Ravi Reddy,3,2
17870,Deepak Hegde,Deepak Murthy,3,0
17873,Chetan Prasad,Yashwanth Nayak,3,6
17878,Rekha Murthy,Suresh Prasad,3,7
17884,Deepak Prasad,Girish Kulkarni,3,5
17888,Anitha Nayak,Yashwanth Gowda,3,0
17895,Mary Shetty,Rekha Murthy,3,7
17906,Girish Bhat,Joseph Kumar,3,6
17907,Girish Bhat,Imran Prasad,3,6
17917,Pooja Desai,Vinutha Gowda,3,0
17918,Girish Patil,Vinutha Gowda,3,0
17920,Girish Reddy,Vinutha Reddy,3,0
17921,Basavaraj Kumar,Girish Reddy,3,0
17925,Manjunath Kumar,Suresh Bhat,3,3
17926,Manjunath Kumar,Shivakumar Desai,3,3
17927,Shivakumar Desai,Suresh Bhat,3,4
17930,Ravi Kumar,Rekha Desai,3,0
17940,Girish Bhat,Joseph Kulkarni,3,6
17943,Chetan Naik,Shivakumar Desai,3,4
17947,Manjunath Prasad,Rekha Desai,3,0
17955,Lakshmi Murthy,Mary Kulkarni,3,0
17961,Lakshmi Patil,Shivakumar Murthy,3,0
17971,Fatima Murthy,Yashwanth Patil,3,0
17973,Chetan Iyengar,Rekha Shetty,3,3
17974,Chetan Iyengar,Pooja Gowda,3,3
17978,Basavaraj Naik,Fatima Patil,3,0
17980,Prakash Murthy,Prakash Prasad,3,0
17987,Bhavana Nayak,Imran Kumar,3,2
17993,Basavaraj Rao,Yashwanth Kulkarni,3,0
17997,Imran Naik,Suresh Rao,3,0
18003,Girish Gowda,Lakshmi Naik,3,6
18005,Pooja Gowda,Rekha Kumar,3,3
18010,Kiran Iyengar,Suresh Iyengar,3,0
18013,Chetan Kulkarni,Yashwanth Reddy,3,5
18028,Deepak Shetty,Shivakumar Desai,3,4
18030,Deepak Rao,Lakshmi Shetty,3,7
18032,Lakshmi Bhat,Mary Reddy,3,5
18049,Nagaraj Prasad,Ravi Gowda,3,3
18060,Rekha Naik,Vinutha Hegde,3,0
18068,Kiran Prasad,Lakshmi Nayak,3,1
18076,Nagaraj Bhat,Rekha Murthy,3,3
18081,Pooja Iyengar,Ravi Bhat,3,5
18082,Mary Reddy,Pooja Iyengar,3,5
18083,Nagaraj Hegde,Vinutha Rao,3,0
18095,Girish Gowda,Yashwanth Rao,3,6
18096,Girish Nayak,Mary Gowda,3,0
18097,Girish Nayak,Yashwanth Rao,3,0
18100,Chetan Naik,Prakash Rao,3,0
18104,Joseph Hegde,Prakash Shetty,3,7
18118,Basavaraj Hegde,Girish Patil,3,0
18126,Joseph Reddy,Manjunath Naik,3,2
18127,Manjunath Naik,Shivakumar Rao,3,0
18129,Anitha Murthy,Ravi Bhat,3,0
18131,Prakash Patil,Shivakumar Bhat,3,0
18133,Pooja Hegde,Shivakumar Desai,3,4
18140,Manjunath Kumar,Mary Nayak,3,3
18146,Deepak Prasad,Joseph Prasad,3,0
18164,Anitha Iyengar,Imran Iyengar,3,0
18166,Anitha Iyengar,Rekha Patil,3,0
18171,Nagaraj Murthy,Suresh Desai,3,0
18173,Girish Shetty,Joseph Reddy,3,2
18185,Prakash Rao,Ravi Reddy,3,1
18188,Manjunath Reddy,Mary Prasad,3,0
18197,Bhavana Reddy,Rekha Bhat,3,0
18198,Deepak Patil,Mary Reddy,3,2
18199,Ashwini Naik,Chetan Bhat,3,5
18200,Chetan Bhat,Girish Kulkarni,3,5
18205,Prakash Kumar,Prakash Reddy,3,0
18223,Mary Bhat,Pooja Shetty,3,6
18226,Joseph Nayak,Nagaraj Kulkarni,3,4
18231,Basavaraj Desai,Nagaraj Hegde,3,0
18232,Ashwini Patil,Mary Shetty,3,0
18234,Nagaraj Bhat,Ravi Murthy,3,3
18237,Mary Desai,Yashwanth Hegde,3,0
18240,Mary Murthy,Yashwanth Hegde,3,8
18246,Girish Naik,Lakshmi Hegde,3,1
18248,Prakash Iyengar,Rekha Rao,3,5
18268,Fatima Rao,Yashwanth Reddy,3,5
18269,Ashwini Kulkarni,Yashwanth Naik,3,0
18276,Chetan Kulkarni,Rekha Patil,3,0
18279,Fatima Rao,Ravi Gowda,3,3
18284,Prakash Prasad,Shivakumar Kulkarni,3,0
18302,Fatima Iyengar,Manjunath Nayak,3,1
18314,Kiran Desai,Prakash Gowda,3,0
18327,Girish Hegde,Mary Kumar,3,4
18332,Lakshmi Prasad,Ravi Nayak,3,1
18333,Chetan Hegde,Lakshmi Nayak,3,1
18338,Anitha Kumar,Mary Shetty,3,0
18342,Imran Iyengar,Pooja Murthy,3,0
18350,Mary Gowda,Nagaraj Patil,3,2
18351,Basavaraj Hegde,Pooja Hegde,3,0
18362,Kiran Shetty,Ravi Hegde,3,0
18363,Mary Iyengar,Vinutha Desai,3,0
18370,Nagaraj Rao,Rekha Murthy,3,7
18378,Nagaraj Kumar,Shivakumar Reddy,3,0
18380,Fatima Iyengar,Mary Iyengar,3,1
18398,Bhavana Gowda,Vinutha Rao,3,1
18416,Prakash Rao,Ravi Hegde,3,0
18417,Prakash Murthy,Prakash Rao,3,0
18436,Anitha Nayak,Mary Reddy,3,5
18454,Basavaraj Nayak,Fatima Reddy,3,0
18456,Kiran Iyengar,Manjunath Hegde,3,0
18459,Girish Shetty,Nagaraj Kulkarni,3,4
18465,Chetan Bhat,Shivakumar Gowda,3,3
18474,Chetan Bhat,Prakash Patil,3,0
18482,Deepak Kumar,Mary Shetty,3,0
18494,Pooja Kulkarni,Prakash Patil,3,0
18516,Chetan Iyengar,Lakshmi Shetty,3,0
18518,Basavaraj Patil,Kiran Bhat,3,2
18524,Anitha Prasad,Girish Nayak,3,0
18538,Girish Nayak,Suresh Kumar,3,0
18559,Bhavana Kulkarni,Mary Desai,3,0
18567,Bhavana Nayak,Bhavana Rao,3,2
18574,Anitha Prasad,Ravi Patil,3,0
18576,Bhavana Hegde,Deepak Iyengar,3,3
18589,Lakshmi Naik,Pooja Gowda,3,3
18629,Lakshmi Iyengar,Mary Reddy,3,5
18631,Anitha Nayak,Joseph Shetty,3,4
18650,Anitha Naik,Deepak Bhat,3,0
18657,Girish Kulkarni,Rekha Gowda,3,5
18661,Basavaraj Desai,Mary Naik,3,7
18664,Deepak Desai,Prakash Kumar,3,0
18668,Nagaraj Prasad,Ravi Rao,3,0
18674,Fatima Iyengar,Pooja Reddy,3,1
18679,Mary Patil,Vinutha Nayak,3,0
18688,Joseph Iyengar,Yashwanth Desai,3,6
18692,Imran Gowda,Yashwanth Nayak,3,0
18693,Kiran Hegde,Shivakumar Desai,3,3
18695,Kiran Hegde,Manjunath Naik,3,3
18705,Imran Bhat,Nagaraj Kulkarni,3,4
18722,Chetan Hegde,Manjunath Murthy,3,0
18732,Prakash Kulkarni,Rekha Kulkarni,3,7
18733,Bhavana Naik,Deepak Hegde,3,3
18735,Chetan Patil,Lakshmi Kulkarni,3,4
18736,Joseph Desai,Rekha Iyengar,3,4
18740,Bhavana Rao,Prakash Patil,3,0
18743,Deepak Rao,Girish Prasad,3,7
18793,Bhavana Iyengar,Girish Reddy,3,0
18803,Girish Naik,Rekha Gowda,3,0
18804,Kiran Iyengar,Rekha Gowda,3,0
18830,Deepak Shetty,Imran Nayak,3,0
18832,Joseph Kumar,Prakash Naik,3,2
18840,Imran Naik,Shivakumar Bhat,3,0
18846,Mary Desai,Vinutha Kumar,3,0
18848,Chetan Naik,Imran Reddy,3,0
18856,Nagaraj Hegde,Pooja Hegde,3,0
18857,Nagaraj Desai,Nagaraj Kulkarni,3,4
18865,Deepak Naik,Ravi Bhat,3,0
18868,Basavaraj Patil,Shivakumar Hegde,3,2
18875,Imran Bhat,Prakash Nayak,3,0
18892,Bhavana Gowda,Pooja Gowda,3,1
18899,Basavaraj Reddy,Prakash Nayak,3,0
18903,Bhavana Bhat,Vinutha Patil,3,2
18914,Bhavana Prasad,Shivakumar Prasad,3,3
18921,Girish Patil,Kiran Nayak,3,0
18939,Anitha Rao,Joseph Reddy,3,4
18942,Pooja Gowda,Ravi Shetty,3,3
18954,Mary Nayak,Pooja Iyengar,3,5
18955,Pooja Iyengar,Vinutha Kumar,3,5
18965,Imran Kumar,Nagaraj Rao,3,0
18966,Basavaraj Reddy,Vinutha Prasad,3,0
18974,Nagaraj Kumar,Yashwanth Desai,3,0
18978,Joseph Nayak,Shivakumar Shetty,3,8
18997,Chetan Prasad,Joseph Naik,3,6
19016,Fatima Iyengar,Manjunath Kulkarni,3,1
19023,Manjunath Patil,Mary Kulkarni,3,0
19026,Fatima Reddy,Pooja Murthy,3,0
19027,Anitha Kumar,Pooja Murthy,3,0
19030,Girish Iyengar,Vinutha Bhat,3,0
19031,Mary Murthy,Yashwanth Gowda,3,8
19034,Bhavana Hegde,Imran Shetty,3,0
19042,Pooja Nayak,Vinutha Murthy,3,0
19050,Basavaraj Murthy,Basavaraj Patil,3,2
19051,Basavaraj Murthy,Prakash Patil,3,0
19052,Nagaraj Bhat,Prakash Patil,3,3
19058,Deepak Nayak,Vinutha Reddy,3,0
19061,Imran Iyengar,Manjunath Rao,3,0
19062,Anitha Bhat,Basavaraj Kulkarni,3,7
19069,Lakshmi Shetty,Mary Reddy,3,5
19074,Deepak Kulkarni,Kiran Iyengar,3,0
19078,Girish Reddy,Kiran Iyengar,3,0
19100,Ashwini Reddy,Manjunath Bhat,3,0
19103,Basavaraj Rao,Lakshmi Kulkarni,3,0
19108,Deepak Rao,Nagaraj Kumar,3,7
19112,Fatima Murthy,Suresh Reddy,3,0
19125,Suresh Prasad,Vinutha Rao,3,0
19128,Manjunath Bhat,Shivakumar Naik,3,5
19129,Manjunath Bhat,Ravi Gowda,3,3
19130,Pooja Shetty,Suresh Patil,3,6
19133,Deepak Desai,Yashwanth Hegde,3,0
19139,Bhavana Naik,Mary Prasad,3,3
19169,Anitha Kumar,Joseph Desai,3,0
19173,Bhavana Nayak,Shivakumar Desai,3,2
19176,Joseph Reddy,Rekha Gowda,3,2
19213,Shivakumar Desai,Suresh Naik,3,4
19214,Rekha Reddy,Shivakumar Desai,3,4
19218,Chetan Rao,Kiran Prasad,3,0
19232,Lakshmi Gowda,Shivakumar Gowda,3,3
19244,Manjunath Gowda,Ravi Bhat,3,0
19251,Anitha Shetty,Bhavana Gowda,3,1
19278,Ashwini Murthy,Imran Gowda,3,0
19291,Bhavana Shetty,Deepak Gowda,3,0
19305,Bhavana Gowda,Deepak Iyengar,3,1
19308,Pooja Gowda,Prakash Patil,3,3
19309,Bhavana Nayak,Pooja Gowda,3,2
19318,Manjunath Bhat,Rekha Gowda,3,0
19332,Chetan Shetty,Mary Desai,3,0
19333,Mary Bhat,Pooja Naik,3,0
19344,Deepak Iyengar,Rekha Shetty,3,3
19347,Basavaraj Reddy,Manjunath Hegde,3,0
19349,Nagaraj Kumar,Shivakumar Iyengar,3,0
19360,Deepak Desai,Nagaraj Murthy,3,0
19370,Joseph Nayak,Rekha Shetty,3,3
19385,Ravi Reddy,Yashwanth Rao,3,1
19386,Basavaraj Patil,Vinutha Rao,3,2
19403,Basavaraj Iyengar,Imran Iyengar,3,3
19410,Mary Bhat,Ravi Naik,3,7
19412,Ravi Naik,Vinutha Shetty,3,7
19413,Deepak Naik,Mary Bhat,3,0
19415,Deepak Naik,Vinutha Shetty,3,0
19420,Deepak Rao,Lakshmi Kulkarni,3,7
19427,Bhavana Rao,Rekha Desai,3,0
19432,Chetan Rao,Shivakumar Murthy,3,0
19441,Fatima Bhat,Pooja Hegde,3,0
19455,Chetan Gowda,Imran Iyengar,3,0
19458,Bhavana Nayak,Nagaraj Iyengar,3,2
19466,Chetan Patil,Nagaraj Rao,3,4
19476,Pooja Patil,Rekha Bhat,3,0
19477,Fatima Iyengar,Pooja Patil,3,1
19485,Basavaraj Gowda,Yashwanth Patil,3,0
19489,Joseph Iyengar,Pooja Bhat,3,6
19493,Kiran Murthy,Lakshmi Reddy,3,8
19503,Anitha Kumar,Girish Nayak,3,0
19511,Chetan Iyengar,Mary Nayak,3,0
19514,Vinutha Bhat,Yashwanth Nayak,3,0
19522,Nagaraj Reddy,Prakash Shetty,3,7
19523,Ravi Murthy,Yashwanth Rao,3,0
19530,Basavaraj Rao,Yashwanth Kumar,3,0
19531,Fatima Gowda,Yashwanth Kumar,3,1
19540,Pooja Prasad,Prakash Hegde,3,0
19547,Mary Gowda,Mary Rao,3,0
19549,Prakash Gowda,Prakash Naik,3,2
19560,Lakshmi Rao,Rekha Murthy,3,7
19566,Joseph Shetty,Ravi Naik,3,4
19575,Ravi Prasad,Shivakumar Bhat,3,0
19588,Joseph Hegde,Ravi Reddy,3,7
19605,Manjunath Kulkarni,Manjunath Prasad,3,0
19621,Bhavana Patil,Imran Murthy,3,0
19625,Mary Nayak,Prakash Rao,3,0
19626,Girish Gowda,Mary Nayak,3,6
19650,Anitha Nayak,Pooja Rao,3,7
19656,Imran Murthy,Ravi Prasad,3,0
19663,Lakshmi Shetty,Manjunath Iyengar,3,0
19674,Mary Iyengar,Pooja Hegde,3,0
19678,Suresh Kulkarni,Yashwanth Patil,3,0
19687,Lakshmi Nayak,Manjunath Reddy,3,1
19692,Imran Iyengar,Manjunath Iyengar,3,0
19701,Girish Prasad,Kiran Reddy,3,7
19707,Joseph Prasad,Pooja Nayak,3,0
19712,Girish Iyengar,Girish Patil,3,0
19713,Mary Murthy,Suresh Murthy,3,8
19728,Mary Kulkarni,Ravi Iyengar,3,0
19743,Imran Gowda,Imran Naik,3,0
19748,Imran Murthy,Nagaraj Kumar,3,0
19754,Mary Kulkarni,Ravi Naik,3,7
19765,Manjunath Iyengar,Ravi Bhat,3,0
19766,Fatima Bhat,Manjunath Iyengar,3,0
19768,Mary Desai,Prakash Iyengar,3,5
19781,Ashwini Bhat,Rekha Hegde,3,0
19783,Ashwini Naik,Yashwanth Patil,3,5
19788,Basavaraj Shetty,Lakshmi Kulkarni,3,0
19795,Girish Kulkarni,Manjunath Kulkarni,3,5
19802,Ashwini Desai,Manjunath Kulkarni,3,0
19807,Mary Nayak,Prakash Iyengar,3,5
19814,Basavaraj Naik,Mary Kulkarni,3,0
19836,Imran Nayak,Shivakumar Kulkarni,3,0
19837,Mary Hegde,Shivakumar Prasad,3,5
19840,Girish Iyengar,Kiran Iyengar,3,0
19856,Deepak Gowda,Shivakumar Kumar,3,0
19865,Bhavana Iyengar,Bhavana Rao,3,0
19873,Nagaraj Kumar,Pooja Hegde,3,0
19886,Bhavana Naik,Mary Murthy,3,3
19887,Anitha Desai,Kiran Kumar,3,0
19901,Imran Gowda,Pooja Kumar,3,8
19905,Deepak Hegde,Pooja Iyengar,3,5
19913,Bhavana Kulkarni,Yashwanth Hegde,3,0
19922,Fatima Reddy,Yashwanth Kumar,3,0
19933,Joseph Naik,Vinutha Murthy,3,5
19938,Ravi Murthy,Suresh Gowda,3,0
19958,Ashwini Reddy,Rekha Reddy,3,0
19961,Imran Nayak,Ravi Hegde,3,0
19966,Deepak Reddy,Nagaraj Patil,3,2
19968,Fatima Kulkarni,Suresh Rao,3,3
19969,Suresh Rao,Vinutha Desai,3,0
19970,Rekha Shetty,Suresh Rao,3,3
19972,Fatima Kulkarni,Rekha Shetty,3,3
19975,Anitha Reddy,Yashwanth Gowda,3,0
19982,Basavaraj Nayak,Lakshmi Kumar,3,4
19986,Ashwini Nayak,Girish Shetty,3,0
20013,Anitha Desai,Ashwini Iyengar,3,4
20026,Kiran Patil,Suresh Prasad,3,0
20032,Kiran Iyengar,Rekha Reddy,3,0
20033,Lakshmi Kumar,Ravi Murthy,3,4
20038,Kiran Prasad,Prakash Reddy,3,0
20041,Manjunath Hegde,Prakash Kulkarni,3,7
20042,Girish Prasad,Nagaraj Rao,3,0
20046,Girish Shetty,Imran Gowda,3,0
20073,Imran Naik,Pooja Kumar,3,8
20088,Prakash Prasad,Prakash Rao,3,0
20106,Basavaraj Gowda,Shivakumar Iyengar,3,0
20111,Ashwini Desai,Bhavana Gowda,3,1
20116,Anitha Reddy,Nagaraj Patil,3,2
20118,Nagaraj Patil,Pooja Shetty,3,2
20120,Bhavana Kumar,Nagaraj Murthy,3,0
20126,Anitha Desai,Imran Kulkarni,3,0
20128,Manjunath Prasad,Ravi Kumar,3,0
20142,Deepak Shetty,Shivakumar Iyengar,3,0
20146,Chetan Murthy,Deepak Shetty,3,0
20148,Girish Bhat,Joseph Iyengar,3,6
20164,Basavaraj Kumar,Manjunath Reddy,3,0
20170,Girish Bhat,Manjunath Shetty,3,6
20171,Girish Bhat,Ravi Desai,3,6
20174,Deepak Murthy,Manjunath Desai,3,8
20181,Vinutha Rao,Yashwanth Patil,3,0
20192,Ravi Desai,Shivakumar Prasad,3,0
20205,Anitha Kumar,Suresh Shetty,3,0
20207,Mary Prasad,Rekha Murthy,3,7
20221,Basavaraj Murthy,Mary Murthy,3,8
20223,Fatima Kulkarni,Lakshmi Naik,3,3
20233,Imran Rao,Lakshmi Naik,3,8
20240,Ashwini Prasad,Shivakumar Iyengar,3,0
20254,Imran Gowda,Vinutha Rao,3,0
20265,Imran Bhat,Nagaraj Iyengar,3,0
20280,Manjunath Desai,Mary Gowda,3,8
20283,Imran Rao,Rekha Bhat,3,8
20285,Anitha Desai,Pooja Shetty,3,6
20295,Lakshmi Hegde,Suresh Bhat,3,1
20300,Lakshmi Hegde,Rekha Murthy,3,1
20301,Prakash Reddy,Rekha Murthy,3,7
20304,Anitha Naik,Ashwini Prasad,3,0
20305,Kiran Kumar,Nagaraj Murthy,3,0
20319,Deepak Patil,Vinutha Patil,3,2
20321,Anitha Kumar,Lakshmi Reddy,3,8
20324,Ashwini Naik,Lakshmi Naik,3,5
20327,Ashwini Desai,Ashwini Naik,3,5
20331,Deepak Murthy,Rekha Murthy,3,7
20334,Kiran Patil,Suresh Iyengar,3,0
20339,Girish Murthy,Kiran Reddy,3,7
20342,Joseph Kulkarni,Suresh Rao,3,0
20348,Pooja Kulkarni,Pooja Rao,3,7
20349,Girish Iyengar,Manjunath Desai,3,8
20357,Imran Nayak,Manjunath Reddy,3,0
20358,Imran Nayak,Prakash Kulkarni,3,7
20361,Fatima Shetty,Rekha Murthy,3,7
20362,Bhavana Reddy,Manjunath Kumar,3,3
20364,Bhavana Reddy,Yashwanth Reddy,3,5
20368,Basavaraj Desai,Nagaraj Kumar,3,0
20373,Joseph Bhat,Shivakumar Kulkarni,3,0
20382,Girish Kumar,Kiran Desai,3,0
20405,Chetan Murthy,Deepak Naik,3,0
20414,Chetan Shetty,Mary Naik,3,7
20432,Joseph Prasad,Manjunath Patil,3,0
20435,Joseph Nayak,Vinutha Shetty,3,0
20446,Nagaraj Hegde,Suresh Shetty,3,0
20454,Imran Rao,Lakshmi Prasad,3,8
20464,Bhavana Shetty,Girish Rao,3,0
20466,Ashwini Murthy,Manjunath Nayak,3,5
20472,Fatima Desai,Pooja Iyengar,3,5
20479,Basavaraj Kumar,Bhavana Kulkarni,3,0
20485,Deepak Shetty,Suresh Kulkarni,3,0
20487,Chetan Prasad,Nagaraj Rao,3,6
20489,Mary Iyengar,Suresh Desai,3,0
20494,Basavaraj Iyengar,Shivakumar Bhat,3,3
20495,Mary Murthy,Vinutha Prasad,3,8
20496,Fatima Kulkarni,Vinutha Rao,3,3
20501,Bhavana Hegde,Pooja Kumar,3,8
20513,Deepak Kulkarni,Nagaraj Bhat,3,3
20518,Nagaraj Reddy,Pooja Patil,3,7
20520,Mary Nayak,Nagaraj Reddy,3,7
20521,Pooja Patil,Rekha Kumar,3,0
20535,Girish Shetty,Ravi Prasad,3,0
20542,Deepak Bhat,Kiran Iyengar,3,0
20545,Ashwini Desai,Deepak Shetty,3,0
20550,Anitha Prasad,Shivakumar Rao,3,0
20551,Anitha Prasad,Lakshmi Murthy,3,0
20553,Imran Reddy,Shivakumar Rao,3,0
20556,Lakshmi Murthy,Suresh Reddy,3,0
20563,Anitha Rao,Deepak Patil,3,4
20569,Fatima Murthy,Mary Iyengar,3,0
20609,Mary Kulkarni,Vinutha Patil,3,2
20625,Pooja Rao,Prakash Reddy,3,7
20638,Pooja Gowda,Pooja Hegde,3,3
20652,Chetan Patil,Deepak Rao,3,4
20658,Basavaraj Gowda,Ravi Nayak,3,1
20659,Basavaraj Patil,Shivakumar Bhat,3,2
20660,Girish Shetty,Mary Desai,3,0
20666,Fatima Shetty,Mary Naik,3,7
20675,Bhavana Naik,Vinutha Gowda,3,3
20682,Nagaraj Bhat,Vinutha Patil,3,3
20686,Joseph Kulkarni,Vinutha Patil,3,2
20687,Girish Patil,Joseph Kulkarni,3,0
20695,Imran Shetty,Vinutha Murthy,3,0
20713,Nagaraj Bhat,Suresh Gowda,3,3
20715,Anitha Gowda,Girish Patil,3,0
20734,Basavaraj Patil,Ravi Hegde,3,2
20745,Suresh Shetty,Yashwanth Bhat,3,3
20762,Mary Iyengar,Prakash Naik,3,2
20771,Manjunath Patil,Ravi Kulkarni,3,0
20778,Pooja Bhat,Ravi Shetty,3,5
20806,Manjunath Rao,Nagaraj Patil,3,2
20813,Chetan Hegde,Manjunath Hegde,3,0
20814,Imran Desai,Mary Desai,3,8
20822,Pooja Nayak,Suresh Rao,3,0
20848,Basavaraj Kulkarni,Vinutha Kumar,3,0
20858,Mary Reddy,Shivakumar Murthy,3,5
20860,Prakash Shetty,Yashwanth Rao,3,0
20861,Suresh Bhat,Yashwanth Rao,3,7
20867,Chetan Kumar,Lakshmi Nayak,3,1
20868,Ashwini Hegde,Chetan Kumar,3,0
20871,Basavaraj Rao,Manjunath Shetty,3,4
20895,Basavaraj Reddy,Lakshmi Nayak,3,1
20902,Mary Gowda,Vinutha Gowda,3,0
20906,Chetan Kumar,Joseph Kumar,3,2
20909,Anitha Reddy,Mary Gowda,3,0
20920,Prakash Kulkarni,Ravi Naik,3,7
20931,Nagaraj Kulkarni,Pooja Hegde,3,4
20939,Yashwanth Naik,Yashwanth Shetty,3,0
20944,Ashwini Murthy,Lakshmi Nayak,3,1
20962,Mary Patil,Pooja Patil,3,0
20965,Mary Reddy,Shivakumar Prasad,3,5
20973,Ravi Patil,Shivakumar Desai,3,4
20976,Rekha Kulkarni,Suresh Bhat,3,7
20978,Ashwini Patil,Lakshmi Prasad,3,0
20981,Pooja Rao,Prakash Rao,3,7
20997,Ashwini Murthy,Fatima Hegde,3,0
20999,Basavaraj Bhat,Pooja Reddy,3,2
21014,Imran Shetty,Yashwanth Shetty,3,0
21019,Imran Kumar,Vinutha Naik,3,0
21036,Deepak Rao,Imran Bhat,3,7
21042,Deepak Murthy,Fatima Rao,3,0
21050,Chetan Rao,Pooja Hegde,3,0
21058,Bhavana Naik,Rekha Desai,3,3
21063,Imran Reddy,Prakash Kulkarni,3,7
21087,Anitha Desai,Vinutha Rao,3,0
21095,Joseph Naik,Rekha Nayak,3,5
21104,Ashwini Hegde,Ravi Nayak,3,1
21117,Girish Bhat,Pooja Rao,3,6
21118,Nagaraj Prasad,Pooja Rao,3,7
21122,Chetan Nayak,Pooja Kumar,3,8
21124,Girish Patil,Shivakumar Prasad,3,0
21134,Bhavana Reddy,Yashwanth Nayak,3,0
21147,Nagaraj Kulkarni,Pooja Prasad,3,4
21149,Chetan Iyengar,Pooja Prasad,3,0
21159,Prakash Hegde,Prakash Naik,3,2
21179,Bhavana Gowda,Joseph Bhat,3,1
21197,Pooja Bhat,Ravi Kumar,3,5
21201,Shivakumar Prasad,Yashwanth Shetty,3,0
21205,Prakash Shetty,Ravi Nayak,3,1
21207,Basavaraj Bhat,Girish Hegde,3,2
21212,Kiran Prasad,Yashwanth Patil,3,0
21213,Ravi Murthy,Yashwanth Patil,3,0
21218,Ashwini Reddy,Imran Nayak,3,0
21219,Bhavana Gowda,Lakshmi Patil,3,1
21247,Deepak Rao,Imran Iyengar,3,7
21253,Basavaraj Iyengar,Imran Bhat,3,3
21255,Mary Kulkarni,Shivakumar Kulkarni,3,0
21256,Joseph Reddy,Ravi Reddy,3,2
21257,Joseph Desai,Vinutha Kumar,3,0
21259,Chetan Murthy,Pooja Reddy,3,0
21267,Basavaraj Iyengar,Suresh Desai,3,3
21268,Suresh Desai,Vinutha Rao,3,0
21270,Basavaraj Iyengar,Vinutha Rao,3,3
21279,Shivakumar Kumar,Suresh Kulkarni,3,0
21283,Fatima Shetty,Vinutha Rao,3,7
21292,Anitha Rao,Nagaraj Bhat,3,4
21303,Anitha Murthy,Suresh Prasad,3,0
21304,Anitha Murthy,Nagaraj Gowda,3,0
21325,Chetan Kulkarni,Fatima Patil,3,0
21342,Deepak Desai,Fatima Murthy,3,0
21361,Basavaraj Hegde,Ravi Murthy,3,0
21373,Basavaraj Bhat,Rekha Murthy,3,2
21380,Lakshmi Nayak,Lakshmi Rao,3,1
21385,Girish Nayak,Vinutha Bhat,3,0
21389,Imran Reddy,Vinutha Shetty,3,0
21401,Kiran Prasad,Manjunath Prasad,3,0
21429,Lakshmi Naik,Yashwanth Gowda,3,0
21432,Kiran Naik,Nagaraj Rao,3,0
21438,Joseph Bhat,Ravi Kumar,3,0
21440,Ravi Shetty,Suresh Iyengar,3,0
21450,Fatima Patil,Lakshmi Reddy,3,8
21453,Manjunath Iyengar,Ravi Kumar,3,0
21464,Fatima Prasad,Lakshmi Desai,3,0
21471,Anitha Gowda,Pooja Iyengar,3,5
21477,Anitha Prasad,Basavaraj Prasad,3,0
21478,Kiran Shetty,Pooja Naik,3,0
21485,Basavaraj Bhat,Joseph Desai,3,2
21486,Rekha Shetty,Vinutha Kulkarni,3,3
21491,Joseph Kulkarni,Lakshmi Nayak,3,1
21496,Mary Iyengar,Mary Shetty,3,0
21530,Basavaraj Rao,Deepak Kumar,3,0
21535,Anitha Kumar,Ravi Rao,3,0
21536,Chetan Shetty,Kiran Prasad,3,0
21541,Basavaraj Patil,Deepak Rao,3,2
21542,Nagaraj Desai,Suresh Hegde,3,0
21558,Basavaraj Shetty,Yashwanth Gowda,3,0
21566,Kiran Naik,Rekha Kumar,3,0
21570,Chetan Nayak,Prakash Nayak,3,0
21579,Chetan Patil,Rekha Hegde,3,4
21587,Kiran Gowda,Yashwanth Naik,3,0
21592,Ashwini Bhat,Prakash Bhat,3,0
21593,Anitha Shetty,Manjunath Patil,3,0
21599,Manjunath Shetty,Vinutha Hegde,3,4
21607,Lakshmi Reddy,Vinutha Bhat,3,8
21610,Shivakumar Patil,Vinutha Bhat,3,0
21611,Manjunath Desai,Vinutha Bhat,3,8
21622,Girish Shetty,Vinutha Patil,3,2
21625,Joseph Shetty,Vinutha Rao,3,4
21629,Fatima Gowda,Nagaraj Patil,3,1
21631,Pooja Kulkarni,Shivakumar Naik,3,5
21645,Rekha Kulkarni,Shivakumar Naik,3,5
21658,Joseph Kumar,Kiran Gowda,3,2
21672,Bhavana Murthy,Suresh Reddy,3,0
21679,Imran Prasad,Manjunath Nayak,3,5
21681,Lakshmi Hegde,Manjunath Nayak,3,1
21690,Bhavana Hegde,Prakash Naik,3,2
21694,Deepak Patil,Lakshmi Hegde,3,2
21698,Suresh Prasad,Yashwanth Patil,3,0
21700,Suresh Murthy,Vinutha Rao,3,0
21701,Ravi Murthy,Vinutha Rao,3,0
21705,Lakshmi Naik,Yashwanth Rao,3,0
21710,Imran Nayak,Manjunath Rao,3,0
21721,Joseph Gowda,Rekha Murthy,3,7
21729,Ravi Reddy,Shivakumar Murthy,3,1
21742,Prakash Reddy,Rekha Kumar,3,0
21752,Basavaraj Murthy,Ravi Bhat,3,0
21761,Nagaraj Rao,Prakash Kumar,3,0
21763,Deepak Rao,Mary Shetty,3,7
21772,Pooja Rao,Suresh Iyengar,3,7
21778,Kiran Patil,Shivakumar Gowda,3,3
21779,Pooja Patil,Shivakumar Naik,3,5
21786,Rekha Murthy,Suresh Rao,3,7
21794,Manjunath Hegde,Prakash Shetty,3,0
21805,Deepak Naik,Rekha Desai,3,0
21831,Anitha Kulkarni,Ravi Prasad,3,0
21834,Joseph Nayak,Yashwanth Hegde,3,0
21840,Anitha Rao,Fatima Patil,3,4
21847,Shivakumar Naik,Suresh Patil,3,5
21849,Deepak Desai,Fatima Prasad,3,0
21850,Imran Gowda,Rekha Kulkarni,3,0
21865,Deepak Iyengar,Yashwanth Desai,3,3
21866,Deepak Iyengar,Suresh Shetty,3,3
21879,Joseph Bhat,Joseph Murthy,3,0
21882,Bhavana Gowda,Vinutha Nayak,3,1
21894,Anitha Nayak,Nagaraj Patil,3,2
21897,Basavaraj Bhat,Bhavana Rao,3,2
21914,Anitha Patil,Manjunath Patil,3,0
21919,Fatima Patil,Suresh Patil,3,0
21922,Joseph Reddy,Yashwanth Reddy,3,2
21926,Bhavana Gowda,Prakash Gowda,3,1
21929,Lakshmi Nayak,Yashwanth Gowda,3,1
21930,Mary Desai,Yashwanth Gowda,3,0
21932,Anitha Desai,Manjunath Prasad,3,0
21951,Basavaraj Kumar,Suresh Nayak,3,0
21952,Nagaraj Rao,Pooja Shetty,3,6
21957,Bhavana Murthy,Girish Gowda,3,6
21965,Chetan Bhat,Mary Kulkarni,3,0
21972,Imran Naik,Nagaraj Bhat,3,3
21978,Deepak Rao,Yashwanth Kulkarni,3,7
21982,Deepak Desai,Ravi Nayak,3,1
21991,Fatima Kumar,Manjunath Iyengar,3,0
21996,Prakash Bhat,Suresh Gowda,3,0
22004,Basavaraj Naik,Suresh Prasad,3,0
22031,Prakash Patil,Shivakumar Naik,3,5
22047,Manjunath Bhat,Shivakumar Reddy,3,0
22056,Rekha Patil,Shivakumar Kumar,3,0
22060,Ravi Shetty,Yashwanth Naik,3,0
22064,Bhavana Shetty,Nagaraj Murthy,3,0
22068,Mary Bhat,Prakash Murthy,3,0
22075,Basavaraj Reddy,Girish Prasad,3,0
22082,Lakshmi Shetty,Vinutha Reddy,3,0
22106,Ashwini Iyengar,Shivakumar Patil,3,4
22115,Bhavana Nayak,Ravi Patil,3,2
22121,Manjunath Desai,Pooja Gowda,3,8
22127,Shivakumar Shetty,Vinutha Hegde,3,8
22143,Anitha Reddy,Manjunath Desai,3,8
22154,Rekha Gowda,Yashwanth Rao,3,0
22178,Shivakumar Murthy,Vinutha Reddy,3,0
22180,Bhavana Rao,Shivakumar Prasad,3,0
22194,Imran Reddy,Pooja Reddy,3,0
22206,Anitha Gowda,Basavaraj Hegde,3,0
22214,Bhavana Naik,Manjunath Prasad,3,3
22229,Ashwini Hegde,Basavaraj Prasad,3,0
22234,Shivakumar Murthy,Yashwanth Kulkarni,3,0
22244,Imran Bhat,Suresh Patil,3,0
22245,Suresh Hegde,Suresh Patil,3,0
22255,Basavaraj Naik,Ravi Hegde,3,0
22277,Deepak Reddy,Mary Shetty,3,0
22293,Shivakumar Murthy,Suresh Kumar,3,0
22295,Prakash Hegde,Suresh Naik,3,0
22309,Bhavana Shetty,Yashwanth Nayak,3,0
22310,Bhavana Shetty,Girish Murthy,3,0
22312,Vinutha Gowda,Yashwanth Nayak,3,0
22320,Chetan Gowda,Chetan Naik,3,0
22322,Fatima Reddy,Yashwanth Prasad,3,0
22326,Bhavana Rao,Nagaraj Bhat,3,3
22330,Basavaraj Bhat,Manjunath Gowda,3,2
22345,Basavaraj Hegde,Vinutha Hegde,3,0
22355,Kiran Iyengar,Ravi Naik,3,7
22364,Ashwini Nayak,Mary Bhat,3,0
22370,Girish Murthy,Rekha Kumar,3,0
22376,Girish Patil,Vinutha Reddy,3,0
22388,Bhavana Gowda,Ravi Iyengar,3,1
22395,Lakshmi Gowda,Rekha Bhat,3,0
22404,Manjunath Desai,Vinutha Reddy,3,8
22410,Nagaraj Patil,Vinutha Murthy,3,2
22412,Anitha Reddy,Pooja Rao,3,7
22417,Bhavana Shetty,Nagaraj Desai,3,0
22418,Bhavana Shetty,Deepak Kulkarni,3,0
22422,Lakshmi Gowda,Pooja Kulkarni,3,0
22424,Imran Nayak,Yashwanth Murthy,3,6
22450,Kiran Iyengar,Lakshmi Iyengar,3,0
22466,Imran Gowda,Vinutha Hegde,3,0
22475,Chetan Bhat,Manjunath Desai,3,8
22476,Anitha Patil,Imran Gowda,3,0
22488,Joseph Patil,Kiran Murthy,3,3
22493,Deepak Hegde,Shivakumar Desai,3,4
22495,Fatima Kulkarni,Pooja Murthy,3,3
22500,Ashwini Kumar,Vinutha Rao,3,0
22507,Fatima Kulkarni,Manjunath Gowda,3,3
22508,Manjunath Gowda,Pooja Murthy,3,0
22522,Ashwini Nayak,Basavaraj Bhat,3,2
22525,Nagaraj Kumar,Pooja Gowda,3,3
22553,Lakshmi Rao,Suresh Iyengar,3,7
22560,Girish Nayak,Girish Prasad,3,0
22563,Anitha Gowda,Basavaraj Rao,3,0
22565,Shivakumar Rao,Vinutha Hegde,3,0
22566,Ashwini Hegde,Vinutha Hegde,3,0
22571,Pooja Shetty,Yashwanth Gowda,3,6
22587,Bhavana Kulkarni,Imran Prasad,3,0
22591,Chetan Iyengar,Rekha Murthy,3,7
22593,Prakash Gowda,Shivakumar Kumar,3,0
22598,Chetan Murthy,Suresh Prasad,3,0
22599,Ashwini Naik,Suresh Prasad,3,5
22602,Lakshmi Desai,Vinutha Rao,3,0
22614,Manjunath Desai,Rekha Kulkarni,3,8
22619,Basavaraj Shetty,Ravi Iyengar,3,0
22629,Fatima Shetty,Prakash Prasad,3,7
22650,Kiran Hegde,Suresh Desai,3,3
22655,Anitha Patil,Yashwanth Bhat,3,3
22656,Chetan Patil,Kiran Iyengar,3,4
22676,Fatima Shetty,Joseph Nayak,3,7
22687,Anitha Prasad,Bhavana Prasad,3,3
22705,Ravi Murthy,Ravi Naik,3,7
22706,Lakshmi Shetty,Prakash Reddy,3,0
22712,Ashwini Patil,Prakash Reddy,3,0
22718,Kiran Desai,Rekha Naik,3,0
22720,Kiran Desai,Vinutha Nayak,3,0
22744,Joseph Shetty,Nagaraj Rao,3,4
22748,Girish Kulkarni,Ravi Iyengar,3,5
22765,Nagaraj Prasad,Prakash Reddy,3,0
22766,Pooja Shetty,Prakash Reddy,3,6
22770,Anitha Nayak,Kiran Hegde,3,3
22771,Pooja Iyengar,Ravi Patil,3,5
22772,Bhavana Nayak,Joseph Reddy,3,2
22778,Chetan Murthy,Mary Murthy,3,8
22780,Lakshmi Kumar,Yashwanth Patil,3,4
22787,Prakash Kulkarni,Yashwanth Rao,3,7
22798,Pooja Gowda,Ravi Gowda,3,3
22799,Basavaraj Iyengar,Bhavana Reddy,3,3
22802,Imran Rao,Lakshmi Kumar,3,8
22806,Lakshmi Kumar,Prakash Kumar,3,4
22807,Nagaraj Patil,Prakash Kumar,3,2
22811,Bhavana Shetty,Shivakumar Rao,3,0
22812,Ravi Murthy,Ravi Shetty,3,0
22825,Bhavana Rao,Pooja Shetty,3,6
22829,Mary Kulkarni,Rekha Reddy,3,0
22833,Fatima Reddy,Imran Rao,3,8
22837,Lakshmi Nayak,Nagaraj Prasad,3,1
22840,Ravi Bhat,Suresh Patil,3,0
22841,Joseph Nayak,Suresh Bhat,3,7
22847,Basavaraj Bhat,Yashwanth Shetty,3,2
22881,Manjunath Shetty,Rekha Kulkarni,3,4
22883,Joseph Iyengar,Ravi Patil,3,6
22884,Lakshmi Prasad,Pooja Shetty,3,6
22901,Imran Reddy,Lakshmi Kulkarni,3,0
22906,Chetan Desai,Mary Kumar,3,0
22917,Rekha Reddy,Shivakumar Naik,3,5
22919,Chetan Desai,Prakash Murthy,3,0
22944,Deepak Rao,Kiran Kumar,3,7
22954,Chetan Bhat,Nagaraj Kulkarni,3,4
22968,Mary Desai,Nagaraj Nayak,3,0
22976,Nagaraj Kulkarni,Ravi Gowda,3,4
22988,Joseph Kumar,Manjunath Reddy,3,2
23010,Imran Kumar,Yashwanth Patil,3,0
23020,Chetan Desai,Yashwanth Nayak,3,0
23021,Chetan Desai,Deepak Naik,3,0
23022,Bhavana Rao,Lakshmi Desai,3,0
23027,Deepak Rao,Imran Gowda,3,7
23031,Ashwini Nayak,Bhavana Reddy,3,0
23053,Girish Shetty,Mary Prasad,3,0
23054,Shivakumar Murthy,Suresh Rao,3,0
23057,Lakshmi Shetty,Nagaraj Patil,3,2
23058,Lakshmi Shetty,Vinutha Prasad,3,0
23060,Ashwini Kulkarni,Chetan Kumar,3,0
23067,Anitha Patil,Yashwanth Hegde,3,0
23069,Ashwini Gowda,Ravi Hegde,3,0
23071,Basavaraj Iyengar,Vinutha Nayak,3,3
23074,Basavaraj Patil,Girish Murthy,3,2
23075,Deepak Desai,Prakash Rao,3,0
23090,Anitha Bhat,Fatima Shetty,3,7
23131,Ashwini Desai,Fatima Patil,3,0
23141,Ashwini Kulkarni,Prakash Patil,3,0
23148,Joseph Murthy,Yashwanth Patil,3,0
23152,Anitha Bhat,Shivakumar Shetty,3,7
23162,Ravi Patil,Vinutha Desai,3,0
23169,Manjunath Kulkarni,Ravi Patil,3,0
23175,Chetan Patil,Nagaraj Kulkarni,3,4
23179,Rekha Iyengar,Shivakumar Shetty,3,4
23183,Imran Nayak,Yashwanth Gowda,3,0
23191,Lakshmi Patil,Pooja Kumar,3,8
23193,Manjunath Bhat,Suresh Patil,3,0
23194,Rekha Reddy,Shivakumar Prasad,3,0
23218,Pooja Shetty,Ravi Gowda,3,6
23223,Deepak Reddy,Fatima Prasad,3,0
23224,Basavaraj Nayak,Nagaraj Patil,3,2
23225,Basavaraj Nayak,Kiran Prasad,3,0
23233,Chetan Patil,Shivakumar Desai,3,4
23235,Nagaraj Gowda,Rekha Gowda,3,0
23242,Girish Shetty,Lakshmi Desai,3,0
23245,Girish Shetty,Manjunath Murthy,3,0
23257,Chetan Rao,Joseph Kulkarni,3,0
23260,Pooja Desai,Yashwanth Gowda,3,0
23268,Chetan Bhat,Chetan Iyengar,3,0
23269,Manjunath Kulkarni,Suresh Murthy,3,0
23286,Basavaraj Bhat,Shivakumar Shetty,3,2
23289,Imran Reddy,Vinutha Naik,3,0
23294,Shivakumar Shetty,Yashwanth Hegde,3,8
23298,Girish Hegde,Rekha Gowda,3,4
23301,Rekha Gowda,Suresh Reddy,3,0
23333,Anitha Bhat,Ashwini Desai,3,7
23335,Girish Kulkarni,Rekha Kulkarni,3,5
23348,Anitha Bhat,Girish Iyengar,3,7
23367,Chetan Murthy,Manjunath Gowda,3,0
23368,Manjunath Gowda,Manjunath Reddy,3,0
23383,Rekha Iyengar,Yashwanth Hegde,3,4
23395,Girish Rao,Suresh Gowda,3,0
23398,Bhavana Rao,Yashwanth Bhat,3,3
23408,Pooja Nayak,Prakash Shetty,3,0
23413,Chetan Kulkarni,Vinutha Desai,3,0
23417,Prakash Rao,Vinutha Murthy,3,0
23419,Ravi Kulkarni,Shivakumar Kulkarni,3,0
23421,Ravi Kulkarni,Vinutha Gowda,3,0
23423,Manjunath Reddy,Suresh Bhat,3,7
23430,Deepak Rao,Girish Hegde,3,7
23447,Chetan Patil,Manjunath Shetty,3,4
23478,Lakshmi Prasad,Suresh Desai,3,0
23492,Nagaraj Naik,Rekha Kumar,3,0
23527,Bhavana Rao,Manjunath Naik,3,0
23531,Ashwini Naik,Rekha Shetty,3,5
23570,Ashwini Iyengar,Ashwini Naik,3,4
23571,Mary Shetty,Yashwanth Kulkarni,3,0
23574,Basavaraj Rao,Lakshmi Nayak,3,1
23579,Deepak Gowda,Vinutha Hegde,3,0
23580,Basavaraj Bhat,Rekha Iyengar,3,2
23589,Deepak Shetty,Shivakumar Murthy,3,0
23594,Mary Gowda,Rekha Kumar,3,0
23616,Bhavana Gowda,Mary Patil,3,1
23634,Shivakumar Nayak,Vinutha Kulkarni,3,0
23646,Basavaraj Rao,Girish Rao,3,0
23654,Imran Nayak,Joseph Patil,3,3
23657,Girish Shetty,Joseph Patil,3,3
23659,Ravi Naik,Rekha Desai,3,7
23670,Kiran Bhat,Prakash Patil,3,0
23675,Pooja Iyengar,Shivakumar Prasad,3,5
23677,Pooja Shetty,Ravi Patil,3,6
23680,Imran Shetty,Nagaraj Kulkarni,3,4
23700,Bhavana Reddy,Fatima Nayak,3,0
23709,Joseph Shetty,Nagaraj Patil,3,4
23715,Bhavana Shetty,Chetan Naik,3,0
23720,Deepak Prasad,Joseph Iyengar,3,6
23749,Vinutha Gowda,Yashwanth Shetty,3,0
23766,Imran Iyengar,Suresh Rao,3,0
23771,Bhavana Iyengar,Mary Kulkarni,3,0
23791,Nagaraj Desai,Ravi Reddy,3,1
23795,Kiran Reddy,Yashwanth Reddy,3,7
23805,Fatima Rao,Suresh Gowda,3,0
23822,Anitha Rao,Manjunath Shetty,3,4
23823,Nagaraj Hegde,Shivakumar Hegde,3,1
23835,Anitha Patil,Vinutha Kumar,3,0
23836,Anitha Patil,Joseph Iyengar,3,6
23837,Joseph Iyengar,Vinutha Kumar,3,6
23847,Deepak Reddy,Manjunath Gowda,3,0
23851,Anitha Desai,Deepak Rao,3,7
23856,Basavaraj Desai,Chetan Shetty,3,0
23865,Manjunath Rao,Prakash Bhat,3,0
23872,Kiran Desai,Pooja Desai,3,0
23883,Basavaraj Desai,Kiran Bhat,3,0
23892,Anitha Kulkarni,Rekha Gowda,3,0
23899,Fatima Murthy,Kiran Desai,3,0
23900,Fatima Murthy,Ravi Murthy,3,0
23901,Ashwini Iyengar,Mary Shetty,3,4
23909,Manjunath Kumar,Suresh Gowda,3,3
23911,Pooja Murthy,Suresh Gowda,3,0
23924,Chetan Naik,Lakshmi Desai,3,0
23948,Anitha Prasad,Manjunath Desai,3,8
23956,Manjunath Prasad,Ravi Gowda,3,3
23969,Chetan Kulkarni,Nagaraj Kulkarni,3,4
23974,Girish Gowda,Prakash Gowda,3,6
23975,Deepak Gowda,Prakash Gowda,3,0
23979,Basavaraj Murthy,Nagaraj Patil,3,2
23980,Fatima Shetty,Pooja Bhat,3,7
23989,Lakshmi Bhat,Nagaraj Kulkarni,3,4
23990,Prakash Gowda,Ravi Murthy,3,0
24020,Deepak Kulkarni,Joseph Prasad,3,0
24035,Mary Kumar,Rekha Murthy,3,7
24041,Deepak Prasad,Pooja Kulkarni,3,0
24046,Chetan Gowda,Deepak Kulkarni,3,0
24057,Deepak Hegde,Imran Kumar,3,0
24066,Anitha Prasad,Mary Gowda,3,0
24084,Chetan Hegde,Ravi Patil,3,0
24086,Deepak Naik,Lakshmi Reddy,3,8
24088,Anitha Naik,Imran Nayak,3,0
24089,Fatima Rao,Lakshmi Shetty,3,0
24101,Imran Patil,Shivakumar Prasad,3,0
24105,Imran Kulkarni,Manjunath Reddy,3,0
24107,Manjunath Reddy,Yashwanth Bhat,3,3
24120,Ashwini Kumar,Shivakumar Hegde,3,1
24122,Basavaraj Bhat,Nagaraj Iyengar,3,2
24135,Nagaraj Rao,Yashwanth Kulkarni,3,0
24150,Basavaraj Kumar,Kiran Patil,3,0
24155,Mary Desai,Nagaraj Kulkarni,3,4
24176,Pooja Nayak,Shivakumar Bhat,3,0
24184,Basavaraj Bhat,Joseph Shetty,3,2
24185,Joseph Shetty,Ravi Rao,3,4
24211,Mary Reddy,Yashwanth Iyengar,3,5
24220,Kiran Naik,Yashwanth Patil,3,0
24242,Basavaraj Naik,Deepak Gowda,3,0
24246,Pooja Nayak,Yashwanth Patil,3,0
24252,Anitha Naik,Vinutha Nayak,3,0
24266,Kiran Patil,Ravi Nayak,3,1
24273,Ravi Rao,Suresh Nayak,3,0
24278,Chetan Bhat,Suresh Gowda,3,0
24281,Shivakumar Naik,Suresh Bhat,3,5
24285,Anitha Desai,Imran Shetty,3,0
24295,Deepak Reddy,Rekha Rao,3,0
24303,Fatima Hegde,Rekha Rao,3,0
24305,Basavaraj Kumar,Deepak Bhat,3,0
24306,Kiran Prasad,Manjunath Shetty,3,4
24319,Anitha Shetty,Rekha Naik,3,0
24321,Anitha Shetty,Nagaraj Bhat,3,3
24327,Pooja Desai,Suresh Reddy,3,0
24334,Anitha Murthy,Lakshmi Shetty,3,0
24338,Nagaraj Rao,Prakash Nayak,3,0
24340,Suresh Iyengar,Vinutha Nayak,3,0
24344,Mary Kulkarni,Yashwanth Reddy,3,5
24352,Imran Hegde,Rekha Desai,3,0
24390,Mary Naik,Shivakumar Prasad,3,7
24399,Ashwini Iyengar,Nagaraj Kulkarni,3,4
24407,Girish Desai,Ravi Kumar,3,0
24429,Imran Gowda,Yashwanth Hegde,3,0
24431,Prakash Naik,Vinutha Kumar,3,2
24433,Anitha Reddy,Lakshmi Shetty,3,0
24443,Chetan Gowda,Nagaraj Iyengar,3,0
24451,Chetan Patil,Ravi Iyengar,3,4
24454,Imran Murthy,Ravi Kumar,3,0
24466,Nagaraj Gowda,Vinutha Kumar,3,0
24476,Girish Hegde,Yashwanth Patil,3,4
24478,Anitha Bhat,Anitha Desai,3,7
24494,Pooja Shetty,Yashwanth Nayak,3,6
24496,Mary Shetty,Pooja Patil,3,0
24525,Ashwini Desai,Ravi Kulkarni,3,0
24526,Ashwini Desai,Deepak Nayak,3,0
24527,Deepak Nayak,Ravi Kulkarni,3,0
24538,Imran Naik,Mary Murthy,3,8
24551,Ashwini Naik,Vinutha Naik,3,5
24556,Pooja Rao,Suresh Kumar,3,7
24567,Deepak Prasad,Nagaraj Shetty,3,0
24581,Pooja Hegde,Suresh Hegde,3,0
24595,Girish Murthy,Vinutha Shetty,3,0
24601,Ashwini Naik,Shivakumar Shetty,3,5
24616,Bhavana Nayak,Yashwanth Iyengar,3,2
24620,Bhavana Reddy,Mary Murthy,3,8
24624,Chetan Iyengar,Deepak Shetty,3,0
24643,Bhavana Gowda,Yashwanth Bhat,3,1
24676,Girish Reddy,Joseph Nayak,3,0
24686,Basavaraj Kulkarni,Ravi Kulkarni,3,0
24688,Basavaraj Kulkarni,Lakshmi Prasad,3,0
24693,Anitha Kulkarni,Fatima Patil,3,0
24703,Rekha Kulkarni,Shivakumar Kumar,3,0
24716,Basavaraj Gowda,Fatima Murthy,3,0
24745,Deepak Kulkarni,Yashwanth Bhat,3,3
24766,Girish Kumar,Mary Gowda,3,0
24789,Anitha Iyengar,Mary Nayak,3,0
24801,Kiran Prasad,Ravi Bhat,3,0
24812,Chetan Gowda,Deepak Desai,3,0
24823,Pooja Naik,Prakash Patil,3,0
24829,Chetan Shetty,Fatima Shetty,3,7
24848,Fatima Murthy,Rekha Patil,3,0
24850,Chetan Bhat,Chetan Patil,3,4
24872,Girish Bhat,Yashwanth Kulkarni,3,6
24876,Joseph Kulkarni,Mary Nayak,3,0
24877,Shivakumar Shetty,Yashwanth Patil,3,8
24881,Shivakumar Prasad,Shivakumar Rao,3,0
24882,Girish Iyengar,Prakash Naik,3,2
24885,Basavaraj Hegde,Deepak Gowda,3,0
24889,Bhavana Naik,Pooja Bhat,3,3
24893,Kiran Gowda,Vinutha Gowda,3,0
24903,Bhavana Murthy,Mary Gowda,3,0
24904,Mary Gowda,Yashwanth Prasad,3,0
24907,Pooja Bhat,Suresh Gowda,3,5
24910,Deepak Kumar,Shivakumar Murthy,3,0
24924,Ravi Rao,Yashwanth Patil,3,0
24939,Anitha Iyengar,Bhavana Gowda,3,1
24946,Kiran Hegde,Lakshmi Reddy,3,3
24967,Ravi Hegde,Ravi Shetty,3,0
24991,Ashwini Iyengar,Basavaraj Bhat,3,4
25009,Prakash Patil,Yashwanth Hegde,3,0
25036,Prakash Reddy,Ravi Naik,3,7
25038,Manjunath Rao,Rekha Patil,3,0
25041,Girish Iyengar,Vinutha Gowda,3,0
25084,Fatima Bhat,Fatima Murthy,3,0
25092,Fatima Murthy,Ravi Naik,3,7
25101,Ravi Rao,Vinutha Prasad,3,0
25102,Lakshmi Hegde,Ravi Rao,3,1
25104,Kiran Bhat,Mary Murthy,3,8
25105,Mary Kulkarni,Mary Murthy,3,8
25121,Lakshmi Rao,Manjunath Iyengar,3,7
25130,Lakshmi Kumar,Pooja Naik,3,4
25132,Basavaraj Iyengar,Manjunath Shetty,3,3
25133,Prakash Bhat,Suresh Patil,3,0
25137,Girish Patil,Imran Kumar,3,0
25138,Nagaraj Gowda,Pooja Bhat,3,5
25145,Ashwini Shetty,Girish Iyengar,3,0
25147,Chetan Kulkarni,Yashwanth Patil,3,0
25166,Fatima Iyengar,Yashwanth Murthy,3,1
25173,Fatima Kulkarni,Joseph Patil,3,3
25177,Ashwini Prasad,Pooja Iyengar,3,5
25184,Kiran Reddy,Kiran Shetty,3,7
25195,Imran Desai,Joseph Gowda,3,8
25219,Deepak Bhat,Nagaraj Naik,3,0
25224,Joseph Reddy,Yashwanth Naik,3,2
25225,Chetan Prasad,Yashwanth Naik,3,6
25229,Anitha Patil,Joseph Naik,3,5
25231,Lakshmi Kulkarni,Ravi Gowda,3,3
25232,Imran Nayak,Lakshmi Kulkarni,3,0
25254,Deepak Bhat,Rekha Murthy,3,7
25273,Bhavana Desai,Ravi Naik,3,5
25275,Ravi Naik,Rekha Murthy,3,7
25282,Deepak Shetty,Suresh Reddy,3,0
25285,Deepak Naik,Pooja Gowda,3,3
25289,Girish Naik,Lakshmi Patil,3,0
25293,Deepak Naik,Fatima Murthy,3,0
25302,Manjunath Gowda,Vinutha Iyengar,3,0
25303,Bhavana Bhat,Manjunath Gowda,3,0
25312,Fatima Kumar,Yashwanth Hegde,3,0
25319,Lakshmi Reddy,Nagaraj Kumar,3,8
25328,Ashwini Iyengar,Prakash Kulkarni,3,4
25345,Manjunath Hegde,Manjunath Nayak,3,5
25353,Bhavana Murthy,Pooja Kumar,3,8
25361,Imran Kumar,Imran Reddy,3,0
25368,Nagaraj Hegde,Suresh Desai,3,0
25370,Chetan Rao,Prakash Naik,3,2
25377,Anitha Desai,Bhavana Hegde,3,0
25381,Basavaraj Kulkarni,Bhavana Hegde,3,0
25391,Imran Prasad,Ravi Murthy,3,0
25409,Suresh Iyengar,Vinutha Reddy,3,0
25410,Fatima Shetty,Lakshmi Reddy,3,7
25418,Fatima Kumar,Nagaraj Kulkarni,3,4
25425,Bhavana Nayak,Girish Kulkarni,3,2
25426,Basavaraj Naik,Bhavana Nayak,3,2
25427,Imran Desai,Yashwanth Kulkarni,3,8
25451,Lakshmi Bhat,Suresh Reddy,3,0
25460,Joseph Rao,Mary Murthy,3,8
25467,Anitha Kumar,Deepak Patil,3,2
25472,Nagaraj Nayak,Prakash Nayak,3,0
25487,Chetan Desai,Pooja Patil,3,0
25489,Girish Desai,Yashwanth Hegde,3,0
25500,Bhavana Prasad,Rekha Shetty,3,3
25508,Kiran Iyengar,Prakash Patil,3,0
25514,Kiran Kumar,Nagaraj Prasad,3,0
25527,Chetan Kulkarni,Girish Gowda,3,6
25535,Bhavana Shetty,Rekha Iyengar,3,4
25539,Lakshmi Shetty,Prakash Naik,3,2
25549,Joseph Prasad,Mary Bhat,3,0
25568,Girish Murthy,Shivakumar Shetty,3,8
25574,Bhavana Rao,Vinutha Gowda,3,0
25592,Anitha Kumar,Vinutha Nayak,3,0
25604,Imran Patil,Mary Murthy,3,8
25607,Pooja Murthy,Vinutha Reddy,3,0
25608,Rekha Reddy,Vinutha Iyengar,3,0
25610,Imran Naik,Ravi Gowda,3,3
25645,Prakash Naik,Ravi Shetty,3,2
25663,Joseph Prasad,Mary Kulkarni,3,0
25669,Joseph Iyengar,Shivakumar Gowda,3,6
25670,Chetan Kulkarni,Ravi Reddy,3,1
25674,Bhavana Shetty,Yashwanth Reddy,3,5
25685,Deepak Bhat,Fatima Hegde,3,0
25686,Anitha Nayak,Suresh Reddy,3,0
25694,Bhavana Kulkarni,Rekha Murthy,3,7
25705,Kiran Prasad,Vinutha Bhat,3,0
25713,Pooja Desai,Prakash Iyengar,3,5
25714,Basavaraj Nayak,Mary Gowda,3,0
25726,Vinutha Patil,Vinutha Reddy,3,2
25741,Basavaraj Reddy,Manjunath Shetty,3,4
25752,Chetan Prasad,Girish Nayak,3,6
25776,Girish Patil,Imran Prasad,3,0
25778,Basavaraj Shetty,Girish Patil,3,0
25796,Basavaraj Gowda,Bhavana Nayak,3,2
25838,Anitha Desai,Chetan Nayak,3,0
25847,Ashwini Desai,Girish Rao,3,0
25851,Ashwini Gowda,Girish Bhat,3,6
25859,Chetan Iyengar,Shivakumar Murthy,3,0
25890,Joseph Kulkarni,Prakash Naik,3,2
25910,Ravi Bhat,Ravi Hegde,3,0
25914,Deepak Kulkarni,Lakshmi Hegde,3,1
25920,Bhavana Kulkarni,Kiran Iyengar,3,0
25922,Anitha Patil,Prakash Gowda,3,0
25923,Anitha Patil,Ravi Patil,3,0
25937,Fatima Shetty,Imran Murthy,3,7
25942,Girish Shetty,Nagaraj Shetty,3,0
25955,Bhavana Gowda,Prakash Kulkarni,3,1
25982,Imran Prasad,Nagaraj Reddy,3,7
25984,Basavaraj Patil,Fatima Prasad,3,2
25988,Basavaraj Naik,Suresh Kumar,3,0
26031,Ashwini Shetty,Lakshmi Bhat,3,0
26041,Basavaraj Desai,Yashwanth Patil,3,0
26042,Kiran Kulkarni,Yashwanth Patil,3,5
26049,Bhavana Desai,Lakshmi Prasad,3,5
26064,Chetan Murthy,Deepak Murthy,3,0
26073,Joseph Murthy,Lakshmi Shetty,3,0
26086,Bhavana Rao,Shivakumar Murthy,3,0
26111,Kiran Shetty,Lakshmi Iyengar,3,0
26114,Girish Bhat,Suresh Naik,3,6
26115,Girish Bhat,Suresh Nayak,3,6
26116,Deepak Hegde,Suresh Prasad,3,0
26120,Chetan Naik,Lakshmi Reddy,3,8
26143,Imran Kumar,Ravi Iyengar,3,0
26146,Deepak Rao,Joseph Reddy,3,7
26162,Joseph Bhat,Ravi Shetty,3,0
26179,Manjunath Desai,Suresh Bhat,3,8
26201,Kiran Iyengar,Ravi Patil,3,0
26203,Girish Patil,Lakshmi Murthy,3,0
26205,Ashwini Shetty,Nagaraj Desai,3,0
26206,Anitha Patil,Chetan Naik,3,0
26222,Basavaraj Reddy,Prakash Patil,3,0
26239,Lakshmi Kumar,Rekha Prasad,3,4
26242,Chetan Gowda,Suresh Kulkarni,3,0
26251,Shivakumar Patil,Yashwanth Kulkarni,3,0
26252,Anitha Gowda,Chetan Reddy,3,1
26259,Chetan Gowda,Manjunath Gowda,3,0
26262,Basavaraj Bhat,Ravi Reddy,3,2
26272,Anitha Kulkarni,Fatima Murthy,3,0
26306,Chetan Iyengar,Mary Reddy,3,5
26350,Imran Patil,Rekha Kumar,3,0
26356,Imran Nayak,Ravi Murthy,3,0
26364,Kiran Bhat,Shivakumar Desai,3,4
26371,Anitha Kumar,Bhavana Naik,3,3
26389,Girish Nayak,Vinutha Prasad,3,0
26400,Chetan Bhat,Vinutha Reddy,3,0
26412,Kiran Kulkarni,Mary Iyengar,3,5
26423,Suresh Rao,Suresh Shetty,3,0
26426,Mary Hegde,Nagaraj Gowda,3,5
26450,Suresh Iyengar,Yashwanth Kulkarni,3,0
26453,Basavaraj Hegde,Shivakumar Murthy,3,0
26454,Kiran Kumar,Shivakumar Murthy,3,0
26482,Imran Murthy,Yashwanth Rao,3,0
26486,Imran Murthy,Mary Reddy,3,5
26492,Fatima Reddy,Manjunath Bhat,3,0
26494,Joseph Kumar,Yashwanth Reddy,3,2
26500,Mary Murthy,Nagaraj Bhat,3,8
26528,Deepak Hegde,Nagaraj Rao,3,0
26542,Bhavana Prasad,Mary Murthy,3,3
26546,Vinutha Shetty,Yashwanth Reddy,3,5
26553,Kiran Iyengar,Lakshmi Murthy,3,0
26557,Deepak Gowda,Girish Prasad,3,0
26564,Imran Gowda,Lakshmi Reddy,3,8
26587,Nagaraj Rao,Prakash Prasad,3,0
26591,Nagaraj Gowda,Prakash Hegde,3,0
26603,Mary Shetty,Ravi Iyengar,3,0
26608,Anitha Hegde,Anitha Kumar,3,0
26611,Anitha Kumar,Lakshmi Nayak,3,1
26624,Bhavana Nayak,Suresh Gowda,3,2
26652,Ravi Naik,Rekha Gowda,3,7
26667,Imran Nayak,Imran Prasad,3,0
26669,Chetan Desai,Prakash Reddy,3,0
26674,Bhavana Kulkarni,Kiran Desai,3,0
26681,Kiran Iyengar,Yashwanth Prasad,3,0
26691,Lakshmi Nayak,Suresh Patil,3,1
26692,Chetan Desai,Imran Naik,3,0
26711,Chetan Prasad,Manjunath Kulkarni,3,6
26725,Bhavana Nayak,Imran Nayak,3,2
26732,Kiran Murthy,Mary Iyengar,3,8
26765,Girish Bhat,Pooja Gowda,3,6
26766,Manjunath Rao,Prakash Rao,3,0
26778,Joseph Shetty,Vinutha Nayak,3,4
26790,Anitha Prasad,Manjunath Kumar,3,3
26809,Joseph Gowda,Rekha Shetty,3,3
26818,Lakshmi Kumar,Mary Naik,3,4
26824,Ashwini Kumar,Girish Patil,3,0
26842,Deepak Rao,Suresh Bhat,3,7
26862,Mary Murthy,Rekha Naik,3,8
26875,Manjunath Bhat,Shivakumar Rao,3,0
26895,Bhavana Iyengar,Deepak Kulkarni,3,0
26898,Ashwini Reddy,Kiran Kumar,3,0
26902,Shivakumar Bhat,Suresh Patil,3,0
26903,Deepak Prasad,Vinutha Bhat,3,0
26908,Kiran Shetty,Lakshmi Naik,3,0
26916,Bhavana Iyengar,Mary Hegde,3,5
26942,Bhavana Desai,Suresh Desai,3,5
26949,Bhavana Reddy,Lakshmi Prasad,3,0
26970,Chetan Gowda,Pooja Desai,3,0
26984,Joseph Reddy,Nagaraj Patil,3,2
27004,Rekha Bhat,Shivakumar Kulkarni,3,0
27008,Kiran Rao,Lakshmi Kumar,3,4
27009,Chetan Kulkarni,Kiran Reddy,3,7
27010,Deepak Gowda,Mary Iyengar,3,0
27022,Imran Iyengar,Yashwanth Desai,3,0
27028,Deepak Nayak,Joseph Nayak,3,0
27029,Bhavana Nayak,Joseph Bhat,3,2
27042,Anitha Rao,Bhavana Iyengar,3,4
27046,Chetan Kulkarni,Mary Reddy,3,5
27051,Bhavana Gowda,Prakash Desai,3,1
27069,Joseph Murthy,Suresh Gowda,3,0
27071,Deepak Hegde,Suresh Patil,3,0
27081,Mary Nayak,Prakash Shetty,3,0
27085,Nagaraj Bhat,Nagaraj Shetty,3,3
27099,Girish Nayak,Shivakumar Prasad,3,0
27100,Lakshmi Prasad,Shivakumar Prasad,3,0
27106,Chetan Murthy,Manjunath Patil,3,0
27107,Ashwini Desai,Chetan Murthy,3,0
27120,Chetan Prasad,Rekha Rao,3,6
27121,Girish Patil,Pooja Murthy,3,0
27136,Imran Patil,Ravi Naik,3,7
27144,Joseph Bhat,Rekha Gowda,3,0
27159,Kiran Kumar,Vinutha Patil,3,2
27160,Chetan Kulkarni,Imran Prasad,3,0
27168,Kiran Kulkarni,Suresh Nayak,3,5
27171,Lakshmi Kumar,Vinutha Shetty,3,4
27184,Shivakumar Desai,Yashwanth Kulkarni,3,4
27189,Deepak Naik,Ravi Gowda,3,3
27209,Imran Iyengar,Rekha Iyengar,3,4
27210,Kiran Shetty,Rekha Iyengar,3,4
27215,Kiran Patil,Yashwanth Kulkarni,3,0
27228,Ashwini Desai,Vinutha Hegde,3,0
27229,Ashwini Desai,Shivakumar Hegde,3,1
27242,Manjunath Kulkarni,Mary Shetty,3,0
27263,Kiran Murthy,Mary Murthy,3,8
27264,Mary Murthy,Rekha Nayak,3,8
27271,Joseph Reddy,Suresh Shetty,3,2
27283,Joseph Nayak,Lakshmi Kumar,3,4
27292,Pooja Desai,Rekha Kumar,3,0
27321,Prakash Hegde,Prakash Shetty,3,0
27331,Girish Prasad,Yashwanth Kulkarni,3,0
27341,Shivakumar Naik,Vinutha Murthy,3,5
27356,Manjunath Gowda,Suresh Hegde,3,0
27359,Bhavana Naik,Fatima Gowda,3,3
27361,Mary Iyengar,Mary Murthy,3,8
27368,Rekha Naik,Rekha Patil,3,0
27370,Joseph Shetty,Vinutha Reddy,3,4
27376,Anitha Shetty,Bhavana Patil,3,0
27392,Fatima Shetty,Mary Gowda,3,7
27393,Pooja Reddy,Vinutha Rao,3,0
27405,Prakash Kumar,Rekha Desai,3,0
27411,Pooja Bhat,Rekha Desai,3,5
27444,Girish Shetty,Yashwanth Desai,3,0
27445,Anitha Gowda,Anitha Nayak,3,0
27447,Lakshmi Iyengar,Ravi Iyengar,3,0
27461,Manjunath Prasad,Prakash Gowda,3,0
27464,Shivakumar Desai,Vinutha Patil,3,4
27473,Girish Murthy,Rekha Gowda,3,0
27480,Deepak Kumar,Suresh Nayak,3,0
27484,Chetan Kulkarni,Prakash Shetty,3,0
27497,Ravi Hegde,Suresh Nayak,3,0
27510,Lakshmi Reddy,Shivakumar Kumar,3,8
27527,Manjunath Kumar,Pooja Nayak,3,3
27545,Chetan Hegde,Nagaraj Kulkarni,3,4
27546,Lakshmi Prasad,Pooja Murthy,3,0
27547,Manjunath Prasad,Rekha Rao,3,0
27552,Deepak Nayak,Manjunath Shetty,3,4
27559,Girish Reddy,Suresh Rao,3,0
27565,Ashwini Desai,Joseph Patil,3,3
27605,Bhavana Murthy,Suresh Shetty,3,0
27610,Nagaraj Patil,Yashwanth Reddy,3,2
27612,Anitha Hegde,Nagaraj Bhat,3,3
27614,Nagaraj Bhat,Shivakumar Reddy,3,3
27620,Chetan Bhat,Pooja Shetty,3,6
27623,Deepak Naik,Mary Prasad,3,0
27654,Shivakumar Desai,Suresh Shetty,3,4
27661,Anitha Naik,Mary Shetty,3,0
27674,Lakshmi Nayak,Manjunath Rao,3,1
27716,Lakshmi Murthy,Nagaraj Patil,3,2
27741,Mary Desai,Shivakumar Shetty,3,8
27742,Nagaraj Bhat,Prakash Shetty,3,3
27757,Mary Shetty,Suresh Reddy,3,0
27780,Fatima Gowda,Shivakumar Bhat,3,1
27783,Manjunath Gowda,Yashwanth Patil,3,0
27799,Chetan Gowda,Mary Kulkarni,3,0
27806,Mary Desai,Prakash Prasad,3,0
27818,Manjunath Naik,Shivakumar Kumar,3,0
27820,Anitha Gowda,Mary Nayak,3,0
27830,Anitha Prasad,Ravi Murthy,3,0
27838,Lakshmi Naik,Rekha Kulkarni,3,0
27853,Basavaraj Naik,Manjunath Kulkarni,3,0
27903,Manjunath Reddy,Ravi Hegde,3,0
27906,Ashwini Prasad,Prakash Shetty,3,0
27909,Suresh Shetty,Vinutha Iyengar,3,0
27912,Kiran Bhat,Kiran Desai,3,0
27952,Girish Rao,Rekha Murthy,3,7
27963,Kiran Murthy,Pooja Patil,3,8
27975,Joseph Bhat,Rekha Patil,3,0
27976,Prakash Naik,Rekha Patil,3,2
28084,Kiran Patil,Lakshmi Naik,3,0
28095,Bhavana Kulkarni,Chetan Kumar,3,0
28114,Ravi Kulkarni,Ravi Murthy,3,0
28129,Imran Shetty,Manjunath Naik,3,0
28145,Deepak Kumar,Lakshmi Murthy,3,0
28165,Mary Iyengar,Suresh Shetty,3,0
28167,Girish Desai,Mary Shetty,3,0
28179,Joseph Iyengar,Manjunath Shetty,3,6
28185,Bhavana Gowda,Bhavana Nayak,3,1
28186,Imran Nayak,Yashwanth Desai,3,0
28194,Imran Shetty,Lakshmi Nayak,3,1
28196,Deepak Iyengar,Pooja Patil,3,3
28199,Basavaraj Kumar,Vinutha Kulkarni,3,0
28216,Manjunath Gowda,Mary Reddy,3,5
28228,Joseph Kulkarni,Prakash Prasad,3,0
28232,Ashwini Desai,Shivakumar Shetty,3,8
28242,Deepak Desai,Suresh Kumar,3,0
28254,Basavaraj Murthy,Chetan Kulkarni,3,0
28262,Bhavana Nayak,Shivakumar Naik,3,2
28283,Manjunath Murthy,Nagaraj Patil,3,2
28321,Kiran Nayak,Mary Shetty,3,0
28325,Girish Patil,Joseph Prasad,3,0
28365,Ashwini Reddy,Mary Murthy,3,8
28371,Nagaraj Gowda,Nagaraj Murthy,3,0
28378,Kiran Kumar,Prakash Kumar,3,0
28383,Anitha Patil,Chetan Murthy,3,0
28394,Ravi Naik,Vinutha Kulkarni,3,7
28402,Deepak Nayak,Yashwanth Prasad,3,0
28410,Imran Patil,Joseph Reddy,3,2
28420,Chetan Reddy,Suresh Nayak,3,1
28426,Basavaraj Patil,Suresh Hegde,3,2
28432,Deepak Gowda,Fatima Shetty,3,7
28437,Deepak Kulkarni,Girish Hegde,3,4
28444,Basavaraj Reddy,Nagaraj Reddy,3,7
28448,Nagaraj Kulkarni,Ravi Shetty,3,4
28449,Ashwini Reddy,Mary Shetty,3,0
28457,Lakshmi Shetty,Ravi Gowda,3,3
28471,Girish Bhat,Ravi Bhat,3,6
28473,Basavaraj Naik,Ravi Bhat,3,0
28483,Manjunath Nayak,Pooja Patil,3,5
28505,Ashwini Desai,Lakshmi Murthy,3,0
28507,Bhavana Naik,Yashwanth Hegde,3,3
28523,Imran Gowda,Lakshmi Nayak,3,1
28527,Ashwini Kulkarni,Girish Patil,3,0
28532,Anitha Nayak,Rekha Iyengar,3,4
28588,Bhavana Rao,Chetan Reddy,3,1
28594,Nagaraj Hegde,Ravi Hegde,3,0
28612,Lakshmi Gowda,Lakshmi Nayak,3,1
28630,Ashwini Iyengar,Suresh Patil,3,4
28653,Bhavana Reddy,Yashwanth Prasad,3,0
28659,Anitha Reddy,Fatima Shetty,3,7
28668,Chetan Prasad,Yashwanth Patil,3,6
28669,Yashwanth Nayak,Yashwanth Patil,3,0
28691,Anitha Murthy,Basavaraj Patil,3,2
28703,Fatima Nayak,Ravi Bhat,3,0
28706,Joseph Prasad,Vinutha Hegde,3,0
28711,Ashwini Nayak,Yashwanth Hegde,3,0
28717,Deepak Prasad,Ravi Rao,3,0
28729,Ashwini Murthy,Girish Gowda,3,6
28744,Kiran Nayak,Vinutha Patil,3,2
28771,Ravi Desai,Yashwanth Nayak,3,0
28776,Deepak Bhat,Shivakumar Nayak,3,0
28779,Anitha Iyengar,Pooja Murthy,3,0
28803,Manjunath Desai,Vinutha Rao,3,8
28808,Fatima Murthy,Joseph Kulkarni,3,0
28842,Fatima Gowda,Rekha Murthy,3,1
28867,Pooja Nayak,Vinutha Rao,3,0
28869,Fatima Gowda,Nagaraj Bhat,3,1
28874,Chetan Iyengar,Lakshmi Reddy,3,8
28883,Joseph Shetty,Mary Hegde,3,4
28887,Anitha Nayak,Joseph Murthy,3,0
28911,Deepak Rao,Pooja Prasad,3,7
28921,Ravi Nayak,Rekha Gowda,3,1
28942,Chetan Bhat,Manjunath Kumar,3,3
28958,Deepak Gowda,Pooja Patil,3,0
28969,Ashwini Iyengar,Manjunath Patil,3,4
29005,Imran Desai,Kiran Naik,3,8
29014,Manjunath Prasad,Suresh Shetty,3,0
29024,Lakshmi Shetty,Shivakumar Shetty,3,8
29026,Joseph Hegde,Kiran Hegde,3,7
29027,Bhavana Naik,Fatima Shetty,3,3
29043,Basavaraj Gowda,Girish Bhat,3,6
29045,Ashwini Hegde,Yashwanth Rao,3,0
29054,Basavaraj Iyengar,Yashwanth Murthy,3,3
29056,Anitha Prasad,Deepak Prasad,3,0
29057,Anitha Naik,Deepak Prasad,3,0
29061,Bhavana Kulkarni,Yashwanth Kumar,3,0
29068,Manjunath Shetty,Mary Naik,3,4
29084,Basavaraj Naik,Mary Bhat,3,0
29096,Nagaraj Desai,Shivakumar Prasad,3,0
29115,Lakshmi Kulkarni,Prakash Naik,3,2
29120,Deepak Rao,Ravi Shetty,3,7
29130,Imran Rao,Yashwanth Prasad,3,8
29145,Basavaraj Reddy,Manjunath Nayak,3,5
29166,Lakshmi Desai,Suresh Murthy,3,0
29177,Pooja Shetty,Shivakumar Bhat,3,6
29179,Pooja Shetty,Vinutha Prasad,3,6
29188,Girish Rao,Ravi Nayak,3,1
29237,Prakash Iyengar,Suresh Bhat,3,5
29239,Kiran Gowda,Manjunath Shetty,3,4
29241,Basavaraj Bhat,Suresh Reddy,3,2
29245,Pooja Gowda,Yashwanth Patil,3,3
29247,Mary Nayak,Mary Patil,3,0
29267,Lakshmi Nayak,Manjunath Iyengar,3,1
29268,Deepak Gowda,Nagaraj Bhat,3,3
29305,Imran Rao,Prakash Desai,3,8
29311,Bhavana Desai,Ravi Hegde,3,5
29335,Deepak Bhat,Ravi Shetty,3,0
29339,Prakash Kulkarni,Shivakumar Shetty,3,7
29340,Ashwini Rao,Bhavana Hegde,3,0
29345,Fatima Iyengar,Kiran Prasad,3,1
29350,Deepak Reddy,Fatima Iyengar,3,1
29354,Imran Nayak,Shivakumar Nayak,3,0
29363,Fatima Gowda,Rekha Patil,3,1
29366,Basavaraj Desai,Mary Kulkarni,3,0
29376,Anitha Murthy,Pooja Naik,3,0
29386,Basavaraj Iyengar,Lakshmi Gowda,3,3
29397,Fatima Rao,Lakshmi Naik,3,0
29400,Mary Kulkarni,Vinutha Prasad,3,0
29406,Anitha Rao,Shivakumar Murthy,3,4
29411,Joseph Prasad,Pooja Reddy,3,0
29412,Bhavana Iyengar,Rekha Bhat,3,0
29415,Joseph Naik,Kiran Kulkarni,3,5
29418,Basavaraj Gowda,Deepak Shetty,3,0
29423,Basavaraj Bhat,Kiran Iyengar,3,2
29424,Anitha Nayak,Pooja Patil,3,0
29442,Deepak Gowda,Suresh Prasad,3,0
29464,Basavaraj Shetty,Shivakumar Kumar,3,0
29473,Girish Patil,Suresh Kumar,3,0
29477,Ashwini Murthy,Pooja Rao,3,7
29486,Kiran Iyengar,Manjunath Prasad,3,0
29487,Fatima Kumar,Girish Reddy,3,0
29544,Basavaraj Murthy,Rekha Bhat,3,0
29551,Pooja Shetty,Ravi Bhat,3,6
29577,Chetan Patil,Prakash Rao,3,4
29584,Girish Kulkarni,Ravi Murthy,3,5
29609,Chetan Kulkarni,Yashwanth Nayak,3,0
29623,Ravi Desai,Suresh Bhat,3,7
29653,Imran Desai,Vinutha Shetty,3,8
29660,Manjunath Desai,Manjunath Hegde,3,8
29661,Bhavana Nayak,Yashwanth Kumar,3,2
29680,Manjunath Patil,Rekha Hegde,3,0
29681,Kiran Murthy,Rekha Shetty,3,8
29692,Basavaraj Bhat,Prakash Patil,3,2
29695,Nagaraj Kumar,Shivakumar Desai,3,4
29711,Basavaraj Shetty,Suresh Bhat,3,7
29712,Chetan Nayak,Imran Kumar,3,0
29716,Ashwini Desai,Suresh Patil,3,0
29730,Ashwini Prasad,Bhavana Gowda,3,1
29744,Basavaraj Kumar,Ravi Iyengar,3,0
29759,Joseph Kumar,Yashwanth Rao,3,2
29766,Ashwini Desai,Basavaraj Shetty,3,0
29796,Mary Desai,Prakash Hegde,3,0
29825,Lakshmi Shetty,Ravi Murthy,3,0
29864,Imran Naik,Rekha Iyengar,3,4
29872,Joseph Prasad,Kiran Naik,3,0
29888,Basavaraj Patil,Manjunath Kumar,3,2
29889,Girish Hegde,Manjunath Kumar,3,4
29899,Nagaraj Gowda,Prakash Shetty,3,0
29920,Anitha Prasad,Ravi Naik,3,7
29946,Anitha Patil,Pooja Iyengar,3,5
29954,Pooja Prasad,Yashwanth Rao,3,0
29958,Lakshmi Bhat,Ravi Gowda,3,3
29962,Manjunath Rao,Rekha Kulkarni,3,0
29969,Lakshmi Patil,Manjunath Rao,3,0
29978,Nagaraj Rao,Nagaraj Shetty,3,0
29981,Imran Bhat,Pooja Murthy,3,0
29990,Mary Rao,Shivakumar Desai,3,4
30015,Anitha Iyengar,Nagaraj Rao,3,0
30022,Nagaraj Patil,Prakash Shetty,3,2
30041,Imran Iyengar,Joseph Reddy,3,2
30056,Nagaraj Desai,Yashwanth Reddy,3,5
30105,Bhavana Murthy,Girish Murthy,3,0
30190,Ashwini Rao,Lakshmi Bhat,3,0
30202,Deepak Kumar,Girish Hegde,3,4
30206,Bhavana Kulkarni,Lakshmi Kulkarni,3,0
30209,Anitha Iyengar,Joseph Naik,3,5
30250,Mary Murthy,Vinutha Patil,3,8
30272,Nagaraj Prasad,Suresh Desai,3,0
30280,Girish Murthy,Ravi Hegde,3,0
30285,Basavaraj Kumar,Yashwanth Bhat,3,3
30308,Ashwini Kumar,Shivakumar Prasad,3,0
30344,Joseph Patil,Joseph Reddy,3,3
30357,Pooja Patil,Suresh Patil,3,0
30387,Suresh Nayak,Yashwanth Naik,3,0
30392,Basavaraj Bhat,Bhavana Hegde,3,2
30416,Joseph Murthy,Lakshmi Prasad,3,0
30430,Joseph Patil,Vinutha Iyengar,3,3
30449,Anitha Bhat,Mary Gowda,3,7
30451,Manjunath Prasad,Suresh Prasad,3,0
30477,Deepak Prasad,Girish Rao,3,0
30480,Manjunath Kulkarni,Mary Desai,3,0
30497,Shivakumar Shetty,Vinutha Murthy,3,8
30507,Fatima Nayak,Lakshmi Kulkarni,3,0
30535,Fatima Shetty,Yashwanth Iyengar,3,7
30538,Joseph Hegde,Suresh Nayak,3,7
30542,Lakshmi Patil,Rekha Bhat,3,0
30589,Ashwini Desai,Lakshmi Desai,3,0
30616,Chetan Naik,Pooja Naik,3,0
30644,Ashwini Murthy,Mary Nayak,3,0
30709,Kiran Prasad,Nagaraj Prasad,3,0
30723,Pooja Iyengar,Suresh Nayak,3,5
30740,Lakshmi Shetty,Vinutha Shetty,3,0
30750,Mary Desai,Yashwanth Iyengar,3,7
30773,Anitha Reddy,Basavaraj Naik,3,0
30776,Anitha Hegde,Rekha Kulkarni,3,0
30806,Bhavana Prasad,Shivakumar Naik,3,3
30813,Mary Desai,Pooja Nayak,3,0
30832,Mary Shetty,Rekha Hegde,3,0
30834,Deepak Naik,Manjunath Kulkarni,3,0
30835,Lakshmi Patil,Manjunath Kulkarni,3,0
30842,Joseph Prasad,Ravi Shetty,3,0
30843,Anitha Hegde,Ravi Shetty,3,0
30852,Manjunath Nayak,Shivakumar Reddy,3,5
30854,Fatima Patil,Manjunath Bhat,3,0
30858,Joseph Reddy,Mary Kulkarni,3,2
30863,Basavaraj Hegde,Bhavana Rao,3,0
30868,Basavaraj Bhat,Yashwanth Nayak,3,2
30902,Nagaraj Desai,Ravi Naik,3,7
30904,Pooja Murthy,Rekha Gowda,3,0
30906,Anitha Desai,Yashwanth Reddy,3,5
30919,Mary Naik,Mary Reddy,3,7
30920,Girish Reddy,Pooja Patil,3,0
30921,Girish Reddy,Manjunath Desai,3,8
30947,Kiran Hegde,Rekha Reddy,3,3
30950,Pooja Hegde,Vinutha Reddy,3,0
30953,Shivakumar Bhat,Suresh Bhat,3,7
30962,Basavaraj Patil,Nagaraj Kumar,3,2
31013,Fatima Shetty,Kiran Kulkarni,3,7
31028,Ashwini Desai,Shivakumar Prasad,3,0
31037,Prakash Patil,Vinutha Nayak,3,0
31041,Nagaraj Iyengar,Prakash Naik,3,2
31075,Girish Patil,Imran Gowda,3,0
31092,Deepak Kulkarni,Girish Murthy,3,0
31102,Basavaraj Rao,Ravi Hegde,3,0
31111,Deepak Naik,Ravi Prasad,3,0
31115,Joseph Desai,Prakash Reddy,3,0
31123,Manjunath Kulkarni,Manjunath Shetty,3,4
31127,Mary Murthy,Yashwanth Nayak,3,8
31138,Anitha Kulkarni,Imran Rao,3,8
31145,Rekha Nayak,Yashwanth Kumar,3,8
31158,Nagaraj Nayak,Suresh Nayak,3,0
31160,Vinutha Hegde,Yashwanth Kulkarni,3,0
31175,Bhavana Desai,Yashwanth Patil,3,5
31177,Ravi Shetty,Rekha Kumar,3,0
31183,Mary Shetty,Nagaraj Iyengar,3,0
31202,Chetan Kulkarni,Suresh Bhat,3,7
31211,Fatima Kulkarni,Lakshmi Iyengar,3,3
31262,Ravi Gowda,Shivakumar Gowda,3,3
31277,Chetan Rao,Yashwanth Kulkarni,3,0
31286,Rekha Reddy,Yashwanth Hegde,3,0
31305,Deepak Nayak,Yashwanth Shetty,3,0
31315,Deepak Kumar,Shivakumar Shetty,3,8
31320,Manjunath Kumar,Pooja Reddy,3,3
31369,Pooja Patil,Prakash Gowda,3,0
31375,Basavaraj Kumar,Fatima Gowda,3,1
31380,Joseph Nayak,Nagaraj Patil,3,2
31389,Mary Shetty,Shivakumar Reddy,3,0
31403,Manjunath Kulkarni,Vinutha Patil,3,2
31408,Ashwini Hegde,Suresh Bhat,3,7
31417,Ravi Iyengar,Rekha Nayak,3,8
31426,Lakshmi Kulkarni,Pooja Murthy,3,0
31502,Nagaraj Desai,Vinutha Iyengar,3,0
31513,Girish Patil,Imran Nayak,3,0
31610,Bhavana Murthy,Suresh Rao,3,0
31626,Anitha Gowda,Deepak Patil,3,2
31758,Anitha Gowda,Deepak Gowda,3,0
31779,Ashwini Desai,Pooja Reddy,3,0
31786,Chetan Hegde,Girish Murthy,3,0
31794,Ashwini Murthy,Pooja Shetty,3,6
31836,Ravi Desai,Shivakumar Kulkarni,3,0
31889,Bhavana Shetty,Manjunath Gowda,3,0
31892,Chetan Gowda,Kiran Iyengar,3,0
31943,Fatima Kulkarni,Yashwanth Murthy,3,3
31978,Kiran Iyengar,Vinutha Naik,3,0
31999,Deepak Shetty,Joseph Prasad,3,0
32006,Manjunath Prasad,Vinutha Hegde,3,0
32023,Joseph Prasad,Ravi Desai,3,0
32038,Basavaraj Shetty,Fatima Bhat,3,0
32045,Basavaraj Rao,Mary Shetty,3,0
32056,Basavaraj Iyengar,Shivakumar Naik,3,3
32058,Girish Rao,Manjunath Rao,3,0
32109,Prakash Patil,Suresh Nayak,3,0
32141,Anitha Iyengar,Lakshmi Shetty,3,0
32165,Ashwini Rao,Imran Bhat,3,0
32167,Girish Hegde,Suresh Kumar,3,4
32196,Deepak Bhat,Girish Patil,3,0
32203,Manjunath Rao,Nagaraj Rao,3,0
32248,Ashwini Desai,Joseph Shetty,3,4
32281,Manjunath Naik,Suresh Nayak,3,0
32289,Girish Reddy,Suresh Murthy,3,0
32309,Manjunath Kulkarni,Prakash Kulkarni,3,7
32313,Imran Shetty,Pooja Desai,3,0
32334,Vinutha Reddy,Yashwanth Desai,3,0
32345,Mary Murthy,Rekha Gowda,3,8
32347,Imran Naik,Prakash Reddy,3,0
32362,Girish Murthy,Nagaraj Desai,3,0
32366,Bhavana Kulkarni,Bhavana Naik,3,3
32392,Rekha Kulkarni,Shivakumar Kulkarni,3,0
32433,Imran Gowda,Lakshmi Prasad,3,0
32454,Nagaraj Reddy,Ravi Nayak,3,7
32455,Basavaraj Nayak,Bhavana Kulkarni,3,0
32457,Joseph Desai,Kiran Iyengar,3,0
32502,Suresh Iyengar,Yashwanth Gowda,3,0
32529,Deepak Kumar,Manjunath Rao,3,0
32546,Ravi Naik,Ravi Nayak,3,7
32551,Manjunath Reddy,Mary Reddy,3,5
32554,Nagaraj Kumar,Shivakumar Bhat,3,0
32636,Kiran Hegde,Rekha Iyengar,3,3
32657,Bhavana Prasad,Girish Hegde,3,3
32684,Pooja Kumar,Vinutha Gowda,3,8
32722,Nagaraj Shetty,Pooja Hegde,3,0
32823,Joseph Iyengar,Joseph Rao,3,6
32838,Pooja Patil,Ravi Hegde,3,0
32859,Basavaraj Patil,Vinutha Patil,3,2
32878,Pooja Prasad,Shivakumar Naik,3,5
32899,Fatima Murthy,Pooja Reddy,3,0
33039,Joseph Naik,Ravi Reddy,3,5
33065,Basavaraj Nayak,Shivakumar Naik,3,5
33094,Basavaraj Shetty,Pooja Naik,3,0
33156,Deepak Kumar,Shivakumar Desai,3,4
33165,Pooja Hegde,Suresh Rao,3,0
33191,Basavaraj Shetty,Girish Murthy,3,0
33197,Bhavana Nayak,Pooja Bhat,3,2
33223,Manjunath Kumar,Prakash Hegde,3,3
33241,Anitha Kumar,Shivakumar Shetty,3,8
33258,Chetan Kulkarni,Suresh Prasad,3,0
33272,Mary Kulkarni,Suresh Prasad,3,0
33329,Chetan Kulkarni,Ravi Naik,3,7
33356,Nagaraj Bhat,Rekha Desai,3,3
33374,Deepak Naik,Deepak Prasad,3,0
33387,Ravi Nayak,Suresh Hegde,3,1
33419,Ashwini Shetty,Suresh Hegde,3,0
33451,Manjunath Kumar,Mary Rao,3,3
33460,Rekha Nayak,Shivakumar Kumar,3,8
33508,Pooja Naik,Rekha Rao,3,0
33509,Rekha Prasad,Vinutha Rao,3,0
33512,Girish Rao,Rekha Kumar,3,0
33533,Lakshmi Patil,Suresh Iyengar,3,0
33568,Chetan Shetty,Kiran Murthy,3,8
33569,Basavaraj Kumar,Chetan Shetty,3,0
33625,Ashwini Reddy,Kiran Shetty,3,0
33658,Kiran Iyengar,Suresh Desai,3,0
33744,Bhavana Gowda,Suresh Patil,3,1
33749,Imran Naik,Rekha Rao,3,0
33798,Girish Kulkarni,Vinutha Rao,3,5
33816,Basavaraj Nayak,Lakshmi Nayak,3,1
33832,Deepak Naik,Pooja Naik,3,0
33847,Mary Naik,Suresh Desai,3,7
33914,Rekha Desai,Vinutha Naik,3,0
33928,Girish Reddy,Pooja Murthy,3,0
33996,Nagaraj Prasad,Vinutha Murthy,3,0
34039,Girish Murthy,Suresh Iyengar,3,0
34056,Ashwini Nayak,Suresh Reddy,3,0
34057,Ashwini Bhat,Lakshmi Prasad,3,0
34059,Manjunath Patil,Prakash Gowda,3,0
34107,Bhavana Kumar,Kiran Murthy,3,8
34135,Chetan Naik,Kiran Patil,3,0
34136,Bhavana Desai,Kiran Iyengar,3,5
34137,Nagaraj Bhat,Shivakumar Murthy,3,3
34155,Basavaraj Iyengar,Kiran Desai,3,3
34209,Manjunath Kulkarni,Nagaraj Gowda,3,0
34222,Imran Iyengar,Kiran Iyengar,3,0
34377,Deepak Shetty,Mary Prasad,3,0
34402,Anitha Hegde,Lakshmi Bhat,3,0
34411,Girish Shetty,Lakshmi Patil,3,0
34416,Chetan Bhat,Rekha Desai,3,0
34424,Anitha Prasad,Vinutha Nayak,3,0
34490,Chetan Bhat,Suresh Patil,3,0
34536,Kiran Hegde,Lakshmi Desai,3,3
34549,Girish Shetty,Prakash Kulkarni,3,7
34554,Bhavana Murthy,Imran Bhat,3,0
34682,Deepak Gowda,Vinutha Reddy,3,0
34695,Basavaraj Iyengar,Joseph Nayak,3,3
34816,Chetan Bhat,Mary Naik,3,7
34865,Bhavana Reddy,Rekha Patil,3,0
34889,Girish Gowda,Yashwanth Gowda,3,6
34898,Basavaraj Naik,Prakash Prasad,3,0
35037,Bhavana Naik,Prakash Hegde,3,3
35143,Rekha Murthy,Vinutha Desai,3,7
35186,Bhavana Nayak,Ravi Nayak,3,2
35202,Ashwini Hegde,Manjunath Kulkarni,3,0
35284,Anitha Patil,Ashwini Murthy,3,0
35378,Bhavana Gowda,Nagaraj Rao,3,1
35395,Fatima Gowda,Nagaraj Desai,3,1
35425,Chetan Rao,Prakash Kulkarni,3,7
35430,Ashwini Hegde,Mary Kumar,3,0
35452,Imran Hegde,Yashwanth Nayak,3,0
35476,Lakshmi Prasad,Manjunath Prasad,3,0
35538,Prakash Naik,Shivakumar Patil,3,2
35576,Fatima Hegde,Rekha Murthy,3,7
35642,Nagaraj Kumar,Nagaraj Naik,3,0
35699,Anitha Naik,Ashwini Patil,3,0
35766,Bhavana Patil,Nagaraj Gowda,3,0
35768,Pooja Desai,Shivakumar Naik,3,5
35782,Bhavana Murthy,Girish Shetty,3,0
35850,Anitha Patil,Joseph Hegde,3,7
35852,Rekha Desai,Shivakumar Iyengar,3,0
35890,Chetan Gowda,Suresh Nayak,3,0
35911,Chetan Kumar,Deepak Patil,3,2
35930,Manjunath Patil,Nagaraj Naik,3,0
36028,Rekha Desai,Vinutha Prasad,3,0
36140,Nagaraj Desai,Vinutha Shetty,3,0
36221,Nagaraj Desai,Vinutha Kulkarni,3,0
36491,Deepak Iyengar,Shivakumar Kulkarni,3,3
36494,Girish Murthy,Yashwanth Shetty,3,0
36546,Bhavana Gowda,Chetan Gowda,3,1
36786,Ravi Patil,Yashwanth Kumar,3,0
36858,Nagaraj Nayak,Yashwanth Iyengar,3,7
36888,Ashwini Shetty,Mary Shetty,3,0
36896,Deepak Kumar,Mary Iyengar,3,0
36935,Joseph Prasad,Lakshmi Nayak,3,1
36958,Kiran Rao,Lakshmi Kulkarni,3,0
37087,Ravi Nayak,Shivakumar Reddy,3,1
37179,Ravi Patil,Yashwanth Desai,3,0
37226,Bhavana Gowda,Manjunath Naik,3,1
37254,Ravi Bhat,Shivakumar Hegde,3,1
37261,Deepak Reddy,Mary Naik,3,7
37312,Kiran Gowda,Vinutha Shetty,3,0
37386,Lakshmi Rao,Ravi Patil,3,7
37492,Ashwini Prasad,Imran Reddy,3,0
37506,Fatima Patil,Suresh Desai,3,0
37533,Ashwini Desai,Manjunath Gowda,3,0
37736,Bhavana Kulkarni,Suresh Prasad,3,0
37927,Prakash Kulkarni,Yashwanth Hegde,3,7
38020,Bhavana Naik,Lakshmi Nayak,3,3
38063,Joseph Hegde,Shivakumar Naik,3,7
38105,Lakshmi Nayak,Pooja Gowda,3,1
38395,Deepak Nayak,Shivakumar Naik,3,5
38598,Chetan Naik,Girish Patil,3,0
1,Anitha Murthy,Suresh Hegde,2,0
7,Girish Kumar,Suresh Shetty,2,0
9,Joseph Patil,Prakash Shetty,2,3
10,Joseph Patil,Manjunath Kumar,2,3
13,Chetan Shetty,Ravi Hegde,2,0
14,Chetan Shetty,Nagaraj Rao,2,0
15,Imran Shetty,Ravi Hegde,2,0
19,Joseph Murthy,Kiran Desai,2,0
20,Joseph Nayak,Kiran Desai,2,0
22,Anitha Shetty,Nagaraj Rao,2,0
23,Manjunath Gowda,Manjunath Kumar,2,3
25,Joseph Kulkarni,Rekha Reddy,2,0
27,Ashwini Bhat,Mary Murthy,2,8
30,Fatima Desai,Fatima Rao,2,0
31,Lakshmi Kulkarni,Prakash Kumar,2,0
32,Lakshmi Kulkarni,Vinutha Bhat,2,0
33,Prakash Kumar,Vinutha Bhat,2,0
45,Lakshmi Prasad,Vinutha Prasad,2,0
47,Joseph Murthy,Kiran Kumar,2,0
50,Ashwini Bhat,Joseph Shetty,2,4
52,Ashwini Bhat,Ravi Prasad,2,0
54,Rekha Nayak,Shivakumar Rao,2,8
56,Rekha Nayak,Vinutha Prasad,2,8
57,Prakash Kumar,Suresh Prasad,2,0
58,Prakash Kumar,Shivakumar Kumar,2,0
60,Bhavana Bhat,Prakash Kumar,2,0
61,Shivakumar Kumar,Suresh Prasad,2,0
64,Mary Hegde,Shivakumar Kumar,2,5
65,Bhavana Bhat,Shivakumar Kumar,2,0
68,Vinutha Bhat,Yashwanth Hegde,2,0
69,Pooja Kumar,Vinutha Bhat,2,8
71,Manjunath Shetty,Rekha Iyengar,2,4
74,Joseph Patil,Joseph Rao,2,3
75,Chetan Rao,Joseph Rao,2,0
84,Ravi Shetty,Yashwanth Nayak,2,0
90,Bhavana Shetty,Imran Desai,2,8
93,Ashwini Kumar,Fatima Reddy,2,0
94,Nagaraj Hegde,Pooja Iyengar,2,5
97,Prakash Prasad,Suresh Shetty,2,0
99,Anitha Rao,Mary Reddy,2,4
109,Lakshmi Rao,Vinutha Prasad,2,7
113,Fatima Shetty,Manjunath Rao,2,7
114,Manjunath Rao,Rekha Bhat,2,0
115,Chetan Rao,Shivakumar Iyengar,2,0
116,Chetan Rao,Yashwanth Patil,2,0
117,Shivakumar Iyengar,Yashwanth Patil,2,0
139,Anitha Reddy,Suresh Patil,2,0
140,Chetan Iyengar,Suresh Patil,2,0
142,Chetan Iyengar,Kiran Iyengar,2,0
146,Girish Nayak,Prakash Shetty,2,0
147,Kiran Iyengar,Vinutha Shetty,2,0
148,Girish Murthy,Kiran Murthy,2,8
151,Fatima Hegde,Nagaraj Patil,2,2
152,Ashwini Kumar,Nagaraj Patil,2,2
153,Ashwini Kumar,Fatima Hegde,2,0
160,Vinutha Rao,Vinutha Reddy,2,0
163,Kiran Desai,Vinutha Shetty,2,0
173,Ashwini Hegde,Bhavana Nayak,2,2
175,Bhavana Nayak,Chetan Prasad,2,2
179,Ashwini Hegde,Nagaraj Gowda,2,0
183,Lakshmi Shetty,Shivakumar Kumar,2,0
184,Joseph Nayak,Yashwanth Murthy,2,6
185,Girish Kumar,Yashwanth Desai,2,0
188,Mary Naik,Ravi Prasad,2,7
190,Lakshmi Kumar,Suresh Desai,2,4
191,Joseph Gowda,Suresh Desai,2,0
194,Chetan Reddy,Joseph Desai,2,1
197,Chetan Nayak,Girish Bhat,2,6
198,Joseph Nayak,Mary Gowda,2,0
200,Mary Gowda,Ravi Bhat,2,0
201,Fatima Nayak,Joseph Nayak,2,0
202,Fatima Nayak,Kiran Desai,2,0
204,Ashwini Desai,Lakshmi Reddy,2,8
206,Ashwini Desai,Ravi Reddy,2,1
207,Deepak Kumar,Lakshmi Reddy,2,8
213,Fatima Bhat,Prakash Gowda,2,0
214,Prakash Gowda,Yashwanth Gowda,2,0
219,Anitha Kumar,Mary Reddy,2,5
222,Bhavana Hegde,Chetan Bhat,2,0
225,Basavaraj Shetty,Prakash Naik,2,2
227,Shivakumar Kumar,Suresh Bhat,2,7
228,Nagaraj Rao,Suresh Bhat,2,7
230,Chetan Kulkarni,Rekha Desai,2,0
232,Anitha Patil,Rekha Desai,2,0
240,Girish Kulkarni,Suresh Rao,2,5
241,Bhavana Rao,Yashwanth Murthy,2,6
243,Shivakumar Bhat,Yashwanth Murthy,2,6
247,Lakshmi Kumar,Manjunath Iyengar,2,4
249,Anitha Desai,Manjunath Gowda,2,0
251,Chetan Kulkarni,Suresh Reddy,2,0
256,Anitha Desai,Vinutha Prasad,2,0
264,Nagaraj Kulkarni,Ravi Murthy,2,4
266,Shivakumar Kulkarni,Yashwanth Kumar,2,0
271,Chetan Kulkarni,Vinutha Gowda,2,0
276,Ashwini Desai,Nagaraj Bhat,2,3
277,Anitha Iyengar,Girish Naik,2,0
282,Bhavana Hegde,Vinutha Bhat,2,0
284,Mary Bhat,Pooja Rao,2,7
285,Bhavana Rao,Pooja Rao,2,7
286,Bhavana Rao,Mary Bhat,2,0
291,Joseph Iyengar,Joseph Patil,2,6
295,Manjunath Nayak,Mary Reddy,2,5
300,Basavaraj Hegde,Basavaraj Nayak,2,0
301,Mary Kumar,Suresh Hegde,2,0
306,Nagaraj Kulkarni,Suresh Hegde,2,4
310,Girish Bhat,Nagaraj Kulkarni,2,6
314,Bhavana Murthy,Manjunath Kumar,2,3
317,Ravi Naik,Ravi Prasad,2,7
319,Bhavana Kulkarni,Shivakumar Bhat,2,0
320,Basavaraj Prasad,Shivakumar Bhat,2,0
325,Basavaraj Gowda,Lakshmi Prasad,2,0
330,Chetan Nayak,Ravi Murthy,2,0
334,Kiran Kumar,Lakshmi Nayak,2,1
335,Deepak Reddy,Vinutha Shetty,2,0
338,Basavaraj Kulkarni,Bhavana Nayak,2,2
340,Basavaraj Kulkarni,Nagaraj Prasad,2,0
341,Nagaraj Gowda,Pooja Nayak,2,0
342,Mary Iyengar,Vinutha Rao,2,0
345,Anitha Desai,Fatima Kumar,2,0
348,Rekha Naik,Shivakumar Nayak,2,0
350,Chetan Iyengar,Vinutha Hegde,2,0
354,Lakshmi Hegde,Nagaraj Rao,2,1
360,Basavaraj Patil,Yashwanth Iyengar,2,2
367,Basavaraj Hegde,Lakshmi Patil,2,0
369,Chetan Nayak,Shivakumar Hegde,2,1
370,Chetan Nayak,Vinutha Desai,2,0
371,Imran Shetty,Shivakumar Desai,2,4
372,Imran Shetty,Nagaraj Shetty,2,0
373,Nagaraj Shetty,Shivakumar Desai,2,4
374,Girish Rao,Manjunath Iyengar,2,0
375,Chetan Rao,Girish Rao,2,0
376,Chetan Rao,Manjunath Iyengar,2,0
377,Lakshmi Iyengar,Mary Naik,2,7
378,Lakshmi Prasad,Pooja Patil,2,0
385,Anitha Kulkarni,Pooja Iyengar,2,5
386,Anitha Kulkarni,Deepak Rao,2,7
390,Ashwini Kulkarni,Chetan Prasad,2,6
391,Basavaraj Nayak,Shivakumar Prasad,2,0
393,Mary Nayak,Nagaraj Bhat,2,3
396,Deepak Naik,Yashwanth Gowda,2,0
397,Deepak Naik,Manjunath Patil,2,0
405,Pooja Prasad,Shivakumar Shetty,2,8
406,Ravi Murthy,Yashwanth Gowda,2,0
407,Lakshmi Desai,Ravi Murthy,2,0
408,Joseph Desai,Ravi Murthy,2,0
409,Ravi Murthy,Rekha Nayak,2,8
410,Lakshmi Desai,Yashwanth Gowda,2,0
412,Rekha Nayak,Yashwanth Gowda,2,8
413,Joseph Desai,Lakshmi Desai,2,0
414,Lakshmi Desai,Rekha Nayak,2,8
418,Nagaraj Rao,Ravi Murthy,2,0
419,Chetan Bhat,Fatima Bhat,2,0
424,Chetan Bhat,Lakshmi Kumar,2,4
427,Chetan Rao,Suresh Murthy,2,0
428,Lakshmi Kumar,Suresh Murthy,2,4
431,Manjunath Kumar,Pooja Patil,2,3
432,Ravi Patil,Yashwanth Bhat,2,3
435,Fatima Bhat,Kiran Murthy,2,8
437,Joseph Gowda,Lakshmi Nayak,2,1
438,Joseph Gowda,Prakash Hegde,2,0
439,Chetan Iyengar,Yashwanth Kumar,2,0
444,Prakash Shetty,Rekha Bhat,2,0
446,Fatima Shetty,Prakash Reddy,2,7
449,Basavaraj Iyengar,Lakshmi Desai,2,3
450,Lakshmi Desai,Prakash Naik,2,2
456,Bhavana Kulkarni,Vinutha Naik,2,0
457,Bhavana Rao,Vinutha Naik,2,0
458,Bhavana Kulkarni,Bhavana Rao,2,0
461,Mary Reddy,Prakash Prasad,2,5
462,Joseph Murthy,Ravi Iyengar,2,0
472,Ashwini Kulkarni,Yashwanth Kumar,2,0
474,Chetan Naik,Yashwanth Kumar,2,0
477,Prakash Patil,Vinutha Kulkarni,2,0
478,Prakash Iyengar,Vinutha Iyengar,2,5
479,Basavaraj Naik,Vinutha Iyengar,2,0
480,Basavaraj Naik,Prakash Iyengar,2,5
481,Manjunath Kulkarni,Vinutha Rao,2,0
487,Bhavana Naik,Manjunath Kulkarni,2,3
488,Bhavana Iyengar,Nagaraj Patil,2,2
494,Imran Murthy,Lakshmi Kulkarni,2,0
498,Anitha Kumar,Kiran Kulkarni,2,5
502,Bhavana Nayak,Nagaraj Hegde,2,2
504,Bhavana Rao,Nagaraj Shetty,2,0
506,Bhavana Rao,Nagaraj Prasad,2,0
507,Fatima Gowda,Imran Gowda,2,1
514,Lakshmi Naik,Ravi Gowda,2,3
515,Anitha Naik,Girish Iyengar,2,0
518,Lakshmi Desai,Prakash Gowda,2,0
522,Pooja Desai,Pooja Iyengar,2,5
528,Basavaraj Nayak,Rekha Desai,2,0
529,Imran Nayak,Manjunath Nayak,2,5
530,Imran Nayak,Shivakumar Hegde,2,1
535,Girish Shetty,Mary Shetty,2,0
536,Ashwini Bhat,Deepak Patil,2,2
540,Ashwini Bhat,Mary Shetty,2,0
542,Ravi Gowda,Vinutha Iyengar,2,3
543,Ravi Gowda,Ravi Kulkarni,2,3
546,Fatima Shetty,Girish Shetty,2,7
548,Imran Murthy,Prakash Reddy,2,0
550,Chetan Bhat,Yashwanth Kulkarni,2,0
554,Fatima Desai,Suresh Kumar,2,0
555,Basavaraj Naik,Kiran Prasad,2,0
558,Bhavana Murthy,Shivakumar Nayak,2,0
560,Kiran Patil,Rekha Bhat,2,0
567,Manjunath Desai,Yashwanth Iyengar,2,8
569,Manjunath Kumar,Ravi Prasad,2,3
577,Deepak Kulkarni,Pooja Hegde,2,0
580,Joseph Gowda,Suresh Prasad,2,0
583,Basavaraj Kumar,Fatima Patil,2,0
589,Bhavana Reddy,Joseph Shetty,2,4
593,Manjunath Iyengar,Nagaraj Kumar,2,0
597,Anitha Desai,Imran Prasad,2,0
598,Deepak Desai,Imran Prasad,2,0
606,Deepak Patil,Suresh Prasad,2,2
614,Pooja Desai,Vinutha Prasad,2,0
615,Pooja Naik,Vinutha Hegde,2,0
618,Girish Murthy,Ravi Desai,2,0
620,Bhavana Rao,Manjunath Nayak,2,5
621,Bhavana Rao,Girish Bhat,2,6
625,Deepak Reddy,Suresh Prasad,2,0
627,Pooja Iyengar,Vinutha Iyengar,2,5
628,Deepak Reddy,Pooja Iyengar,2,5
629,Vinutha Iyengar,Vinutha Reddy,2,0
632,Chetan Nayak,Mary Iyengar,2,0
633,Fatima Gowda,Rekha Kulkarni,2,1
634,Fatima Gowda,Girish Nayak,2,1
640,Fatima Prasad,Ravi Kulkarni,2,0
642,Fatima Prasad,Shivakumar Desai,2,4
643,Manjunath Gowda,Yashwanth Kulkarni,2,0
644,Rekha Iyengar,Vinutha Gowda,2,4
646,Nagaraj Bhat,Rekha Iyengar,2,3
647,Vinutha Gowda,Yashwanth Gowda,2,0
650,Girish Nayak,Lakshmi Prasad,2,0
651,Imran Reddy,Nagaraj Desai,2,0
652,Chetan Gowda,Nagaraj Hegde,2,0
654,Nagaraj Hegde,Suresh Naik,2,0
656,Chetan Gowda,Suresh Naik,2,0
660,Ravi Gowda,Rekha Prasad,2,3
661,Basavaraj Shetty,Ravi Gowda,2,3
662,Chetan Rao,Girish Murthy,2,0
663,Chetan Rao,Girish Iyengar,2,0
664,Girish Iyengar,Girish Murthy,2,0
668,Lakshmi Kulkarni,Prakash Kulkarni,2,7
676,Anitha Nayak,Kiran Murthy,2,8
677,Kiran Murthy,Kiran Naik,2,8
680,Ashwini Gowda,Yashwanth Rao,2,0
681,Shivakumar Shetty,Yashwanth Rao,2,8
685,Ashwini Murthy,Shivakumar Shetty,2,8
686,Mary Desai,Nagaraj Kumar,2,0
690,Ravi Desai,Shivakumar Bhat,2,0
691,Girish Gowda,Ravi Desai,2,6
692,Girish Gowda,Shivakumar Bhat,2,6
695,Rekha Patil,Vinutha Rao,2,0
697,Kiran Kumar,Ravi Gowda,2,3
702,Basavaraj Gowda,Basavaraj Rao,2,0
705,Basavaraj Rao,Manjunath Nayak,2,5
711,Joseph Desai,Joseph Nayak,2,0
713,Joseph Iyengar,Mary Prasad,2,6
715,Manjunath Gowda,Mary Prasad,2,0
717,Bhavana Reddy,Chetan Kulkarni,2,0
728,Pooja Rao,Vinutha Reddy,2,7
734,Fatima Rao,Fatima Shetty,2,7
735,Bhavana Murthy,Pooja Gowda,2,3
736,Manjunath Rao,Rekha Rao,2,0
739,Anitha Gowda,Imran Nayak,2,0
740,Imran Nayak,Prakash Shetty,2,0
742,Anitha Gowda,Prakash Shetty,2,0
744,Anitha Prasad,Prakash Shetty,2,0
754,Joseph Hegde,Shivakumar Kulkarni,2,7
758,Anitha Patil,Lakshmi Naik,2,0
761,Anitha Patil,Manjunath Nayak,2,5
763,Manjunath Nayak,Rekha Reddy,2,5
764,Anitha Patil,Kiran Desai,2,0
766,Kiran Desai,Rekha Reddy,2,0
775,Shivakumar Desai,Vinutha Murthy,2,4
777,Anitha Bhat,Shivakumar Desai,2,7
778,Nagaraj Prasad,Prakash Patil,2,0
783,Nagaraj Prasad,Yashwanth Patil,2,0
790,Lakshmi Hegde,Prakash Hegde,2,1
794,Deepak Prasad,Girish Shetty,2,0
798,Anitha Rao,Vinutha Kulkarni,2,4
799,Ashwini Hegde,Imran Murthy,2,0
801,Ashwini Hegde,Fatima Iyengar,2,1
804,Anitha Bhat,Rekha Iyengar,2,7
807,Anitha Naik,Shivakumar Kulkarni,2,0
810,Imran Reddy,Ravi Kulkarni,2,0
813,Ashwini Rao,Kiran Shetty,2,0
814,Pooja Naik,Suresh Naik,2,0
816,Chetan Reddy,Suresh Naik,2,1
818,Prakash Desai,Prakash Prasad,2,0
821,Ashwini Iyengar,Shivakumar Bhat,2,4
824,Deepak Prasad,Vinutha Kumar,2,0
826,Prakash Hegde,Rekha Bhat,2,0
827,Basavaraj Patil,Prakash Hegde,2,2
828,Lakshmi Kulkarni,Suresh Kumar,2,0
830,Suresh Kumar,Suresh Patil,2,0
839,Kiran Kulkarni,Ravi Hegde,2,5
840,Joseph Hegde,Shivakumar Desai,2,7
843,Anitha Reddy,Chetan Bhat,2,0
846,Imran Nayak,Yashwanth Nayak,2,0
852,Mary Kumar,Shivakumar Rao,2,0
856,Nagaraj Naik,Rekha Naik,2,0
864,Bhavana Nayak,Joseph Kumar,2,2
866,Bhavana Nayak,Kiran Murthy,2,2
868,Kiran Patil,Shivakumar Nayak,2,0
872,Lakshmi Kumar,Ravi Patil,2,4
884,Mary Desai,Ravi Iyengar,2,0
885,Joseph Rao,Mary Desai,2,0
889,Pooja Rao,Shivakumar Naik,2,7
890,Anitha Patil,Rekha Naik,2,0
891,Joseph Iyengar,Vinutha Kulkarni,2,6
892,Bhavana Rao,Prakash Gowda,2,0
893,Ashwini Bhat,Prakash Gowda,2,0
905,Prakash Patil,Rekha Desai,2,0
907,Manjunath Desai,Prakash Patil,2,8
908,Manjunath Desai,Suresh Hegde,2,8
911,Anitha Kumar,Chetan Iyengar,2,0
916,Chetan Murthy,Girish Shetty,2,0
925,Joseph Naik,Manjunath Prasad,2,5
926,Nagaraj Rao,Pooja Nayak,2,0
927,Chetan Iyengar,Chetan Nayak,2,0
937,Anitha Hegde,Kiran Bhat,2,0
938,Anitha Gowda,Kiran Bhat,2,0
940,Anitha Gowda,Deepak Hegde,2,0
946,Rekha Iyengar,Yashwanth Reddy,2,4
948,Ashwini Shetty,Girish Kulkarni,2,5
949,Ashwini Shetty,Girish Patil,2,0
951,Imran Nayak,Manjunath Gowda,2,0
954,Ashwini Gowda,Nagaraj Kumar,2,0
956,Ashwini Gowda,Prakash Kumar,2,0
958,Ashwini Gowda,Nagaraj Prasad,2,0
960,Ravi Prasad,Vinutha Gowda,2,0
963,Shivakumar Naik,Yashwanth Kulkarni,2,5
964,Bhavana Nayak,Deepak Iyengar,2,2
965,Bhavana Nayak,Vinutha Shetty,2,2
967,Chetan Naik,Nagaraj Hegde,2,0
970,Basavaraj Desai,Yashwanth Hegde,2,0
972,Anitha Nayak,Yashwanth Hegde,2,0
981,Mary Kumar,Mary Murthy,2,8
982,Mary Kumar,Pooja Nayak,2,0
985,Chetan Desai,Chetan Shetty,2,0
986,Chetan Desai,Prakash Kulkarni,2,7
987,Ashwini Gowda,Prakash Bhat,2,0
990,Prakash Bhat,Suresh Kulkarni,2,0
996,Mary Iyengar,Prakash Bhat,2,0
997,Ashwini Prasad,Bhavana Naik,2,3
999,Ashwini Prasad,Lakshmi Prasad,2,0
1000,Imran Bhat,Shivakumar Bhat,2,0
1008,Girish Rao,Ravi Shetty,2,0
1012,Ravi Shetty,Yashwanth Desai,2,0
1013,Basavaraj Rao,Fatima Iyengar,2,1
1016,Imran Nayak,Rekha Nayak,2,8
1019,Bhavana Kumar,Manjunath Kulkarni,2,0
1026,Joseph Iyengar,Yashwanth Prasad,2,6
1033,Mary Reddy,Prakash Hegde,2,5
1037,Mary Murthy,Prakash Reddy,2,8
1042,Rekha Rao,Vinutha Bhat,2,0
1050,Anitha Rao,Rekha Naik,2,4
1057,Basavaraj Gowda,Prakash Kumar,2,0
1058,Girish Bhat,Pooja Kulkarni,2,6
1062,Basavaraj Nayak,Vinutha Kumar,2,0
1063,Rekha Reddy,Vinutha Kumar,2,0
1064,Basavaraj Nayak,Rekha Reddy,2,0
1065,Girish Iyengar,Kiran Hegde,2,3
1066,Basavaraj Kumar,Kiran Hegde,2,3
1069,Basavaraj Desai,Ravi Murthy,2,0
1070,Bhavana Murthy,Ravi Murthy,2,0
1074,Chetan Reddy,Pooja Kulkarni,2,1
1078,Imran Desai,Joseph Kulkarni,2,8
1079,Fatima Iyengar,Mary Bhat,2,1
1080,Chetan Murthy,Deepak Patil,2,2
1085,Deepak Rao,Imran Murthy,2,7
1088,Chetan Murthy,Girish Patil,2,0
1096,Rekha Shetty,Suresh Gowda,2,3
1097,Fatima Gowda,Suresh Gowda,2,1
1098,Fatima Gowda,Rekha Shetty,2,1
1101,Basavaraj Kumar,Kiran Iyengar,2,0
1104,Joseph Gowda,Mary Naik,2,7
1109,Manjunath Bhat,Pooja Desai,2,0
1122,Ashwini Gowda,Suresh Bhat,2,7
1123,Ashwini Gowda,Deepak Gowda,2,0
1124,Vinutha Nayak,Yashwanth Kumar,2,0
1127,Joseph Shetty,Kiran Kulkarni,2,4
1137,Anitha Reddy,Ravi Desai,2,0
1139,Girish Patil,Imran Iyengar,2,0
1141,Deepak Reddy,Rekha Kulkarni,2,0
1142,Prakash Gowda,Rekha Kulkarni,2,0
1147,Basavaraj Murthy,Suresh Patil,2,0
1152,Rekha Desai,Rekha Reddy,2,0
1153,Manjunath Reddy,Rekha Shetty,2,3
1158,Prakash Kulkarni,Yashwanth Naik,2,7
1160,Anitha Kulkarni,Deepak Murthy,2,0
1165,Chetan Shetty,Shivakumar Kumar,2,0
1168,Basavaraj Prasad,Bhavana Murthy,2,0
1170,Chetan Naik,Imran Rao,2,8
1171,Ravi Iyengar,Suresh Nayak,2,0
1177,Chetan Kulkarni,Imran Hegde,2,0
1178,Imran Hegde,Joseph Kulkarni,2,0
1181,Girish Rao,Imran Hegde,2,0
1188,Deepak Desai,Joseph Gowda,2,0
1190,Deepak Desai,Pooja Prasad,2,0
1191,Ashwini Shetty,Deepak Desai,2,0
1192,Ravi Naik,Yashwanth Reddy,2,7
1195,Deepak Kulkarni,Yashwanth Reddy,2,5
1196,Yashwanth Naik,Yashwanth Reddy,2,5
1205,Shivakumar Prasad,Vinutha Kumar,2,0
1207,Chetan Gowda,Lakshmi Nayak,2,1
1217,Rekha Murthy,Vinutha Bhat,2,7
1222,Anitha Reddy,Lakshmi Kumar,2,4
1223,Mary Patil,Rekha Murthy,2,7
1226,Bhavana Rao,Manjunath Prasad,2,0
1228,Bhavana Rao,Nagaraj Patil,2,2
1229,Prakash Gowda,Prakash Patil,2,0
1234,Deepak Shetty,Kiran Desai,2,0
1237,Girish Rao,Joseph Nayak,2,0
1238,Ashwini Kumar,Suresh Desai,2,0
1240,Lakshmi Gowda,Suresh Desai,2,0
1241,Bhavana Gowda,Rekha Hegde,2,1
1242,Rekha Hegde,Suresh Reddy,2,0
1243,Bhavana Gowda,Suresh Reddy,2,1
1250,Bhavana Desai,Fatima Shetty,2,5
1251,Imran Reddy,Kiran Shetty,2,0
1253,Bhavana Desai,Kiran Shetty,2,5
1256,Bhavana Desai,Vinutha Murthy,2,5
1260,Basavaraj Bhat,Kiran Shetty,2,2
1264,Basavaraj Patil,Mary Murthy,2,2
1267,Kiran Bhat,Nagaraj Iyengar,2,0
1270,Fatima Nayak,Ravi Naik,2,7
1273,Rekha Iyengar,Yashwanth Kumar,2,4
1275,Chetan Desai,Yashwanth Kumar,2,0
1282,Bhavana Naik,Lakshmi Kulkarni,2,3
1283,Bhavana Naik,Manjunath Bhat,2,3
1289,Imran Gowda,Prakash Shetty,2,0
1290,Chetan Shetty,Imran Gowda,2,0
1293,Basavaraj Patil,Lakshmi Rao,2,2
1294,Basavaraj Patil,Manjunath Kulkarni,2,2
1297,Chetan Bhat,Ravi Shetty,2,0
1304,Deepak Iyengar,Suresh Hegde,2,3
1308,Nagaraj Rao,Prakash Gowda,2,0
1310,Bhavana Kumar,Prakash Gowda,2,0
1319,Anitha Rao,Joseph Shetty,2,4
1320,Joseph Shetty,Suresh Naik,2,4
1322,Rekha Desai,Shivakumar Naik,2,5
1324,Ravi Iyengar,Rekha Desai,2,0
1325,Anitha Nayak,Prakash Rao,2,0
1327,Anitha Nayak,Bhavana Gowda,2,1
1332,Ashwini Reddy,Chetan Nayak,2,0
1343,Nagaraj Rao,Yashwanth Kumar,2,0
1345,Chetan Kulkarni,Suresh Naik,2,0
1347,Ashwini Desai,Nagaraj Hegde,2,0
1349,Pooja Kulkarni,Suresh Shetty,2,0
1351,Pooja Kulkarni,Shivakumar Rao,2,0
1354,Chetan Iyengar,Chetan Reddy,2,1
1356,Ashwini Murthy,Chetan Iyengar,2,0
1358,Lakshmi Bhat,Suresh Patil,2,0
1359,Girish Kumar,Lakshmi Bhat,2,0
1360,Lakshmi Iyengar,Manjunath Shetty,2,4
1362,Fatima Gowda,Fatima Kulkarni,2,1
1364,Chetan Iyengar,Vinutha Nayak,2,0
1365,Prakash Prasad,Vinutha Desai,2,0
1368,Kiran Murthy,Nagaraj Hegde,2,8
1370,Prakash Reddy,Suresh Kumar,2,0
1377,Fatima Shetty,Girish Naik,2,7
1379,Girish Kulkarni,Mary Prasad,2,5
1380,Fatima Shetty,Mary Prasad,2,7
1381,Joseph Kulkarni,Mary Prasad,2,0
1383,Girish Kulkarni,Joseph Kulkarni,2,5
1390,Kiran Prasad,Yashwanth Gowda,2,0
1393,Deepak Naik,Shivakumar Nayak,2,0
1394,Deepak Naik,Ravi Iyengar,2,0
1397,Ravi Iyengar,Rekha Murthy,2,7
1398,Lakshmi Shetty,Prakash Shetty,2,0
1402,Chetan Kulkarni,Prakash Desai,2,0
1403,Bhavana Nayak,Prakash Desai,2,2
1404,Nagaraj Bhat,Pooja Kumar,2,3
1406,Girish Kulkarni,Pooja Kumar,2,5
1407,Basavaraj Shetty,Manjunath Kumar,2,3
1411,Ravi Shetty,Suresh Kumar,2,0
1419,Basavaraj Murthy,Pooja Prasad,2,0
1421,Basavaraj Murthy,Imran Reddy,2,0
1422,Basavaraj Murthy,Fatima Gowda,2,1
1423,Anitha Gowda,Chetan Kumar,2,0
1424,Imran Rao,Yashwanth Naik,2,8
1426,Basavaraj Iyengar,Chetan Nayak,2,3
1429,Imran Rao,Lakshmi Kulkarni,2,8
1430,Bhavana Nayak,Lakshmi Kulkarni,2,2
1431,Fatima Murthy,Ravi Desai,2,0
1432,Kiran Shetty,Mary Naik,2,7
1434,Manjunath Shetty,Suresh Gowda,2,4
1435,Pooja Bhat,Ravi Rao,2,5
1438,Imran Rao,Mary Hegde,2,8
1439,Mary Desai,Rekha Kumar,2,0
1440,Prakash Kulkarni,Rekha Kumar,2,7
1442,Fatima Murthy,Shivakumar Kulkarni,2,0
1446,Fatima Prasad,Lakshmi Hegde,2,1
1447,Lakshmi Hegde,Prakash Bhat,2,1
1456,Basavaraj Iyengar,Mary Shetty,2,3
1457,Anitha Gowda,Shivakumar Desai,2,4
1460,Imran Desai,Lakshmi Kulkarni,2,8
1466,Ashwini Desai,Fatima Hegde,2,0
1467,Deepak Hegde,Yashwanth Rao,2,0
1468,Ashwini Desai,Deepak Hegde,2,0
1470,Girish Reddy,Yashwanth Desai,2,0
1473,Chetan Desai,Mary Rao,2,0
1475,Fatima Kumar,Fatima Nayak,2,0
1477,Rekha Kumar,Suresh Rao,2,0
1483,Anitha Desai,Kiran Prasad,2,0
1485,Anitha Desai,Fatima Naik,2,0
1493,Mary Kulkarni,Prakash Patil,2,0
1511,Girish Reddy,Kiran Gowda,2,0
1522,Basavaraj Prasad,Suresh Patil,2,0
1523,Girish Rao,Imran Reddy,2,0
1528,Shivakumar Gowda,Shivakumar Prasad,2,3
1529,Fatima Kumar,Prakash Prasad,2,0
1531,Imran Bhat,Mary Desai,2,0
1532,Basavaraj Naik,Imran Bhat,2,0
1535,Deepak Hegde,Pooja Shetty,2,6
1536,Deepak Hegde,Vinutha Shetty,2,0
1544,Ashwini Shetty,Mary Gowda,2,0
1547,Chetan Gowda,Deepak Shetty,2,0
1548,Chetan Gowda,Mary Murthy,2,8
1549,Deepak Shetty,Nagaraj Nayak,2,0
1551,Deepak Shetty,Mary Murthy,2,8
1553,Anitha Desai,Mary Shetty,2,0
1554,Anitha Hegde,Nagaraj Desai,2,0
1556,Fatima Patil,Nagaraj Desai,2,0
1558,Bhavana Murthy,Pooja Desai,2,0
1560,Joseph Desai,Pooja Desai,2,0
1561,Basavaraj Murthy,Joseph Desai,2,0
1564,Bhavana Hegde,Girish Shetty,2,0
1567,Pooja Bhat,Yashwanth Rao,2,5
1569,Manjunath Naik,Suresh Rao,2,0
1570,Manjunath Naik,Suresh Reddy,2,0
1571,Anitha Rao,Suresh Reddy,2,4
1577,Joseph Patil,Rekha Rao,2,3
1578,Ashwini Iyengar,Nagaraj Rao,2,4
1584,Bhavana Rao,Nagaraj Hegde,2,0
1588,Ashwini Desai,Shivakumar Patil,2,0
1590,Girish Kumar,Joseph Hegde,2,7
1593,Bhavana Gowda,Mary Prasad,2,1
1594,Bhavana Gowda,Manjunath Desai,2,1
1596,Fatima Prasad,Vinutha Gowda,2,0
1598,Anitha Murthy,Yashwanth Kulkarni,2,0
1602,Prakash Shetty,Shivakumar Iyengar,2,0
1603,Fatima Iyengar,Shivakumar Iyengar,2,1
1605,Prakash Shetty,Suresh Gowda,2,0
1607,Imran Desai,Prakash Shetty,2,8
1615,Joseph Shetty,Kiran Patil,2,4
1616,Prakash Gowda,Rekha Kumar,2,0
1620,Imran Desai,Suresh Reddy,2,8
1623,Anitha Iyengar,Bhavana Shetty,2,0
1625,Ravi Desai,Yashwanth Gowda,2,0
1627,Basavaraj Kulkarni,Suresh Iyengar,2,0
1631,Joseph Kulkarni,Pooja Desai,2,0
1632,Deepak Iyengar,Imran Bhat,2,3
1639,Prakash Nayak,Rekha Shetty,2,3
1642,Anitha Desai,Rekha Naik,2,0
1650,Basavaraj Iyengar,Shivakumar Kumar,2,3
1651,Manjunath Nayak,Yashwanth Kulkarni,2,5
1652,Anitha Patil,Yashwanth Kulkarni,2,0
1654,Ashwini Kulkarni,Ravi Hegde,2,0
1657,Ashwini Kulkarni,Joseph Rao,2,0
1665,Deepak Kumar,Prakash Naik,2,2
1667,Ashwini Shetty,Deepak Kumar,2,0
1673,Kiran Murthy,Manjunath Iyengar,2,8
1677,Kiran Shetty,Vinutha Hegde,2,0
1678,Deepak Patil,Kiran Shetty,2,2
1680,Chetan Iyengar,Joseph Murthy,2,0
1681,Joseph Murthy,Lakshmi Desai,2,0
1690,Girish Kumar,Girish Prasad,2,0
1694,Girish Prasad,Prakash Nayak,2,0
1695,Manjunath Kulkarni,Prakash Nayak,2,0
1698,Bhavana Nayak,Joseph Gowda,2,2
1702,Bhavana Kulkarni,Joseph Prasad,2,0
1705,Joseph Gowda,Manjunath Naik,2,0
1708,Ashwini Reddy,Suresh Bhat,2,7
1712,Bhavana Murthy,Imran Gowda,2,0
1714,Mary Desai,Yashwanth Bhat,2,3
1716,Mary Desai,Mary Hegde,2,5
1720,Ashwini Rao,Pooja Bhat,2,5
1721,Lakshmi Kulkarni,Pooja Bhat,2,5
1724,Basavaraj Reddy,Bhavana Hegde,2,0
1729,Joseph Nayak,Shivakumar Kumar,2,0
1735,Ravi Bhat,Yashwanth Patil,2,0
1736,Joseph Shetty,Prakash Reddy,2,4
1737,Prakash Naik,Prakash Reddy,2,2
1738,Joseph Shetty,Prakash Naik,2,4
1744,Anitha Naik,Pooja Nayak,2,0
1745,Anitha Naik,Manjunath Rao,2,0
1750,Manjunath Desai,Vinutha Patil,2,8
1755,Kiran Desai,Nagaraj Patil,2,2
1756,Kiran Patil,Nagaraj Patil,2,2
1757,Kiran Desai,Kiran Patil,2,0
1760,Joseph Shetty,Lakshmi Iyengar,2,4
1761,Joseph Shetty,Yashwanth Gowda,2,4
1763,Anitha Kulkarni,Yashwanth Gowda,2,0
1765,Mary Murthy,Ravi Kulkarni,2,8
1767,Joseph Shetty,Ravi Kulkarni,2,4
1768,Nagaraj Murthy,Ravi Kulkarni,2,0
1770,Joseph Shetty,Mary Murthy,2,4
1771,Mary Murthy,Nagaraj Murthy,2,8
1772,Imran Shetty,Joseph Shetty,2,4
1774,Joseph Shetty,Nagaraj Murthy,2,4
1775,Shivakumar Iyengar,Vinutha Iyengar,2,0
1776,Prakash Patil,Vinutha Iyengar,2,0
1778,Chetan Hegde,Suresh Bhat,2,7
1779,Kiran Shetty,Suresh Bhat,2,7
1783,Vinutha Gowda,Vinutha Kumar,2,0
1786,Ashwini Iyengar,Pooja Murthy,2,4
1787,Ashwini Prasad,Pooja Murthy,2,0
1791,Rekha Nayak,Shivakumar Prasad,2,8
1792,Lakshmi Bhat,Shivakumar Prasad,2,0
1793,Anitha Nayak,Shivakumar Prasad,2,0
1797,Lakshmi Bhat,Rekha Nayak,2,8
1799,Anitha Nayak,Lakshmi Bhat,2,0
1800,Manjunath Nayak,Suresh Hegde,2,5
1804,Basavaraj Shetty,Manjunath Desai,2,8
1806,Basavaraj Shetty,Rekha Iyengar,2,4
1808,Ashwini Kulkarni,Nagaraj Patil,2,2
1809,Ashwini Kulkarni,Kiran Naik,2,0
1810,Ashwini Gowda,Rekha Patil,2,0
1811,Ashwini Nayak,Basavaraj Patil,2,2
1812,Basavaraj Patil,Pooja Iyengar,2,2
1816,Manjunath Desai,Nagaraj Kulkarni,2,8
1819,Pooja Naik,Shivakumar Shetty,2,8
1823,Girish Prasad,Lakshmi Shetty,2,0
1827,Basavaraj Kulkarni,Fatima Bhat,2,0
1828,Joseph Kulkarni,Lakshmi Gowda,2,0
1833,Basavaraj Nayak,Fatima Bhat,2,0
1836,Girish Nayak,Pooja Rao,2,7
1842,Fatima Hegde,Ravi Gowda,2,3
1844,Imran Bhat,Ravi Desai,2,0
1851,Suresh Gowda,Suresh Shetty,2,0
1857,Basavaraj Kulkarni,Pooja Bhat,2,5
1863,Basavaraj Kumar,Yashwanth Shetty,2,0
1867,Prakash Shetty,Suresh Murthy,2,0
1869,Suresh Murthy,Yashwanth Reddy,2,5
1877,Basavaraj Nayak,Ravi Reddy,2,1
1878,Ravi Reddy,Shivakumar Kumar,2,1
1879,Bhavana Shetty,Vinutha Murthy,2,0
1888,Chetan Desai,Manjunath Desai,2,8
1895,Anitha Murthy,Ravi Hegde,2,0
1898,Lakshmi Iyengar,Ravi Patil,2,0
1903,Imran Gowda,Lakshmi Naik,2,0
1905,Imran Gowda,Yashwanth Kulkarni,2,0
1909,Chetan Hegde,Deepak Kulkarni,2,0
1913,Suresh Gowda,Vinutha Prasad,2,0
1914,Chetan Gowda,Vinutha Prasad,2,0
1915,Deepak Naik,Lakshmi Iyengar,2,0
1920,Deepak Rao,Mary Patil,2,7
1921,Deepak Naik,Fatima Bhat,2,0
1922,Manjunath Iyengar,Ravi Iyengar,2,0
1924,Joseph Prasad,Yashwanth Kumar,2,0
1930,Lakshmi Iyengar,Nagaraj Kumar,2,0
1932,Basavaraj Patil,Basavaraj Shetty,2,2
1940,Imran Hegde,Mary Iyengar,2,0
1943,Ravi Nayak,Shivakumar Bhat,2,1
1945,Ashwini Kulkarni,Deepak Gowda,2,0
1947,Ashwini Kulkarni,Ravi Patil,2,0
1949,Basavaraj Bhat,Deepak Gowda,2,2
1957,Imran Desai,Ravi Murthy,2,8
1959,Basavaraj Bhat,Lakshmi Prasad,2,2
1960,Deepak Bhat,Suresh Murthy,2,0
1962,Joseph Reddy,Mary Reddy,2,2
1966,Chetan Gowda,Fatima Shetty,2,7
1967,Bhavana Desai,Chetan Gowda,2,5
1969,Manjunath Shetty,Rekha Rao,2,4
1970,Manjunath Shetty,Yashwanth Rao,2,4
1975,Chetan Kulkarni,Girish Murthy,2,0
1978,Ashwini Kulkarni,Mary Hegde,2,5
1980,Chetan Desai,Vinutha Kulkarni,2,0
1985,Ashwini Bhat,Shivakumar Gowda,2,3
1987,Ashwini Bhat,Lakshmi Naik,2,0
1997,Girish Prasad,Vinutha Kulkarni,2,0
2001,Deepak Nayak,Mary Desai,2,0
2004,Fatima Patil,Rekha Nayak,2,8
2006,Bhavana Naik,Shivakumar Patil,2,3
2008,Ravi Naik,Ravi Rao,2,7
2013,Anitha Naik,Ashwini Desai,2,0
2015,Joseph Desai,Manjunath Murthy,2,0
2018,Fatima Murthy,Rekha Shetty,2,3
2020,Girish Shetty,Vinutha Iyengar,2,0
2021,Chetan Desai,Kiran Shetty,2,0
2023,Chetan Desai,Joseph Prasad,2,0
2026,Ashwini Nayak,Girish Murthy,2,0
2027,Joseph Gowda,Joseph Kumar,2,2
2032,Ashwini Gowda,Suresh Murthy,2,0
2039,Chetan Reddy,Girish Nayak,2,1
2042,Anitha Desai,Mary Desai,2,0
2043,Ashwini Murthy,Joseph Shetty,2,4
2045,Deepak Murthy,Joseph Patil,2,3
2047,Joseph Patil,Pooja Murthy,2,3
2049,Bhavana Iyengar,Deepak Naik,2,0
2051,Imran Murthy,Lakshmi Naik,2,0
2052,Deepak Kumar,Pooja Nayak,2,0
2053,Fatima Patil,Kiran Patil,2,0
2054,Fatima Patil,Lakshmi Murthy,2,0
2056,Imran Murthy,Lakshmi Patil,2,0
2062,Manjunath Gowda,Ravi Patil,2,0
2063,Ravi Patil,Vinutha Kumar,2,0
2065,Bhavana Reddy,Manjunath Bhat,2,0
2066,Manjunath Bhat,Prakash Kumar,2,0
2069,Imran Iyengar,Mary Murthy,2,8
2070,Manjunath Bhat,Mary Murthy,2,8
2071,Imran Iyengar,Manjunath Bhat,2,0
2072,Suresh Bhat,Suresh Nayak,2,7
2076,Fatima Hegde,Suresh Nayak,2,0
2084,Deepak Iyengar,Prakash Patil,2,3
2093,Ashwini Kulkarni,Fatima Bhat,2,0
2099,Basavaraj Kumar,Pooja Gowda,2,3
2100,Lakshmi Murthy,Pooja Gowda,2,3
2102,Girish Shetty,Kiran Kumar,2,0
2105,Lakshmi Shetty,Nagaraj Desai,2,0
2111,Ashwini Reddy,Ravi Naik,2,7
2113,Kiran Kulkarni,Nagaraj Naik,2,5
2114,Girish Nayak,Suresh Bhat,2,7
2115,Girish Nayak,Prakash Gowda,2,0
2117,Mary Gowda,Shivakumar Hegde,2,1
2118,Manjunath Shetty,Vinutha Prasad,2,4
2119,Manjunath Bhat,Nagaraj Nayak,2,0
2121,Fatima Iyengar,Joseph Desai,2,1
2123,Basavaraj Nayak,Lakshmi Iyengar,2,0
2124,Deepak Prasad,Manjunath Shetty,2,4
2128,Chetan Kumar,Manjunath Patil,2,0
2130,Pooja Naik,Yashwanth Bhat,2,3
2132,Manjunath Nayak,Ravi Shetty,2,5
2133,Kiran Nayak,Ravi Shetty,2,0
2137,Kiran Iyengar,Kiran Kulkarni,2,5
2140,Kiran Kulkarni,Ravi Kumar,2,5
2148,Bhavana Patil,Nagaraj Iyengar,2,0
2150,Bhavana Patil,Nagaraj Reddy,2,7
2153,Basavaraj Nayak,Manjunath Patil,2,0
2154,Fatima Shetty,Kiran Desai,2,7
2155,Ashwini Rao,Bhavana Naik,2,3
2158,Chetan Shetty,Girish Rao,2,0
2161,Anitha Desai,Bhavana Desai,2,5
2162,Bhavana Desai,Yashwanth Iyengar,2,5
2164,Anitha Desai,Rekha Reddy,2,0
2167,Anitha Desai,Yashwanth Iyengar,2,7
2169,Mary Naik,Yashwanth Iyengar,2,7
2171,Girish Patil,Joseph Naik,2,5
2173,Deepak Kumar,Kiran Kumar,2,0
2175,Bhavana Rao,Deepak Kumar,2,0
2178,Joseph Kulkarni,Mary Bhat,2,0
2183,Deepak Bhat,Rekha Shetty,2,3
2189,Lakshmi Nayak,Manjunath Kumar,2,1
2190,Lakshmi Nayak,Yashwanth Hegde,2,1
2197,Deepak Gowda,Yashwanth Bhat,2,3
2199,Basavaraj Prasad,Chetan Gowda,2,0
2200,Chetan Gowda,Vinutha Reddy,2,0
2206,Basavaraj Rao,Shivakumar Desai,2,4
2208,Deepak Patil,Yashwanth Iyengar,2,2
2215,Chetan Gowda,Prakash Patil,2,0
2216,Basavaraj Hegde,Prakash Gowda,2,0
2220,Mary Prasad,Suresh Patil,2,0
2221,Suresh Patil,Yashwanth Shetty,2,0
2225,Mary Prasad,Nagaraj Naik,2,0
2234,Ashwini Kulkarni,Mary Kulkarni,2,0
2239,Imran Gowda,Ravi Nayak,2,1
2243,Nagaraj Shetty,Yashwanth Nayak,2,0
2247,Deepak Gowda,Kiran Iyengar,2,0
2256,Kiran Desai,Shivakumar Shetty,2,8
2258,Kiran Desai,Ravi Bhat,2,0
2259,Prakash Murthy,Shivakumar Shetty,2,8
2262,Prakash Murthy,Shivakumar Prasad,2,0
2265,Ravi Desai,Yashwanth Patil,2,0
2266,Mary Hegde,Yashwanth Patil,2,5
2267,Mary Hegde,Ravi Desai,2,5
2269,Basavaraj Shetty,Mary Hegde,2,5
2270,Manjunath Kumar,Rekha Desai,2,3
2271,Manjunath Kumar,Mary Hegde,2,3
2272,Mary Hegde,Rekha Desai,2,5
2277,Fatima Shetty,Ravi Reddy,2,7
2281,Ashwini Iyengar,Prakash Desai,2,4
2284,Anitha Naik,Fatima Shetty,2,7
2289,Joseph Murthy,Yashwanth Hegde,2,0
2292,Manjunath Patil,Pooja Hegde,2,0
2293,Vinutha Iyengar,Vinutha Nayak,2,0
2294,Lakshmi Murthy,Vinutha Iyengar,2,0
2295,Lakshmi Murthy,Vinutha Nayak,2,0
2298,Ravi Nayak,Suresh Naik,2,1
2301,Shivakumar Patil,Suresh Kulkarni,2,0
2303,Bhavana Desai,Fatima Reddy,2,5
2304,Bhavana Desai,Suresh Nayak,2,5
2306,Prakash Iyengar,Vinutha Reddy,2,5
2307,Vinutha Prasad,Vinutha Reddy,2,0
2309,Imran Nayak,Prakash Patil,2,0
2310,Prakash Patil,Vinutha Bhat,2,0
2311,Imran Nayak,Vinutha Bhat,2,0
2313,Chetan Kulkarni,Shivakumar Desai,2,4
2314,Ashwini Patil,Shivakumar Desai,2,4
2315,Joseph Reddy,Nagaraj Rao,2,2
2318,Anitha Iyengar,Basavaraj Naik,2,0
2320,Basavaraj Naik,Pooja Rao,2,7
2323,Nagaraj Desai,Yashwanth Desai,2,0
2328,Basavaraj Gowda,Shivakumar Bhat,2,0
2333,Anitha Reddy,Rekha Shetty,2,3
2334,Anitha Reddy,Basavaraj Rao,2,0
2335,Anitha Reddy,Suresh Desai,2,0
2336,Mary Nayak,Rekha Shetty,2,3
2344,Anitha Prasad,Suresh Shetty,2,0
2347,Manjunath Gowda,Nagaraj Nayak,2,0
2348,Nagaraj Kumar,Nagaraj Nayak,2,0
2350,Girish Reddy,Nagaraj Nayak,2,0
2357,Joseph Kulkarni,Nagaraj Kulkarni,2,4
2362,Manjunath Iyengar,Mary Rao,2,0
2364,Deepak Hegde,Imran Reddy,2,0
2365,Joseph Prasad,Vinutha Rao,2,0
2373,Basavaraj Kumar,Rekha Gowda,2,0
2381,Deepak Nayak,Vinutha Hegde,2,0
2382,Ravi Desai,Ravi Prasad,2,0
2388,Fatima Bhat,Prakash Desai,2,0
2390,Ravi Iyengar,Shivakumar Bhat,2,0
2391,Girish Shetty,Joseph Gowda,2,0
2393,Imran Reddy,Joseph Gowda,2,0
2394,Joseph Gowda,Vinutha Kulkarni,2,0
2398,Imran Reddy,Nagaraj Rao,2,0
2400,Imran Reddy,Vinutha Kulkarni,2,0
2401,Joseph Hegde,Ravi Murthy,2,7
2403,Joseph Hegde,Kiran Prasad,2,7
2404,Fatima Rao,Mary Naik,2,7
2405,Deepak Patil,Fatima Rao,2,2
2409,Chetan Bhat,Imran Shetty,2,0
2411,Fatima Rao,Joseph Patil,2,3
2412,Ashwini Kulkarni,Fatima Rao,2,0
2416,Imran Nayak,Mary Hegde,2,5
2423,Deepak Bhat,Mary Rao,2,0
2426,Anitha Nayak,Deepak Bhat,2,0
2428,Deepak Bhat,Imran Hegde,2,0
2429,Deepak Bhat,Manjunath Prasad,2,0
2430,Joseph Patil,Rekha Bhat,2,3
2431,Deepak Shetty,Kiran Murthy,2,8
2432,Basavaraj Hegde,Joseph Gowda,2,0
2433,Joseph Hegde,Suresh Reddy,2,7
2437,Kiran Naik,Kiran Shetty,2,0
2438,Imran Hegde,Kiran Naik,2,0
2446,Basavaraj Prasad,Manjunath Nayak,2,5
2455,Ashwini Nayak,Pooja Murthy,2,0
2462,Deepak Rao,Prakash Iyengar,2,7
2464,Deepak Rao,Rekha Shetty,2,7
2469,Ashwini Reddy,Nagaraj Rao,2,0
2470,Ashwini Reddy,Joseph Kumar,2,2
2474,Ashwini Shetty,Mary Murthy,2,8
2476,Ashwini Reddy,Mary Reddy,2,5
2479,Nagaraj Prasad,Yashwanth Reddy,2,5
2483,Anitha Reddy,Shivakumar Gowda,2,3
2488,Pooja Iyengar,Suresh Bhat,2,5
2491,Chetan Desai,Imran Murthy,2,0
2495,Kiran Patil,Manjunath Iyengar,2,0
2498,Imran Bhat,Lakshmi Rao,2,7
2500,Bhavana Rao,Imran Bhat,2,0
2506,Ashwini Shetty,Lakshmi Kulkarni,2,0
2508,Deepak Hegde,Pooja Desai,2,0
2510,Basavaraj Naik,Manjunath Reddy,2,0
2513,Chetan Iyengar,Pooja Hegde,2,0
2515,Kiran Kumar,Prakash Kulkarni,2,7
2521,Prakash Murthy,Shivakumar Hegde,2,1
2522,Mary Shetty,Shivakumar Hegde,2,1
2523,Mary Shetty,Prakash Murthy,2,0
2525,Anitha Iyengar,Lakshmi Rao,2,7
2527,Anitha Iyengar,Basavaraj Patil,2,2
2535,Deepak Gowda,Yashwanth Nayak,2,0
2539,Deepak Patil,Pooja Shetty,2,2
2543,Mary Shetty,Rekha Prasad,2,0
2546,Ashwini Rao,Manjunath Reddy,2,0
2547,Ashwini Rao,Mary Shetty,2,0
2559,Fatima Murthy,Suresh Gowda,2,0
2560,Prakash Kumar,Suresh Patil,2,0
2563,Basavaraj Shetty,Ravi Naik,2,7
2565,Basavaraj Bhat,Deepak Iyengar,2,2
2566,Joseph Reddy,Kiran Prasad,2,2
2569,Joseph Reddy,Ravi Prasad,2,2
2570,Anitha Naik,Joseph Reddy,2,2
2573,Chetan Gowda,Shivakumar Desai,2,4
2576,Bhavana Nayak,Chetan Hegde,2,2
2581,Fatima Murthy,Fatima Reddy,2,0
2583,Prakash Hegde,Suresh Iyengar,2,0
2584,Prakash Hegde,Shivakumar Prasad,2,0
2585,Prakash Hegde,Vinutha Patil,2,2
2588,Shivakumar Prasad,Vinutha Patil,2,2
2591,Kiran Prasad,Vinutha Iyengar,2,0
2593,Kiran Desai,Vinutha Iyengar,2,0
2594,Imran Reddy,Mary Bhat,2,0
2595,Deepak Desai,Mary Bhat,2,0
2600,Anitha Prasad,Fatima Murthy,2,0
2601,Shivakumar Iyengar,Suresh Hegde,2,0
2604,Joseph Murthy,Shivakumar Iyengar,2,0
2605,Anitha Prasad,Shivakumar Iyengar,2,0
2606,Anitha Prasad,Joseph Murthy,2,0
2607,Nagaraj Rao,Vinutha Nayak,2,0
2612,Anitha Shetty,Prakash Hegde,2,0
2619,Girish Desai,Manjunath Prasad,2,0
2621,Girish Desai,Prakash Reddy,2,0
2622,Kiran Rao,Manjunath Prasad,2,0
2625,Manjunath Prasad,Ravi Murthy,2,0
2627,Prakash Reddy,Ravi Murthy,2,0
2628,Lakshmi Patil,Nagaraj Murthy,2,0
2633,Pooja Shetty,Vinutha Reddy,2,6
2635,Chetan Rao,Prakash Hegde,2,0
2637,Basavaraj Patil,Nagaraj Desai,2,2
2639,Basavaraj Patil,Yashwanth Naik,2,2
2645,Kiran Kumar,Mary Prasad,2,0
2646,Chetan Murthy,Joseph Rao,2,0
2647,Imran Hegde,Nagaraj Bhat,2,3
2649,Ravi Naik,Suresh Bhat,2,7
2650,Suresh Bhat,Suresh Reddy,2,7
2652,Anitha Kumar,Basavaraj Reddy,2,0
2655,Girish Naik,Manjunath Bhat,2,0
2667,Pooja Iyengar,Yashwanth Bhat,2,5
2674,Rekha Kulkarni,Shivakumar Prasad,2,0
2675,Nagaraj Murthy,Rekha Kulkarni,2,0
2685,Ashwini Naik,Imran Reddy,2,5
2687,Lakshmi Hegde,Shivakumar Gowda,2,1
2690,Deepak Gowda,Vinutha Iyengar,2,0
2693,Manjunath Murthy,Prakash Shetty,2,0
2694,Imran Shetty,Kiran Nayak,2,0
2695,Joseph Hegde,Manjunath Patil,2,7
2698,Nagaraj Rao,Suresh Gowda,2,0
2700,Joseph Kulkarni,Nagaraj Rao,2,0
2702,Mary Hegde,Rekha Hegde,2,5
2704,Manjunath Naik,Nagaraj Naik,2,0
2705,Nagaraj Naik,Suresh Kulkarni,2,0
2707,Manjunath Naik,Suresh Kulkarni,2,0
2709,Kiran Nayak,Suresh Kulkarni,2,0
2712,Deepak Rao,Nagaraj Shetty,2,7
2723,Mary Hegde,Mary Nayak,2,5
2725,Anitha Shetty,Chetan Iyengar,2,0
2727,Ashwini Desai,Pooja Desai,2,0
2730,Mary Iyengar,Rekha Bhat,2,0
2731,Anitha Kulkarni,Mary Iyengar,2,0
2734,Pooja Prasad,Shivakumar Reddy,2,0
2736,Ravi Hegde,Shivakumar Reddy,2,0
2738,Lakshmi Bhat,Yashwanth Kulkarni,2,0
2743,Girish Patil,Prakash Iyengar,2,5
2744,Girish Patil,Pooja Kulkarni,2,0
2745,Pooja Kulkarni,Prakash Iyengar,2,5
2748,Kiran Hegde,Suresh Bhat,2,3
2753,Ashwini Naik,Ravi Gowda,2,5
2763,Bhavana Desai,Shivakumar Murthy,2,5
2766,Pooja Prasad,Shivakumar Desai,2,4
2770,Fatima Patil,Vinutha Nayak,2,0
2774,Rekha Gowda,Rekha Kumar,2,0
2777,Lakshmi Hegde,Yashwanth Nayak,2,1
2781,Anitha Bhat,Kiran Naik,2,7
2782,Anitha Iyengar,Kiran Naik,2,0
2783,Anitha Bhat,Anitha Iyengar,2,7
2785,Fatima Nayak,Lakshmi Desai,2,0
2789,Basavaraj Shetty,Prakash Iyengar,2,5
2790,Fatima Desai,Kiran Hegde,2,3
2794,Bhavana Reddy,Manjunath Patil,2,0
2795,Girish Gowda,Manjunath Patil,2,6
2798,Vinutha Desai,Vinutha Hegde,2,0
2800,Manjunath Bhat,Ravi Hegde,2,0
2801,Anitha Patil,Manjunath Bhat,2,0
2807,Deepak Shetty,Vinutha Reddy,2,0
2808,Chetan Hegde,Nagaraj Gowda,2,0
2809,Chetan Hegde,Mary Naik,2,7
2813,Bhavana Desai,Manjunath Kumar,2,5
2816,Joseph Shetty,Nagaraj Bhat,2,4
2822,Kiran Hegde,Rekha Hegde,2,3
2823,Basavaraj Hegde,Kiran Hegde,2,3
2826,Fatima Kulkarni,Joseph Nayak,2,3
2828,Lakshmi Kumar,Nagaraj Rao,2,4
2829,Lakshmi Kumar,Mary Desai,2,4
2836,Ashwini Rao,Basavaraj Naik,2,0
2837,Ashwini Rao,Pooja Reddy,2,0
2838,Basavaraj Naik,Pooja Reddy,2,0
2840,Chetan Murthy,Shivakumar Murthy,2,0
2846,Joseph Kulkarni,Suresh Prasad,2,0
2848,Suresh Prasad,Vinutha Bhat,2,0
2855,Imran Gowda,Mary Gowda,2,0
2860,Kiran Patil,Vinutha Prasad,2,0
2866,Bhavana Murthy,Suresh Desai,2,0
2868,Bhavana Prasad,Nagaraj Bhat,2,3
2872,Chetan Kulkarni,Pooja Patil,2,0
2877,Anitha Prasad,Basavaraj Naik,2,0
2883,Manjunath Bhat,Pooja Patil,2,0
2887,Pooja Iyengar,Vinutha Nayak,2,5
2888,Imran Iyengar,Nagaraj Kumar,2,0
2890,Imran Murthy,Nagaraj Rao,2,0
2894,Fatima Reddy,Joseph Reddy,2,2
2895,Fatima Reddy,Shivakumar Murthy,2,0
2901,Pooja Hegde,Vinutha Shetty,2,0
2903,Bhavana Reddy,Ravi Gowda,2,3
2904,Bhavana Reddy,Manjunath Desai,2,8
2910,Suresh Desai,Vinutha Kumar,2,0
2914,Imran Patil,Yashwanth Kumar,2,0
2916,Pooja Hegde,Yashwanth Kumar,2,0
2919,Chetan Kumar,Deepak Iyengar,2,3
2921,Girish Shetty,Mary Nayak,2,0
2922,Manjunath Kulkarni,Mary Nayak,2,0
2925,Bhavana Nayak,Girish Shetty,2,2
2926,Bhavana Nayak,Manjunath Kulkarni,2,2
2928,Ravi Bhat,Ravi Reddy,2,1
2935,Basavaraj Kulkarni,Manjunath Rao,2,0
2938,Basavaraj Kulkarni,Manjunath Shetty,2,4
2939,Imran Iyengar,Pooja Nayak,2,0
2942,Fatima Naik,Shivakumar Desai,2,4
2948,Kiran Prasad,Prakash Desai,2,0
2949,Prakash Bhat,Yashwanth Kumar,2,0
2950,Pooja Kulkarni,Prakash Bhat,2,0
2951,Pooja Kulkarni,Yashwanth Kumar,2,0
2954,Girish Iyengar,Yashwanth Desai,2,0
2956,Deepak Bhat,Shivakumar Prasad,2,0
2957,Ashwini Desai,Imran Bhat,2,0
2958,Ashwini Desai,Basavaraj Prasad,2,0
2960,Chetan Naik,Deepak Rao,2,7
2961,Deepak Rao,Vinutha Hegde,2,7
2962,Chetan Naik,Vinutha Hegde,2,0
2968,Bhavana Gowda,Joseph Patil,2,1
2970,Bhavana Gowda,Pooja Bhat,2,1
2972,Pooja Bhat,Prakash Naik,2,5
2974,Mary Prasad,Nagaraj Murthy,2,0
2976,Deepak Reddy,Ravi Rao,2,0
2980,Deepak Reddy,Ravi Prasad,2,0
2981,Deepak Reddy,Suresh Naik,2,0
2987,Shivakumar Nayak,Suresh Naik,2,0
2989,Ravi Patil,Shivakumar Nayak,2,0
2991,Basavaraj Desai,Shivakumar Naik,2,5
2993,Lakshmi Patil,Nagaraj Reddy,2,7
2994,Anitha Kumar,Ashwini Nayak,2,0
2995,Ashwini Nayak,Bhavana Rao,2,0
3002,Ashwini Gowda,Yashwanth Iyengar,2,7
3003,Ravi Kumar,Yashwanth Iyengar,2,7
3006,Ashwini Gowda,Ravi Kumar,2,0
3008,Pooja Kulkarni,Ravi Desai,2,0
3009,Deepak Murthy,Pooja Kulkarni,2,0
3011,Deepak Iyengar,Girish Kulkarni,2,3
3012,Girish Kulkarni,Vinutha Iyengar,2,5
3015,Anitha Shetty,Lakshmi Reddy,2,8
3016,Lakshmi Reddy,Manjunath Kumar,2,8
3018,Anitha Kumar,Pooja Kumar,2,8
3019,Manjunath Bhat,Manjunath Nayak,2,5
3023,Girish Murthy,Mary Shetty,2,0
3024,Fatima Kumar,Lakshmi Reddy,2,8
3026,Basavaraj Hegde,Fatima Kumar,2,0
3035,Basavaraj Shetty,Shivakumar Prasad,2,0
3040,Pooja Reddy,Prakash Murthy,2,0
3043,Ashwini Prasad,Manjunath Bhat,2,0
3044,Ashwini Prasad,Girish Murthy,2,0
3048,Lakshmi Prasad,Rekha Murthy,2,7
3051,Imran Kumar,Ravi Gowda,2,3
3052,Prakash Naik,Ravi Gowda,2,2
3054,Bhavana Gowda,Mary Gowda,2,1
3056,Bhavana Gowda,Yashwanth Nayak,2,1
3057,Anitha Bhat,Ravi Patil,2,7
3060,Manjunath Murthy,Ravi Prasad,2,0
3061,Manjunath Murthy,Prakash Murthy,2,0
3064,Deepak Patil,Ravi Prasad,2,2
3065,Deepak Patil,Prakash Murthy,2,2
3067,Kiran Kumar,Vinutha Kumar,2,0
3068,Prakash Hegde,Vinutha Kumar,2,0
3071,Rekha Shetty,Yashwanth Desai,2,3
3073,Suresh Prasad,Vinutha Shetty,2,0
3075,Deepak Rao,Vinutha Kumar,2,7
3079,Anitha Reddy,Ashwini Shetty,2,0
3083,Basavaraj Prasad,Deepak Gowda,2,0
3086,Chetan Prasad,Suresh Murthy,2,6
3090,Joseph Murthy,Ravi Shetty,2,0
3092,Joseph Hegde,Joseph Murthy,2,7
3093,Joseph Murthy,Kiran Prasad,2,0
3097,Fatima Desai,Rekha Prasad,2,0
3098,Fatima Prasad,Rekha Prasad,2,0
3099,Fatima Desai,Lakshmi Naik,2,0
3101,Fatima Desai,Fatima Prasad,2,0
3103,Deepak Iyengar,Rekha Patil,2,3
3107,Chetan Murthy,Shivakumar Shetty,2,8
3109,Chetan Hegde,Lakshmi Naik,2,0
3111,Kiran Kulkarni,Lakshmi Naik,2,5
3112,Lakshmi Naik,Shivakumar Shetty,2,8
3115,Anitha Kumar,Yashwanth Kumar,2,0
3120,Imran Iyengar,Vinutha Reddy,2,0
3126,Rekha Iyengar,Shivakumar Hegde,2,4
3130,Deepak Bhat,Deepak Patil,2,2
3131,Shivakumar Iyengar,Suresh Desai,2,0
3133,Mary Reddy,Prakash Gowda,2,5
3135,Mary Reddy,Ravi Bhat,2,5
3144,Chetan Kulkarni,Imran Patil,2,0
3153,Manjunath Patil,Yashwanth Iyengar,2,7
3154,Fatima Iyengar,Manjunath Patil,2,1
3155,Fatima Iyengar,Yashwanth Iyengar,2,1
3156,Chetan Kulkarni,Lakshmi Shetty,2,0
3157,Chetan Kulkarni,Joseph Naik,2,5
3162,Manjunath Iyengar,Nagaraj Naik,2,0
3163,Ashwini Murthy,Pooja Kumar,2,8
3166,Shivakumar Reddy,Vinutha Desai,2,0
3168,Joseph Shetty,Mary Prasad,2,4
3171,Chetan Gowda,Yashwanth Patil,2,0
3172,Mary Prasad,Yashwanth Patil,2,0
3173,Deepak Shetty,Yashwanth Kumar,2,0
3174,Bhavana Shetty,Chetan Gowda,2,0
3175,Bhavana Shetty,Prakash Patil,2,0
3176,Joseph Gowda,Ravi Patil,2,0
3177,Anitha Shetty,Deepak Kumar,2,0
3180,Deepak Desai,Nagaraj Gowda,2,0
3181,Joseph Gowda,Mary Reddy,2,5
3182,Ravi Kulkarni,Rekha Patil,2,0
3183,Ashwini Shetty,Manjunath Kumar,2,3
3196,Imran Bhat,Rekha Rao,2,0
3199,Mary Nayak,Pooja Rao,2,7
3204,Deepak Kumar,Mary Naik,2,7
3209,Anitha Prasad,Manjunath Bhat,2,0
3211,Manjunath Naik,Rekha Patil,2,0
3214,Bhavana Kumar,Girish Desai,2,0
3215,Lakshmi Desai,Rekha Kulkarni,2,0
3224,Ravi Shetty,Vinutha Naik,2,0
3226,Bhavana Gowda,Bhavana Kulkarni,2,1
3228,Chetan Reddy,Manjunath Rao,2,1
3229,Chetan Reddy,Suresh Rao,2,1
3232,Joseph Desai,Yashwanth Iyengar,2,7
3236,Anitha Rao,Imran Desai,2,4
3238,Basavaraj Nayak,Chetan Kulkarni,2,0
3244,Chetan Kulkarni,Vinutha Reddy,2,0
3245,Chetan Kulkarni,Deepak Bhat,2,0
3246,Deepak Bhat,Vinutha Reddy,2,0
3251,Deepak Hegde,Prakash Nayak,2,0
3253,Mary Prasad,Prakash Nayak,2,0
3254,Bhavana Desai,Yashwanth Bhat,2,5
3258,Ashwini Naik,Yashwanth Naik,2,5
3260,Ashwini Naik,Lakshmi Murthy,2,5
3263,Vinutha Gowda,Yashwanth Kumar,2,0
3264,Kiran Kulkarni,Vinutha Gowda,2,5
3267,Basavaraj Gowda,Kiran Shetty,2,0
3273,Prakash Bhat,Vinutha Kulkarni,2,0
3274,Nagaraj Prasad,Pooja Nayak,2,0
3278,Nagaraj Gowda,Ravi Kulkarni,2,0
3280,Fatima Desai,Girish Patil,2,0
3286,Manjunath Hegde,Shivakumar Reddy,2,0
3291,Joseph Iyengar,Suresh Reddy,2,6
3293,Nagaraj Hegde,Vinutha Gowda,2,0
3297,Kiran Hegde,Manjunath Hegde,2,3
3301,Kiran Naik,Vinutha Bhat,2,0
3310,Bhavana Gowda,Lakshmi Kumar,2,1
3313,Basavaraj Bhat,Deepak Reddy,2,2
3317,Kiran Naik,Lakshmi Iyengar,2,0
3322,Rekha Rao,Vinutha Iyengar,2,0
3324,Ravi Hegde,Vinutha Iyengar,2,0
3325,Kiran Naik,Yashwanth Reddy,2,5
3329,Ashwini Kumar,Yashwanth Patil,2,0
3330,Rekha Nayak,Shivakumar Nayak,2,8
3337,Fatima Reddy,Imran Shetty,2,0
3339,Lakshmi Prasad,Pooja Bhat,2,5
3342,Imran Shetty,Lakshmi Prasad,2,0
3344,Imran Shetty,Mary Kulkarni,2,0
3346,Ashwini Prasad,Joseph Gowda,2,0
3347,Ashwini Prasad,Manjunath Patil,2,0
3354,Ashwini Iyengar,Vinutha Murthy,2,4
3367,Ravi Prasad,Vinutha Desai,2,0
3371,Manjunath Naik,Suresh Kumar,2,0
3373,Joseph Gowda,Mary Murthy,2,8
3377,Fatima Kumar,Pooja Iyengar,2,5
3378,Fatima Kumar,Rekha Patil,2,0
3382,Imran Rao,Pooja Desai,2,8
3384,Anitha Desai,Imran Rao,2,8
3390,Deepak Reddy,Shivakumar Desai,2,4
3392,Imran Gowda,Pooja Rao,2,7
3393,Deepak Reddy,Imran Gowda,2,0
3394,Imran Gowda,Vinutha Kumar,2,0
3396,Pooja Rao,Vinutha Kumar,2,7
3397,Deepak Reddy,Vinutha Kumar,2,0
3399,Fatima Rao,Vinutha Prasad,2,0
3400,Kiran Bhat,Vinutha Prasad,2,0
3402,Imran Gowda,Imran Shetty,2,0
3403,Anitha Nayak,Deepak Hegde,2,0
3408,Chetan Patil,Yashwanth Gowda,2,4
3412,Imran Prasad,Imran Reddy,2,0
3414,Fatima Kumar,Imran Prasad,2,0
3415,Mary Bhat,Vinutha Rao,2,0
3419,Bhavana Kumar,Nagaraj Reddy,2,7
3425,Girish Reddy,Rekha Prasad,2,0
3428,Lakshmi Naik,Nagaraj Rao,2,0
3430,Chetan Gowda,Imran Murthy,2,0
3431,Chetan Gowda,Vinutha Bhat,2,0
3434,Ashwini Reddy,Deepak Prasad,2,0
3436,Kiran Prasad,Manjunath Murthy,2,0
3439,Ashwini Hegde,Kiran Prasad,2,0
3442,Chetan Hegde,Manjunath Nayak,2,5
3446,Basavaraj Murthy,Nagaraj Desai,2,0
3447,Lakshmi Bhat,Vinutha Shetty,2,0
3449,Chetan Desai,Chetan Murthy,2,0
3452,Ashwini Rao,Mary Gowda,2,0
3458,Fatima Patil,Mary Desai,2,0
3459,Fatima Patil,Ravi Rao,2,0
3460,Bhavana Bhat,Mary Desai,2,0
3462,Mary Desai,Ravi Rao,2,0
3466,Ashwini Desai,Prakash Kumar,2,0
3468,Basavaraj Rao,Manjunath Gowda,2,0
3469,Basavaraj Rao,Vinutha Reddy,2,0
3471,Chetan Kumar,Suresh Reddy,2,0
3472,Ashwini Hegde,Rekha Murthy,2,7
3475,Imran Kumar,Kiran Iyengar,2,0
3476,Fatima Desai,Kiran Iyengar,2,0
3478,Bhavana Kulkarni,Yashwanth Shetty,2,0
3481,Chetan Shetty,Deepak Reddy,2,0
3485,Anitha Kulkarni,Manjunath Gowda,2,0
3486,Girish Iyengar,Shivakumar Reddy,2,0
3492,Girish Iyengar,Shivakumar Naik,2,5
3493,Imran Bhat,Joseph Desai,2,0
3495,Imran Bhat,Shivakumar Naik,2,5
3496,Ashwini Gowda,Fatima Kulkarni,2,3
3498,Nagaraj Gowda,Shivakumar Nayak,2,0
3502,Manjunath Shetty,Mary Reddy,2,4
3508,Girish Kulkarni,Shivakumar Nayak,2,5
3512,Prakash Rao,Shivakumar Kulkarni,2,0
3515,Lakshmi Shetty,Shivakumar Kulkarni,2,0
3517,Lakshmi Shetty,Rekha Murthy,2,7
3518,Chetan Naik,Shivakumar Kumar,2,0
3520,Ravi Murthy,Suresh Desai,2,0
3522,Chetan Murthy,Ravi Murthy,2,0
3524,Chetan Murthy,Suresh Desai,2,0
3525,Chetan Murthy,Pooja Shetty,2,6
3526,Chetan Desai,Joseph Kulkarni,2,0
3527,Chetan Desai,Rekha Desai,2,0
3529,Anitha Reddy,Deepak Iyengar,2,3
3530,Anitha Reddy,Chetan Prasad,2,6
3533,Chetan Kulkarni,Manjunath Patil,2,0
3537,Girish Kulkarni,Yashwanth Prasad,2,5
3540,Chetan Iyengar,Lakshmi Iyengar,2,0
3543,Basavaraj Reddy,Shivakumar Prasad,2,0
3544,Mary Iyengar,Ravi Shetty,2,0
3547,Deepak Kulkarni,Ravi Shetty,2,0
3550,Anitha Bhat,Lakshmi Shetty,2,7
3551,Basavaraj Rao,Ravi Nayak,2,1
3554,Ashwini Patil,Imran Bhat,2,0
3555,Bhavana Kulkarni,Vinutha Kumar,2,0
3559,Bhavana Kumar,Suresh Nayak,2,0
3562,Pooja Murthy,Prakash Iyengar,2,5
3573,Pooja Nayak,Rekha Shetty,2,3
3575,Girish Iyengar,Rekha Prasad,2,0
3576,Girish Iyengar,Pooja Murthy,2,0
3580,Rekha Prasad,Suresh Rao,2,0
3584,Suresh Rao,Vinutha Murthy,2,0
3585,Girish Bhat,Kiran Murthy,2,6
3589,Ashwini Desai,Mary Reddy,2,5
3590,Basavaraj Naik,Mary Reddy,2,5
3592,Prakash Reddy,Ravi Kumar,2,0
3594,Imran Kumar,Pooja Prasad,2,0
3597,Pooja Prasad,Suresh Naik,2,0
3598,Deepak Prasad,Pooja Prasad,2,0
3599,Deepak Prasad,Suresh Naik,2,0
3602,Ashwini Iyengar,Ashwini Kulkarni,2,4
3603,Ashwini Iyengar,Joseph Rao,2,4
3607,Rekha Naik,Suresh Reddy,2,0
3610,Rekha Naik,Vinutha Patil,2,2
3618,Lakshmi Nayak,Vinutha Nayak,2,1
3620,Bhavana Naik,Girish Nayak,2,3
3627,Deepak Kulkarni,Prakash Shetty,2,0
3629,Deepak Kulkarni,Mary Naik,2,7
3631,Girish Gowda,Prakash Iyengar,2,6
3632,Bhavana Prasad,Fatima Murthy,2,3
3634,Ashwini Bhat,Kiran Kulkarni,2,5
3639,Deepak Kumar,Kiran Kulkarni,2,5
3648,Anitha Iyengar,Rekha Bhat,2,0
3655,Deepak Kulkarni,Mary Nayak,2,0
3656,Bhavana Gowda,Shivakumar Kulkarni,2,1
3658,Ashwini Rao,Prakash Gowda,2,0
3659,Basavaraj Iyengar,Manjunath Iyengar,2,3
3661,Lakshmi Kumar,Rekha Kumar,2,4
3665,Ashwini Gowda,Pooja Rao,2,7
3667,Basavaraj Murthy,Pooja Rao,2,7
3668,Manjunath Kumar,Pooja Rao,2,3
3669,Ashwini Gowda,Basavaraj Murthy,2,0
3670,Ashwini Gowda,Manjunath Kumar,2,3
3674,Girish Gowda,Kiran Iyengar,2,6
3677,Rekha Rao,Suresh Murthy,2,0
3682,Anitha Nayak,Fatima Iyengar,2,1
3685,Ashwini Murthy,Girish Iyengar,2,0
3689,Bhavana Reddy,Ravi Nayak,2,1
3691,Ravi Nayak,Shivakumar Patil,2,1
3693,Imran Iyengar,Vinutha Desai,2,0
3695,Prakash Prasad,Vinutha Nayak,2,0
3699,Anitha Murthy,Prakash Rao,2,0
3702,Bhavana Reddy,Suresh Murthy,2,0
3705,Chetan Kulkarni,Shivakumar Kumar,2,0
3706,Lakshmi Naik,Manjunath Bhat,2,0
3709,Nagaraj Kulkarni,Pooja Desai,2,4
3712,Suresh Gowda,Suresh Murthy,2,0
3713,Deepak Bhat,Rekha Kumar,2,0
3717,Deepak Kumar,Lakshmi Prasad,2,0
3724,Nagaraj Nayak,Nagaraj Patil,2,2
3725,Nagaraj Patil,Suresh Patil,2,2
3726,Chetan Kumar,Girish Nayak,2,0
3727,Chetan Kumar,Nagaraj Patil,2,2
3729,Suresh Bhat,Yashwanth Bhat,2,7
3732,Chetan Hegde,Shivakumar Bhat,2,0
3733,Shivakumar Bhat,Vinutha Prasad,2,0
3738,Basavaraj Kulkarni,Imran Kumar,2,0
3739,Imran Kumar,Pooja Desai,2,0
3740,Deepak Kumar,Nagaraj Iyengar,2,0
3743,Shivakumar Prasad,Yashwanth Naik,2,0
3744,Nagaraj Bhat,Yashwanth Naik,2,3
3745,Nagaraj Bhat,Shivakumar Prasad,2,3
3746,Anitha Shetty,Basavaraj Shetty,2,0
3747,Anitha Shetty,Yashwanth Hegde,2,0
3748,Basavaraj Shetty,Yashwanth Hegde,2,0
3749,Ravi Reddy,Ravi Shetty,2,1
3754,Bhavana Naik,Yashwanth Shetty,2,3
3755,Manjunath Hegde,Suresh Kulkarni,2,0
3757,Chetan Prasad,Ravi Hegde,2,6
3766,Ashwini Hegde,Basavaraj Hegde,2,0
3768,Imran Naik,Joseph Prasad,2,0
3777,Chetan Shetty,Girish Kumar,2,0
3778,Pooja Kumar,Prakash Rao,2,8
3780,Anitha Murthy,Prakash Patil,2,0
3784,Mary Kulkarni,Yashwanth Naik,2,0
3785,Mary Kulkarni,Vinutha Kumar,2,0
3789,Fatima Patil,Joseph Patil,2,3
3796,Basavaraj Rao,Nagaraj Patil,2,2
3797,Basavaraj Rao,Pooja Naik,2,0
3799,Joseph Gowda,Yashwanth Shetty,2,0
3801,Joseph Gowda,Vinutha Prasad,2,0
3802,Rekha Iyengar,Yashwanth Shetty,2,4
3804,Rekha Iyengar,Vinutha Prasad,2,4
3805,Kiran Kumar,Yashwanth Shetty,2,0
3807,Kiran Kumar,Vinutha Prasad,2,0
3814,Kiran Gowda,Suresh Kumar,2,0
3816,Pooja Bhat,Vinutha Hegde,2,5
3819,Kiran Reddy,Mary Iyengar,2,7
3822,Joseph Kulkarni,Suresh Kulkarni,2,0
3824,Suresh Iyengar,Suresh Kulkarni,2,0
3826,Manjunath Kulkarni,Suresh Shetty,2,0
3831,Bhavana Patil,Nagaraj Patil,2,2
3835,Ashwini Naik,Lakshmi Prasad,2,5
3840,Ashwini Murthy,Deepak Gowda,2,0
3844,Ashwini Patil,Yashwanth Reddy,2,5
3846,Basavaraj Bhat,Basavaraj Desai,2,2
3848,Anitha Shetty,Suresh Kulkarni,2,0
3850,Anitha Shetty,Rekha Hegde,2,0
3852,Anitha Shetty,Pooja Shetty,2,6
3853,Suresh Desai,Yashwanth Desai,2,0
3854,Ravi Nayak,Yashwanth Desai,2,1
3856,Bhavana Kulkarni,Yashwanth Desai,2,0
3857,Ravi Nayak,Suresh Desai,2,1
3864,Bhavana Naik,Prakash Shetty,2,3
3868,Deepak Iyengar,Ravi Patil,2,3
3887,Ravi Bhat,Yashwanth Prasad,2,0
3891,Deepak Bhat,Prakash Rao,2,0
3894,Basavaraj Murthy,Prakash Rao,2,0
3895,Manjunath Kulkarni,Nagaraj Kulkarni,2,4
3896,Manjunath Kulkarni,Prakash Rao,2,0
3897,Nagaraj Kulkarni,Prakash Rao,2,4
3899,Deepak Prasad,Prakash Nayak,2,0
3903,Ashwini Iyengar,Mary Murthy,2,4
3905,Imran Kumar,Ravi Desai,2,0
3908,Ashwini Iyengar,Imran Kumar,2,4
3910,Suresh Naik,Yashwanth Prasad,2,0
3911,Imran Nayak,Yashwanth Prasad,2,0
3923,Basavaraj Rao,Nagaraj Bhat,2,3
3928,Nagaraj Gowda,Rekha Shetty,2,3
3931,Kiran Iyengar,Mary Gowda,2,0
3934,Manjunath Murthy,Mary Gowda,2,0
3937,Lakshmi Bhat,Mary Murthy,2,8
3942,Deepak Shetty,Pooja Iyengar,2,5
3944,Girish Reddy,Pooja Iyengar,2,5
3945,Girish Reddy,Pooja Nayak,2,0
3946,Pooja Iyengar,Pooja Nayak,2,5
3948,Anitha Iyengar,Girish Gowda,2,6
3949,Girish Gowda,Yashwanth Kumar,2,6
3952,Basavaraj Shetty,Shivakumar Hegde,2,1
3955,Ashwini Naik,Bhavana Rao,2,5
3958,Prakash Reddy,Ravi Reddy,2,1
3963,Bhavana Rao,Shivakumar Hegde,2,1
3964,Bhavana Rao,Lakshmi Naik,2,0
3966,Lakshmi Naik,Shivakumar Hegde,2,1
3967,Basavaraj Gowda,Shivakumar Hegde,2,1
3975,Bhavana Kulkarni,Rekha Rao,2,0
3979,Anitha Naik,Manjunath Nayak,2,5
3990,Imran Patil,Shivakumar Rao,2,0
3992,Fatima Kumar,Yashwanth Kulkarni,2,0
3994,Vinutha Kulkarni,Yashwanth Kulkarni,2,0
3997,Fatima Kumar,Vinutha Kulkarni,2,0
4001,Vinutha Kulkarni,Yashwanth Reddy,2,5
4002,Bhavana Gowda,Girish Desai,2,1
4003,Joseph Patil,Lakshmi Patil,2,3
4018,Basavaraj Gowda,Lakshmi Hegde,2,1
4021,Chetan Murthy,Joseph Patil,2,3
4022,Pooja Desai,Shivakumar Prasad,2,0
4025,Deepak Bhat,Prakash Iyengar,2,5
4027,Joseph Kumar,Prakash Iyengar,2,2
4030,Kiran Shetty,Manjunath Desai,2,8
4032,Deepak Desai,Rekha Murthy,2,7
4035,Ashwini Naik,Chetan Shetty,2,5
4036,Ashwini Naik,Manjunath Hegde,2,5
4040,Girish Kulkarni,Joseph Iyengar,2,5
4041,Anitha Nayak,Bhavana Iyengar,2,0
4043,Ashwini Bhat,Bhavana Bhat,2,0
4045,Joseph Nayak,Prakash Bhat,2,0
4050,Bhavana Rao,Lakshmi Patil,2,0
4053,Ashwini Kulkarni,Deepak Hegde,2,0
4054,Deepak Hegde,Manjunath Nayak,2,5
4058,Deepak Kumar,Girish Murthy,2,0
4059,Deepak Rao,Deepak Reddy,2,7
4060,Lakshmi Desai,Pooja Hegde,2,0
4061,Basavaraj Kumar,Mary Murthy,2,8
4066,Rekha Kumar,Yashwanth Reddy,2,5
4069,Ashwini Prasad,Kiran Desai,2,0
4071,Imran Reddy,Suresh Hegde,2,0
4073,Chetan Nayak,Fatima Murthy,2,0
4074,Fatima Murthy,Rekha Murthy,2,7
4079,Anitha Kumar,Prakash Murthy,2,0
4080,Basavaraj Rao,Manjunath Rao,2,0
4081,Imran Desai,Manjunath Rao,2,8
4082,Basavaraj Bhat,Nagaraj Murthy,2,2
4084,Nagaraj Murthy,Vinutha Naik,2,0
4085,Nagaraj Nayak,Suresh Prasad,2,0
4086,Girish Reddy,Suresh Prasad,2,0
4087,Chetan Gowda,Kiran Patil,2,0
4090,Anitha Rao,Prakash Gowda,2,4
4091,Joseph Kumar,Prakash Gowda,2,2
4095,Basavaraj Hegde,Nagaraj Nayak,2,0
4096,Anitha Rao,Joseph Kumar,2,4
4097,Anitha Rao,Nagaraj Nayak,2,4
4100,Anitha Shetty,Lakshmi Bhat,2,0
4106,Chetan Iyengar,Girish Bhat,2,6
4109,Anitha Reddy,Rekha Bhat,2,0
4116,Prakash Bhat,Shivakumar Bhat,2,0
4117,Lakshmi Hegde,Nagaraj Nayak,2,1
4121,Lakshmi Nayak,Vinutha Bhat,2,1
4125,Nagaraj Bhat,Suresh Rao,2,3
4126,Ashwini Patil,Girish Kulkarni,2,5
4132,Basavaraj Rao,Suresh Bhat,2,7
4137,Basavaraj Iyengar,Shivakumar Prasad,2,3
4138,Basavaraj Iyengar,Lakshmi Hegde,2,3
4139,Lakshmi Hegde,Shivakumar Prasad,2,1
4143,Fatima Murthy,Ravi Bhat,2,0
4146,Chetan Iyengar,Kiran Desai,2,0
4147,Kiran Desai,Suresh Kulkarni,2,0
4149,Ashwini Nayak,Yashwanth Shetty,2,0
4152,Fatima Gowda,Prakash Rao,2,1
4154,Anitha Naik,Fatima Gowda,2,1
4156,Girish Rao,Kiran Murthy,2,8
4161,Prakash Prasad,Ravi Kulkarni,2,0
4167,Deepak Kulkarni,Kiran Naik,2,0
4170,Fatima Kumar,Vinutha Rao,2,0
4176,Manjunath Kulkarni,Vinutha Kumar,2,0
4178,Bhavana Gowda,Pooja Prasad,2,1
4183,Ashwini Kulkarni,Joseph Reddy,2,2
4185,Chetan Rao,Ravi Iyengar,2,0
4189,Mary Nayak,Shivakumar Nayak,2,0
4197,Bhavana Hegde,Yashwanth Kumar,2,0
4199,Bhavana Hegde,Nagaraj Desai,2,0
4201,Ravi Kulkarni,Suresh Patil,2,0
4202,Ravi Naik,Suresh Patil,2,7
4203,Girish Naik,Joseph Shetty,2,4
4204,Anitha Bhat,Kiran Reddy,2,7
4209,Lakshmi Gowda,Suresh Bhat,2,7
4212,Kiran Prasad,Kiran Reddy,2,7
4213,Kiran Rao,Mary Hegde,2,5
4217,Kiran Murthy,Rekha Iyengar,2,8
4222,Nagaraj Murthy,Nagaraj Rao,2,0
4226,Mary Shetty,Suresh Murthy,2,0
4232,Ashwini Reddy,Basavaraj Gowda,2,0
4234,Bhavana Rao,Rekha Kumar,2,0
4237,Manjunath Prasad,Rekha Kumar,2,0
4238,Ashwini Reddy,Manjunath Prasad,2,0
4239,Girish Kulkarni,Yashwanth Kumar,2,5
4241,Girish Kulkarni,Kiran Iyengar,2,5
4244,Kiran Iyengar,Kiran Rao,2,0
4247,Fatima Kumar,Vinutha Gowda,2,0
4248,Pooja Naik,Suresh Nayak,2,0
4249,Fatima Patil,Suresh Naik,2,0
4250,Joseph Naik,Pooja Bhat,2,5
4254,Bhavana Kulkarni,Pooja Bhat,2,5
4259,Ashwini Nayak,Suresh Kulkarni,2,0
4261,Nagaraj Patil,Yashwanth Prasad,2,2
4264,Deepak Hegde,Nagaraj Patil,2,2
4267,Basavaraj Reddy,Nagaraj Patil,2,2
4268,Basavaraj Reddy,Shivakumar Shetty,2,8
4270,Prakash Kulkarni,Yashwanth Bhat,2,7
4275,Girish Desai,Pooja Nayak,2,0
4280,Fatima Shetty,Prakash Gowda,2,7
4281,Girish Prasad,Prakash Gowda,2,0
4286,Anitha Reddy,Bhavana Patil,2,0
4287,Anitha Reddy,Pooja Bhat,2,5
4288,Anitha Reddy,Suresh Hegde,2,0
4289,Bhavana Patil,Pooja Bhat,2,5
4291,Pooja Bhat,Suresh Hegde,2,5
4292,Manjunath Rao,Pooja Kumar,2,8
4296,Girish Hegde,Manjunath Kulkarni,2,4
4298,Deepak Kumar,Manjunath Hegde,2,0
4303,Anitha Nayak,Manjunath Kulkarni,2,0
4306,Lakshmi Shetty,Prakash Hegde,2,0
4310,Chetan Kulkarni,Manjunath Desai,2,8
4312,Deepak Gowda,Suresh Nayak,2,0
4315,Joseph Gowda,Nagaraj Bhat,2,3
4318,Basavaraj Patil,Kiran Prasad,2,2
4319,Basavaraj Reddy,Mary Nayak,2,0
4320,Basavaraj Reddy,Kiran Prasad,2,0
4322,Ashwini Prasad,Mary Bhat,2,0
4323,Ashwini Prasad,Mary Kulkarni,2,0
4327,Rekha Kumar,Shivakumar Murthy,2,0
4328,Ashwini Gowda,Deepak Desai,2,0
4332,Basavaraj Patil,Vinutha Prasad,2,2
4333,Kiran Shetty,Mary Reddy,2,5
4335,Anitha Kulkarni,Rekha Kumar,2,0
4337,Anitha Kulkarni,Mary Naik,2,7
4343,Pooja Patil,Vinutha Reddy,2,0
4345,Chetan Shetty,Vinutha Desai,2,0
4346,Bhavana Desai,Rekha Kumar,2,5
4347,Anitha Hegde,Bhavana Desai,2,5
4349,Anitha Hegde,Rekha Kumar,2,0
4359,Basavaraj Nayak,Imran Nayak,2,0
4360,Fatima Gowda,Girish Shetty,2,1
4365,Mary Kulkarni,Rekha Iyengar,2,4
4366,Anitha Bhat,Girish Kulkarni,2,7
4367,Deepak Kulkarni,Prakash Desai,2,0
4368,Basavaraj Gowda,Prakash Desai,2,0
4371,Bhavana Bhat,Joseph Shetty,2,4
4375,Fatima Rao,Yashwanth Prasad,2,0
4376,Anitha Patil,Fatima Rao,2,0
4377,Anitha Patil,Yashwanth Prasad,2,0
4389,Deepak Nayak,Rekha Patil,2,0
4393,Pooja Naik,Vinutha Prasad,2,0
4396,Bhavana Hegde,Bhavana Murthy,2,0
4400,Anitha Bhat,Manjunath Reddy,2,7
4401,Chetan Kulkarni,Deepak Prasad,2,0
4402,Basavaraj Patil,Deepak Prasad,2,2
4408,Nagaraj Rao,Prakash Iyengar,2,5
4409,Prakash Iyengar,Suresh Prasad,2,5
4410,Girish Patil,Yashwanth Nayak,2,0
4412,Fatima Naik,Prakash Gowda,2,0
4418,Manjunath Murthy,Rekha Bhat,2,0
4419,Basavaraj Murthy,Vinutha Gowda,2,0
4428,Fatima Bhat,Nagaraj Iyengar,2,0
4429,Fatima Bhat,Manjunath Desai,2,8
4434,Basavaraj Rao,Joseph Reddy,2,2
4443,Anitha Nayak,Ashwini Naik,2,5
4444,Anitha Nayak,Kiran Desai,2,0
4447,Basavaraj Hegde,Girish Kulkarni,2,5
4451,Anitha Gowda,Nagaraj Murthy,2,0
4452,Nagaraj Murthy,Pooja Gowda,2,3
4455,Fatima Murthy,Joseph Iyengar,2,6
4458,Chetan Prasad,Yashwanth Rao,2,6
4465,Girish Kulkarni,Manjunath Gowda,2,5
4471,Girish Kulkarni,Vinutha Murthy,2,5
4479,Bhavana Nayak,Joseph Desai,2,2
4482,Yashwanth Bhat,Yashwanth Murthy,2,3
4485,Fatima Murthy,Manjunath Prasad,2,0
4489,Joseph Iyengar,Lakshmi Bhat,2,6
4494,Bhavana Patil,Fatima Kulkarni,2,3
4495,Anitha Patil,Bhavana Patil,2,0
4496,Anitha Patil,Fatima Kulkarni,2,3
4499,Ashwini Nayak,Mary Kumar,2,0
4502,Imran Naik,Manjunath Gowda,2,0
4504,Chetan Iyengar,Vinutha Gowda,2,0
4506,Anitha Patil,Vinutha Gowda,2,0
4507,Chetan Desai,Mary Bhat,2,0
4511,Anitha Desai,Ravi Gowda,2,3
4512,Chetan Desai,Ravi Gowda,2,3
4514,Anitha Desai,Pooja Bhat,2,5
4517,Anitha Desai,Mary Hegde,2,5
4525,Anitha Rao,Girish Bhat,2,4
4530,Chetan Nayak,Ravi Nayak,2,1
4533,Anitha Kumar,Yashwanth Iyengar,2,7
4534,Mary Patil,Ravi Murthy,2,0
4535,Manjunath Nayak,Mary Patil,2,5
4536,Manjunath Shetty,Prakash Reddy,2,4
4537,Prakash Murthy,Prakash Reddy,2,0
4538,Joseph Nayak,Joseph Shetty,2,4
4540,Kiran Hegde,Prakash Iyengar,2,3
4546,Manjunath Murthy,Rekha Rao,2,0
4547,Kiran Patil,Rekha Rao,2,0
4551,Pooja Iyengar,Ravi Reddy,2,5
4552,Joseph Shetty,Manjunath Reddy,2,4
4554,Joseph Shetty,Ravi Desai,2,4
4555,Deepak Rao,Mary Bhat,2,7
4561,Anitha Desai,Suresh Gowda,2,0
4562,Deepak Hegde,Suresh Gowda,2,0
4565,Anitha Desai,Deepak Bhat,2,0
4567,Deepak Kulkarni,Lakshmi Nayak,2,1
4569,Nagaraj Kumar,Rekha Patil,2,0
4572,Vinutha Iyengar,Yashwanth Kulkarni,2,0
4573,Bhavana Naik,Yashwanth Kulkarni,2,3
4581,Anitha Bhat,Suresh Kumar,2,7
4583,Anitha Shetty,Girish Desai,2,0
4587,Basavaraj Rao,Nagaraj Murthy,2,0
4590,Anitha Bhat,Yashwanth Prasad,2,7
4592,Kiran Prasad,Yashwanth Prasad,2,0
4593,Basavaraj Patil,Yashwanth Prasad,2,2
4595,Deepak Hegde,Vinutha Reddy,2,0
4596,Lakshmi Hegde,Vinutha Reddy,2,1
4605,Manjunath Prasad,Nagaraj Naik,2,0
4608,Fatima Kulkarni,Manjunath Kumar,2,3
4610,Prakash Kumar,Rekha Kulkarni,2,0
4622,Deepak Hegde,Joseph Bhat,2,0
4630,Ashwini Kumar,Mary Murthy,2,8
4631,Manjunath Iyengar,Prakash Naik,2,2
4635,Ashwini Shetty,Vinutha Reddy,2,0
4648,Kiran Bhat,Nagaraj Kumar,2,0
4652,Kiran Gowda,Prakash Naik,2,2
4653,Kiran Patil,Suresh Kulkarni,2,0
4658,Nagaraj Kulkarni,Ravi Nayak,2,4
4659,Fatima Bhat,Girish Reddy,2,0
4666,Fatima Iyengar,Suresh Kumar,2,1
4669,Basavaraj Reddy,Shivakumar Kulkarni,2,0
4670,Basavaraj Patil,Basavaraj Rao,2,2
4672,Basavaraj Patil,Shivakumar Naik,2,2
4673,Deepak Prasad,Deepak Shetty,2,0
4677,Imran Prasad,Ravi Hegde,2,0
4678,Anitha Hegde,Imran Prasad,2,0
4684,Anitha Hegde,Lakshmi Kulkarni,2,0
4688,Nagaraj Shetty,Suresh Iyengar,2,0
4689,Deepak Shetty,Nagaraj Shetty,2,0
4692,Deepak Iyengar,Yashwanth Hegde,2,3
4698,Manjunath Bhat,Yashwanth Hegde,2,0
4699,Imran Nayak,Kiran Patil,2,0
4700,Imran Nayak,Manjunath Bhat,2,0
4704,Joseph Reddy,Nagaraj Shetty,2,2
4705,Joseph Rao,Prakash Reddy,2,0
4706,Chetan Gowda,Suresh Iyengar,2,0
4714,Kiran Shetty,Ravi Rao,2,0
4716,Kiran Shetty,Nagaraj Kulkarni,2,4
4721,Pooja Kulkarni,Shivakumar Kumar,2,0
4724,Prakash Prasad,Rekha Murthy,2,7
4725,Joseph Desai,Manjunath Shetty,2,4
4729,Fatima Iyengar,Manjunath Iyengar,2,1
4730,Fatima Iyengar,Kiran Desai,2,1
4731,Kiran Desai,Manjunath Iyengar,2,0
4735,Ashwini Kumar,Bhavana Bhat,2,0
4737,Girish Naik,Mary Shetty,2,0
4740,Girish Iyengar,Pooja Patil,2,0
4741,Pooja Patil,Rekha Kulkarni,2,0
4742,Anitha Bhat,Imran Reddy,2,7
4744,Ashwini Desai,Yashwanth Patil,2,0
4759,Vinutha Prasad,Yashwanth Prasad,2,0
4761,Girish Patil,Mary Shetty,2,0
4762,Pooja Naik,Yashwanth Shetty,2,0
4764,Basavaraj Naik,Pooja Naik,2,0
4765,Mary Desai,Ravi Reddy,2,1
4769,Rekha Gowda,Vinutha Nayak,2,0
4772,Nagaraj Murthy,Nagaraj Reddy,2,7
4774,Shivakumar Hegde,Suresh Gowda,2,1
4776,Fatima Reddy,Vinutha Bhat,2,0
4780,Mary Hegde,Yashwanth Gowda,2,5
4783,Joseph Iyengar,Ravi Reddy,2,6
4784,Kiran Kulkarni,Mary Shetty,2,5
4787,Mary Patil,Nagaraj Murthy,2,0
4788,Ashwini Nayak,Rekha Murthy,2,7
4791,Joseph Desai,Prakash Iyengar,2,5
4793,Ashwini Shetty,Chetan Kulkarni,2,0
4795,Anitha Patil,Prakash Reddy,2,0
4797,Girish Reddy,Prakash Reddy,2,0
4798,Anitha Patil,Girish Reddy,2,0
4799,Ashwini Shetty,Girish Reddy,2,0
4800,Anitha Nayak,Rekha Shetty,2,3
4801,Anitha Nayak,Yashwanth Rao,2,0
4802,Ashwini Bhat,Ashwini Patil,2,0
4806,Basavaraj Reddy,Mary Desai,2,0
4809,Lakshmi Gowda,Manjunath Desai,2,8
4813,Girish Murthy,Pooja Murthy,2,0
4816,Deepak Rao,Suresh Desai,2,7
4818,Basavaraj Murthy,Suresh Desai,2,0
4820,Basavaraj Murthy,Imran Hegde,2,0
4822,Imran Hegde,Suresh Desai,2,0
4825,Bhavana Hegde,Bhavana Rao,2,0
4830,Nagaraj Kulkarni,Yashwanth Nayak,2,4
4832,Anitha Prasad,Manjunath Iyengar,2,0
4833,Basavaraj Nayak,Chetan Nayak,2,0
4834,Fatima Kulkarni,Ravi Reddy,2,3
4839,Bhavana Reddy,Joseph Reddy,2,2
4841,Bhavana Kulkarni,Bhavana Reddy,2,0
4843,Anitha Kumar,Manjunath Prasad,2,0
4844,Anitha Kumar,Bhavana Gowda,2,1
4847,Fatima Bhat,Yashwanth Patil,2,0
4848,Anitha Naik,Chetan Desai,2,0
4851,Deepak Patil,Lakshmi Kulkarni,2,2
4859,Bhavana Rao,Joseph Naik,2,5
4860,Chetan Bhat,Mary Iyengar,2,0
4863,Chetan Bhat,Manjunath Gowda,2,0
4873,Ashwini Gowda,Pooja Bhat,2,5
4876,Chetan Naik,Lakshmi Hegde,2,1
4878,Prakash Reddy,Ravi Desai,2,0
4879,Ashwini Shetty,Ravi Desai,2,0
4880,Pooja Shetty,Rekha Reddy,2,6
4884,Deepak Murthy,Prakash Hegde,2,0
4885,Joseph Hegde,Prakash Hegde,2,7
4886,Prakash Hegde,Rekha Kulkarni,2,0
4889,Deepak Murthy,Rekha Kulkarni,2,0
4891,Joseph Hegde,Rekha Kulkarni,2,7
4895,Shivakumar Kulkarni,Shivakumar Patil,2,0
4902,Deepak Shetty,Vinutha Rao,2,0
4903,Nagaraj Naik,Nagaraj Patil,2,2
4913,Imran Kulkarni,Vinutha Prasad,2,0
4914,Imran Bhat,Vinutha Prasad,2,0
4917,Joseph Murthy,Kiran Bhat,2,0
4918,Basavaraj Gowda,Rekha Nayak,2,8
4920,Deepak Hegde,Fatima Desai,2,0
4922,Ashwini Gowda,Vinutha Kulkarni,2,0
4923,Ashwini Rao,Vinutha Kulkarni,2,0
4925,Kiran Gowda,Yashwanth Gowda,2,0
4927,Prakash Prasad,Yashwanth Gowda,2,0
4929,Basavaraj Kulkarni,Yashwanth Rao,2,0
4933,Anitha Murthy,Deepak Patil,2,2
4937,Girish Iyengar,Joseph Iyengar,2,6
4940,Chetan Iyengar,Imran Bhat,2,0
4941,Imran Bhat,Prakash Naik,2,2
4942,Chetan Iyengar,Prakash Naik,2,2
4944,Anitha Murthy,Rekha Naik,2,0
4947,Anitha Murthy,Nagaraj Bhat,2,3
4951,Anitha Murthy,Prakash Kulkarni,2,7
4953,Anitha Gowda,Fatima Gowda,2,1
4956,Deepak Kumar,Rekha Kumar,2,0
4958,Manjunath Gowda,Mary Gowda,2,0
4965,Nagaraj Iyengar,Suresh Reddy,2,0
4966,Rekha Reddy,Suresh Reddy,2,0
4968,Fatima Gowda,Shivakumar Patil,2,1
4970,Shivakumar Patil,Vinutha Kumar,2,0
4971,Fatima Gowda,Kiran Bhat,2,1
4980,Prakash Nayak,Vinutha Naik,2,0
4981,Fatima Prasad,Shivakumar Shetty,2,8
4983,Kiran Kumar,Shivakumar Shetty,2,8
4985,Deepak Hegde,Pooja Murthy,2,0
4987,Deepak Hegde,Imran Iyengar,2,0
4989,Imran Iyengar,Joseph Shetty,2,4
4990,Anitha Patil,Suresh Iyengar,2,0
4993,Chetan Naik,Deepak Kumar,2,0
4999,Bhavana Naik,Vinutha Nayak,2,3
5001,Nagaraj Shetty,Vinutha Nayak,2,0
5002,Deepak Iyengar,Nagaraj Patil,2,3
5005,Fatima Desai,Imran Rao,2,8
5006,Fatima Desai,Girish Murthy,2,0
5009,Girish Naik,Kiran Kumar,2,0
5010,Girish Naik,Manjunath Desai,2,8
5012,Pooja Kumar,Prakash Reddy,2,8
5013,Prakash Reddy,Vinutha Murthy,2,0
5016,Mary Bhat,Suresh Rao,2,0
5019,Anitha Desai,Mary Nayak,2,0
5024,Bhavana Patil,Ravi Bhat,2,0
5027,Basavaraj Shetty,Joseph Hegde,2,7
5028,Basavaraj Rao,Joseph Hegde,2,7
5031,Basavaraj Rao,Basavaraj Shetty,2,0
5042,Basavaraj Nayak,Mary Kulkarni,2,0
5043,Girish Prasad,Vinutha Bhat,2,0
5045,Lakshmi Nayak,Rekha Shetty,2,1
5052,Manjunath Prasad,Shivakumar Patil,2,0
5059,Anitha Bhat,Basavaraj Nayak,2,7
5060,Basavaraj Nayak,Suresh Hegde,2,0
5063,Anitha Kumar,Ashwini Rao,2,0
5064,Deepak Murthy,Manjunath Gowda,2,0
5067,Anitha Reddy,Ashwini Patil,2,0
5071,Lakshmi Shetty,Shivakumar Rao,2,0
5072,Joseph Murthy,Kiran Kulkarni,2,5
5077,Manjunath Reddy,Mary Kumar,2,0
5078,Anitha Patil,Yashwanth Gowda,2,0
5080,Anitha Patil,Vinutha Kulkarni,2,0
5081,Suresh Kumar,Yashwanth Gowda,2,0
5087,Deepak Hegde,Ravi Iyengar,2,0
5089,Prakash Naik,Ravi Iyengar,2,2
5090,Deepak Hegde,Prakash Naik,2,2
5103,Basavaraj Prasad,Shivakumar Prasad,2,0
5104,Fatima Bhat,Manjunath Nayak,2,5
5105,Fatima Bhat,Prakash Hegde,2,0
5106,Manjunath Nayak,Prakash Hegde,2,5
5108,Shivakumar Kumar,Yashwanth Reddy,2,5
5110,Girish Iyengar,Yashwanth Reddy,2,5
5111,Mary Kumar,Shivakumar Kumar,2,0
5113,Girish Iyengar,Shivakumar Kumar,2,0
5117,Imran Desai,Joseph Naik,2,8
5118,Chetan Iyengar,Joseph Naik,2,5
5121,Bhavana Hegde,Bhavana Nayak,2,2
5126,Joseph Patil,Prakash Nayak,2,3
5129,Basavaraj Gowda,Pooja Iyengar,2,5
5134,Chetan Kumar,Shivakumar Kumar,2,0
5135,Chetan Kumar,Manjunath Reddy,2,0
5138,Anitha Patil,Mary Gowda,2,0
5142,Bhavana Patil,Ravi Naik,2,7
5146,Deepak Naik,Manjunath Rao,2,0
5152,Nagaraj Desai,Pooja Naik,2,0
5155,Girish Bhat,Yashwanth Patil,2,6
5163,Prakash Kumar,Ravi Murthy,2,0
5164,Imran Bhat,Prakash Kumar,2,0
5168,Anitha Patil,Joseph Bhat,2,0
5171,Bhavana Reddy,Ravi Hegde,2,0
5173,Anitha Prasad,Chetan Bhat,2,0
5174,Chetan Bhat,Imran Naik,2,0
5175,Anitha Prasad,Imran Naik,2,0
5177,Bhavana Kulkarni,Mary Nayak,2,0
5178,Bhavana Kulkarni,Ravi Hegde,2,0
5180,Ashwini Rao,Ravi Prasad,2,0
5187,Ashwini Rao,Ravi Shetty,2,0
5188,Nagaraj Patil,Vinutha Bhat,2,2
5190,Nagaraj Patil,Prakash Nayak,2,2
5191,Deepak Prasad,Vinutha Naik,2,0
5193,Vinutha Naik,Yashwanth Hegde,2,0
5194,Girish Reddy,Mary Bhat,2,0
5197,Deepak Hegde,Nagaraj Reddy,2,7
5198,Manjunath Reddy,Mary Murthy,2,8
5217,Fatima Hegde,Rekha Kulkarni,2,0
5219,Pooja Murthy,Rekha Kulkarni,2,0
5222,Manjunath Prasad,Pooja Murthy,2,0
5224,Prakash Shetty,Vinutha Desai,2,0
5226,Rekha Kumar,Rekha Murthy,2,7
5232,Mary Naik,Ravi Hegde,2,7
5233,Pooja Shetty,Prakash Iyengar,2,6
5234,Prakash Iyengar,Suresh Gowda,2,5
5235,Pooja Shetty,Suresh Gowda,2,6
5236,Girish Nayak,Yashwanth Nayak,2,0
5239,Chetan Iyengar,Ravi Kumar,2,0
5242,Girish Hegde,Pooja Naik,2,4
5244,Girish Murthy,Prakash Patil,2,0
5247,Anitha Reddy,Yashwanth Hegde,2,0
5254,Kiran Reddy,Manjunath Kulkarni,2,7
5258,Anitha Desai,Prakash Patil,2,0
5260,Prakash Naik,Shivakumar Murthy,2,2
5262,Shivakumar Murthy,Yashwanth Hegde,2,0
5263,Mary Kumar,Pooja Bhat,2,5
5264,Pooja Bhat,Suresh Prasad,2,5
5265,Mary Kumar,Suresh Prasad,2,0
5266,Ashwini Rao,Ravi Gowda,2,3
5267,Imran Kulkarni,Ravi Gowda,2,3
5277,Chetan Kulkarni,Fatima Iyengar,2,1
5281,Deepak Kumar,Nagaraj Rao,2,0
5284,Chetan Hegde,Prakash Reddy,2,0
5288,Deepak Iyengar,Girish Hegde,2,3
5290,Deepak Iyengar,Kiran Desai,2,3
5295,Bhavana Shetty,Fatima Reddy,2,0
5297,Bhavana Shetty,Ravi Kumar,2,0
5298,Mary Desai,Pooja Bhat,2,5
5299,Ashwini Hegde,Bhavana Gowda,2,1
5300,Girish Nayak,Prakash Rao,2,0
5304,Anitha Bhat,Lakshmi Murthy,2,7
5325,Ashwini Naik,Basavaraj Patil,2,5
5330,Lakshmi Hegde,Vinutha Murthy,2,1
5334,Basavaraj Patil,Vinutha Shetty,2,2
5337,Joseph Kumar,Joseph Nayak,2,2
5340,Kiran Bhat,Lakshmi Bhat,2,0
5342,Kiran Bhat,Pooja Desai,2,0
5345,Deepak Kumar,Imran Naik,2,0
5347,Anitha Naik,Suresh Naik,2,0
5351,Chetan Patil,Kiran Prasad,2,4
5352,Kiran Prasad,Pooja Desai,2,0
5353,Chetan Patil,Pooja Desai,2,4
5354,Lakshmi Hegde,Nagaraj Shetty,2,1
5355,Deepak Reddy,Shivakumar Shetty,2,8
5360,Bhavana Reddy,Imran Prasad,2,0
5362,Lakshmi Kumar,Manjunath Desai,2,4
5363,Chetan Murthy,Lakshmi Kumar,2,4
5365,Kiran Naik,Manjunath Desai,2,8
5366,Chetan Murthy,Kiran Naik,2,0
5368,Chetan Murthy,Manjunath Desai,2,8
5369,Lakshmi Kulkarni,Manjunath Desai,2,8
5371,Nagaraj Kumar,Nagaraj Murthy,2,0
5373,Kiran Reddy,Vinutha Kumar,2,7
5375,Kiran Hegde,Kiran Reddy,2,3
5376,Imran Bhat,Rekha Reddy,2,0
5380,Imran Desai,Shivakumar Gowda,2,8
5382,Imran Desai,Mary Rao,2,8
5384,Basavaraj Nayak,Joseph Shetty,2,4
5385,Basavaraj Rao,Ravi Prasad,2,0
5387,Basavaraj Nayak,Ravi Prasad,2,0
5388,Nagaraj Prasad,Vinutha Patil,2,2
5394,Imran Murthy,Lakshmi Shetty,2,0
5395,Chetan Shetty,Lakshmi Shetty,2,0
5396,Bhavana Naik,Chetan Shetty,2,3
5397,Chetan Shetty,Imran Murthy,2,0
5400,Deepak Nayak,Deepak Patil,2,2
5408,Prakash Murthy,Shivakumar Murthy,2,0
5413,Fatima Bhat,Rekha Gowda,2,0
5417,Imran Prasad,Vinutha Patil,2,2
5418,Imran Desai,Rekha Iyengar,2,8
5425,Imran Reddy,Nagaraj Hegde,2,0
5426,Joseph Shetty,Manjunath Bhat,2,4
5427,Joseph Iyengar,Manjunath Bhat,2,6
5430,Joseph Kulkarni,Prakash Reddy,2,0
5440,Pooja Desai,Pooja Murthy,2,0
5442,Pooja Murthy,Ravi Reddy,2,1
5443,Kiran Kulkarni,Lakshmi Reddy,2,5
5444,Fatima Prasad,Kiran Kulkarni,2,5
5445,Fatima Prasad,Lakshmi Reddy,2,8
5449,Prakash Shetty,Rekha Murthy,2,7
5453,Lakshmi Gowda,Nagaraj Patil,2,2
5468,Anitha Prasad,Deepak Shetty,2,0
5471,Basavaraj Hegde,Ravi Bhat,2,0
5472,Basavaraj Prasad,Shivakumar Shetty,2,8
5474,Imran Prasad,Ravi Reddy,2,1
5476,Basavaraj Shetty,Rekha Hegde,2,0
5477,Bhavana Naik,Rekha Hegde,2,3
5480,Joseph Prasad,Rekha Gowda,2,0
5486,Basavaraj Naik,Prakash Bhat,2,0
5498,Ravi Patil,Shivakumar Murthy,2,0
5499,Ravi Hegde,Shivakumar Murthy,2,0
5503,Basavaraj Reddy,Imran Kumar,2,0
5511,Basavaraj Reddy,Joseph Rao,2,0
5515,Basavaraj Iyengar,Chetan Naik,2,3
5516,Bhavana Desai,Manjunath Reddy,2,5
5518,Imran Shetty,Nagaraj Desai,2,0
5519,Imran Shetty,Ravi Patil,2,0
5521,Fatima Kulkarni,Ravi Patil,2,3
5523,Anitha Naik,Manjunath Desai,2,8
5525,Anitha Hegde,Vinutha Reddy,2,0
5530,Basavaraj Bhat,Vinutha Patil,2,2
5533,Deepak Hegde,Manjunath Hegde,2,0
5535,Kiran Reddy,Shivakumar Desai,2,7
5537,Bhavana Patil,Pooja Naik,2,0
5538,Joseph Desai,Pooja Naik,2,0
5543,Chetan Shetty,Shivakumar Prasad,2,0
5544,Basavaraj Hegde,Shivakumar Prasad,2,0
5545,Basavaraj Hegde,Chetan Shetty,2,0
5549,Ashwini Naik,Bhavana Murthy,2,5
5550,Imran Nayak,Lakshmi Rao,2,7
5554,Ashwini Prasad,Lakshmi Rao,2,7
5558,Ashwini Prasad,Imran Hegde,2,0
5561,Kiran Murthy,Yashwanth Naik,2,8
5563,Chetan Kumar,Yashwanth Naik,2,0
5565,Bhavana Gowda,Imran Nayak,2,1
5570,Manjunath Iyengar,Vinutha Prasad,2,0
5575,Imran Nayak,Prakash Gowda,2,0
5577,Girish Bhat,Imran Nayak,2,6
5578,Imran Patil,Mary Shetty,2,0
5580,Imran Patil,Yashwanth Bhat,2,3
5584,Prakash Bhat,Shivakumar Shetty,2,8
5586,Bhavana Rao,Girish Kumar,2,0
5589,Rekha Desai,Yashwanth Kulkarni,2,0
5590,Basavaraj Prasad,Girish Kumar,2,0
5595,Basavaraj Hegde,Lakshmi Shetty,2,0
5597,Imran Gowda,Rekha Gowda,2,0
5600,Imran Murthy,Ravi Bhat,2,0
5601,Chetan Murthy,Yashwanth Naik,2,0
5603,Basavaraj Nayak,Chetan Murthy,2,0
5604,Prakash Desai,Shivakumar Bhat,2,0
5613,Fatima Prasad,Ravi Shetty,2,0
5615,Nagaraj Murthy,Ravi Shetty,2,0
5616,Basavaraj Murthy,Deepak Iyengar,2,3
5619,Girish Desai,Pooja Patil,2,0
5621,Chetan Gowda,Shivakumar Reddy,2,0
5628,Kiran Bhat,Kiran Patil,2,0
5634,Pooja Reddy,Shivakumar Naik,2,5
5635,Joseph Prasad,Mary Hegde,2,5
5637,Anitha Nayak,Bhavana Kulkarni,2,0
5647,Chetan Naik,Mary Reddy,2,5
5654,Anitha Naik,Nagaraj Iyengar,2,0
5655,Mary Nayak,Nagaraj Iyengar,2,0
5657,Ashwini Reddy,Lakshmi Nayak,2,1
5658,Ashwini Reddy,Vinutha Patil,2,2
5660,Imran Desai,Vinutha Patil,2,8
5662,Fatima Kumar,Vinutha Patil,2,2
5663,Manjunath Bhat,Vinutha Patil,2,2
5665,Mary Bhat,Yashwanth Prasad,2,0
5666,Rekha Rao,Yashwanth Prasad,2,0
5667,Mary Bhat,Rekha Rao,2,0
5668,Manjunath Reddy,Vinutha Nayak,2,0
5669,Anitha Prasad,Pooja Shetty,2,6
5676,Anitha Kulkarni,Bhavana Kumar,2,0
5677,Bhavana Kumar,Fatima Nayak,2,0
5682,Ashwini Reddy,Bhavana Iyengar,2,0
5683,Bhavana Iyengar,Mary Iyengar,2,0
5684,Ashwini Reddy,Mary Iyengar,2,0
5686,Fatima Hegde,Joseph Kulkarni,2,0
5687,Mary Bhat,Yashwanth Bhat,2,3
5689,Pooja Desai,Yashwanth Bhat,2,3
5690,Ashwini Kumar,Girish Kulkarni,2,5
5693,Anitha Patil,Lakshmi Rao,2,7
5694,Lakshmi Desai,Mary Shetty,2,0
5696,Bhavana Patil,Kiran Kumar,2,0
5698,Bhavana Patil,Imran Nayak,2,0
5699,Bhavana Patil,Manjunath Prasad,2,0
5700,Chetan Hegde,Kiran Kumar,2,0
5708,Manjunath Kulkarni,Vinutha Iyengar,2,0
5710,Bhavana Naik,Prakash Naik,2,3
5715,Joseph Kulkarni,Joseph Prasad,2,0
5720,Imran Hegde,Lakshmi Kulkarni,2,0
5721,Imran Hegde,Manjunath Rao,2,0
5724,Imran Bhat,Pooja Desai,2,0
5725,Imran Bhat,Mary Bhat,2,0
5726,Anitha Shetty,Basavaraj Prasad,2,0
5727,Mary Naik,Ravi Naik,2,7
5728,Deepak Patil,Ravi Naik,2,2
5733,Ashwini Nayak,Yashwanth Reddy,2,5
5734,Ravi Gowda,Shivakumar Shetty,2,3
5735,Imran Prasad,Joseph Naik,2,5
5738,Shivakumar Bhat,Vinutha Patil,2,2
5741,Anitha Murthy,Deepak Kumar,2,0
5744,Mary Desai,Vinutha Gowda,2,0
5746,Basavaraj Hegde,Imran Patil,2,0
5749,Mary Nayak,Vinutha Desai,2,0
5751,Lakshmi Kulkarni,Vinutha Desai,2,0
5753,Ashwini Naik,Ravi Hegde,2,5
5755,Imran Kumar,Joseph Shetty,2,4
5759,Ashwini Shetty,Mary Naik,2,7
5760,Mary Kulkarni,Mary Naik,2,7
5761,Bhavana Desai,Manjunath Naik,2,5
5763,Joseph Iyengar,Pooja Hegde,2,6
5764,Joseph Iyengar,Mary Gowda,2,6
5768,Anitha Reddy,Suresh Kumar,2,0
5771,Lakshmi Bhat,Vinutha Iyengar,2,0
5775,Basavaraj Iyengar,Joseph Naik,2,3
5780,Mary Murthy,Yashwanth Desai,2,8
5784,Pooja Prasad,Rekha Nayak,2,8
5785,Girish Reddy,Ravi Bhat,2,0
5793,Yashwanth Iyengar,Yashwanth Rao,2,7
5800,Basavaraj Kulkarni,Mary Reddy,2,5
5805,Basavaraj Bhat,Bhavana Prasad,2,2
5806,Basavaraj Bhat,Shivakumar Patil,2,2
5808,Fatima Shetty,Vinutha Nayak,2,7
5810,Lakshmi Bhat,Yashwanth Prasad,2,0
5812,Lakshmi Bhat,Pooja Naik,2,0
5814,Lakshmi Murthy,Nagaraj Rao,2,0
5815,Lakshmi Murthy,Vinutha Kulkarni,2,0
5820,Manjunath Shetty,Suresh Shetty,2,4
5822,Deepak Gowda,Prakash Hegde,2,0
5826,Girish Nayak,Manjunath Iyengar,2,0
5827,Nagaraj Hegde,Suresh Gowda,2,0
5828,Bhavana Hegde,Rekha Patil,2,0
5829,Deepak Patil,Imran Rao,2,2
5830,Deepak Patil,Kiran Nayak,2,2
5832,Basavaraj Bhat,Imran Naik,2,2
5833,Basavaraj Bhat,Mary Iyengar,2,2
5836,Kiran Hegde,Shivakumar Shetty,2,3
5837,Ashwini Kulkarni,Ravi Prasad,2,0
5838,Chetan Bhat,Manjunath Shetty,2,4
5839,Anitha Naik,Nagaraj Prasad,2,0
5843,Joseph Nayak,Nagaraj Reddy,2,7
5848,Imran Kumar,Prakash Murthy,2,0
5854,Imran Reddy,Yashwanth Kulkarni,2,0
5857,Deepak Iyengar,Ravi Desai,2,3
5858,Basavaraj Patil,Kiran Iyengar,2,2
5861,Girish Prasad,Yashwanth Nayak,2,0
5863,Bhavana Murthy,Girish Desai,2,0
5868,Joseph Kumar,Mary Nayak,2,2
5873,Rekha Rao,Yashwanth Reddy,2,5
5880,Ashwini Rao,Fatima Murthy,2,0
5882,Kiran Reddy,Pooja Prasad,2,7
5889,Imran Nayak,Joseph Hegde,2,7
5891,Basavaraj Kulkarni,Imran Nayak,2,0
5892,Basavaraj Kulkarni,Kiran Nayak,2,0
5894,Suresh Desai,Vinutha Patil,2,2
5897,Nagaraj Patil,Prakash Hegde,2,2
5898,Kiran Reddy,Nagaraj Patil,2,7
5899,Ashwini Reddy,Basavaraj Kulkarni,2,0
5900,Basavaraj Kulkarni,Prakash Hegde,2,0
5905,Prakash Hegde,Yashwanth Murthy,2,6
5906,Imran Iyengar,Prakash Hegde,2,0
5913,Mary Nayak,Pooja Kumar,2,8
5916,Kiran Rao,Rekha Shetty,2,3
5920,Manjunath Nayak,Shivakumar Naik,2,5
5922,Basavaraj Hegde,Suresh Hegde,2,0
5923,Rekha Hegde,Suresh Hegde,2,0
5925,Anitha Gowda,Ashwini Shetty,2,0
5926,Anitha Gowda,Mary Naik,2,7
5927,Anitha Hegde,Imran Hegde,2,0
5928,Ashwini Shetty,Imran Hegde,2,0
5931,Anitha Hegde,Mary Naik,2,7
5934,Ashwini Patil,Chetan Shetty,2,0
5937,Shivakumar Hegde,Suresh Bhat,2,1
5939,Prakash Kumar,Shivakumar Hegde,2,1
5941,Prakash Kumar,Suresh Bhat,2,7
5943,Deepak Kulkarni,Girish Naik,2,0
5948,Lakshmi Shetty,Suresh Kulkarni,2,0
5957,Kiran Patil,Mary Murthy,2,8
5959,Fatima Shetty,Vinutha Naik,2,7
5960,Bhavana Shetty,Rekha Hegde,2,0
5963,Pooja Kumar,Yashwanth Prasad,2,8
5964,Joseph Gowda,Pooja Kumar,2,8
5966,Joseph Iyengar,Prakash Shetty,2,6
5967,Prakash Bhat,Suresh Desai,2,0
5969,Girish Patil,Nagaraj Kumar,2,0
5971,Pooja Nayak,Prakash Hegde,2,0
5973,Joseph Gowda,Pooja Rao,2,7
5974,Ashwini Kumar,Manjunath Prasad,2,0
5976,Basavaraj Kumar,Suresh Rao,2,0
5980,Kiran Bhat,Pooja Patil,2,0
5981,Kiran Bhat,Ravi Murthy,2,0
5982,Fatima Iyengar,Nagaraj Kulkarni,2,1
5983,Imran Shetty,Mary Nayak,2,0
5984,Imran Shetty,Suresh Bhat,2,7
5987,Bhavana Iyengar,Rekha Reddy,2,0
5988,Fatima Iyengar,Yashwanth Gowda,2,1
5989,Pooja Nayak,Prakash Gowda,2,0
5991,Manjunath Naik,Pooja Nayak,2,0
5992,Fatima Nayak,Lakshmi Patil,2,0
5998,Bhavana Prasad,Suresh Bhat,2,3
6002,Anitha Patil,Vinutha Rao,2,0
6006,Anitha Murthy,Joseph Desai,2,0
6007,Ashwini Naik,Joseph Desai,2,5
6018,Yashwanth Bhat,Yashwanth Shetty,2,3
6019,Ashwini Desai,Yashwanth Bhat,2,3
6021,Lakshmi Kumar,Yashwanth Shetty,2,4
6022,Ashwini Desai,Lakshmi Kumar,2,4
6023,Lakshmi Kumar,Manjunath Hegde,2,4
6024,Ashwini Desai,Yashwanth Shetty,2,0
6026,Ashwini Desai,Manjunath Hegde,2,0
6029,Basavaraj Kulkarni,Suresh Bhat,2,7
6043,Shivakumar Naik,Vinutha Reddy,2,5
6047,Lakshmi Gowda,Lakshmi Iyengar,2,0
6049,Anitha Rao,Pooja Iyengar,2,4
6050,Anitha Rao,Ravi Shetty,2,4
6052,Mary Bhat,Pooja Iyengar,2,5
6053,Mary Bhat,Ravi Shetty,2,0
6054,Mary Bhat,Shivakumar Gowda,2,3
6056,Pooja Iyengar,Shivakumar Gowda,2,5
6059,Fatima Shetty,Shivakumar Prasad,2,7
6061,Deepak Gowda,Vinutha Prasad,2,0
6063,Bhavana Naik,Girish Kumar,2,3
6068,Joseph Kumar,Yashwanth Murthy,2,2
6069,Imran Reddy,Joseph Kumar,2,2
6072,Joseph Reddy,Yashwanth Murthy,2,2
6075,Shivakumar Shetty,Vinutha Rao,2,8
6080,Deepak Iyengar,Manjunath Patil,2,3
6083,Anitha Rao,Manjunath Gowda,2,4
6084,Anitha Rao,Fatima Murthy,2,4
6085,Basavaraj Murthy,Nagaraj Murthy,2,0
6089,Nagaraj Murthy,Rekha Reddy,2,0
6094,Imran Kumar,Joseph Kulkarni,2,0
6095,Ashwini Bhat,Ravi Naik,2,7
6102,Ashwini Iyengar,Rekha Nayak,2,4
6105,Imran Kumar,Nagaraj Prasad,2,0
6106,Anitha Shetty,Nagaraj Prasad,2,0
6108,Lakshmi Gowda,Rekha Prasad,2,0
6110,Fatima Kulkarni,Fatima Shetty,2,3
6114,Chetan Kulkarni,Ravi Kulkarni,2,0
6115,Anitha Nayak,Ravi Kulkarni,2,0
6116,Deepak Rao,Shivakumar Desai,2,7
6121,Kiran Iyengar,Pooja Desai,2,0
6125,Bhavana Iyengar,Vinutha Gowda,2,0
6128,Ashwini Murthy,Nagaraj Prasad,2,0
6134,Basavaraj Hegde,Girish Shetty,2,0
6135,Anitha Nayak,Fatima Reddy,2,0
6136,Fatima Reddy,Fatima Shetty,2,7
6139,Girish Shetty,Suresh Prasad,2,0
6140,Basavaraj Kulkarni,Suresh Prasad,2,0
6142,Girish Shetty,Kiran Naik,2,0
6144,Girish Shetty,Nagaraj Gowda,2,0
6146,Basavaraj Kulkarni,Girish Shetty,2,0
6148,Fatima Kulkarni,Nagaraj Nayak,2,3
6149,Manjunath Patil,Nagaraj Nayak,2,0
6161,Bhavana Kulkarni,Manjunath Bhat,2,0
6166,Ashwini Kulkarni,Prakash Bhat,2,0
6168,Chetan Reddy,Mary Murthy,2,1
6169,Ashwini Kulkarni,Chetan Reddy,2,1
6171,Lakshmi Iyengar,Shivakumar Nayak,2,0
6172,Kiran Gowda,Lakshmi Iyengar,2,0
6175,Deepak Naik,Manjunath Desai,2,8
6177,Anitha Gowda,Girish Murthy,2,0
6180,Anitha Gowda,Manjunath Nayak,2,5
6183,Anitha Gowda,Nagaraj Shetty,2,0
6185,Nagaraj Shetty,Prakash Desai,2,0
6186,Bhavana Patil,Joseph Gowda,2,0
6188,Fatima Reddy,Lakshmi Shetty,2,0
6190,Kiran Rao,Yashwanth Bhat,2,3
6196,Kiran Rao,Mary Rao,2,0
6198,Chetan Prasad,Pooja Gowda,2,6
6200,Chetan Desai,Fatima Shetty,2,7
6201,Chetan Desai,Suresh Patil,2,0
6203,Anitha Kumar,Yashwanth Reddy,2,5
6204,Anitha Kumar,Basavaraj Naik,2,0
6205,Basavaraj Naik,Yashwanth Reddy,2,5
6206,Anitha Desai,Deepak Murthy,2,0
6208,Anitha Patil,Deepak Murthy,2,0
6209,Joseph Murthy,Yashwanth Gowda,2,0
6210,Ashwini Gowda,Yashwanth Gowda,2,0
6213,Lakshmi Nayak,Mary Desai,2,1
6215,Mary Nayak,Rekha Kumar,2,0
6219,Manjunath Iyengar,Yashwanth Kulkarni,2,0
6225,Kiran Iyengar,Manjunath Desai,2,8
6230,Chetan Iyengar,Yashwanth Reddy,2,5
6234,Deepak Desai,Kiran Kumar,2,0
6235,Ashwini Prasad,Vinutha Nayak,2,0
6236,Deepak Kumar,Imran Kumar,2,0
6239,Imran Gowda,Nagaraj Murthy,2,0
6242,Bhavana Kulkarni,Ravi Patil,2,0
6243,Nagaraj Rao,Prakash Reddy,2,0
6245,Pooja Naik,Prakash Reddy,2,0
6249,Ashwini Gowda,Manjunath Rao,2,0
6252,Anitha Prasad,Bhavana Desai,2,5
6255,Anitha Prasad,Chetan Rao,2,0
6258,Bhavana Desai,Chetan Rao,2,5
6262,Fatima Kumar,Rekha Shetty,2,3
6263,Fatima Kumar,Joseph Reddy,2,2
6265,Ashwini Patil,Joseph Bhat,2,0
6267,Manjunath Kumar,Ravi Gowda,2,3
6269,Mary Desai,Pooja Patil,2,0
6275,Anitha Patil,Suresh Reddy,2,0
6277,Kiran Murthy,Nagaraj Shetty,2,8
6279,Ashwini Patil,Ravi Nayak,2,1
6284,Chetan Prasad,Vinutha Patil,2,6
6288,Kiran Gowda,Vinutha Bhat,2,0
6297,Ashwini Patil,Imran Murthy,2,0
6299,Rekha Naik,Suresh Kulkarni,2,0
6301,Chetan Kulkarni,Prakash Rao,2,0
6302,Bhavana Nayak,Rekha Prasad,2,2
6304,Bhavana Nayak,Lakshmi Iyengar,2,2
6305,Bhavana Iyengar,Girish Bhat,2,6
6307,Girish Bhat,Kiran Prasad,2,6
6308,Kiran Rao,Prakash Nayak,2,0
6310,Fatima Murthy,Prakash Nayak,2,0
6318,Lakshmi Naik,Shivakumar Murthy,2,0
6322,Ashwini Bhat,Joseph Nayak,2,0
6328,Fatima Hegde,Vinutha Kumar,2,0
6331,Girish Rao,Vinutha Prasad,2,0
6340,Lakshmi Bhat,Rekha Hegde,2,0
6344,Deepak Reddy,Kiran Naik,2,0
6345,Deepak Gowda,Kiran Naik,2,0
6356,Kiran Desai,Rekha Bhat,2,0
6357,Fatima Reddy,Girish Gowda,2,6
6361,Girish Reddy,Manjunath Prasad,2,0
6363,Girish Reddy,Joseph Naik,2,5
6364,Manjunath Prasad,Shivakumar Murthy,2,0
6365,Joseph Naik,Shivakumar Murthy,2,5
6369,Anitha Nayak,Suresh Iyengar,2,0
6370,Anitha Nayak,Mary Hegde,2,5
6372,Shivakumar Shetty,Suresh Iyengar,2,8
6375,Mary Hegde,Prakash Gowda,2,5
6378,Joseph Patil,Shivakumar Desai,2,3
6379,Joseph Patil,Nagaraj Kulkarni,2,3
6385,Kiran Kumar,Mary Iyengar,2,0
6386,Chetan Desai,Nagaraj Patil,2,2
6387,Kiran Hegde,Nagaraj Patil,2,3
6394,Imran Murthy,Ravi Nayak,2,1
6395,Anitha Patil,Ravi Nayak,2,1
6398,Kiran Kulkarni,Mary Murthy,2,5
6400,Anitha Desai,Yashwanth Naik,2,0
6404,Girish Murthy,Prakash Kulkarni,2,7
6407,Girish Rao,Prakash Desai,2,0
6408,Chetan Prasad,Prakash Desai,2,6
6409,Prakash Desai,Shivakumar Patil,2,0
6410,Manjunath Desai,Prakash Desai,2,8
6411,Chetan Prasad,Girish Rao,2,6
6414,Chetan Prasad,Shivakumar Patil,2,6
6417,Kiran Nayak,Vinutha Naik,2,0
6419,Ashwini Hegde,Vinutha Naik,2,0
6422,Kiran Murthy,Manjunath Naik,2,8
6423,Girish Hegde,Kiran Murthy,2,4
6424,Girish Hegde,Manjunath Naik,2,4
6428,Lakshmi Hegde,Ravi Naik,2,1
6429,Bhavana Gowda,Mary Desai,2,1
6433,Lakshmi Kumar,Rekha Rao,2,4
6435,Imran Desai,Prakash Kumar,2,8
6436,Imran Desai,Prakash Patil,2,8
6438,Bhavana Bhat,Nagaraj Murthy,2,0
6442,Basavaraj Shetty,Bhavana Nayak,2,2
6443,Basavaraj Hegde,Bhavana Nayak,2,2
6444,Girish Gowda,Joseph Hegde,2,6
6445,Prakash Kulkarni,Rekha Shetty,2,7
6447,Ashwini Murthy,Vinutha Hegde,2,0
6448,Joseph Reddy,Nagaraj Reddy,2,2
6450,Chetan Kumar,Shivakumar Desai,2,4
6452,Chetan Kumar,Prakash Hegde,2,0
6457,Girish Reddy,Prakash Hegde,2,0
6459,Bhavana Desai,Prakash Hegde,2,5
6460,Ashwini Bhat,Vinutha Desai,2,0
6461,Ashwini Bhat,Shivakumar Naik,2,5
6463,Nagaraj Gowda,Shivakumar Bhat,2,0
6464,Shivakumar Bhat,Vinutha Reddy,2,0
6467,Nagaraj Gowda,Yashwanth Nayak,2,0
6468,Vinutha Reddy,Yashwanth Nayak,2,0
6470,Anitha Hegde,Manjunath Nayak,2,5
6472,Joseph Naik,Prakash Desai,2,5
6475,Joseph Naik,Rekha Reddy,2,5
6478,Chetan Reddy,Nagaraj Kumar,2,1
6480,Kiran Bhat,Suresh Reddy,2,0
6482,Bhavana Bhat,Kiran Bhat,2,0
6487,Joseph Iyengar,Nagaraj Rao,2,6
6489,Imran Naik,Mary Kulkarni,2,0
6493,Shivakumar Iyengar,Vinutha Prasad,2,0
6495,Girish Hegde,Vinutha Prasad,2,4
6498,Anitha Kulkarni,Kiran Nayak,2,0
6505,Ashwini Shetty,Manjunath Rao,2,0
6506,Girish Patil,Rekha Patil,2,0
6508,Manjunath Bhat,Vinutha Naik,2,0
6510,Ashwini Bhat,Manjunath Bhat,2,0
6513,Ashwini Bhat,Vinutha Naik,2,0
6514,Vinutha Naik,Yashwanth Reddy,2,5
6519,Anitha Patil,Fatima Patil,2,0
6525,Imran Nayak,Lakshmi Patil,2,0
6527,Imran Nayak,Rekha Desai,2,0
6528,Anitha Murthy,Lakshmi Patil,2,0
6532,Ashwini Bhat,Chetan Naik,2,0
6535,Joseph Desai,Lakshmi Naik,2,0
6536,Lakshmi Naik,Mary Naik,2,7
6538,Kiran Bhat,Vinutha Desai,2,0
6544,Prakash Rao,Suresh Kulkarni,2,0
6547,Prakash Gowda,Ravi Naik,2,7
6548,Lakshmi Shetty,Prakash Gowda,2,0
6554,Fatima Iyengar,Shivakumar Murthy,2,1
6557,Manjunath Gowda,Mary Bhat,2,0
6564,Deepak Nayak,Pooja Nayak,2,0
6566,Pooja Nayak,Yashwanth Desai,2,0
6567,Fatima Kulkarni,Joseph Iyengar,2,3
6568,Bhavana Iyengar,Joseph Iyengar,2,6
6569,Bhavana Iyengar,Fatima Kulkarni,2,3
6573,Deepak Iyengar,Vinutha Desai,2,3
6580,Girish Hegde,Joseph Desai,2,4
6581,Manjunath Nayak,Yashwanth Naik,2,5
6582,Basavaraj Iyengar,Basavaraj Nayak,2,3
6599,Bhavana Gowda,Kiran Gowda,2,1
6602,Deepak Hegde,Vinutha Bhat,2,0
6608,Deepak Bhat,Deepak Nayak,2,0
6612,Ravi Bhat,Suresh Nayak,2,0
6613,Kiran Kumar,Mary Hegde,2,5
6614,Ashwini Bhat,Vinutha Shetty,2,0
6615,Anitha Kumar,Mary Murthy,2,8
6616,Mary Murthy,Mary Naik,2,8
6617,Mary Murthy,Prakash Kulkarni,2,8
6626,Chetan Kulkarni,Prakash Hegde,2,0
6627,Ravi Bhat,Ravi Iyengar,2,0
6629,Girish Kumar,Ravi Bhat,2,0
6631,Joseph Patil,Nagaraj Desai,2,3
6635,Kiran Prasad,Rekha Patil,2,0
6636,Imran Kumar,Mary Shetty,2,0
6641,Pooja Desai,Ravi Desai,2,0
6642,Bhavana Iyengar,Lakshmi Patil,2,0
6643,Bhavana Iyengar,Girish Iyengar,2,0
6654,Rekha Shetty,Yashwanth Patil,2,3
6668,Basavaraj Murthy,Girish Hegde,2,4
6669,Basavaraj Murthy,Ravi Hegde,2,0
6673,Anitha Gowda,Ravi Iyengar,2,0
6677,Chetan Shetty,Girish Murthy,2,0
6678,Chetan Shetty,Girish Kulkarni,2,5
6680,Anitha Nayak,Suresh Naik,2,0
6682,Anitha Nayak,Suresh Desai,2,0
6684,Girish Desai,Ravi Patil,2,0
6685,Basavaraj Bhat,Girish Desai,2,2
6697,Chetan Nayak,Joseph Reddy,2,2
6701,Joseph Kulkarni,Rekha Nayak,2,8
6706,Ashwini Prasad,Pooja Nayak,2,0
6709,Imran Patil,Vinutha Kumar,2,0
6713,Fatima Nayak,Mary Murthy,2,8
6714,Fatima Iyengar,Mary Murthy,2,1
6717,Ravi Prasad,Suresh Kulkarni,2,0
6718,Anitha Kumar,Ravi Prasad,2,0
6719,Ashwini Shetty,Bhavana Bhat,2,0
6720,Bhavana Bhat,Vinutha Gowda,2,0
6721,Ashwini Shetty,Vinutha Gowda,2,0
6725,Girish Hegde,Nagaraj Prasad,2,4
6726,Joseph Kumar,Nagaraj Prasad,2,2
6736,Anitha Reddy,Lakshmi Iyengar,2,0
6737,Anitha Reddy,Ashwini Iyengar,2,4
6738,Ashwini Iyengar,Lakshmi Iyengar,2,4
6740,Fatima Reddy,Shivakumar Patil,2,0
6741,Chetan Naik,Shivakumar Patil,2,0
6744,Deepak Shetty,Joseph Rao,2,0
6748,Nagaraj Shetty,Vinutha Kulkarni,2,0
6749,Vinutha Hegde,Vinutha Kulkarni,2,0
6753,Bhavana Nayak,Ravi Iyengar,2,2
6755,Girish Nayak,Ravi Hegde,2,0
6756,Rekha Naik,Yashwanth Rao,2,0
6757,Chetan Nayak,Rekha Naik,2,0
6758,Chetan Nayak,Yashwanth Rao,2,0
6767,Anitha Nayak,Kiran Iyengar,2,0
6768,Anitha Nayak,Deepak Shetty,2,0
6769,Chetan Bhat,Fatima Kumar,2,0
6776,Anitha Kulkarni,Nagaraj Patil,2,2
6779,Mary Prasad,Ravi Murthy,2,0
6781,Anitha Shetty,Rekha Murthy,2,7
6789,Anitha Bhat,Girish Murthy,2,7
6790,Girish Murthy,Mary Iyengar,2,0
6792,Mary Iyengar,Vinutha Hegde,2,0
6793,Suresh Gowda,Vinutha Hegde,2,0
6794,Anitha Bhat,Suresh Gowda,2,7
6796,Deepak Murthy,Yashwanth Nayak,2,0
6797,Suresh Prasad,Yashwanth Nayak,2,0
6798,Ashwini Gowda,Yashwanth Nayak,2,0
6804,Manjunath Kumar,Shivakumar Nayak,2,3
6810,Basavaraj Iyengar,Vinutha Reddy,2,3
6811,Lakshmi Prasad,Vinutha Naik,2,0
6813,Basavaraj Iyengar,Vinutha Naik,2,3
6823,Mary Bhat,Rekha Patil,2,0
6827,Anitha Desai,Suresh Nayak,2,0
6830,Pooja Desai,Suresh Nayak,2,0
6831,Pooja Desai,Shivakumar Rao,2,0
6832,Girish Patil,Pooja Desai,2,0
6835,Anitha Kumar,Joseph Kumar,2,2
6837,Anitha Naik,Joseph Kumar,2,2
6843,Joseph Desai,Kiran Desai,2,0
6844,Joseph Desai,Kiran Kumar,2,0
6850,Lakshmi Desai,Shivakumar Naik,2,5
6857,Mary Hegde,Vinutha Kulkarni,2,5
6859,Deepak Shetty,Fatima Desai,2,0
6860,Fatima Desai,Girish Shetty,2,0
6871,Girish Kulkarni,Yashwanth Shetty,2,5
6874,Bhavana Rao,Nagaraj Kulkarni,2,4
6876,Bhavana Rao,Yashwanth Rao,2,0
6877,Ravi Nayak,Suresh Murthy,2,1
6879,Shivakumar Murthy,Suresh Murthy,2,0
6880,Joseph Reddy,Suresh Murthy,2,2
6882,Ravi Nayak,Shivakumar Murthy,2,1
6885,Basavaraj Nayak,Joseph Reddy,2,2
6886,Anitha Naik,Kiran Desai,2,0
6887,Girish Rao,Lakshmi Shetty,2,0
6889,Basavaraj Desai,Pooja Desai,2,0
6892,Fatima Kumar,Girish Patil,2,0
6898,Bhavana Gowda,Chetan Patil,2,1
6903,Anitha Murthy,Kiran Kulkarni,2,5
6904,Deepak Rao,Kiran Kulkarni,2,7
6906,Anitha Murthy,Chetan Kumar,2,0
6907,Chetan Kumar,Deepak Rao,2,7
6909,Anitha Prasad,Deepak Rao,2,7
6911,Chetan Prasad,Manjunath Iyengar,2,6
6913,Imran Iyengar,Rekha Bhat,2,0
6914,Ashwini Prasad,Girish Bhat,2,6
6915,Girish Bhat,Nagaraj Naik,2,6
6920,Deepak Reddy,Nagaraj Gowda,2,0
6921,Chetan Rao,Nagaraj Gowda,2,0
6922,Imran Kulkarni,Nagaraj Gowda,2,0
6923,Deepak Reddy,Rekha Shetty,2,3
6926,Chetan Rao,Deepak Reddy,2,0
6927,Deepak Reddy,Imran Kulkarni,2,0
6938,Bhavana Desai,Manjunath Desai,2,5
6942,Joseph Patil,Pooja Gowda,2,3
6945,Joseph Iyengar,Shivakumar Kulkarni,2,6
6946,Shivakumar Bhat,Shivakumar Kulkarni,2,0
6952,Kiran Desai,Lakshmi Hegde,2,1
6953,Deepak Rao,Kiran Prasad,2,7
6957,Fatima Kulkarni,Vinutha Reddy,2,3
6959,Nagaraj Rao,Yashwanth Reddy,2,5
6961,Ravi Iyengar,Yashwanth Reddy,2,5
6969,Ashwini Iyengar,Prakash Bhat,2,4
6970,Deepak Gowda,Prakash Bhat,2,0
6974,Basavaraj Gowda,Fatima Reddy,2,0
6976,Fatima Kumar,Nagaraj Kumar,2,0
6977,Nagaraj Kumar,Suresh Gowda,2,0
6984,Imran Nayak,Ravi Patil,2,0
6985,Lakshmi Naik,Yashwanth Prasad,2,0
6987,Joseph Kulkarni,Nagaraj Murthy,2,0
6989,Nagaraj Reddy,Rekha Patil,2,7
6991,Joseph Rao,Suresh Gowda,2,0
6994,Deepak Iyengar,Manjunath Nayak,2,3
6997,Bhavana Rao,Ravi Shetty,2,0
7000,Deepak Naik,Yashwanth Reddy,2,5
7002,Bhavana Shetty,Rekha Gowda,2,0
7005,Imran Reddy,Joseph Shetty,2,4
7006,Kiran Kumar,Lakshmi Bhat,2,0
7007,Chetan Rao,Lakshmi Bhat,2,0
7010,Fatima Kulkarni,Girish Rao,2,3
7011,Bhavana Patil,Chetan Naik,2,0
7012,Basavaraj Shetty,Imran Naik,2,0
7017,Basavaraj Rao,Bhavana Rao,2,0
7018,Fatima Kumar,Joseph Nayak,2,0
7022,Anitha Hegde,Yashwanth Murthy,2,6
7024,Vinutha Kumar,Vinutha Shetty,2,0
7030,Bhavana Desai,Ravi Murthy,2,5
7034,Pooja Shetty,Ravi Hegde,2,6
7035,Ravi Hegde,Yashwanth Naik,2,0
7041,Anitha Hegde,Shivakumar Kumar,2,0
7042,Chetan Reddy,Yashwanth Patil,2,1
7044,Bhavana Patil,Kiran Rao,2,0
7047,Joseph Rao,Ravi Desai,2,0
7048,Deepak Rao,Joseph Rao,2,7
7054,Girish Murthy,Rekha Nayak,2,8
7055,Fatima Shetty,Girish Murthy,2,7
7056,Fatima Shetty,Rekha Nayak,2,7
7057,Basavaraj Bhat,Bhavana Kulkarni,2,2
7058,Ravi Bhat,Vinutha Bhat,2,0
7059,Anitha Gowda,Ravi Bhat,2,0
7063,Bhavana Hegde,Girish Reddy,2,0
7064,Bhavana Hegde,Yashwanth Hegde,2,0
7066,Chetan Iyengar,Yashwanth Hegde,2,0
7071,Girish Nayak,Nagaraj Kulkarni,2,4
7074,Prakash Prasad,Shivakumar Desai,2,4
7082,Lakshmi Bhat,Ravi Iyengar,2,0
7084,Deepak Kumar,Lakshmi Bhat,2,0
7085,Suresh Prasad,Yashwanth Reddy,2,5
7086,Girish Gowda,Kiran Murthy,2,6
7089,Ravi Naik,Suresh Hegde,2,7
7097,Pooja Gowda,Yashwanth Kumar,2,3
7100,Girish Murthy,Nagaraj Bhat,2,3
7101,Girish Murthy,Joseph Gowda,2,0
7103,Bhavana Kulkarni,Lakshmi Gowda,2,0
7104,Joseph Reddy,Mary Rao,2,2
7106,Joseph Murthy,Joseph Reddy,2,2
7107,Basavaraj Rao,Pooja Murthy,2,0
7108,Basavaraj Rao,Chetan Kumar,2,0
7109,Chetan Kumar,Pooja Murthy,2,0
7113,Manjunath Gowda,Vinutha Nayak,2,0
7114,Mary Gowda,Rekha Patil,2,0
7118,Deepak Rao,Prakash Naik,2,7
7119,Lakshmi Prasad,Ravi Patil,2,0
7122,Anitha Nayak,Pooja Gowda,2,3
7124,Fatima Murthy,Lakshmi Reddy,2,8
7128,Prakash Murthy,Ravi Nayak,2,1
7130,Deepak Desai,Shivakumar Murthy,2,0
7131,Shivakumar Murthy,Suresh Kulkarni,2,0
7132,Manjunath Shetty,Suresh Murthy,2,4
7133,Joseph Patil,Manjunath Shetty,2,3
7134,Joseph Patil,Suresh Murthy,2,3
7137,Kiran Naik,Mary Prasad,2,0
7142,Lakshmi Rao,Yashwanth Hegde,2,7
7146,Imran Bhat,Rekha Iyengar,2,4
7148,Rekha Iyengar,Yashwanth Kulkarni,2,4
7151,Prakash Shetty,Shivakumar Naik,2,5
7152,Fatima Shetty,Mary Shetty,2,7
7160,Pooja Nayak,Rekha Kumar,2,0
7162,Fatima Rao,Vinutha Gowda,2,0
7171,Girish Shetty,Yashwanth Iyengar,2,7
7175,Ashwini Naik,Nagaraj Rao,2,5
7178,Bhavana Naik,Yashwanth Patil,2,3
7181,Anitha Reddy,Yashwanth Patil,2,0
7183,Kiran Nayak,Pooja Iyengar,2,5
7187,Basavaraj Naik,Pooja Desai,2,0
7195,Ravi Hegde,Ravi Nayak,2,1
7202,Ashwini Kulkarni,Bhavana Naik,2,3
7203,Bhavana Naik,Yashwanth Murthy,2,3
7205,Deepak Prasad,Girish Naik,2,0
7209,Basavaraj Kulkarni,Bhavana Shetty,2,0
7218,Shivakumar Reddy,Yashwanth Naik,2,0
7219,Basavaraj Prasad,Shivakumar Reddy,2,0
7222,Manjunath Hegde,Prakash Gowda,2,0
7223,Anitha Nayak,Manjunath Hegde,2,0
7225,Lakshmi Patil,Rekha Kulkarni,2,0
7227,Ashwini Reddy,Girish Rao,2,0
7233,Mary Gowda,Yashwanth Reddy,2,5
7234,Yashwanth Bhat,Yashwanth Reddy,2,3
7236,Bhavana Patil,Deepak Nayak,2,0
7240,Ashwini Bhat,Joseph Iyengar,2,6
7241,Ashwini Murthy,Suresh Nayak,2,0
7242,Girish Nayak,Mary Kulkarni,2,0
7245,Bhavana Bhat,Manjunath Desai,2,8
7246,Bhavana Bhat,Lakshmi Iyengar,2,0
7250,Ashwini Gowda,Mary Reddy,2,5
7251,Chetan Rao,Vinutha Gowda,2,0
7253,Chetan Rao,Vinutha Rao,2,0
7254,Bhavana Murthy,Girish Reddy,2,0
7257,Bhavana Gowda,Bhavana Iyengar,2,1
7262,Chetan Desai,Deepak Reddy,2,0
7264,Anitha Iyengar,Pooja Shetty,2,6
7265,Imran Nayak,Pooja Shetty,2,6
7269,Bhavana Murthy,Kiran Murthy,2,8
7273,Bhavana Hegde,Yashwanth Patil,2,0
7275,Nagaraj Rao,Yashwanth Naik,2,0
7278,Imran Bhat,Prakash Shetty,2,0
7282,Suresh Patil,Vinutha Iyengar,2,0
7283,Basavaraj Nayak,Imran Patil,2,0
7285,Basavaraj Nayak,Vinutha Iyengar,2,0
7287,Mary Murthy,Prakash Gowda,2,8
7288,Mary Murthy,Nagaraj Kumar,2,8
7290,Lakshmi Iyengar,Mary Bhat,2,0
7291,Ashwini Iyengar,Vinutha Gowda,2,4
7292,Suresh Desai,Yashwanth Bhat,2,3
7298,Joseph Desai,Nagaraj Kulkarni,2,4
7302,Girish Murthy,Ravi Gowda,2,3
7303,Prakash Kulkarni,Ravi Nayak,2,7
7304,Basavaraj Shetty,Bhavana Kumar,2,0
7316,Deepak Naik,Vinutha Murthy,2,0
7317,Ashwini Kulkarni,Deepak Naik,2,0
7320,Bhavana Rao,Chetan Bhat,2,0
7321,Mary Gowda,Rekha Shetty,2,3
7323,Chetan Prasad,Mary Gowda,2,6
7332,Manjunath Bhat,Suresh Kulkarni,2,0
7333,Imran Kulkarni,Suresh Prasad,2,0
7335,Basavaraj Gowda,Suresh Prasad,2,0
7339,Girish Iyengar,Imran Kulkarni,2,0
7343,Anitha Rao,Deepak Kulkarni,2,4
7344,Anitha Rao,Rekha Patil,2,4
7348,Ravi Desai,Vinutha Murthy,2,0
7350,Anitha Iyengar,Vinutha Hegde,2,0
7352,Anitha Iyengar,Pooja Nayak,2,0
7358,Ashwini Murthy,Shivakumar Naik,2,5
7360,Deepak Kumar,Suresh Kulkarni,2,0
7363,Manjunath Nayak,Rekha Nayak,2,5
7368,Prakash Kumar,Prakash Naik,2,2
7369,Girish Murthy,Yashwanth Rao,2,0
7372,Bhavana Patil,Mary Reddy,2,5
7377,Joseph Hegde,Suresh Murthy,2,7
7378,Rekha Prasad,Suresh Murthy,2,0
7380,Joseph Desai,Rekha Hegde,2,0
7381,Joseph Kumar,Ravi Naik,2,2
7382,Girish Patil,Shivakumar Gowda,2,3
7383,Anitha Nayak,Shivakumar Gowda,2,3
7385,Girish Kulkarni,Lakshmi Kulkarni,2,5
7387,Joseph Desai,Rekha Rao,2,0
7389,Anitha Rao,Shivakumar Bhat,2,4
7390,Ashwini Kumar,Shivakumar Bhat,2,0
7391,Basavaraj Kumar,Girish Naik,2,0
7401,Ashwini Reddy,Lakshmi Patil,2,0
7403,Ashwini Reddy,Kiran Desai,2,0
7405,Kiran Kumar,Suresh Bhat,2,7
7411,Basavaraj Bhat,Yashwanth Patil,2,2
7412,Basavaraj Bhat,Mary Patil,2,2
7414,Mary Patil,Nagaraj Rao,2,0
7418,Prakash Nayak,Yashwanth Iyengar,2,7
7419,Ashwini Naik,Girish Kulkarni,2,5
7423,Anitha Naik,Kiran Naik,2,0
7425,Girish Kumar,Joseph Rao,2,0
7427,Ashwini Murthy,Pooja Hegde,2,0
7428,Deepak Naik,Yashwanth Iyengar,2,7
7431,Girish Iyengar,Kiran Rao,2,0
7435,Manjunath Rao,Ravi Desai,2,0
7438,Basavaraj Gowda,Girish Rao,2,0
7439,Ashwini Bhat,Ashwini Gowda,2,0
7443,Ashwini Patil,Imran Shetty,2,0
7444,Kiran Shetty,Pooja Gowda,2,3
7448,Imran Shetty,Joseph Patil,2,3
7449,Ashwini Hegde,Joseph Patil,2,3
7453,Girish Rao,Lakshmi Hegde,2,1
7456,Nagaraj Iyengar,Rekha Iyengar,2,4
7459,Anitha Desai,Fatima Nayak,2,0
7465,Chetan Hegde,Kiran Bhat,2,0
7469,Prakash Kulkarni,Ravi Hegde,2,7
7474,Deepak Bhat,Girish Murthy,2,0
7476,Anitha Naik,Kiran Murthy,2,8
7481,Ravi Kulkarni,Shivakumar Reddy,2,0
7486,Fatima Gowda,Vinutha Prasad,2,1
7487,Anitha Rao,Fatima Reddy,2,4
7490,Joseph Reddy,Manjunath Kumar,2,2
7494,Manjunath Gowda,Pooja Naik,2,0
7497,Joseph Reddy,Ravi Naik,2,2
7500,Fatima Hegde,Imran Kulkarni,2,0
7502,Fatima Hegde,Lakshmi Shetty,2,0
7503,Pooja Reddy,Vinutha Bhat,2,0
7504,Imran Reddy,Vinutha Patil,2,2
7508,Joseph Shetty,Rekha Murthy,2,4
7513,Ravi Hegde,Suresh Kumar,2,0
7519,Prakash Iyengar,Prakash Rao,2,5
7520,Deepak Nayak,Prakash Rao,2,0
7521,Deepak Nayak,Prakash Iyengar,2,5
7525,Ashwini Bhat,Prakash Iyengar,2,5
7527,Bhavana Nayak,Fatima Naik,2,2
7533,Anitha Reddy,Kiran Desai,2,0
7535,Ashwini Iyengar,Basavaraj Iyengar,2,4
7536,Ashwini Iyengar,Yashwanth Bhat,2,4
7537,Basavaraj Iyengar,Yashwanth Bhat,2,3
7542,Nagaraj Kulkarni,Yashwanth Desai,2,4
7544,Lakshmi Kulkarni,Vinutha Iyengar,2,0
7547,Anitha Reddy,Imran Nayak,2,0
7548,Anitha Reddy,Basavaraj Nayak,2,0
7551,Chetan Nayak,Suresh Bhat,2,7
7556,Bhavana Rao,Imran Reddy,2,0
7557,Lakshmi Iyengar,Nagaraj Murthy,2,0
7559,Manjunath Reddy,Vinutha Shetty,2,0
7566,Chetan Patil,Mary Gowda,2,4
7567,Chetan Patil,Suresh Hegde,2,4
7568,Mary Gowda,Suresh Hegde,2,0
7574,Basavaraj Rao,Joseph Prasad,2,0
7575,Joseph Rao,Prakash Kumar,2,0
7576,Joseph Rao,Prakash Hegde,2,0
7579,Prakash Bhat,Suresh Hegde,2,0
7581,Nagaraj Murthy,Pooja Iyengar,2,5
7582,Nagaraj Murthy,Vinutha Desai,2,0
7584,Nagaraj Hegde,Yashwanth Desai,2,0
7588,Mary Murthy,Vinutha Shetty,2,8
7589,Manjunath Prasad,Vinutha Shetty,2,0
7590,Manjunath Prasad,Mary Murthy,2,8
7591,Ashwini Nayak,Ravi Naik,2,7
7592,Mary Murthy,Ravi Naik,2,8
7597,Fatima Iyengar,Shivakumar Nayak,2,1
7598,Chetan Shetty,Shivakumar Nayak,2,0
7601,Girish Gowda,Mary Kumar,2,6
7606,Prakash Nayak,Prakash Reddy,2,0
7612,Anitha Desai,Joseph Prasad,2,0
7614,Joseph Hegde,Joseph Prasad,2,7
7619,Deepak Prasad,Yashwanth Naik,2,0
7620,Rekha Kumar,Shivakumar Desai,2,4
7621,Imran Rao,Imran Shetty,2,8
7628,Suresh Nayak,Yashwanth Nayak,2,0
7629,Manjunath Desai,Yashwanth Nayak,2,8
7631,Deepak Patil,Shivakumar Shetty,2,2
7633,Deepak Patil,Lakshmi Nayak,2,2
7634,Deepak Patil,Rekha Patil,2,2
7635,Imran Kumar,Vinutha Rao,2,0
7636,Imran Kumar,Vinutha Kulkarni,2,0
7642,Basavaraj Kumar,Girish Nayak,2,0
7643,Kiran Kulkarni,Kiran Murthy,2,5
7645,Kiran Kulkarni,Nagaraj Murthy,2,5
7646,Ravi Patil,Suresh Shetty,2,0
7647,Basavaraj Kumar,Joseph Nayak,2,0
7651,Basavaraj Desai,Vinutha Bhat,2,0
7655,Shivakumar Bhat,Yashwanth Iyengar,2,7
7656,Kiran Iyengar,Prakash Reddy,2,0
7658,Ashwini Iyengar,Ravi Prasad,2,4
7661,Lakshmi Naik,Yashwanth Shetty,2,0
7665,Ashwini Murthy,Joseph Nayak,2,0
7666,Fatima Murthy,Joseph Nayak,2,0
7668,Ashwini Murthy,Prakash Prasad,2,0
7669,Fatima Murthy,Prakash Prasad,2,0
7671,Fatima Murthy,Rekha Desai,2,0
7673,Manjunath Iyengar,Prakash Desai,2,0
7679,Anitha Prasad,Vinutha Reddy,2,0
7686,Imran Reddy,Mary Kulkarni,2,0
7688,Vinutha Kumar,Yashwanth Nayak,2,0
7689,Prakash Kumar,Vinutha Kumar,2,0
7690,Basavaraj Patil,Girish Nayak,2,2
7696,Joseph Bhat,Lakshmi Gowda,2,0
7701,Nagaraj Patil,Vinutha Nayak,2,2
7706,Deepak Murthy,Imran Hegde,2,0
7707,Anitha Reddy,Yashwanth Desai,2,0
7708,Nagaraj Reddy,Suresh Bhat,2,7
7709,Deepak Gowda,Kiran Patil,2,0
7711,Nagaraj Kumar,Prakash Shetty,2,0
7713,Mary Reddy,Nagaraj Murthy,2,5
7715,Lakshmi Patil,Suresh Rao,2,0
7717,Lakshmi Patil,Manjunath Patil,2,0
7720,Lakshmi Rao,Shivakumar Murthy,2,7
7721,Ravi Shetty,Shivakumar Murthy,2,0
7724,Deepak Kulkarni,Suresh Reddy,2,0
7725,Fatima Hegde,Pooja Prasad,2,0
7728,Joseph Gowda,Shivakumar Murthy,2,0
7729,Anitha Naik,Pooja Hegde,2,0
7730,Nagaraj Murthy,Pooja Hegde,2,0
7734,Nagaraj Prasad,Yashwanth Prasad,2,0
7735,Shivakumar Reddy,Yashwanth Prasad,2,0
7737,Deepak Bhat,Shivakumar Rao,2,0
7743,Anitha Patil,Yashwanth Murthy,2,6
7745,Girish Kulkarni,Mary Murthy,2,5
7748,Girish Iyengar,Yashwanth Bhat,2,3
7751,Bhavana Gowda,Shivakumar Naik,2,1
7753,Ashwini Desai,Shivakumar Kumar,2,0
7759,Manjunath Desai,Shivakumar Kumar,2,8
7760,Bhavana Desai,Vinutha Gowda,2,5
7765,Deepak Reddy,Joseph Naik,2,5
7766,Pooja Nayak,Shivakumar Desai,2,4
7771,Anitha Prasad,Anitha Rao,2,4
7772,Ravi Nayak,Vinutha Hegde,2,1
7773,Basavaraj Patil,Ravi Nayak,2,2
7776,Basavaraj Patil,Manjunath Iyengar,2,2
7777,Basavaraj Gowda,Fatima Rao,2,0
7779,Deepak Kumar,Imran Rao,2,8
7782,Girish Prasad,Prakash Hegde,2,0
7785,Chetan Desai,Manjunath Prasad,2,0
7786,Fatima Bhat,Suresh Nayak,2,0
7788,Girish Desai,Rekha Iyengar,2,4
7790,Girish Desai,Rekha Prasad,2,0
7793,Manjunath Kulkarni,Prakash Shetty,2,0
7800,Bhavana Murthy,Bhavana Rao,2,0
7802,Bhavana Rao,Chetan Rao,2,0
7803,Fatima Patil,Pooja Patil,2,0
7805,Girish Murthy,Joseph Rao,2,0
7806,Girish Murthy,Imran Reddy,2,0
7807,Imran Reddy,Joseph Rao,2,0
7812,Pooja Bhat,Rekha Iyengar,2,5
7818,Joseph Rao,Mary Rao,2,0
7819,Imran Murthy,Pooja Gowda,2,3
7823,Bhavana Kumar,Manjunath Iyengar,2,0
7828,Imran Shetty,Pooja Gowda,2,3
7829,Ashwini Shetty,Basavaraj Gowda,2,0
7833,Basavaraj Bhat,Shivakumar Prasad,2,2
7842,Fatima Patil,Joseph Rao,2,0
7846,Imran Bhat,Yashwanth Hegde,2,0
7847,Girish Desai,Imran Reddy,2,0
7848,Anitha Desai,Anitha Hegde,2,0
7849,Anitha Desai,Manjunath Nayak,2,5
7850,Suresh Nayak,Vinutha Gowda,2,0
7851,Prakash Prasad,Suresh Desai,2,0
7854,Imran Nayak,Manjunath Naik,2,0
7857,Imran Naik,Suresh Patil,2,0
7862,Ashwini Prasad,Prakash Prasad,2,0
7864,Basavaraj Kumar,Rekha Shetty,2,3
7867,Deepak Murthy,Fatima Gowda,2,1
7869,Fatima Gowda,Suresh Iyengar,2,1
7879,Chetan Nayak,Imran Reddy,2,0
7880,Chetan Nayak,Chetan Shetty,2,0
7882,Imran Reddy,Rekha Hegde,2,0
7883,Chetan Shetty,Rekha Hegde,2,0
7884,Mary Gowda,Rekha Hegde,2,0
7888,Joseph Hegde,Nagaraj Patil,2,7
7889,Fatima Patil,Yashwanth Rao,2,0
7893,Deepak Desai,Suresh Murthy,2,0
7899,Manjunath Prasad,Shivakumar Bhat,2,0
7902,Bhavana Prasad,Imran Kumar,2,3
7905,Ashwini Bhat,Fatima Iyengar,2,1
7906,Ashwini Bhat,Manjunath Murthy,2,0
7908,Deepak Reddy,Prakash Bhat,2,0
7912,Prakash Gowda,Yashwanth Patil,2,0
7922,Pooja Hegde,Ravi Kulkarni,2,0
7923,Pooja Hegde,Rekha Bhat,2,0
7930,Nagaraj Murthy,Ravi Desai,2,0
7931,Anitha Hegde,Yashwanth Nayak,2,0
7933,Fatima Hegde,Mary Desai,2,0
7934,Deepak Rao,Manjunath Naik,2,7
7935,Bhavana Kumar,Manjunath Naik,2,0
7938,Ashwini Iyengar,Shivakumar Kulkarni,2,4
7940,Ashwini Iyengar,Pooja Bhat,2,4
7941,Lakshmi Kulkarni,Mary Patil,2,0
7945,Pooja Naik,Yashwanth Gowda,2,0
7948,Fatima Shetty,Girish Kumar,2,7
7949,Anitha Shetty,Suresh Kumar,2,0
7951,Anitha Naik,Basavaraj Naik,2,0
7952,Girish Murthy,Kiran Nayak,2,0
7956,Girish Kulkarni,Manjunath Bhat,2,5
7964,Prakash Bhat,Vinutha Patil,2,2
7969,Anitha Iyengar,Joseph Kulkarni,2,0
7971,Chetan Patil,Nagaraj Bhat,2,4
7975,Ashwini Reddy,Fatima Reddy,2,0
7977,Fatima Reddy,Shivakumar Hegde,2,1
7979,Anitha Hegde,Shivakumar Nayak,2,0
7981,Anitha Patil,Yashwanth Iyengar,2,7
7984,Fatima Patil,Shivakumar Naik,2,5
7987,Ashwini Murthy,Yashwanth Reddy,2,5
7990,Chetan Patil,Manjunath Gowda,2,4
7991,Deepak Murthy,Yashwanth Reddy,2,5
7996,Basavaraj Hegde,Nagaraj Gowda,2,0
8006,Ashwini Hegde,Chetan Iyengar,2,0
8012,Fatima Hegde,Imran Prasad,2,0
8015,Chetan Reddy,Lakshmi Bhat,2,1
8018,Imran Hegde,Mary Bhat,2,0
8021,Bhavana Murthy,Vinutha Nayak,2,0
8028,Chetan Nayak,Pooja Kulkarni,2,0
8030,Mary Gowda,Rekha Bhat,2,0
8034,Anitha Patil,Deepak Prasad,2,0
8036,Fatima Rao,Rekha Patil,2,0
8038,Ashwini Kumar,Fatima Rao,2,0
8039,Bhavana Desai,Rekha Patil,2,5
8044,Ashwini Kumar,Bhavana Murthy,2,0
8050,Anitha Reddy,Shivakumar Iyengar,2,0
8052,Basavaraj Reddy,Girish Kulkarni,2,5
8058,Mary Kulkarni,Nagaraj Kumar,2,0
8059,Fatima Prasad,Nagaraj Kumar,2,0
8061,Anitha Desai,Mary Kulkarni,2,0
8062,Anitha Desai,Fatima Prasad,2,0
8063,Anitha Desai,Imran Kumar,2,0
8066,Fatima Prasad,Imran Kumar,2,0
8069,Girish Hegde,Yashwanth Nayak,2,4
8072,Imran Desai,Manjunath Desai,2,8
8076,Lakshmi Desai,Nagaraj Desai,2,0
8077,Fatima Shetty,Lakshmi Desai,2,7
8078,Lakshmi Hegde,Mary Kulkarni,2,1
8082,Deepak Rao,Fatima Hegde,2,7
8086,Deepak Patil,Prakash Iyengar,2,2
8088,Kiran Murthy,Ravi Hegde,2,8
8093,Kiran Desai,Mary Prasad,2,0
8096,Kiran Nayak,Ravi Prasad,2,0
8099,Imran Rao,Kiran Desai,2,8
8100,Basavaraj Reddy,Vinutha Bhat,2,0
8104,Girish Iyengar,Imran Reddy,2,0
8113,Girish Prasad,Nagaraj Prasad,2,0
8115,Bhavana Naik,Nagaraj Prasad,2,3
8116,Bhavana Prasad,Pooja Gowda,2,3
8117,Bhavana Desai,Mary Kulkarni,2,5
8118,Deepak Naik,Mary Kulkarni,2,0
8125,Shivakumar Kumar,Yashwanth Prasad,2,0
8126,Lakshmi Iyengar,Mary Iyengar,2,0
8130,Lakshmi Nayak,Prakash Prasad,2,1
8133,Basavaraj Nayak,Pooja Kumar,2,8
8139,Imran Naik,Yashwanth Nayak,2,0
8141,Imran Naik,Manjunath Shetty,2,4
8144,Prakash Kumar,Shivakumar Naik,2,5
8148,Yashwanth Desai,Yashwanth Nayak,2,0
8152,Imran Iyengar,Vinutha Hegde,2,0
8153,Anitha Bhat,Prakash Gowda,2,7
8154,Anitha Bhat,Ravi Nayak,2,7
8156,Prakash Gowda,Ravi Nayak,2,1
8158,Imran Iyengar,Ravi Nayak,2,1
8164,Kiran Bhat,Pooja Hegde,2,0
8165,Kiran Gowda,Yashwanth Patil,2,0
8166,Kiran Murthy,Prakash Gowda,2,8
8168,Chetan Kulkarni,Prakash Nayak,2,0
8172,Basavaraj Iyengar,Vinutha Iyengar,2,3
8173,Anitha Nayak,Pooja Kumar,2,8
8184,Bhavana Desai,Mary Shetty,2,5
8188,Mary Nayak,Prakash Hegde,2,0
8189,Basavaraj Nayak,Nagaraj Iyengar,2,0
8191,Kiran Patil,Shivakumar Kulkarni,2,0
8193,Imran Naik,Prakash Kulkarni,2,7
8197,Bhavana Hegde,Kiran Patil,2,0
8199,Bhavana Prasad,Lakshmi Shetty,2,3
8205,Ashwini Nayak,Vinutha Rao,2,0
8210,Pooja Rao,Vinutha Desai,2,7
8212,Pooja Rao,Rekha Shetty,2,7
8215,Vinutha Shetty,Yashwanth Patil,2,0
8217,Deepak Kulkarni,Mary Reddy,2,5
8225,Manjunath Shetty,Shivakumar Bhat,2,4
8227,Anitha Desai,Kiran Reddy,2,7
8229,Chetan Prasad,Shivakumar Desai,2,6
8232,Fatima Patil,Pooja Desai,2,0
8235,Anitha Iyengar,Kiran Kulkarni,2,5
8238,Lakshmi Iyengar,Rekha Iyengar,2,4
8240,Manjunath Kumar,Ravi Bhat,2,3
8241,Manjunath Kumar,Rekha Iyengar,2,3
8242,Manjunath Kumar,Nagaraj Hegde,2,3
8243,Ravi Bhat,Rekha Iyengar,2,4
8251,Anitha Desai,Pooja Patil,2,0
8252,Girish Patil,Manjunath Bhat,2,0
8264,Prakash Reddy,Suresh Hegde,2,0
8266,Imran Kulkarni,Suresh Hegde,2,0
8267,Kiran Desai,Suresh Rao,2,0
8273,Manjunath Rao,Suresh Nayak,2,0
8275,Fatima Reddy,Yashwanth Patil,2,0
8281,Deepak Patil,Fatima Kulkarni,2,2
8286,Deepak Kulkarni,Shivakumar Desai,2,4
8287,Deepak Kulkarni,Imran Gowda,2,0
8288,Vinutha Kumar,Vinutha Prasad,2,0
8290,Kiran Iyengar,Vinutha Kumar,2,0
8291,Chetan Murthy,Nagaraj Nayak,2,0
8293,Ashwini Patil,Ravi Shetty,2,0
8299,Deepak Desai,Mary Murthy,2,8
8302,Bhavana Shetty,Fatima Naik,2,0
8309,Lakshmi Patil,Yashwanth Iyengar,2,7
8312,Fatima Shetty,Manjunath Naik,2,7
8314,Manjunath Murthy,Vinutha Patil,2,2
8315,Bhavana Kulkarni,Manjunath Murthy,2,0
8319,Girish Reddy,Nagaraj Naik,2,0
8322,Imran Patil,Yashwanth Reddy,2,5
8326,Imran Patil,Joseph Naik,2,5
8329,Anitha Prasad,Chetan Murthy,2,0
8336,Shivakumar Gowda,Shivakumar Naik,2,3
8345,Anitha Reddy,Manjunath Kulkarni,2,0
8346,Anitha Reddy,Yashwanth Murthy,2,6
8349,Imran Prasad,Manjunath Shetty,2,4
8354,Ashwini Desai,Girish Hegde,2,4
8359,Kiran Kumar,Shivakumar Hegde,2,1
8362,Deepak Shetty,Rekha Murthy,2,7
8365,Ashwini Bhat,Deepak Shetty,2,0
8372,Manjunath Desai,Vinutha Shetty,2,8
8376,Ashwini Bhat,Basavaraj Naik,2,0
8377,Ashwini Bhat,Nagaraj Naik,2,0
8379,Basavaraj Naik,Basavaraj Reddy,2,0
8380,Basavaraj Reddy,Nagaraj Naik,2,0
8381,Basavaraj Naik,Nagaraj Naik,2,0
8382,Ashwini Desai,Ashwini Nayak,2,0
8383,Joseph Hegde,Pooja Hegde,2,7
8388,Mary Patil,Ravi Gowda,2,3
8389,Nagaraj Iyengar,Shivakumar Desai,2,4
8399,Joseph Patil,Yashwanth Hegde,2,3
8400,Girish Kulkarni,Yashwanth Hegde,2,5
8401,Girish Kulkarni,Joseph Patil,2,5
8403,Joseph Naik,Manjunath Desai,2,5
8406,Fatima Reddy,Suresh Iyengar,2,0
8408,Deepak Reddy,Joseph Kulkarni,2,0
8409,Anitha Naik,Joseph Kulkarni,2,0
8412,Basavaraj Kumar,Fatima Rao,2,0
8416,Lakshmi Hegde,Nagaraj Prasad,2,1
8421,Joseph Gowda,Suresh Hegde,2,0
8422,Kiran Shetty,Rekha Murthy,2,7
8426,Ashwini Patil,Fatima Desai,2,0
8427,Fatima Desai,Pooja Kumar,2,8
8430,Chetan Desai,Prakash Kumar,2,0
8431,Pooja Desai,Prakash Kumar,2,0
8437,Bhavana Murthy,Manjunath Hegde,2,0
8438,Bhavana Murthy,Deepak Prasad,2,0
8440,Deepak Prasad,Manjunath Hegde,2,0
8452,Imran Reddy,Kiran Murthy,2,8
8454,Bhavana Kulkarni,Imran Reddy,2,0
8455,Kiran Murthy,Lakshmi Prasad,2,8
8457,Bhavana Kulkarni,Lakshmi Prasad,2,0
8458,Bhavana Kulkarni,Kiran Murthy,2,8
8461,Basavaraj Desai,Prakash Nayak,2,0
8463,Vinutha Shetty,Yashwanth Murthy,2,6
8465,Manjunath Rao,Shivakumar Desai,2,4
8467,Kiran Kumar,Rekha Murthy,2,7
8468,Kiran Nayak,Rekha Murthy,2,7
8473,Girish Reddy,Shivakumar Kulkarni,2,0
8474,Chetan Reddy,Girish Reddy,2,1
8478,Fatima Bhat,Joseph Bhat,2,0
8479,Joseph Bhat,Kiran Nayak,2,0
8480,Fatima Bhat,Kiran Nayak,2,0
8481,Chetan Shetty,Prakash Kumar,2,0
8483,Chetan Shetty,Pooja Gowda,2,3
8484,Joseph Nayak,Yashwanth Reddy,2,5
8486,Nagaraj Kulkarni,Nagaraj Rao,2,4
8487,Anitha Reddy,Nagaraj Rao,2,0
8488,Fatima Murthy,Kiran Bhat,2,0
8489,Ashwini Shetty,Suresh Murthy,2,0
8494,Deepak Desai,Fatima Gowda,2,1
8499,Girish Gowda,Nagaraj Reddy,2,6
8500,Fatima Iyengar,Vinutha Rao,2,1
8501,Manjunath Hegde,Pooja Rao,2,7
8504,Ashwini Nayak,Bhavana Kumar,2,0
8508,Vinutha Naik,Vinutha Shetty,2,0
8515,Anitha Murthy,Chetan Desai,2,0
8517,Anitha Murthy,Manjunath Iyengar,2,0
8523,Girish Nayak,Ravi Prasad,2,0
8530,Deepak Naik,Shivakumar Patil,2,0
8532,Ashwini Patil,Chetan Bhat,2,0
8533,Ashwini Iyengar,Ashwini Patil,2,4
8544,Basavaraj Reddy,Nagaraj Shetty,2,0
8551,Anitha Prasad,Vinutha Shetty,2,0
8555,Bhavana Kulkarni,Manjunath Prasad,2,0
8556,Ashwini Hegde,Bhavana Kulkarni,2,0
8558,Girish Kulkarni,Manjunath Prasad,2,5
8560,Ashwini Hegde,Manjunath Prasad,2,0
8561,Manjunath Prasad,Yashwanth Nayak,2,0
8563,Deepak Nayak,Prakash Murthy,2,0
8570,Shivakumar Desai,Shivakumar Naik,2,4
8571,Anitha Prasad,Prakash Hegde,2,0
8575,Ashwini Reddy,Yashwanth Rao,2,0
8581,Anitha Kumar,Anitha Nayak,2,0
8584,Anitha Kumar,Manjunath Kumar,2,3
8585,Joseph Prasad,Shivakumar Gowda,2,3
8587,Basavaraj Prasad,Prakash Rao,2,0
8589,Kiran Iyengar,Yashwanth Shetty,2,0
8590,Fatima Gowda,Lakshmi Bhat,2,1
8591,Lakshmi Bhat,Rekha Shetty,2,3
8600,Imran Iyengar,Lakshmi Iyengar,2,0
8603,Rekha Murthy,Yashwanth Hegde,2,7
8608,Basavaraj Gowda,Shivakumar Patil,2,0
8610,Nagaraj Shetty,Shivakumar Patil,2,0
8614,Ravi Kumar,Suresh Kumar,2,0
8616,Ravi Kumar,Yashwanth Patil,2,0
8618,Anitha Desai,Nagaraj Iyengar,2,0
8619,Anitha Desai,Girish Kumar,2,0
8624,Girish Kumar,Nagaraj Iyengar,2,0
8628,Kiran Naik,Kiran Patil,2,0
8630,Imran Gowda,Yashwanth Iyengar,2,7
8633,Kiran Patil,Yashwanth Iyengar,2,7
8634,Pooja Hegde,Yashwanth Iyengar,2,7
8636,Bhavana Shetty,Mary Naik,2,7
8638,Bhavana Shetty,Kiran Nayak,2,0
8639,Anitha Desai,Rekha Iyengar,2,4
8641,Bhavana Gowda,Lakshmi Naik,2,1
8646,Manjunath Patil,Nagaraj Bhat,2,3
8649,Suresh Desai,Yashwanth Gowda,2,0
8651,Ashwini Murthy,Chetan Bhat,2,0
8653,Joseph Iyengar,Nagaraj Desai,2,6
8654,Joseph Gowda,Joseph Iyengar,2,6
8663,Chetan Nayak,Ravi Patil,2,0
8664,Imran Reddy,Ravi Patil,2,0
8666,Fatima Patil,Imran Shetty,2,0
8667,Imran Shetty,Lakshmi Kulkarni,2,0
8668,Chetan Naik,Prakash Shetty,2,0
8671,Joseph Desai,Suresh Nayak,2,0
8675,Girish Rao,Joseph Iyengar,2,6
8677,Fatima Iyengar,Kiran Patil,2,1
8680,Joseph Kumar,Suresh Reddy,2,2
8682,Pooja Nayak,Prakash Prasad,2,0
8686,Chetan Hegde,Ravi Desai,2,0
8688,Basavaraj Prasad,Joseph Patil,2,3
8689,Rekha Shetty,Vinutha Reddy,2,3
8690,Lakshmi Reddy,Lakshmi Shetty,2,8
8692,Deepak Shetty,Joseph Hegde,2,7
8704,Imran Desai,Yashwanth Prasad,2,8
8707,Fatima Gowda,Imran Desai,2,1
8708,Anitha Iyengar,Fatima Gowda,2,1
8711,Bhavana Nayak,Imran Desai,2,2
8714,Bhavana Hegde,Prakash Shetty,2,0
8715,Chetan Kulkarni,Manjunath Hegde,2,0
8716,Manjunath Hegde,Manjunath Murthy,2,0
8720,Pooja Rao,Ravi Iyengar,2,7
8721,Nagaraj Bhat,Ravi Iyengar,2,3
8722,Nagaraj Bhat,Pooja Rao,2,3
8723,Imran Reddy,Prakash Kumar,2,0
8730,Imran Shetty,Rekha Kulkarni,2,0
8731,Fatima Bhat,Ravi Reddy,2,1
8736,Girish Reddy,Manjunath Iyengar,2,0
8738,Anitha Hegde,Yashwanth Hegde,2,0
8741,Imran Murthy,Suresh Reddy,2,0
8742,Deepak Rao,Pooja Reddy,2,7
8743,Pooja Reddy,Ravi Rao,2,0
8744,Manjunath Gowda,Nagaraj Rao,2,0
8749,Basavaraj Kulkarni,Yashwanth Shetty,2,0
8751,Shivakumar Shetty,Yashwanth Shetty,2,8
8752,Basavaraj Kulkarni,Deepak Iyengar,2,3
8757,Basavaraj Kumar,Nagaraj Gowda,2,0
8758,Basavaraj Shetty,Shivakumar Nayak,2,0
8761,Anitha Prasad,Shivakumar Nayak,2,0
8763,Girish Rao,Imran Rao,2,8
8765,Suresh Kumar,Vinutha Desai,2,0
8766,Shivakumar Hegde,Suresh Kumar,2,1
8768,Suresh Rao,Vinutha Kulkarni,2,0
8769,Nagaraj Murthy,Prakash Naik,2,2
8771,Deepak Kumar,Pooja Prasad,2,0
8773,Pooja Kulkarni,Ravi Kumar,2,0
8774,Ravi Kumar,Suresh Iyengar,2,0
8776,Pooja Kulkarni,Pooja Shetty,2,6
8777,Pooja Shetty,Suresh Iyengar,2,6
8778,Pooja Kulkarni,Ravi Reddy,2,1
8781,Bhavana Iyengar,Prakash Rao,2,0
8782,Basavaraj Naik,Bhavana Iyengar,2,0
8784,Joseph Iyengar,Kiran Desai,2,6
8786,Joseph Rao,Kiran Shetty,2,0
8791,Basavaraj Kulkarni,Manjunath Gowda,2,0
8798,Basavaraj Rao,Ravi Reddy,2,1
8799,Joseph Shetty,Yashwanth Kumar,2,4
8802,Joseph Patil,Ravi Reddy,2,3
8803,Imran Gowda,Joseph Murthy,2,0
8807,Joseph Murthy,Manjunath Gowda,2,0
8808,Joseph Murthy,Kiran Shetty,2,0
8809,Joseph Murthy,Suresh Desai,2,0
8810,Kiran Shetty,Manjunath Gowda,2,0
8813,Ravi Kumar,Yashwanth Gowda,2,0
8814,Anitha Naik,Shivakumar Gowda,2,3
8815,Anitha Naik,Lakshmi Murthy,2,0
8817,Bhavana Bhat,Girish Rao,2,0
8819,Girish Rao,Yashwanth Rao,2,0
8820,Lakshmi Kumar,Rekha Nayak,2,4
8822,Rekha Nayak,Rekha Reddy,2,8
8824,Deepak Iyengar,Girish Murthy,2,3
8825,Deepak Murthy,Mary Murthy,2,8
8826,Mary Murthy,Ravi Prasad,2,8
8828,Deepak Murthy,Ravi Prasad,2,0
8830,Ashwini Kumar,Nagaraj Kumar,2,0
8834,Fatima Desai,Girish Bhat,2,6
8836,Pooja Shetty,Suresh Kumar,2,6
8838,Girish Bhat,Vinutha Gowda,2,6
8841,Ashwini Iyengar,Kiran Prasad,2,4
8842,Kiran Prasad,Yashwanth Iyengar,2,7
8844,Deepak Desai,Rekha Patil,2,0
8846,Manjunath Iyengar,Mary Murthy,2,8
8849,Shivakumar Bhat,Vinutha Iyengar,2,0
8851,Fatima Gowda,Nagaraj Reddy,2,1
8853,Fatima Patil,Rekha Shetty,2,3
8856,Mary Bhat,Prakash Gowda,2,0
8860,Ashwini Hegde,Pooja Iyengar,2,5
8861,Kiran Bhat,Pooja Iyengar,2,5
8862,Ashwini Murthy,Basavaraj Nayak,2,0
8864,Fatima Kulkarni,Vinutha Kumar,2,3
8869,Ravi Murthy,Yashwanth Kumar,2,0
8870,Deepak Gowda,Imran Hegde,2,0
8871,Imran Hegde,Ravi Bhat,2,0
8872,Deepak Gowda,Ravi Bhat,2,0
8873,Lakshmi Prasad,Manjunath Bhat,2,0
8874,Deepak Desai,Lakshmi Prasad,2,0
8878,Mary Iyengar,Yashwanth Gowda,2,0
8882,Chetan Patil,Suresh Prasad,2,4
8884,Girish Patil,Manjunath Prasad,2,0
8885,Girish Patil,Lakshmi Naik,2,0
8887,Ashwini Gowda,Imran Prasad,2,0
8895,Basavaraj Nayak,Bhavana Naik,2,3
8896,Ashwini Desai,Manjunath Shetty,2,4
8897,Manjunath Shetty,Yashwanth Bhat,2,4
8899,Ashwini Desai,Bhavana Naik,2,3
8900,Ravi Hegde,Suresh Desai,2,0
8901,Anitha Murthy,Suresh Desai,2,0
8902,Basavaraj Kulkarni,Chetan Shetty,2,0
8905,Bhavana Naik,Ravi Shetty,2,3
8909,Deepak Rao,Vinutha Reddy,2,7
8921,Bhavana Shetty,Deepak Hegde,2,0
8923,Ravi Rao,Ravi Shetty,2,0
8925,Manjunath Murthy,Rekha Murthy,2,7
8940,Anitha Prasad,Lakshmi Prasad,2,0
8941,Anitha Prasad,Lakshmi Kulkarni,2,0
8942,Bhavana Kulkarni,Bhavana Murthy,2,0
8947,Girish Iyengar,Mary Prasad,2,0
8948,Fatima Reddy,Lakshmi Patil,2,0
8952,Shivakumar Desai,Yashwanth Murthy,2,4
8953,Prakash Naik,Yashwanth Murthy,2,2
8956,Girish Iyengar,Prakash Kumar,2,0
8957,Girish Iyengar,Vinutha Nayak,2,0
8960,Deepak Reddy,Prakash Kumar,2,0
8963,Manjunath Kulkarni,Pooja Nayak,2,0
8966,Girish Kumar,Kiran Kumar,2,0
8972,Joseph Desai,Mary Rao,2,0
8975,Fatima Kumar,Nagaraj Hegde,2,0
8977,Joseph Bhat,Shivakumar Iyengar,2,0
8978,Joseph Bhat,Ravi Nayak,2,1
8979,Ravi Nayak,Shivakumar Iyengar,2,1
8981,Chetan Murthy,Kiran Iyengar,2,0
8984,Fatima Gowda,Shivakumar Hegde,2,1
8985,Fatima Gowda,Girish Kumar,2,1
8986,Girish Kumar,Shivakumar Hegde,2,1
8987,Joseph Nayak,Rekha Nayak,2,8
8988,Basavaraj Desai,Joseph Nayak,2,0
8996,Deepak Patil,Ravi Kulkarni,2,2
8997,Mary Desai,Ravi Kulkarni,2,0
9001,Pooja Kumar,Prakash Gowda,2,8
9002,Anitha Naik,Mary Reddy,2,5
9006,Joseph Hegde,Lakshmi Prasad,2,7
9007,Lakshmi Prasad,Prakash Naik,2,2
9012,Pooja Rao,Shivakumar Prasad,2,7
9026,Imran Murthy,Vinutha Gowda,2,0
9038,Lakshmi Prasad,Vinutha Nayak,2,0
9046,Prakash Hegde,Vinutha Kulkarni,2,0
9047,Anitha Reddy,Vinutha Kulkarni,2,0
9048,Ashwini Kulkarni,Nagaraj Rao,2,0
9050,Ashwini Kulkarni,Fatima Nayak,2,0
9052,Chetan Murthy,Mary Iyengar,2,0
9058,Deepak Naik,Prakash Iyengar,2,5
9059,Fatima Rao,Prakash Iyengar,2,5
9063,Pooja Murthy,Suresh Murthy,2,0
9072,Basavaraj Iyengar,Lakshmi Iyengar,2,3
9074,Basavaraj Iyengar,Imran Shetty,2,3
9076,Kiran Reddy,Prakash Patil,2,7
9077,Kiran Reddy,Lakshmi Iyengar,2,7
9078,Anitha Naik,Imran Hegde,2,0
9085,Bhavana Iyengar,Suresh Patil,2,0
9086,Joseph Desai,Suresh Patil,2,0
9087,Bhavana Iyengar,Joseph Desai,2,0
9089,Ashwini Rao,Kiran Naik,2,0
9094,Basavaraj Gowda,Ravi Shetty,2,0
9097,Fatima Rao,Ravi Shetty,2,0
9098,Ashwini Iyengar,Ravi Shetty,2,4
9102,Kiran Reddy,Shivakumar Hegde,2,7
9105,Ashwini Rao,Ravi Hegde,2,0
9107,Chetan Bhat,Mary Patil,2,0
9108,Mary Patil,Shivakumar Bhat,2,0
9111,Manjunath Murthy,Pooja Gowda,2,3
9112,Bhavana Shetty,Pooja Gowda,2,3
9113,Mary Desai,Pooja Gowda,2,3
9115,Bhavana Shetty,Manjunath Murthy,2,0
9116,Manjunath Murthy,Mary Desai,2,0
9118,Bhavana Shetty,Mary Desai,2,0
9122,Prakash Patil,Vinutha Naik,2,0
9124,Kiran Hegde,Nagaraj Prasad,2,3
9128,Basavaraj Kulkarni,Lakshmi Naik,2,0
9130,Joseph Murthy,Yashwanth Kumar,2,0
9135,Girish Nayak,Manjunath Shetty,2,4
9140,Deepak Kulkarni,Lakshmi Reddy,2,8
9142,Ashwini Naik,Ravi Desai,2,5
9146,Ashwini Naik,Imran Gowda,2,5
9149,Prakash Prasad,Rekha Kumar,2,0
9157,Rekha Prasad,Suresh Iyengar,2,0
9158,Nagaraj Kulkarni,Suresh Iyengar,2,4
9159,Basavaraj Desai,Pooja Reddy,2,0
9160,Pooja Reddy,Vinutha Kulkarni,2,0
9162,Pooja Prasad,Pooja Reddy,2,0
9163,Basavaraj Desai,Vinutha Kulkarni,2,0
9166,Ravi Bhat,Vinutha Kulkarni,2,0
9167,Pooja Prasad,Ravi Bhat,2,0
9168,Ravi Iyengar,Yashwanth Bhat,2,3
9170,Chetan Naik,Deepak Nayak,2,0
9178,Bhavana Prasad,Fatima Desai,2,3
9179,Basavaraj Naik,Fatima Desai,2,0
9183,Basavaraj Naik,Yashwanth Murthy,2,6
9186,Mary Reddy,Nagaraj Prasad,2,5
9187,Mary Reddy,Rekha Kumar,2,5
9191,Kiran Naik,Shivakumar Naik,2,5
9192,Deepak Desai,Ravi Gowda,2,3
9195,Ravi Gowda,Suresh Hegde,2,3
9197,Basavaraj Patil,Nagaraj Reddy,2,2
9200,Chetan Prasad,Shivakumar Shetty,2,6
9203,Lakshmi Bhat,Suresh Murthy,2,0
9204,Chetan Reddy,Suresh Murthy,2,1
9206,Bhavana Gowda,Shivakumar Kumar,2,1
9210,Bhavana Gowda,Girish Hegde,2,1
9211,Bhavana Gowda,Prakash Iyengar,2,1
9212,Girish Hegde,Prakash Shetty,2,4
9217,Joseph Hegde,Pooja Shetty,2,7
9218,Chetan Desai,Manjunath Gowda,2,0
9220,Ashwini Prasad,Mary Murthy,2,8
9223,Kiran Patil,Suresh Kumar,2,0
9225,Lakshmi Nayak,Suresh Kumar,2,1
9231,Lakshmi Nayak,Prakash Murthy,2,1
9232,Chetan Kumar,Joseph Prasad,2,0
9234,Nagaraj Patil,Yashwanth Shetty,2,2
9236,Imran Prasad,Lakshmi Kumar,2,4
9251,Fatima Desai,Lakshmi Murthy,2,0
9254,Bhavana Kulkarni,Pooja Desai,2,0
9258,Fatima Prasad,Imran Rao,2,8
9262,Bhavana Patil,Ravi Nayak,2,1
9266,Anitha Nayak,Shivakumar Kulkarni,2,0
9273,Suresh Prasad,Yashwanth Kumar,2,0
9279,Prakash Kumar,Ravi Rao,2,0
9281,Lakshmi Iyengar,Manjunath Rao,2,0
9284,Ashwini Patil,Mary Naik,2,7
9285,Ashwini Patil,Joseph Kulkarni,2,0
9288,Chetan Naik,Fatima Nayak,2,0
9290,Deepak Iyengar,Nagaraj Gowda,2,3
9291,Basavaraj Naik,Joseph Murthy,2,0
9293,Kiran Murthy,Nagaraj Prasad,2,8
9295,Kiran Murthy,Suresh Prasad,2,8
9297,Pooja Desai,Ravi Murthy,2,0
9299,Joseph Iyengar,Rekha Murthy,2,6
9301,Kiran Prasad,Rekha Rao,2,0
9306,Rekha Rao,Rekha Shetty,2,3
9311,Nagaraj Shetty,Rekha Nayak,2,8
9312,Chetan Kulkarni,Imran Shetty,2,0
9317,Lakshmi Bhat,Suresh Hegde,2,0
9318,Chetan Shetty,Joseph Gowda,2,0
9323,Anitha Bhat,Vinutha Shetty,2,7
9326,Deepak Murthy,Mary Hegde,2,5
9327,Ashwini Desai,Deepak Murthy,2,0
9330,Bhavana Shetty,Ravi Iyengar,2,0
9331,Bhavana Patil,Bhavana Shetty,2,0
9332,Bhavana Reddy,Vinutha Hegde,2,0
9333,Bhavana Reddy,Chetan Reddy,2,1
9337,Suresh Nayak,Yashwanth Kumar,2,0
9338,Manjunath Shetty,Yashwanth Kumar,2,4
9348,Anitha Bhat,Prakash Rao,2,7
9350,Anitha Bhat,Imran Rao,2,7
9354,Mary Iyengar,Ravi Kulkarni,2,0
9356,Ashwini Iyengar,Mary Iyengar,2,4
9357,Chetan Patil,Yashwanth Bhat,2,4
9358,Anitha Reddy,Yashwanth Rao,2,0
9369,Manjunath Kumar,Mary Murthy,2,3
9370,Joseph Reddy,Lakshmi Kulkarni,2,2
9371,Fatima Kumar,Lakshmi Kulkarni,2,0
9372,Lakshmi Kulkarni,Manjunath Kumar,2,3
9378,Nagaraj Prasad,Suresh Nayak,2,0
9379,Joseph Bhat,Rekha Shetty,2,3
9381,Bhavana Shetty,Prakash Murthy,2,0
9382,Bhavana Shetty,Pooja Reddy,2,0
9383,Fatima Rao,Prakash Rao,2,0
9385,Deepak Rao,Joseph Gowda,2,7
9389,Deepak Hegde,Lakshmi Shetty,2,0
9392,Pooja Bhat,Yashwanth Desai,2,5
9394,Ashwini Shetty,Yashwanth Desai,2,0
9398,Ashwini Desai,Pooja Bhat,2,5
9402,Chetan Shetty,Ravi Kulkarni,2,0
9404,Deepak Bhat,Nagaraj Rao,2,0
9408,Ashwini Desai,Mary Rao,2,0
9410,Ashwini Desai,Vinutha Desai,2,0
9414,Bhavana Nayak,Manjunath Kumar,2,2
9415,Fatima Gowda,Ravi Desai,2,1
9416,Lakshmi Kulkarni,Rekha Murthy,2,7
9417,Ravi Patil,Yashwanth Kulkarni,2,0
9426,Rekha Murthy,Vinutha Prasad,2,7
9427,Deepak Rao,Rekha Murthy,2,7
9428,Chetan Kulkarni,Lakshmi Iyengar,2,0
9429,Lakshmi Iyengar,Prakash Kulkarni,2,7
9434,Anitha Nayak,Rekha Murthy,2,7
9436,Basavaraj Kumar,Deepak Prasad,2,0
9439,Ashwini Patil,Pooja Gowda,2,3
9441,Imran Naik,Ravi Nayak,2,1
9442,Deepak Bhat,Pooja Naik,2,0
9446,Kiran Iyengar,Pooja Kulkarni,2,0
9453,Ashwini Kumar,Manjunath Desai,2,8
9459,Lakshmi Prasad,Mary Bhat,2,0
9462,Lakshmi Gowda,Ravi Hegde,2,0
9466,Basavaraj Gowda,Manjunath Iyengar,2,0
9467,Basavaraj Gowda,Deepak Hegde,2,0
9471,Anitha Rao,Fatima Shetty,2,4
9472,Lakshmi Bhat,Nagaraj Naik,2,0
9474,Lakshmi Bhat,Mary Hegde,2,5
9476,Ashwini Shetty,Girish Desai,2,0
9480,Ashwini Shetty,Mary Iyengar,2,0
9481,Chetan Nayak,Lakshmi Bhat,2,0
9485,Shivakumar Hegde,Suresh Shetty,2,1
9488,Pooja Iyengar,Yashwanth Kumar,2,5
9490,Anitha Shetty,Imran Desai,2,8
9494,Anitha Shetty,Bhavana Kulkarni,2,0
9501,Girish Reddy,Nagaraj Bhat,2,3
9504,Prakash Gowda,Rekha Rao,2,0
9506,Joseph Iyengar,Prakash Gowda,2,6
9507,Imran Naik,Rekha Murthy,2,7
9508,Imran Naik,Lakshmi Bhat,2,0
9512,Rekha Nayak,Vinutha Naik,2,8
9514,Deepak Patil,Vinutha Naik,2,2
9517,Ashwini Kumar,Girish Murthy,2,0
9521,Imran Murthy,Kiran Bhat,2,0
9523,Imran Gowda,Kiran Bhat,2,0
9528,Ashwini Bhat,Imran Nayak,2,0
9531,Chetan Bhat,Yashwanth Prasad,2,0
9532,Girish Patil,Imran Hegde,2,0
9540,Ashwini Desai,Mary Naik,2,7
9545,Fatima Rao,Imran Patil,2,0
9547,Ashwini Rao,Imran Gowda,2,0
9548,Ashwini Rao,Bhavana Shetty,2,0
9557,Kiran Rao,Mary Nayak,2,0
9560,Pooja Shetty,Vinutha Desai,2,6
9572,Mary Iyengar,Yashwanth Rao,2,0
9576,Chetan Naik,Vinutha Kumar,2,0
9579,Fatima Gowda,Pooja Bhat,2,1
9580,Kiran Naik,Ravi Desai,2,0
9581,Nagaraj Iyengar,Ravi Desai,2,0
9583,Pooja Rao,Vinutha Iyengar,2,7
9584,Mary Hegde,Vinutha Iyengar,2,5
9585,Girish Patil,Vinutha Iyengar,2,0
9586,Pooja Rao,Ravi Kumar,2,7
9587,Mary Hegde,Ravi Kumar,2,5
9590,Girish Patil,Pooja Rao,2,7
9593,Girish Bhat,Suresh Desai,2,6
9596,Prakash Murthy,Rekha Prasad,2,0
9598,Manjunath Patil,Mary Bhat,2,0
9602,Imran Hegde,Prakash Murthy,2,0
9603,Suresh Naik,Vinutha Hegde,2,0
9605,Lakshmi Desai,Lakshmi Shetty,2,0
9610,Lakshmi Nayak,Nagaraj Hegde,2,1
9616,Basavaraj Gowda,Prakash Reddy,2,0
9618,Fatima Desai,Fatima Kumar,2,0
9619,Basavaraj Gowda,Fatima Desai,2,0
9621,Basavaraj Gowda,Deepak Murthy,2,0
9631,Deepak Patil,Shivakumar Nayak,2,2
9632,Chetan Shetty,Nagaraj Hegde,2,0
9633,Nagaraj Hegde,Pooja Gowda,2,3
9634,Girish Shetty,Prakash Prasad,2,0
9635,Girish Rao,Imran Gowda,2,0
9636,Imran Gowda,Manjunath Iyengar,2,0
9637,Bhavana Kulkarni,Chetan Bhat,2,0
9639,Bhavana Shetty,Suresh Prasad,2,0
9641,Imran Kumar,Rekha Desai,2,0
9642,Ashwini Murthy,Imran Kumar,2,0
9643,Manjunath Bhat,Ravi Reddy,2,1
9647,Anitha Bhat,Yashwanth Gowda,2,7
9648,Bhavana Iyengar,Deepak Rao,2,7
9649,Chetan Naik,Nagaraj Reddy,2,7
9651,Chetan Naik,Girish Iyengar,2,0
9653,Rekha Naik,Vinutha Reddy,2,0
9654,Joseph Murthy,Vinutha Reddy,2,0
9659,Anitha Patil,Girish Patil,2,0
9668,Deepak Prasad,Kiran Kumar,2,0
9674,Basavaraj Desai,Vinutha Hegde,2,0
9681,Fatima Gowda,Fatima Patil,2,1
9684,Basavaraj Shetty,Lakshmi Gowda,2,0
9685,Prakash Nayak,Ravi Kumar,2,0
9686,Basavaraj Bhat,Manjunath Prasad,2,2
9688,Joseph Iyengar,Kiran Kulkarni,2,6
9694,Nagaraj Rao,Vinutha Murthy,2,0
9695,Bhavana Kumar,Suresh Bhat,2,7
9696,Bhavana Kumar,Suresh Gowda,2,0
9699,Lakshmi Gowda,Manjunath Reddy,2,0
9700,Fatima Nayak,Manjunath Reddy,2,0
9701,Ravi Nayak,Yashwanth Hegde,2,1
9702,Deepak Hegde,Ravi Nayak,2,1
9705,Girish Reddy,Yashwanth Kumar,2,0
9706,Girish Reddy,Ravi Nayak,2,1
9709,Manjunath Patil,Prakash Bhat,2,0
9713,Pooja Desai,Yashwanth Shetty,2,0
9714,Basavaraj Naik,Mary Rao,2,0
9721,Lakshmi Rao,Rekha Iyengar,2,7
9731,Chetan Shetty,Nagaraj Prasad,2,0
9733,Chetan Murthy,Nagaraj Murthy,2,0
9736,Shivakumar Murthy,Shivakumar Reddy,2,0
9737,Girish Kulkarni,Ravi Rao,2,5
9738,Ravi Rao,Shivakumar Naik,2,5
9743,Lakshmi Murthy,Mary Shetty,2,0
9745,Anitha Reddy,Basavaraj Shetty,2,0
9748,Kiran Iyengar,Suresh Rao,2,0
9750,Ravi Desai,Vinutha Kulkarni,2,0
9751,Fatima Kulkarni,Girish Patil,2,3
9752,Girish Hegde,Mary Rao,2,4
9756,Chetan Desai,Chetan Nayak,2,0
9758,Chetan Nayak,Joseph Desai,2,0
9759,Rekha Rao,Yashwanth Nayak,2,0
9760,Lakshmi Rao,Yashwanth Nayak,2,7
9761,Lakshmi Rao,Rekha Rao,2,7
9763,Basavaraj Naik,Suresh Patil,2,0
9768,Kiran Patil,Vinutha Nayak,2,0
9772,Anitha Nayak,Imran Naik,2,0
9777,Basavaraj Kulkarni,Mary Gowda,2,0
9778,Basavaraj Kulkarni,Shivakumar Desai,2,4
9779,Joseph Prasad,Vinutha Bhat,2,0
9782,Joseph Prasad,Kiran Gowda,2,0
9785,Basavaraj Shetty,Kiran Gowda,2,0
9787,Lakshmi Kulkarni,Vinutha Shetty,2,0
9789,Girish Patil,Lakshmi Kulkarni,2,0
9797,Girish Desai,Joseph Hegde,2,7
9799,Imran Hegde,Kiran Hegde,2,3
9801,Imran Hegde,Manjunath Patil,2,0
9804,Chetan Reddy,Imran Rao,2,1
9805,Lakshmi Iyengar,Rekha Bhat,2,0
9806,Kiran Iyengar,Kiran Reddy,2,7
9810,Imran Reddy,Kiran Reddy,2,7
9812,Imran Reddy,Kiran Bhat,2,0
9813,Imran Rao,Kiran Bhat,2,8
9816,Kiran Shetty,Vinutha Prasad,2,0
9826,Anitha Patil,Anitha Prasad,2,0
9828,Prakash Kumar,Rekha Iyengar,2,4
9829,Lakshmi Reddy,Rekha Iyengar,2,8
9831,Shivakumar Patil,Yashwanth Hegde,2,0
9836,Fatima Patil,Shivakumar Kulkarni,2,0
9837,Deepak Kulkarni,Fatima Patil,2,0
9838,Deepak Nayak,Pooja Murthy,2,0
9845,Joseph Nayak,Vinutha Hegde,2,0
9846,Bhavana Desai,Joseph Nayak,2,5
9847,Nagaraj Bhat,Pooja Gowda,2,3
9850,Girish Kumar,Kiran Murthy,2,8
9863,Kiran Desai,Manjunath Shetty,2,4
9864,Kiran Desai,Ravi Naik,2,7
9871,Ashwini Rao,Yashwanth Prasad,2,0
9873,Deepak Rao,Yashwanth Prasad,2,7
9877,Pooja Hegde,Pooja Patil,2,0
9882,Fatima Gowda,Lakshmi Iyengar,2,1
9884,Deepak Prasad,Vinutha Prasad,2,0
9887,Deepak Prasad,Fatima Gowda,2,1
9891,Bhavana Prasad,Suresh Kulkarni,2,3
9893,Basavaraj Shetty,Kiran Naik,2,0
9896,Basavaraj Shetty,Rekha Reddy,2,0
9899,Basavaraj Bhat,Fatima Naik,2,2
9900,Joseph Bhat,Shivakumar Hegde,2,1
9907,Girish Murthy,Manjunath Patil,2,0
9910,Ashwini Gowda,Shivakumar Bhat,2,0
9911,Anitha Naik,Kiran Rao,2,0
9913,Kiran Rao,Rekha Prasad,2,0
9926,Manjunath Bhat,Suresh Nayak,2,0
9927,Imran Prasad,Suresh Nayak,2,0
9929,Ashwini Naik,Basavaraj Naik,2,5
9930,Imran Patil,Kiran Nayak,2,0
9933,Pooja Bhat,Suresh Rao,2,5
9934,Girish Shetty,Suresh Rao,2,0
9942,Manjunath Bhat,Rekha Prasad,2,0
9947,Girish Naik,Rekha Reddy,2,0
9949,Kiran Kumar,Prakash Reddy,2,0
9952,Lakshmi Hegde,Shivakumar Shetty,2,1
9953,Chetan Bhat,Lakshmi Murthy,2,0
9954,Chetan Bhat,Lakshmi Kulkarni,2,0
9957,Anitha Murthy,Anitha Shetty,2,0
9960,Anitha Murthy,Bhavana Murthy,2,0
9963,Basavaraj Bhat,Imran Kumar,2,2
9968,Fatima Patil,Lakshmi Prasad,2,0
9970,Fatima Reddy,Ravi Patil,2,0
9972,Fatima Reddy,Prakash Kumar,2,0
9974,Prakash Kumar,Ravi Patil,2,0
9976,Ashwini Prasad,Mary Desai,2,0
9979,Vinutha Gowda,Yashwanth Naik,2,0
9981,Imran Kumar,Yashwanth Naik,2,0
9982,Manjunath Gowda,Vinutha Gowda,2,0
9983,Basavaraj Iyengar,Manjunath Gowda,2,3
9984,Imran Kumar,Manjunath Gowda,2,0
9986,Imran Kumar,Vinutha Gowda,2,0
9987,Basavaraj Iyengar,Imran Kumar,2,3
9992,Imran Desai,Nagaraj Patil,2,8
9993,Joseph Kulkarni,Manjunath Kumar,2,3
9995,Deepak Prasad,Joseph Naik,2,5
9997,Manjunath Kulkarni,Mary Kumar,2,0
9999,Deepak Prasad,Mary Kumar,2,0
10006,Basavaraj Shetty,Imran Bhat,2,0
10009,Manjunath Nayak,Pooja Murthy,2,5
10010,Manjunath Nayak,Prakash Gowda,2,5
10011,Pooja Murthy,Prakash Gowda,2,0
10013,Ashwini Shetty,Fatima Kumar,2,0
10017,Ashwini Kulkarni,Shivakumar Gowda,2,3
10023,Deepak Rao,Fatima Patil,2,7
10024,Ashwini Hegde,Girish Nayak,2,0
10027,Rekha Shetty,Suresh Naik,2,3
10030,Anitha Rao,Kiran Hegde,2,4
10031,Pooja Iyengar,Prakash Gowda,2,5
10034,Chetan Bhat,Imran Hegde,2,0
10035,Deepak Kumar,Imran Hegde,2,0
10036,Chetan Bhat,Mary Murthy,2,8
10040,Chetan Bhat,Deepak Rao,2,7
10047,Manjunath Reddy,Prakash Hegde,2,0
10048,Anitha Naik,Prakash Reddy,2,0
10050,Joseph Gowda,Prakash Reddy,2,0
10052,Girish Kulkarni,Shivakumar Shetty,2,5
10055,Prakash Kulkarni,Ravi Reddy,2,7
10056,Prakash Kulkarni,Vinutha Hegde,2,7
10057,Ravi Reddy,Vinutha Hegde,2,1
10061,Basavaraj Naik,Suresh Naik,2,0
10063,Joseph Iyengar,Suresh Naik,2,6
10067,Ashwini Rao,Suresh Naik,2,0
10068,Fatima Murthy,Prakash Desai,2,0
10069,Deepak Prasad,Fatima Murthy,2,0
10072,Suresh Shetty,Vinutha Hegde,2,0
10075,Ravi Reddy,Vinutha Kumar,2,1
10078,Rekha Shetty,Shivakumar Murthy,2,3
10081,Joseph Murthy,Yashwanth Murthy,2,6
10084,Anitha Naik,Manjunath Iyengar,2,0
10086,Anitha Naik,Chetan Bhat,2,0
10088,Basavaraj Patil,Kiran Reddy,2,2
10089,Kiran Reddy,Vinutha Shetty,2,7
10090,Girish Iyengar,Nagaraj Iyengar,2,0
10093,Deepak Kumar,Girish Patil,2,0
10094,Chetan Gowda,Deepak Kumar,2,0
10098,Anitha Shetty,Rekha Shetty,2,3
10106,Chetan Nayak,Ravi Shetty,2,0
10107,Girish Nayak,Joseph Patil,2,3
10110,Nagaraj Prasad,Ravi Shetty,2,0
10111,Fatima Kulkarni,Ravi Shetty,2,3
10112,Basavaraj Hegde,Nagaraj Prasad,2,0
10116,Deepak Hegde,Ravi Prasad,2,0
10117,Deepak Hegde,Kiran Naik,2,0
10118,Deepak Hegde,Mary Desai,2,0
10121,Mary Desai,Shivakumar Murthy,2,0
10123,Mary Desai,Ravi Prasad,2,0
10129,Ashwini Desai,Mary Iyengar,2,0
10138,Mary Bhat,Pooja Bhat,2,5
10146,Imran Nayak,Rekha Bhat,2,0
10147,Joseph Shetty,Rekha Bhat,2,4
10149,Imran Nayak,Rekha Murthy,2,7
10150,Imran Nayak,Shivakumar Rao,2,0
10152,Imran Nayak,Joseph Shetty,2,4
10155,Ravi Rao,Rekha Kumar,2,0
10157,Anitha Desai,Basavaraj Gowda,2,0
10161,Basavaraj Gowda,Yashwanth Kulkarni,2,0
10163,Basavaraj Gowda,Chetan Kulkarni,2,0
10164,Anitha Prasad,Yashwanth Kulkarni,2,0
10168,Prakash Kulkarni,Shivakumar Patil,2,7
10169,Deepak Prasad,Prakash Kulkarni,2,7
10170,Deepak Prasad,Shivakumar Patil,2,0
10171,Joseph Reddy,Pooja Kulkarni,2,2
10172,Mary Murthy,Rekha Kulkarni,2,8
10173,Mary Murthy,Vinutha Rao,2,8
10174,Mary Bhat,Rekha Kulkarni,2,0
10177,Basavaraj Prasad,Bhavana Hegde,2,0
10178,Manjunath Desai,Manjunath Reddy,2,8
10179,Deepak Naik,Mary Shetty,2,0
10180,Deepak Naik,Girish Kulkarni,2,5
10181,Girish Kulkarni,Mary Shetty,2,5
10182,Prakash Shetty,Vinutha Kumar,2,0
10183,Shivakumar Kulkarni,Vinutha Kumar,2,0
10184,Nagaraj Nayak,Vinutha Hegde,2,0
10185,Ashwini Gowda,Ashwini Reddy,2,0
10187,Bhavana Kumar,Prakash Rao,2,0
10191,Kiran Bhat,Yashwanth Reddy,2,5
10196,Basavaraj Hegde,Mary Iyengar,2,0
10202,Chetan Bhat,Rekha Bhat,2,0
10203,Chetan Bhat,Suresh Shetty,2,0
10205,Mary Nayak,Suresh Kumar,2,0
10206,Joseph Nayak,Mary Nayak,2,0
10207,Bhavana Shetty,Nagaraj Patil,2,2
10208,Manjunath Kumar,Nagaraj Reddy,2,3
10211,Fatima Nayak,Shivakumar Kumar,2,0
10212,Fatima Nayak,Shivakumar Iyengar,2,0
10213,Shivakumar Iyengar,Shivakumar Kumar,2,0
10216,Joseph Rao,Vinutha Nayak,2,0
10220,Kiran Nayak,Shivakumar Iyengar,2,0
10221,Vinutha Murthy,Vinutha Nayak,2,0
10223,Shivakumar Iyengar,Vinutha Murthy,2,0
10227,Girish Iyengar,Lakshmi Rao,2,7
10230,Basavaraj Desai,Girish Iyengar,2,0
10231,Basavaraj Desai,Yashwanth Kumar,2,0
10232,Basavaraj Desai,Mary Patil,2,0
10234,Girish Iyengar,Mary Patil,2,0
10237,Deepak Hegde,Mary Hegde,2,5
10238,Anitha Kumar,Deepak Hegde,2,0
10241,Chetan Iyengar,Nagaraj Nayak,2,0
10244,Bhavana Gowda,Ravi Kumar,2,1
10246,Joseph Naik,Nagaraj Nayak,2,5
10247,Joseph Prasad,Kiran Kumar,2,0
10248,Mary Iyengar,Ravi Kumar,2,0
10253,Anitha Nayak,Chetan Naik,2,0
10254,Anitha Nayak,Joseph Reddy,2,2
10255,Lakshmi Desai,Prakash Kumar,2,0
10256,Fatima Kulkarni,Imran Kumar,2,3
10257,Joseph Shetty,Mary Kumar,2,4
10260,Basavaraj Desai,Kiran Shetty,2,0
10263,Imran Shetty,Rekha Bhat,2,0
10267,Shivakumar Kulkarni,Vinutha Bhat,2,0
10268,Chetan Kumar,Kiran Iyengar,2,0
10271,Ashwini Iyengar,Fatima Patil,2,4
10277,Deepak Shetty,Yashwanth Gowda,2,0
10278,Rekha Gowda,Yashwanth Gowda,2,0
10279,Bhavana Patil,Ravi Reddy,2,1
10280,Imran Iyengar,Prakash Reddy,2,0
10283,Shivakumar Shetty,Suresh Murthy,2,8
10289,Prakash Kulkarni,Vinutha Reddy,2,7
10303,Ravi Patil,Suresh Prasad,2,0
10307,Deepak Hegde,Imran Gowda,2,0
10314,Girish Gowda,Prakash Rao,2,6
10316,Manjunath Kumar,Manjunath Prasad,2,3
10319,Nagaraj Naik,Pooja Nayak,2,0
10320,Bhavana Kulkarni,Rekha Desai,2,0
10322,Ashwini Bhat,Bhavana Prasad,2,3
10332,Lakshmi Prasad,Vinutha Gowda,2,0
10335,Kiran Hegde,Manjunath Kumar,2,3
10340,Anitha Kulkarni,Nagaraj Rao,2,0
10343,Chetan Rao,Prakash Gowda,2,0
10345,Joseph Murthy,Mary Shetty,2,0
10348,Girish Shetty,Joseph Murthy,2,0
10351,Lakshmi Bhat,Shivakumar Reddy,2,0
10352,Lakshmi Bhat,Mary Rao,2,0
10359,Kiran Patil,Pooja Rao,2,7
10360,Kiran Patil,Ravi Bhat,2,0
10366,Fatima Kulkarni,Girish Desai,2,3
10370,Deepak Bhat,Pooja Gowda,2,3
10373,Deepak Gowda,Shivakumar Gowda,2,3
10375,Ravi Rao,Shivakumar Gowda,2,3
10376,Ravi Rao,Yashwanth Nayak,2,0
10377,Prakash Prasad,Shivakumar Gowda,2,3
10379,Shivakumar Gowda,Yashwanth Nayak,2,3
10380,Pooja Reddy,Ravi Shetty,2,0
10381,Anitha Kumar,Ashwini Gowda,2,0
10389,Anitha Prasad,Rekha Patil,2,0
10390,Anitha Prasad,Shivakumar Kulkarni,2,0
10391,Rekha Patil,Shivakumar Kulkarni,2,0
10395,Rekha Desai,Vinutha Iyengar,2,0
10398,Imran Bhat,Suresh Hegde,2,0
10400,Ashwini Nayak,Joseph Rao,2,0
10401,Basavaraj Kumar,Vinutha Desai,2,0
10410,Joseph Nayak,Rekha Kumar,2,0
10412,Manjunath Reddy,Rekha Kumar,2,0
10414,Joseph Nayak,Rekha Prasad,2,0
10417,Chetan Murthy,Manjunath Kulkarni,2,0
10419,Fatima Kulkarni,Prakash Prasad,2,3
10421,Kiran Rao,Yashwanth Naik,2,0
10427,Lakshmi Shetty,Yashwanth Murthy,2,6
10430,Kiran Desai,Yashwanth Murthy,2,6
10432,Chetan Reddy,Suresh Prasad,2,1
10434,Lakshmi Shetty,Yashwanth Hegde,2,0
10435,Ashwini Kumar,Bhavana Hegde,2,0
10440,Suresh Gowda,Suresh Kumar,2,0
10446,Basavaraj Desai,Girish Desai,2,0
10449,Basavaraj Desai,Yashwanth Iyengar,2,7
10452,Basavaraj Bhat,Bhavana Iyengar,2,2
10453,Kiran Shetty,Prakash Prasad,2,0
10455,Basavaraj Iyengar,Ravi Nayak,2,3
10461,Mary Kulkarni,Rekha Gowda,2,0
10462,Joseph Gowda,Mary Kulkarni,2,0
10466,Deepak Reddy,Ravi Gowda,2,3
10467,Mary Iyengar,Ravi Gowda,2,3
10468,Deepak Reddy,Mary Iyengar,2,0
10469,Girish Iyengar,Vinutha Iyengar,2,0
10478,Deepak Naik,Lakshmi Naik,2,0
10484,Bhavana Shetty,Prakash Kulkarni,2,7
10485,Prakash Bhat,Prakash Gowda,2,0
10490,Pooja Gowda,Suresh Patil,2,3
10491,Prakash Gowda,Suresh Patil,2,0
10494,Pooja Gowda,Prakash Gowda,2,3
10497,Basavaraj Iyengar,Prakash Gowda,2,3
10499,Deepak Iyengar,Lakshmi Nayak,2,3
10501,Imran Gowda,Suresh Iyengar,2,0
10503,Imran Gowda,Yashwanth Prasad,2,0
10508,Imran Murthy,Mary Rao,2,0
10509,Imran Murthy,Mary Kulkarni,2,0
10511,Imran Nayak,Vinutha Gowda,2,0
10512,Imran Nayak,Mary Kulkarni,2,0
10513,Mary Rao,Vinutha Gowda,2,0
10514,Mary Kulkarni,Mary Rao,2,0
10517,Bhavana Murthy,Chetan Desai,2,0
10519,Mary Reddy,Pooja Prasad,2,5
10525,Chetan Shetty,Girish Iyengar,2,0
10526,Fatima Iyengar,Pooja Kumar,2,1
10533,Basavaraj Shetty,Manjunath Bhat,2,0
10536,Kiran Shetty,Shivakumar Murthy,2,0
10543,Ravi Iyengar,Vinutha Bhat,2,0
10545,Fatima Patil,Manjunath Patil,2,0
10546,Chetan Gowda,Manjunath Patil,2,0
10549,Chetan Bhat,Fatima Hegde,2,0
10551,Chetan Bhat,Girish Prasad,2,0
10553,Fatima Hegde,Kiran Naik,2,0
10554,Fatima Hegde,Girish Prasad,2,0
10555,Bhavana Naik,Fatima Hegde,2,3
10558,Prakash Murthy,Shivakumar Nayak,2,0
10560,Girish Murthy,Girish Prasad,2,0
10563,Imran Bhat,Vinutha Naik,2,0
10565,Joseph Murthy,Joseph Shetty,2,4
10569,Deepak Iyengar,Manjunath Kumar,2,3
10577,Anitha Naik,Prakash Bhat,2,0
10578,Mary Reddy,Ravi Nayak,2,5
10583,Ashwini Kulkarni,Mary Shetty,2,0
10585,Anitha Rao,Bhavana Murthy,2,4
10587,Imran Kulkarni,Vinutha Reddy,2,0
10591,Manjunath Patil,Prakash Kumar,2,0
10592,Basavaraj Prasad,Girish Iyengar,2,0
10593,Kiran Murthy,Prakash Reddy,2,8
10596,Fatima Rao,Yashwanth Desai,2,0
10597,Lakshmi Naik,Vinutha Naik,2,0
10604,Girish Nayak,Kiran Hegde,2,3
10612,Rekha Kumar,Yashwanth Iyengar,2,7
10613,Girish Nayak,Prakash Murthy,2,0
10614,Anitha Patil,Kiran Patil,2,0
10619,Anitha Prasad,Lakshmi Kumar,2,4
10625,Lakshmi Reddy,Suresh Prasad,2,8
10626,Rekha Gowda,Suresh Prasad,2,0
10627,Imran Shetty,Joseph Naik,2,5
10630,Kiran Nayak,Vinutha Bhat,2,0
10632,Ashwini Rao,Manjunath Kumar,2,3
10636,Pooja Hegde,Yashwanth Rao,2,0
10638,Girish Hegde,Shivakumar Shetty,2,4
10639,Imran Gowda,Shivakumar Shetty,2,8
10641,Anitha Kulkarni,Yashwanth Hegde,2,0
10642,Anitha Kulkarni,Basavaraj Patil,2,2
10645,Fatima Kumar,Mary Kumar,2,0
10653,Chetan Gowda,Imran Prasad,2,0
10654,Joseph Shetty,Suresh Rao,2,4
10661,Deepak Hegde,Manjunath Kumar,2,3
10663,Girish Nayak,Vinutha Nayak,2,0
10664,Manjunath Hegde,Pooja Gowda,2,3
10665,Basavaraj Shetty,Pooja Kumar,2,8
10667,Deepak Gowda,Deepak Kumar,2,0
10672,Imran Bhat,Shivakumar Prasad,2,0
10674,Girish Rao,Nagaraj Prasad,2,0
10677,Girish Rao,Pooja Iyengar,2,5
10678,Ashwini Naik,Girish Rao,2,5
10680,Anitha Desai,Suresh Naik,2,0
10682,Mary Reddy,Suresh Naik,2,5
10684,Chetan Rao,Rekha Rao,2,0
10696,Nagaraj Kulkarni,Ravi Bhat,2,4
10697,Nagaraj Kulkarni,Suresh Naik,2,4
10699,Basavaraj Kumar,Suresh Naik,2,0
10705,Basavaraj Nayak,Pooja Naik,2,0
10706,Prakash Murthy,Shivakumar Patil,2,0
10707,Bhavana Iyengar,Manjunath Shetty,2,4
10713,Chetan Iyengar,Imran Gowda,2,0
10716,Imran Murthy,Ravi Kulkarni,2,0
10726,Deepak Patil,Vinutha Kumar,2,2
10727,Deepak Patil,Vinutha Reddy,2,2
10733,Basavaraj Hegde,Lakshmi Nayak,2,1
10734,Basavaraj Hegde,Pooja Desai,2,0
10735,Nagaraj Desai,Suresh Rao,2,0
10737,Suresh Rao,Yashwanth Murthy,2,6
10738,Anitha Naik,Chetan Rao,2,0
10746,Ashwini Naik,Bhavana Shetty,2,5
10749,Joseph Reddy,Shivakumar Kumar,2,2
10752,Bhavana Bhat,Prakash Prasad,2,0
10754,Kiran Murthy,Pooja Iyengar,2,8
10755,Basavaraj Naik,Ravi Desai,2,0
10756,Deepak Naik,Ravi Desai,2,0
10757,Basavaraj Naik,Deepak Naik,2,0
10758,Pooja Reddy,Yashwanth Iyengar,2,7
10761,Manjunath Murthy,Manjunath Nayak,2,5
10762,Girish Rao,Yashwanth Kulkarni,2,0
10763,Anitha Kumar,Girish Rao,2,0
10764,Anitha Kumar,Yashwanth Kulkarni,2,0
10765,Anitha Naik,Deepak Hegde,2,0
10767,Girish Kulkarni,Suresh Reddy,2,5
10769,Fatima Gowda,Girish Kulkarni,2,1
10770,Suresh Reddy,Yashwanth Iyengar,2,7
10772,Fatima Gowda,Yashwanth Iyengar,2,1
10773,Prakash Hegde,Suresh Reddy,2,0
10776,Lakshmi Gowda,Pooja Desai,2,0
10781,Manjunath Murthy,Vinutha Reddy,2,0
10784,Prakash Bhat,Shivakumar Naik,2,5
10785,Bhavana Desai,Vinutha Prasad,2,5
10786,Bhavana Desai,Imran Gowda,2,5
10791,Kiran Kumar,Suresh Reddy,2,0
10793,Chetan Bhat,Mary Kumar,2,0
10797,Chetan Iyengar,Fatima Hegde,2,0
10801,Manjunath Desai,Nagaraj Nayak,2,8
10804,Nagaraj Nayak,Prakash Reddy,2,0
10806,Imran Iyengar,Kiran Hegde,2,3
10807,Girish Murthy,Imran Iyengar,2,0
10808,Chetan Bhat,Ravi Desai,2,0
10809,Chetan Bhat,Girish Gowda,2,6
10811,Basavaraj Patil,Rekha Iyengar,2,2
10816,Bhavana Reddy,Chetan Desai,2,0
10826,Fatima Murthy,Vinutha Iyengar,2,0
10828,Anitha Iyengar,Girish Kulkarni,2,5
10829,Bhavana Patil,Manjunath Bhat,2,0
10831,Ravi Patil,Shivakumar Prasad,2,0
10835,Suresh Patil,Yashwanth Kumar,2,0
10836,Imran Rao,Suresh Patil,2,8
10840,Imran Rao,Yashwanth Kumar,2,8
10844,Deepak Kumar,Vinutha Patil,2,2
10851,Ashwini Prasad,Suresh Desai,2,0
10852,Deepak Kulkarni,Rekha Gowda,2,0
10853,Kiran Naik,Rekha Gowda,2,0
10854,Imran Patil,Ravi Gowda,2,3
10857,Prakash Naik,Rekha Bhat,2,2
10860,Anitha Kumar,Lakshmi Shetty,2,0
10865,Basavaraj Iyengar,Basavaraj Kumar,2,3
10866,Pooja Gowda,Yashwanth Prasad,2,3
10871,Bhavana Kulkarni,Lakshmi Hegde,2,1
10874,Lakshmi Prasad,Prakash Prasad,2,0
10880,Ashwini Kulkarni,Ravi Gowda,2,3
10881,Basavaraj Shetty,Pooja Kulkarni,2,0
10883,Pooja Kulkarni,Rekha Shetty,2,3
10885,Ravi Gowda,Rekha Shetty,2,3
10888,Ravi Naik,Suresh Gowda,2,7
10889,Basavaraj Reddy,Suresh Gowda,2,0
10897,Basavaraj Patil,Manjunath Prasad,2,2
10901,Fatima Murthy,Kiran Patil,2,0
10909,Girish Reddy,Nagaraj Patil,2,2
10914,Deepak Naik,Prakash Kulkarni,2,7
10915,Deepak Naik,Pooja Murthy,2,0
10916,Pooja Murthy,Suresh Nayak,2,0
10917,Pooja Murthy,Prakash Kulkarni,2,7
10922,Chetan Bhat,Imran Murthy,2,0
10924,Joseph Shetty,Manjunath Hegde,2,4
10930,Bhavana Bhat,Mary Naik,2,7
10931,Anitha Reddy,Shivakumar Reddy,2,0
10935,Prakash Gowda,Prakash Prasad,2,0
10939,Ravi Murthy,Vinutha Patil,2,2
10940,Imran Prasad,Vinutha Prasad,2,0
10943,Girish Murthy,Yashwanth Bhat,2,3
10947,Rekha Desai,Rekha Shetty,2,3
10954,Deepak Patil,Shivakumar Patil,2,2
10956,Prakash Kulkarni,Suresh Rao,2,7
10958,Rekha Hegde,Suresh Nayak,2,0
10959,Mary Reddy,Ravi Rao,2,5
10960,Prakash Murthy,Ravi Rao,2,0
10961,Mary Reddy,Prakash Murthy,2,5
10965,Ashwini Reddy,Rekha Bhat,2,0
10966,Manjunath Shetty,Rekha Bhat,2,4
10970,Kiran Rao,Pooja Murthy,2,0
10971,Kiran Rao,Suresh Murthy,2,0
10974,Rekha Patil,Vinutha Shetty,2,0
10976,Anitha Gowda,Suresh Patil,2,0
10979,Rekha Bhat,Rekha Prasad,2,0
10980,Joseph Shetty,Rekha Prasad,2,4
10982,Pooja Murthy,Rekha Bhat,2,0
10985,Joseph Shetty,Suresh Iyengar,2,4
10992,Bhavana Kumar,Deepak Reddy,2,0
10997,Lakshmi Patil,Mary Bhat,2,0
11002,Lakshmi Kulkarni,Shivakumar Prasad,2,0
11003,Lakshmi Kulkarni,Suresh Shetty,2,0
11005,Manjunath Kulkarni,Rekha Naik,2,0
11009,Bhavana Murthy,Deepak Shetty,2,0
11010,Lakshmi Gowda,Manjunath Iyengar,2,0
11013,Mary Naik,Shivakumar Hegde,2,7
11018,Shivakumar Iyengar,Yashwanth Kulkarni,2,0
11019,Pooja Nayak,Ravi Iyengar,2,0
11033,Bhavana Murthy,Fatima Hegde,2,0
11034,Fatima Iyengar,Joseph Prasad,2,1
11035,Chetan Shetty,Joseph Prasad,2,0
11037,Basavaraj Kumar,Mary Iyengar,2,0
11039,Basavaraj Kumar,Manjunath Kulkarni,2,0
11043,Ashwini Patil,Nagaraj Bhat,2,3
11044,Nagaraj Bhat,Shivakumar Gowda,2,3
11045,Ashwini Patil,Shivakumar Gowda,2,3
11046,Joseph Kumar,Lakshmi Naik,2,2
11049,Anitha Reddy,Fatima Rao,2,0
11059,Imran Hegde,Pooja Kulkarni,2,0
11071,Manjunath Nayak,Nagaraj Kulkarni,2,5
11073,Lakshmi Prasad,Nagaraj Kulkarni,2,4
11081,Chetan Rao,Shivakumar Nayak,2,0
11085,Imran Iyengar,Lakshmi Naik,2,0
11087,Anitha Patil,Nagaraj Naik,2,0
11088,Bhavana Nayak,Yashwanth Shetty,2,2
11091,Kiran Nayak,Rekha Patil,2,0
11097,Bhavana Reddy,Pooja Reddy,2,0
11098,Deepak Kulkarni,Lakshmi Gowda,2,0
11104,Nagaraj Bhat,Rekha Kulkarni,2,3
11107,Nagaraj Kulkarni,Nagaraj Nayak,2,4
11108,Nagaraj Nayak,Yashwanth Shetty,2,0
11117,Ashwini Iyengar,Girish Nayak,2,4
11118,Bhavana Nayak,Shivakumar Shetty,2,2
11121,Pooja Shetty,Rekha Desai,2,6
11122,Pooja Shetty,Shivakumar Reddy,2,6
11123,Rekha Desai,Shivakumar Reddy,2,0
11126,Chetan Rao,Chetan Reddy,2,1
11128,Ashwini Murthy,Rekha Murthy,2,7
11137,Chetan Iyengar,Joseph Kulkarni,2,0
11138,Fatima Prasad,Suresh Kumar,2,0
11139,Suresh Bhat,Suresh Kumar,2,7
11145,Ravi Rao,Vinutha Shetty,2,0
11152,Ashwini Iyengar,Kiran Hegde,2,4
11153,Kiran Hegde,Manjunath Shetty,2,3
11154,Joseph Nayak,Suresh Hegde,2,0
11155,Ashwini Desai,Chetan Bhat,2,0
11157,Fatima Nayak,Ravi Reddy,2,1
11160,Imran Patil,Nagaraj Reddy,2,7
11161,Mary Kumar,Nagaraj Reddy,2,7
11163,Chetan Reddy,Girish Patil,2,1
11165,Chetan Reddy,Kiran Prasad,2,1
11172,Girish Patil,Lakshmi Kumar,2,4
11173,Lakshmi Kumar,Nagaraj Nayak,2,4
11175,Girish Desai,Nagaraj Gowda,2,0
11176,Lakshmi Kulkarni,Yashwanth Nayak,2,0
11178,Anitha Nayak,Ashwini Desai,2,0
11183,Ashwini Naik,Fatima Patil,2,5
11185,Basavaraj Patil,Joseph Prasad,2,2
11186,Basavaraj Patil,Lakshmi Patil,2,2
11188,Vinutha Desai,Vinutha Iyengar,2,0
11192,Basavaraj Hegde,Vinutha Gowda,2,0
11199,Chetan Kulkarni,Nagaraj Naik,2,0
11200,Prakash Nayak,Shivakumar Kumar,2,0
11201,Basavaraj Murthy,Joseph Reddy,2,2
11204,Basavaraj Desai,Joseph Reddy,2,2
11206,Joseph Reddy,Mary Desai,2,2
11218,Deepak Kulkarni,Rekha Shetty,2,3
11219,Rekha Shetty,Vinutha Naik,2,3
11220,Rekha Hegde,Rekha Shetty,2,3
11221,Deepak Kulkarni,Vinutha Naik,2,0
11223,Deepak Kulkarni,Pooja Kulkarni,2,0
11228,Joseph Shetty,Rekha Nayak,2,4
11229,Rekha Nayak,Yashwanth Hegde,2,8
11230,Joseph Shetty,Yashwanth Hegde,2,4
11235,Nagaraj Gowda,Shivakumar Hegde,2,1
11237,Shivakumar Hegde,Yashwanth Iyengar,2,1
11241,Lakshmi Hegde,Shivakumar Hegde,2,1
11242,Pooja Prasad,Shivakumar Hegde,2,1
11243,Girish Kulkarni,Vinutha Desai,2,5
11245,Anitha Patil,Joseph Shetty,2,4
11246,Shivakumar Hegde,Vinutha Kumar,2,1
11247,Ravi Patil,Shivakumar Hegde,2,1
11249,Deepak Prasad,Prakash Iyengar,2,5
11250,Deepak Prasad,Ravi Iyengar,2,0
11251,Girish Bhat,Pooja Bhat,2,6
11253,Girish Patil,Shivakumar Kumar,2,0
11254,Prakash Nayak,Prakash Rao,2,0
11255,Manjunath Iyengar,Suresh Nayak,2,0
11256,Kiran Prasad,Suresh Nayak,2,0
11257,Suresh Nayak,Vinutha Rao,2,0
11259,Fatima Reddy,Manjunath Iyengar,2,0
11266,Chetan Shetty,Nagaraj Kulkarni,2,4
11273,Imran Patil,Lakshmi Nayak,2,1
11278,Deepak Hegde,Pooja Prasad,2,0
11283,Ashwini Prasad,Nagaraj Nayak,2,0
11284,Joseph Prasad,Nagaraj Nayak,2,0
11290,Ashwini Shetty,Basavaraj Bhat,2,2
11295,Deepak Gowda,Kiran Shetty,2,0
11296,Deepak Gowda,Shivakumar Murthy,2,0
11297,Manjunath Patil,Nagaraj Kulkarni,2,4
11299,Nagaraj Kulkarni,Rekha Desai,2,4
11301,Manjunath Patil,Suresh Gowda,2,0
11303,Rekha Desai,Suresh Gowda,2,0
11304,Girish Patil,Prakash Kulkarni,2,7
11308,Kiran Iyengar,Mary Shetty,2,0
11313,Joseph Nayak,Mary Shetty,2,0
11315,Chetan Iyengar,Joseph Patil,2,3
11317,Girish Naik,Nagaraj Iyengar,2,0
11319,Lakshmi Prasad,Shivakumar Kulkarni,2,0
11320,Bhavana Desai,Pooja Reddy,2,5
11323,Fatima Desai,Ravi Nayak,2,1
11333,Girish Prasad,Joseph Kumar,2,2
11334,Basavaraj Kumar,Joseph Kumar,2,2
11336,Anitha Gowda,Ravi Shetty,2,0
11339,Basavaraj Patil,Ravi Naik,2,2
11341,Joseph Bhat,Nagaraj Shetty,2,0
11344,Ravi Kumar,Ravi Rao,2,0
11350,Nagaraj Murthy,Prakash Patil,2,0
11355,Imran Prasad,Manjunath Murthy,2,0
11356,Bhavana Desai,Joseph Iyengar,2,5
11357,Prakash Bhat,Yashwanth Reddy,2,5
11360,Girish Reddy,Vinutha Shetty,2,0
11365,Kiran Kulkarni,Mary Hegde,2,5
11368,Joseph Reddy,Yashwanth Rao,2,2
11369,Fatima Shetty,Yashwanth Rao,2,7
11372,Ashwini Desai,Bhavana Murthy,2,0
11374,Chetan Patil,Manjunath Reddy,2,4
11376,Joseph Desai,Yashwanth Shetty,2,0
11378,Basavaraj Murthy,Imran Naik,2,0
11380,Imran Naik,Rekha Patil,2,0
11382,Basavaraj Murthy,Rekha Patil,2,0
11383,Rekha Patil,Yashwanth Shetty,2,0
11388,Bhavana Desai,Nagaraj Gowda,2,5
11390,Pooja Patil,Rekha Desai,2,0
11392,Anitha Kumar,Girish Patil,2,0
11398,Chetan Bhat,Manjunath Reddy,2,0
11402,Deepak Hegde,Suresh Reddy,2,0
11404,Deepak Hegde,Ravi Desai,2,0
11405,Anitha Shetty,Fatima Kulkarni,2,3
11415,Anitha Rao,Nagaraj Hegde,2,4
11416,Anitha Rao,Shivakumar Desai,2,4
11417,Anitha Rao,Imran Reddy,2,4
11418,Nagaraj Hegde,Shivakumar Desai,2,4
11419,Imran Reddy,Shivakumar Desai,2,4
11420,Lakshmi Patil,Rekha Naik,2,0
11421,Lakshmi Patil,Prakash Shetty,2,0
11423,Joseph Shetty,Manjunath Gowda,2,4
11427,Manjunath Desai,Mary Kumar,2,8
11430,Nagaraj Shetty,Suresh Patil,2,0
11435,Lakshmi Rao,Yashwanth Bhat,2,7
11444,Anitha Reddy,Girish Hegde,2,4
11446,Anitha Shetty,Nagaraj Kulkarni,2,4
11448,Anitha Shetty,Deepak Murthy,2,0
11450,Chetan Naik,Vinutha Rao,2,0
11455,Chetan Gowda,Prakash Shetty,2,0
11456,Bhavana Bhat,Vinutha Shetty,2,0
11458,Chetan Hegde,Vinutha Desai,2,0
11459,Chetan Hegde,Imran Naik,2,0
11463,Ashwini Bhat,Imran Kumar,2,0
11465,Nagaraj Patil,Shivakumar Bhat,2,2
11467,Ashwini Naik,Prakash Kumar,2,5
11469,Imran Gowda,Pooja Murthy,2,0
11473,Joseph Naik,Suresh Desai,2,5
11477,Prakash Prasad,Rekha Shetty,2,3
11481,Prakash Prasad,Vinutha Murthy,2,0
11483,Deepak Bhat,Ravi Kumar,2,0
11485,Anitha Prasad,Joseph Prasad,2,0
11489,Rekha Desai,Yashwanth Bhat,2,3
11492,Rekha Desai,Yashwanth Gowda,2,0
11493,Bhavana Hegde,Yashwanth Gowda,2,0
11499,Pooja Shetty,Shivakumar Rao,2,6
11501,Lakshmi Murthy,Shivakumar Reddy,2,0
11503,Manjunath Rao,Shivakumar Prasad,2,0
11504,Lakshmi Naik,Shivakumar Prasad,2,0
11508,Lakshmi Patil,Rekha Shetty,2,3
11509,Bhavana Nayak,Lakshmi Patil,2,2
11515,Basavaraj Iyengar,Manjunath Bhat,2,3
11517,Ashwini Iyengar,Girish Kulkarni,2,4
11519,Ashwini Prasad,Lakshmi Shetty,2,0
11520,Mary Kulkarni,Prakash Gowda,2,0
11525,Ashwini Bhat,Bhavana Gowda,2,1
11528,Deepak Naik,Mary Reddy,2,5
11536,Imran Murthy,Pooja Bhat,2,5
11538,Anitha Murthy,Chetan Bhat,2,0
11539,Imran Kumar,Shivakumar Naik,2,5
11544,Ashwini Desai,Joseph Murthy,2,0
11546,Lakshmi Kulkarni,Rekha Shetty,2,3
11550,Manjunath Desai,Prakash Naik,2,8
11551,Basavaraj Prasad,Pooja Murthy,2,0
11552,Basavaraj Prasad,Yashwanth Rao,2,0
11553,Pooja Murthy,Yashwanth Rao,2,0
11555,Bhavana Naik,Bhavana Prasad,2,3
11556,Bhavana Prasad,Shivakumar Gowda,2,3
11558,Fatima Gowda,Kiran Naik,2,1
11562,Chetan Bhat,Pooja Naik,2,0
11571,Prakash Iyengar,Suresh Hegde,2,5
11573,Basavaraj Reddy,Suresh Prasad,2,0
11575,Anitha Murthy,Bhavana Shetty,2,0
11577,Fatima Hegde,Vinutha Patil,2,2
11582,Prakash Prasad,Vinutha Hegde,2,0
11586,Bhavana Hegde,Suresh Desai,2,0
11587,Manjunath Hegde,Suresh Murthy,2,0
11590,Joseph Iyengar,Prakash Kumar,2,6
11594,Shivakumar Shetty,Vinutha Desai,2,8
11603,Rekha Murthy,Shivakumar Naik,2,7
11607,Deepak Iyengar,Vinutha Gowda,2,3
11610,Anitha Reddy,Shivakumar Desai,2,4
11615,Deepak Iyengar,Fatima Kulkarni,2,3
11616,Manjunath Murthy,Shivakumar Shetty,2,8
11617,Girish Rao,Manjunath Kulkarni,2,0
11618,Deepak Iyengar,Yashwanth Kulkarni,2,3
11627,Prakash Patil,Vinutha Patil,2,2
11636,Girish Prasad,Yashwanth Prasad,2,0
11637,Anitha Patil,Prakash Kumar,2,0
11640,Deepak Iyengar,Joseph Naik,2,3
11644,Pooja Shetty,Prakash Bhat,2,6
11649,Bhavana Reddy,Mary Rao,2,0
11651,Nagaraj Murthy,Nagaraj Shetty,2,0
11658,Basavaraj Reddy,Girish Reddy,2,0
11661,Manjunath Prasad,Mary Gowda,2,0
11662,Chetan Murthy,Mary Gowda,2,0
11664,Manjunath Prasad,Mary Kumar,2,0
11668,Chetan Murthy,Manjunath Prasad,2,0
11669,Bhavana Prasad,Rekha Murthy,2,3
11671,Lakshmi Prasad,Manjunath Reddy,2,0
11674,Manjunath Prasad,Manjunath Rao,2,0
11680,Ravi Kumar,Shivakumar Kumar,2,0
11683,Ashwini Kumar,Imran Naik,2,0
11689,Imran Patil,Pooja Gowda,2,3
11691,Pooja Gowda,Yashwanth Hegde,2,3
11693,Deepak Iyengar,Girish Naik,2,3
11695,Joseph Kulkarni,Manjunath Kulkarni,2,0
11698,Anitha Rao,Mary Patil,2,4
11700,Basavaraj Hegde,Pooja Kulkarni,2,0
11705,Kiran Gowda,Manjunath Prasad,2,0
11707,Basavaraj Prasad,Rekha Rao,2,0
11708,Rekha Hegde,Rekha Rao,2,0
11710,Basavaraj Nayak,Rekha Gowda,2,0
11712,Basavaraj Nayak,Girish Bhat,2,6
11715,Anitha Prasad,Deepak Bhat,2,0
11717,Manjunath Patil,Rekha Shetty,2,3
11718,Basavaraj Desai,Manjunath Patil,2,0
11720,Mary Reddy,Shivakumar Nayak,2,5
11721,Fatima Nayak,Mary Reddy,2,5
11723,Rekha Shetty,Shivakumar Prasad,2,3
11724,Deepak Nayak,Shivakumar Prasad,2,0
11726,Deepak Nayak,Rekha Shetty,2,3
11727,Anitha Prasad,Rekha Shetty,2,3
11728,Rekha Shetty,Suresh Bhat,2,3
11730,Deepak Nayak,Suresh Bhat,2,7
11734,Imran Gowda,Rekha Shetty,2,3
11740,Suresh Gowda,Vinutha Nayak,2,0
11741,Basavaraj Prasad,Prakash Murthy,2,0
11744,Joseph Kulkarni,Nagaraj Patil,2,2
11747,Ashwini Patil,Yashwanth Desai,2,0
11756,Bhavana Gowda,Imran Murthy,2,1
11758,Joseph Murthy,Vinutha Hegde,2,0
11767,Chetan Gowda,Lakshmi Murthy,2,0
11778,Anitha Bhat,Rekha Prasad,2,7
11781,Fatima Prasad,Girish Desai,2,0
11782,Anitha Bhat,Fatima Iyengar,2,7
11787,Anitha Kumar,Shivakumar Rao,2,0
11791,Fatima Kulkarni,Pooja Naik,2,3
11793,Lakshmi Kulkarni,Lakshmi Shetty,2,0
11798,Bhavana Bhat,Yashwanth Bhat,2,3
11799,Manjunath Murthy,Mary Naik,2,7
11802,Imran Shetty,Shivakumar Prasad,2,0
11803,Deepak Prasad,Pooja Patil,2,0
11807,Nagaraj Gowda,Prakash Bhat,2,0
11809,Basavaraj Murthy,Yashwanth Patil,2,0
11812,Shivakumar Kumar,Suresh Iyengar,2,0
11823,Chetan Nayak,Suresh Prasad,2,0
11824,Kiran Kumar,Suresh Prasad,2,0
11825,Manjunath Bhat,Rekha Shetty,2,3
11831,Girish Reddy,Kiran Kulkarni,2,5
11832,Bhavana Reddy,Girish Reddy,2,0
11834,Chetan Iyengar,Pooja Nayak,2,0
11837,Fatima Gowda,Ravi Reddy,2,1
11839,Ravi Gowda,Shivakumar Patil,2,3
11841,Mary Reddy,Shivakumar Patil,2,5
11843,Mary Reddy,Ravi Gowda,2,5
11844,Mary Reddy,Rekha Rao,2,5
11845,Mary Reddy,Vinutha Reddy,2,5
11847,Anitha Kumar,Suresh Hegde,2,0
11848,Anitha Kumar,Ashwini Iyengar,2,4
11852,Lakshmi Kumar,Ravi Hegde,2,4
11854,Ravi Nayak,Shivakumar Shetty,2,1
11858,Deepak Rao,Ravi Reddy,2,7
11860,Ashwini Prasad,Yashwanth Kulkarni,2,0
11862,Basavaraj Iyengar,Nagaraj Patil,2,3
11863,Basavaraj Iyengar,Pooja Bhat,2,3
11866,Deepak Naik,Pooja Bhat,2,5
11868,Girish Iyengar,Prakash Gowda,2,0
11871,Chetan Reddy,Ravi Murthy,2,1
11877,Anitha Desai,Chetan Reddy,2,1
11879,Fatima Murthy,Yashwanth Bhat,2,3
11883,Lakshmi Reddy,Mary Naik,2,8
11884,Lakshmi Shetty,Manjunath Gowda,2,0
11891,Lakshmi Shetty,Suresh Nayak,2,0
11892,Chetan Iyengar,Shivakumar Naik,2,5
11898,Lakshmi Nayak,Nagaraj Rao,2,1
11899,Lakshmi Nayak,Vinutha Iyengar,2,1
11900,Pooja Kulkarni,Vinutha Shetty,2,0
11901,Fatima Kulkarni,Vinutha Naik,2,3
11902,Ashwini Reddy,Deepak Desai,2,0
11907,Bhavana Iyengar,Rekha Rao,2,0
11908,Chetan Naik,Pooja Prasad,2,0
11916,Rekha Gowda,Vinutha Shetty,2,0
11925,Girish Shetty,Lakshmi Kulkarni,2,0
11929,Chetan Nayak,Prakash Shetty,2,0
11930,Bhavana Desai,Manjunath Kulkarni,2,5
11933,Imran Rao,Manjunath Nayak,2,8
11934,Lakshmi Naik,Prakash Kumar,2,0
11936,Mary Patil,Prakash Kumar,2,0
11937,Fatima Patil,Joseph Desai,2,0
11940,Anitha Nayak,Bhavana Rao,2,0
11941,Bhavana Rao,Bhavana Shetty,2,0
11942,Anitha Nayak,Bhavana Shetty,2,0
11946,Manjunath Shetty,Prakash Prasad,2,4
11953,Nagaraj Rao,Vinutha Prasad,2,0
11954,Lakshmi Gowda,Pooja Shetty,2,6
11956,Fatima Murthy,Lakshmi Hegde,2,1
11963,Girish Reddy,Joseph Kulkarni,2,0
11964,Ashwini Prasad,Suresh Prasad,2,0
11967,Kiran Iyengar,Pooja Patil,2,0
11968,Fatima Reddy,Joseph Desai,2,0
11970,Joseph Desai,Rekha Gowda,2,0
11973,Deepak Iyengar,Fatima Iyengar,2,3
11974,Fatima Iyengar,Vinutha Shetty,2,1
11975,Mary Kulkarni,Nagaraj Patil,2,2
11977,Manjunath Kulkarni,Yashwanth Hegde,2,0
11978,Kiran Iyengar,Manjunath Kulkarni,2,0
11979,Ashwini Hegde,Kiran Murthy,2,8
11983,Shivakumar Kulkarni,Suresh Patil,2,0
11985,Manjunath Gowda,Mary Murthy,2,8
11986,Girish Naik,Suresh Kulkarni,2,0
11987,Ashwini Hegde,Prakash Hegde,2,0
11988,Girish Iyengar,Lakshmi Gowda,2,0
11994,Rekha Gowda,Shivakumar Murthy,2,0
11996,Nagaraj Hegde,Vinutha Patil,2,2
12005,Girish Shetty,Lakshmi Naik,2,0
12007,Joseph Desai,Joseph Hegde,2,7
12009,Imran Reddy,Joseph Hegde,2,7
12011,Deepak Hegde,Suresh Bhat,2,7
12014,Suresh Gowda,Vinutha Reddy,2,0
12015,Suresh Gowda,Yashwanth Kulkarni,2,0
12016,Vinutha Reddy,Yashwanth Kulkarni,2,0
12025,Girish Iyengar,Mary Naik,2,7
12029,Pooja Hegde,Pooja Shetty,2,6
12034,Suresh Gowda,Suresh Prasad,2,0
12037,Shivakumar Kulkarni,Shivakumar Nayak,2,0
12039,Joseph Bhat,Pooja Shetty,2,6
12041,Anitha Bhat,Anitha Murthy,2,7
12043,Basavaraj Rao,Lakshmi Gowda,2,0
12045,Basavaraj Rao,Vinutha Nayak,2,0
12046,Basavaraj Kulkarni,Mary Nayak,2,0
12047,Rekha Hegde,Shivakumar Murthy,2,0
12048,Pooja Gowda,Shivakumar Murthy,2,3
12049,Bhavana Rao,Yashwanth Desai,2,0
12052,Kiran Hegde,Pooja Kumar,2,3
12053,Bhavana Prasad,Kiran Hegde,2,3
12059,Mary Desai,Vinutha Reddy,2,0
12063,Deepak Shetty,Vinutha Nayak,2,0
12067,Bhavana Nayak,Joseph Hegde,2,2
12075,Fatima Kulkarni,Vinutha Kulkarni,2,3
12076,Lakshmi Rao,Vinutha Shetty,2,7
12078,Vinutha Prasad,Yashwanth Kulkarni,2,0
12079,Nagaraj Kulkarni,Vinutha Prasad,2,4
12084,Lakshmi Shetty,Vinutha Patil,2,2
12085,Anitha Naik,Kiran Kumar,2,0
12086,Basavaraj Bhat,Vinutha Kumar,2,2
12092,Deepak Desai,Ravi Shetty,2,0
12093,Lakshmi Prasad,Suresh Hegde,2,0
12095,Shivakumar Naik,Suresh Hegde,2,5
12099,Mary Iyengar,Vinutha Murthy,2,0
12102,Prakash Bhat,Vinutha Murthy,2,0
12103,Mary Iyengar,Rekha Patil,2,0
12105,Nagaraj Iyengar,Rekha Patil,2,0
12107,Nagaraj Iyengar,Prakash Bhat,2,0
12112,Pooja Kumar,Prakash Desai,2,8
12115,Prakash Iyengar,Ravi Patil,2,5
12118,Anitha Patil,Lakshmi Reddy,2,8
12122,Girish Nayak,Pooja Kulkarni,2,0
12136,Nagaraj Murthy,Nagaraj Nayak,2,0
12137,Deepak Naik,Lakshmi Nayak,2,1
12138,Deepak Naik,Girish Iyengar,2,0
12139,Girish Iyengar,Lakshmi Nayak,2,1
12145,Yashwanth Bhat,Yashwanth Patil,2,3
12146,Rekha Desai,Suresh Reddy,2,0
12151,Mary Kulkarni,Vinutha Nayak,2,0
12152,Lakshmi Bhat,Mary Kulkarni,2,0
12157,Manjunath Reddy,Prakash Nayak,2,0
12158,Manjunath Reddy,Prakash Bhat,2,0
12161,Anitha Patil,Kiran Bhat,2,0
12162,Joseph Murthy,Ravi Naik,2,7
12163,Ravi Naik,Shivakumar Murthy,2,7
12169,Ashwini Kulkarni,Manjunath Shetty,2,4
12170,Ashwini Kulkarni,Manjunath Reddy,2,0
12171,Ashwini Rao,Chetan Kulkarni,2,0
12182,Girish Kulkarni,Suresh Iyengar,2,5
12184,Girish Kulkarni,Mary Iyengar,2,5
12187,Girish Gowda,Ravi Rao,2,6
12190,Joseph Rao,Kiran Kumar,2,0
12193,Basavaraj Naik,Yashwanth Iyengar,2,7
12196,Deepak Desai,Suresh Rao,2,0
12198,Kiran Hegde,Rekha Shetty,2,3
12200,Bhavana Rao,Manjunath Patil,2,0
12201,Bhavana Rao,Vinutha Kumar,2,0
12202,Manjunath Patil,Vinutha Kumar,2,0
12204,Imran Rao,Nagaraj Rao,2,8
12207,Joseph Kumar,Rekha Shetty,2,2
12208,Rekha Shetty,Yashwanth Shetty,2,3
12221,Imran Kumar,Pooja Bhat,2,5
12225,Basavaraj Patil,Chetan Desai,2,2
12231,Bhavana Kumar,Suresh Hegde,2,0
12243,Mary Reddy,Rekha Nayak,2,5
12244,Kiran Gowda,Lakshmi Reddy,2,8
12246,Ashwini Iyengar,Girish Prasad,2,4
12247,Girish Prasad,Rekha Shetty,2,3
12248,Nagaraj Kulkarni,Prakash Reddy,2,4
12249,Bhavana Reddy,Prakash Reddy,2,0
12252,Prakash Nayak,Ravi Iyengar,2,0
12253,Prakash Nayak,Ravi Kulkarni,2,0
12254,Ravi Iyengar,Ravi Kulkarni,2,0
12258,Bhavana Hegde,Prakash Reddy,2,0
12265,Basavaraj Nayak,Suresh Reddy,2,0
12266,Basavaraj Nayak,Nagaraj Rao,2,0
12269,Girish Murthy,Nagaraj Murthy,2,0
12272,Lakshmi Prasad,Mary Reddy,2,5
12274,Bhavana Hegde,Mary Reddy,2,5
12275,Prakash Shetty,Ravi Naik,2,7
12279,Joseph Naik,Manjunath Hegde,2,5
12281,Ashwini Prasad,Basavaraj Prasad,2,0
12283,Kiran Iyengar,Rekha Naik,2,0
12286,Basavaraj Nayak,Bhavana Kumar,2,0
12289,Rekha Patil,Suresh Gowda,2,0
12296,Bhavana Reddy,Vinutha Gowda,2,0
12298,Rekha Bhat,Yashwanth Patil,2,0
12299,Prakash Iyengar,Rekha Bhat,2,5
12301,Ashwini Rao,Kiran Gowda,2,0
12306,Lakshmi Prasad,Pooja Rao,2,7
12307,Pooja Rao,Prakash Kumar,2,7
12309,Ashwini Prasad,Girish Kumar,2,0
12316,Ashwini Murthy,Vinutha Iyengar,2,0
12318,Shivakumar Desai,Shivakumar Murthy,2,4
12320,Ashwini Naik,Deepak Iyengar,2,5
12330,Kiran Hegde,Kiran Naik,2,3
12332,Fatima Bhat,Prakash Murthy,2,0
12339,Joseph Iyengar,Vinutha Prasad,2,6
12347,Girish Kumar,Prakash Hegde,2,0
12348,Prakash Hegde,Vinutha Prasad,2,0
12351,Fatima Iyengar,Yashwanth Desai,2,1
12353,Pooja Naik,Yashwanth Kulkarni,2,0
12359,Yashwanth Kumar,Yashwanth Nayak,2,0
12360,Anitha Prasad,Yashwanth Kumar,2,0
12366,Bhavana Reddy,Suresh Shetty,2,0
12368,Prakash Murthy,Suresh Shetty,2,0
12371,Manjunath Prasad,Prakash Murthy,2,0
12373,Kiran Iyengar,Lakshmi Desai,2,0
12375,Kiran Rao,Lakshmi Desai,2,0
12381,Girish Hegde,Kiran Prasad,2,4
12382,Basavaraj Naik,Chetan Iyengar,2,0
12388,Girish Desai,Kiran Iyengar,2,0
12389,Girish Desai,Rekha Bhat,2,0
12390,Kiran Iyengar,Rekha Bhat,2,0
12392,Nagaraj Shetty,Ravi Reddy,2,1
12393,Manjunath Bhat,Nagaraj Shetty,2,0
12399,Bhavana Hegde,Suresh Nayak,2,0
12400,Bhavana Hegde,Ravi Kumar,2,0
12404,Shivakumar Prasad,Suresh Gowda,2,0
12411,Joseph Naik,Mary Reddy,2,5
12412,Imran Hegde,Shivakumar Shetty,2,8
12413,Imran Hegde,Vinutha Nayak,2,0
12414,Shivakumar Shetty,Vinutha Nayak,2,8
12419,Rekha Gowda,Yashwanth Nayak,2,0
12420,Rekha Gowda,Suresh Shetty,2,0
12425,Basavaraj Naik,Rekha Reddy,2,0
12426,Prakash Hegde,Rekha Reddy,2,0
12427,Bhavana Shetty,Girish Bhat,2,6
12428,Basavaraj Naik,Bhavana Shetty,2,0
12433,Pooja Hegde,Shivakumar Kulkarni,2,0
12435,Imran Prasad,Pooja Hegde,2,0
12438,Chetan Bhat,Chetan Naik,2,0
12450,Bhavana Hegde,Yashwanth Reddy,2,5
12455,Rekha Desai,Yashwanth Hegde,2,0
12456,Girish Gowda,Rekha Desai,2,6
12461,Pooja Bhat,Pooja Iyengar,2,5
12462,Bhavana Prasad,Suresh Gowda,2,3
12464,Mary Shetty,Prakash Iyengar,2,5
12470,Anitha Kumar,Basavaraj Iyengar,2,3
12476,Girish Kulkarni,Manjunath Nayak,2,5
12477,Manjunath Rao,Nagaraj Naik,2,0
12478,Nagaraj Naik,Rekha Murthy,2,7
12479,Imran Reddy,Imran Shetty,2,0
12480,Deepak Reddy,Fatima Rao,2,0
12489,Imran Prasad,Manjunath Reddy,2,0
12490,Anitha Shetty,Nagaraj Murthy,2,0
12492,Manjunath Kumar,Vinutha Gowda,2,3
12493,Rekha Bhat,Vinutha Gowda,2,0
12495,Manjunath Kumar,Rekha Bhat,2,3
12497,Deepak Nayak,Yashwanth Patil,2,0
12498,Basavaraj Reddy,Vinutha Iyengar,2,0
12507,Pooja Kulkarni,Pooja Reddy,2,0
12508,Bhavana Desai,Girish Rao,2,5
12509,Bhavana Desai,Imran Nayak,2,5
12514,Fatima Naik,Vinutha Desai,2,0
12516,Girish Prasad,Vinutha Iyengar,2,0
12523,Fatima Hegde,Nagaraj Gowda,2,0
12524,Bhavana Rao,Fatima Hegde,2,0
12525,Prakash Kumar,Yashwanth Kulkarni,2,0
12526,Fatima Kulkarni,Kiran Desai,2,3
12527,Ashwini Nayak,Fatima Kulkarni,2,3
12528,Ashwini Nayak,Girish Gowda,2,6
12530,Shivakumar Murthy,Suresh Naik,2,0
12534,Mary Prasad,Suresh Prasad,2,0
12535,Chetan Reddy,Imran Naik,2,1
12537,Chetan Rao,Yashwanth Nayak,2,0
12539,Deepak Bhat,Yashwanth Rao,2,0
12542,Ashwini Desai,Kiran Desai,2,0
12547,Ravi Prasad,Suresh Bhat,2,7
12551,Ashwini Gowda,Vinutha Kumar,2,0
12552,Ashwini Bhat,Vinutha Murthy,2,0
12553,Joseph Kumar,Vinutha Murthy,2,2
12554,Ashwini Bhat,Joseph Kumar,2,2
12557,Chetan Bhat,Deepak Gowda,2,0
12561,Nagaraj Prasad,Shivakumar Murthy,2,0
12562,Fatima Hegde,Prakash Shetty,2,0
12565,Anitha Rao,Yashwanth Iyengar,2,4
12568,Rekha Gowda,Suresh Iyengar,2,0
12569,Bhavana Shetty,Prakash Reddy,2,0
12571,Mary Murthy,Yashwanth Rao,2,8
12572,Mary Murthy,Yashwanth Bhat,2,8
12574,Anitha Patil,Bhavana Reddy,2,0
12576,Lakshmi Gowda,Ravi Desai,2,0
12577,Fatima Kulkarni,Lakshmi Gowda,2,3
12578,Basavaraj Prasad,Ravi Desai,2,0
12579,Basavaraj Prasad,Fatima Kulkarni,2,3
12582,Deepak Hegde,Vinutha Rao,2,0
12584,Girish Desai,Prakash Shetty,2,0
12585,Girish Desai,Manjunath Iyengar,2,0
12586,Manjunath Iyengar,Prakash Shetty,2,0
12591,Ashwini Iyengar,Girish Patil,2,4
12594,Imran Nayak,Ravi Prasad,2,0
12595,Pooja Desai,Ravi Prasad,2,0
12601,Rekha Naik,Yashwanth Patil,2,0
12603,Joseph Patil,Rekha Naik,2,3
12604,Prakash Iyengar,Shivakumar Prasad,2,5
12605,Joseph Kumar,Prakash Kulkarni,2,2
12609,Prakash Gowda,Vinutha Kumar,2,0
12612,Chetan Bhat,Shivakumar Shetty,2,8
12617,Joseph Hegde,Shivakumar Patil,2,7
12620,Yashwanth Hegde,Yashwanth Patil,2,0
12622,Fatima Gowda,Prakash Iyengar,2,1
12625,Chetan Patil,Girish Prasad,2,4
12626,Joseph Desai,Kiran Rao,2,0
12627,Joseph Desai,Manjunath Gowda,2,0
12628,Bhavana Prasad,Joseph Desai,2,3
12635,Rekha Gowda,Shivakumar Bhat,2,0
12638,Anitha Kulkarni,Fatima Desai,2,0
12639,Pooja Hegde,Pooja Kulkarni,2,0
12640,Deepak Desai,Imran Nayak,2,0
12645,Manjunath Reddy,Ravi Patil,2,0
12646,Bhavana Rao,Lakshmi Nayak,2,1
12647,Lakshmi Nayak,Ravi Desai,2,1
12649,Ashwini Nayak,Kiran Shetty,2,0
12651,Rekha Desai,Vinutha Nayak,2,0
12655,Manjunath Reddy,Mary Kulkarni,2,0
12657,Ashwini Nayak,Ravi Gowda,2,3
12658,Ashwini Nayak,Deepak Murthy,2,0
12660,Anitha Bhat,Ravi Gowda,2,7
12662,Deepak Murthy,Ravi Gowda,2,3
12663,Pooja Kumar,Ravi Gowda,2,8
12664,Deepak Murthy,Pooja Kumar,2,8
12668,Fatima Iyengar,Nagaraj Shetty,2,1
12679,Prakash Desai,Vinutha Shetty,2,0
12686,Ashwini Gowda,Chetan Naik,2,0
12687,Vinutha Prasad,Yashwanth Bhat,2,3
12688,Chetan Naik,Yashwanth Bhat,2,3
12689,Chetan Naik,Vinutha Prasad,2,0
12694,Fatima Desai,Manjunath Gowda,2,0
12695,Manjunath Gowda,Vinutha Naik,2,0
12697,Prakash Kumar,Ravi Hegde,2,0
12699,Shivakumar Gowda,Yashwanth Desai,2,3
12701,Pooja Rao,Yashwanth Desai,2,7
12708,Kiran Desai,Suresh Shetty,2,0
12715,Basavaraj Murthy,Manjunath Shetty,2,4
12718,Chetan Murthy,Lakshmi Shetty,2,0
12719,Chetan Murthy,Nagaraj Iyengar,2,0
12720,Deepak Nayak,Nagaraj Hegde,2,0
12721,Ravi Murthy,Shivakumar Murthy,2,0
12724,Pooja Murthy,Pooja Naik,2,0
12727,Anitha Rao,Yashwanth Patil,2,4
12734,Joseph Hegde,Rekha Reddy,2,7
12738,Pooja Hegde,Shivakumar Reddy,2,0
12739,Anitha Desai,Manjunath Naik,2,0
12740,Manjunath Naik,Rekha Desai,2,0
12742,Anitha Shetty,Imran Iyengar,2,0
12746,Ashwini Kumar,Mary Bhat,2,0
12747,Ashwini Kumar,Ravi Patil,2,0
12750,Basavaraj Bhat,Rekha Prasad,2,2
12754,Basavaraj Hegde,Imran Desai,2,8
12757,Chetan Nayak,Kiran Shetty,2,0
12760,Lakshmi Rao,Rekha Desai,2,7
12761,Deepak Patil,Lakshmi Rao,2,2
12762,Deepak Patil,Rekha Desai,2,2
12763,Lakshmi Hegde,Pooja Bhat,2,1
12766,Girish Rao,Pooja Bhat,2,5
12767,Pooja Bhat,Suresh Nayak,2,5
12772,Bhavana Murthy,Imran Rao,2,8
12776,Lakshmi Iyengar,Nagaraj Patil,2,2
12777,Ashwini Naik,Joseph Naik,2,5
12779,Chetan Bhat,Vinutha Kumar,2,0
12781,Nagaraj Murthy,Suresh Hegde,2,0
12790,Fatima Desai,Lakshmi Bhat,2,0
12793,Ravi Rao,Yashwanth Prasad,2,0
12800,Joseph Hegde,Vinutha Bhat,2,7
12801,Manjunath Rao,Vinutha Bhat,2,0
12802,Basavaraj Reddy,Mary Prasad,2,0
12804,Deepak Prasad,Prakash Reddy,2,0
12812,Bhavana Murthy,Suresh Bhat,2,7
12813,Rekha Kumar,Vinutha Hegde,2,0
12815,Mary Kulkarni,Rekha Prasad,2,0
12816,Bhavana Rao,Chetan Patil,2,4
12818,Bhavana Rao,Shivakumar Shetty,2,8
12821,Vinutha Desai,Vinutha Nayak,2,0
12823,Ashwini Reddy,Yashwanth Prasad,2,0
12825,Imran Bhat,Kiran Prasad,2,0
12826,Chetan Reddy,Imran Bhat,2,1
12827,Kiran Desai,Mary Murthy,2,8
12828,Fatima Prasad,Manjunath Gowda,2,0
12829,Bhavana Shetty,Rekha Murthy,2,7
12834,Ravi Naik,Yashwanth Prasad,2,7
12835,Manjunath Nayak,Ravi Desai,2,5
12843,Fatima Reddy,Girish Murthy,2,0
12845,Manjunath Rao,Yashwanth Patil,2,0
12847,Imran Bhat,Imran Patil,2,0
12849,Mary Patil,Mary Shetty,2,0
12851,Fatima Kumar,Lakshmi Murthy,2,0
12852,Nagaraj Patil,Yashwanth Nayak,2,2
12854,Ashwini Kumar,Chetan Iyengar,2,0
12855,Manjunath Nayak,Pooja Bhat,2,5
12861,Kiran Nayak,Manjunath Murthy,2,0
12864,Joseph Shetty,Rekha Kumar,2,4
12867,Lakshmi Desai,Mary Reddy,2,5
12868,Manjunath Kulkarni,Mary Reddy,2,5
12873,Joseph Reddy,Nagaraj Gowda,2,2
12880,Nagaraj Gowda,Vinutha Murthy,2,0
12882,Girish Iyengar,Joseph Gowda,2,0
12884,Fatima Hegde,Mary Hegde,2,5
12892,Ashwini Prasad,Vinutha Bhat,2,0
12896,Bhavana Rao,Pooja Reddy,2,0
12897,Pooja Reddy,Yashwanth Reddy,2,5
12898,Anitha Hegde,Fatima Kumar,2,0
12900,Lakshmi Kumar,Rekha Bhat,2,4
12901,Anitha Desai,Prakash Prasad,2,0
12903,Anitha Desai,Lakshmi Kumar,2,4
12906,Ravi Patil,Vinutha Gowda,2,0
12909,Girish Desai,Manjunath Kumar,2,3
12911,Ravi Nayak,Shivakumar Prasad,2,1
12917,Rekha Reddy,Shivakumar Nayak,2,0
12919,Ashwini Shetty,Shivakumar Nayak,2,0
12930,Prakash Kulkarni,Yashwanth Kumar,2,7
12934,Imran Kulkarni,Vinutha Desai,2,0
12935,Anitha Patil,Suresh Kulkarni,2,0
12939,Anitha Prasad,Bhavana Shetty,2,0
12941,Ashwini Reddy,Basavaraj Murthy,2,0
12943,Ashwini Reddy,Manjunath Reddy,2,0
12947,Deepak Gowda,Deepak Prasad,2,0
12950,Deepak Hegde,Suresh Shetty,2,0
12954,Ashwini Iyengar,Yashwanth Prasad,2,4
12960,Suresh Murthy,Vinutha Hegde,2,0
12962,Nagaraj Reddy,Suresh Rao,2,7
12964,Nagaraj Reddy,Vinutha Rao,2,7
12965,Manjunath Patil,Vinutha Rao,2,0
12970,Mary Iyengar,Prakash Kulkarni,2,7
12971,Lakshmi Kumar,Mary Iyengar,2,4
12973,Lakshmi Kumar,Prakash Kulkarni,2,4
12978,Manjunath Bhat,Ravi Rao,2,0
12987,Mary Nayak,Prakash Kulkarni,2,7
12990,Lakshmi Shetty,Pooja Iyengar,2,5
12996,Joseph Kulkarni,Yashwanth Kumar,2,0
12998,Deepak Desai,Yashwanth Bhat,2,3
13005,Bhavana Gowda,Shivakumar Gowda,2,1
13009,Ashwini Kumar,Chetan Kulkarni,2,0
13010,Ashwini Kumar,Lakshmi Nayak,2,1
13013,Mary Iyengar,Prakash Rao,2,0
13016,Fatima Nayak,Nagaraj Hegde,2,0
13018,Ashwini Hegde,Bhavana Rao,2,0
13024,Nagaraj Prasad,Yashwanth Naik,2,0
13026,Nagaraj Gowda,Nagaraj Prasad,2,0
13032,Bhavana Naik,Girish Patil,2,3
13034,Chetan Bhat,Fatima Naik,2,0
13043,Deepak Prasad,Joseph Reddy,2,2
13044,Deepak Prasad,Prakash Shetty,2,0
13046,Pooja Kumar,Shivakumar Kulkarni,2,8
13049,Girish Kulkarni,Mary Hegde,2,5
13051,Manjunath Prasad,Mary Bhat,2,0
13052,Manjunath Prasad,Yashwanth Murthy,2,6
13054,Anitha Murthy,Shivakumar Kulkarni,2,0
13055,Shivakumar Kulkarni,Vinutha Patil,2,2
13056,Anitha Murthy,Vinutha Patil,2,2
13057,Basavaraj Reddy,Fatima Naik,2,0
13060,Basavaraj Reddy,Bhavana Nayak,2,2
13068,Girish Kulkarni,Mary Reddy,2,5
13069,Basavaraj Naik,Deepak Patil,2,2
13070,Ashwini Murthy,Mary Reddy,2,5
13072,Bhavana Desai,Yashwanth Reddy,2,5
13074,Manjunath Rao,Mary Naik,2,7
13079,Anitha Naik,Suresh Bhat,2,7
13085,Nagaraj Iyengar,Yashwanth Kulkarni,2,0
13087,Manjunath Reddy,Yashwanth Kulkarni,2,0
13088,Manjunath Reddy,Nagaraj Iyengar,2,0
13091,Vinutha Nayak,Yashwanth Hegde,2,0
13095,Basavaraj Rao,Bhavana Patil,2,0
13096,Ashwini Hegde,Manjunath Gowda,2,0
13097,Manjunath Gowda,Suresh Kulkarni,2,0
13098,Ashwini Hegde,Suresh Kulkarni,2,0
13103,Anitha Prasad,Rekha Gowda,2,0
13104,Anitha Reddy,Rekha Patil,2,0
13105,Mary Kulkarni,Rekha Patil,2,0
13106,Anitha Reddy,Mary Kulkarni,2,0
13108,Nagaraj Nayak,Vinutha Naik,2,0
13111,Bhavana Desai,Prakash Iyengar,2,5
13118,Joseph Desai,Prakash Shetty,2,0
13121,Joseph Reddy,Suresh Naik,2,2
13122,Pooja Gowda,Suresh Naik,2,3
13123,Lakshmi Gowda,Nagaraj Gowda,2,0
13126,Chetan Bhat,Girish Naik,2,0
13128,Vinutha Patil,Yashwanth Kulkarni,2,2
13130,Mary Bhat,Vinutha Patil,2,2
13131,Pooja Gowda,Yashwanth Kulkarni,2,3
13132,Mary Bhat,Yashwanth Kulkarni,2,0
13137,Girish Murthy,Yashwanth Hegde,2,0
13139,Rekha Prasad,Yashwanth Hegde,2,0
13142,Manjunath Desai,Pooja Murthy,2,8
13145,Ashwini Gowda,Suresh Gowda,2,0
13147,Ashwini Naik,Lakshmi Bhat,2,5
13153,Mary Rao,Nagaraj Hegde,2,0
13154,Anitha Hegde,Kiran Gowda,2,0
13155,Anitha Desai,Kiran Gowda,2,0
13157,Deepak Gowda,Fatima Kumar,2,0
13161,Anitha Iyengar,Deepak Gowda,2,0
13162,Deepak Gowda,Shivakumar Naik,2,5
13169,Manjunath Gowda,Pooja Hegde,2,0
13174,Deepak Murthy,Shivakumar Desai,2,4
13175,Anitha Prasad,Deepak Murthy,2,0
13177,Girish Kumar,Nagaraj Bhat,2,3
13179,Fatima Prasad,Yashwanth Kulkarni,2,0
13180,Fatima Prasad,Mary Murthy,2,8
13187,Joseph Shetty,Suresh Gowda,2,4
13189,Manjunath Shetty,Yashwanth Desai,2,4
13190,Manjunath Shetty,Vinutha Murthy,2,4
13192,Manjunath Nayak,Suresh Reddy,2,5
13194,Joseph Nayak,Suresh Naik,2,0
13196,Bhavana Rao,Deepak Prasad,2,0
13197,Bhavana Rao,Suresh Naik,2,0
13198,Nagaraj Gowda,Suresh Naik,2,0
13200,Bhavana Gowda,Girish Rao,2,1
13201,Girish Rao,Mary Kumar,2,0
13202,Basavaraj Bhat,Kiran Murthy,2,2
13209,Mary Hegde,Nagaraj Murthy,2,5
13212,Mary Desai,Prakash Nayak,2,0
13214,Imran Patil,Shivakumar Murthy,2,0
13215,Lakshmi Shetty,Shivakumar Murthy,2,0
13216,Imran Patil,Mary Desai,2,0
13217,Imran Patil,Lakshmi Shetty,2,0
13223,Fatima Kumar,Kiran Prasad,2,0
13230,Chetan Bhat,Prakash Hegde,2,0
13231,Deepak Nayak,Manjunath Reddy,2,0
13232,Deepak Nayak,Manjunath Patil,2,0
13234,Anitha Desai,Nagaraj Patil,2,2
13235,Anitha Prasad,Pooja Patil,2,0
13237,Joseph Rao,Manjunath Rao,2,0
13238,Imran Reddy,Manjunath Rao,2,0
13242,Anitha Patil,Suresh Shetty,2,0
13253,Ashwini Prasad,Pooja Reddy,2,0
13254,Pooja Reddy,Shivakumar Rao,2,0
13255,Anitha Rao,Bhavana Shetty,2,4
13256,Joseph Murthy,Suresh Prasad,2,0
13257,Manjunath Kulkarni,Vinutha Gowda,2,0
13263,Deepak Iyengar,Vinutha Kumar,2,3
13264,Deepak Iyengar,Lakshmi Kumar,2,3
13269,Bhavana Rao,Manjunath Kulkarni,2,0
13275,Fatima Rao,Pooja Shetty,2,6
13276,Ashwini Kulkarni,Suresh Iyengar,2,0
13278,Basavaraj Nayak,Ravi Murthy,2,0
13281,Girish Kumar,Nagaraj Murthy,2,0
13282,Kiran Iyengar,Suresh Reddy,2,0
13283,Joseph Reddy,Vinutha Kulkarni,2,2
13284,Bhavana Patil,Kiran Iyengar,2,0
13285,Deepak Rao,Fatima Kulkarni,2,7
13290,Prakash Bhat,Vinutha Naik,2,0
13291,Anitha Desai,Prakash Reddy,2,0
13296,Bhavana Shetty,Lakshmi Gowda,2,0
13298,Bhavana Reddy,Imran Nayak,2,0
13300,Basavaraj Bhat,Kiran Kulkarni,2,2
13304,Pooja Gowda,Vinutha Kulkarni,2,3
13306,Basavaraj Rao,Suresh Naik,2,0
13307,Lakshmi Shetty,Manjunath Nayak,2,5
13310,Manjunath Naik,Suresh Murthy,2,0
13312,Deepak Iyengar,Pooja Rao,2,3
13316,Ashwini Kumar,Ravi Rao,2,0
13318,Basavaraj Bhat,Pooja Patil,2,2
13319,Basavaraj Bhat,Suresh Prasad,2,2
13320,Ravi Murthy,Ravi Rao,2,0
13322,Ashwini Desai,Vinutha Kulkarni,2,0
13327,Anitha Iyengar,Mary Kumar,2,0
13329,Lakshmi Patil,Vinutha Bhat,2,0
13350,Chetan Shetty,Nagaraj Nayak,2,0
13352,Imran Prasad,Ravi Rao,2,0
13355,Deepak Iyengar,Imran Rao,2,3
13357,Bhavana Reddy,Imran Rao,2,8
13361,Prakash Kumar,Ravi Bhat,2,0
13362,Imran Iyengar,Joseph Kumar,2,2
13367,Anitha Desai,Ravi Nayak,2,1
13368,Anitha Desai,Lakshmi Reddy,2,8
13369,Basavaraj Desai,Basavaraj Prasad,2,0
13370,Kiran Hegde,Yashwanth Nayak,2,3
13371,Deepak Gowda,Joseph Shetty,2,4
13374,Prakash Gowda,Ravi Desai,2,0
13383,Nagaraj Shetty,Pooja Gowda,2,3
13384,Basavaraj Shetty,Nagaraj Rao,2,0
13386,Deepak Prasad,Imran Iyengar,2,0
13387,Anitha Reddy,Imran Iyengar,2,0
13388,Joseph Murthy,Joseph Prasad,2,0
13391,Chetan Murthy,Shivakumar Kumar,2,0
13394,Mary Prasad,Shivakumar Reddy,2,0
13395,Deepak Reddy,Shivakumar Reddy,2,0
13396,Bhavana Shetty,Deepak Murthy,2,0
13398,Bhavana Shetty,Ravi Reddy,2,1
13408,Bhavana Bhat,Rekha Desai,2,0
13410,Rekha Desai,Suresh Naik,2,0
13412,Deepak Nayak,Manjunath Naik,2,0
13414,Fatima Prasad,Mary Gowda,2,0
13420,Nagaraj Gowda,Nagaraj Iyengar,2,0
13422,Pooja Murthy,Ravi Bhat,2,0
13424,Anitha Bhat,Yashwanth Iyengar,2,7
13429,Fatima Murthy,Vinutha Hegde,2,0
13430,Basavaraj Prasad,Fatima Murthy,2,0
13432,Ashwini Bhat,Rekha Kumar,2,0
13438,Kiran Kulkarni,Yashwanth Nayak,2,5
13440,Ashwini Kumar,Yashwanth Nayak,2,0
13445,Deepak Rao,Suresh Nayak,2,7
13446,Ravi Rao,Rekha Murthy,2,7
13450,Chetan Patil,Kiran Patil,2,4
13452,Chetan Iyengar,Lakshmi Naik,2,0
13453,Lakshmi Naik,Prakash Hegde,2,0
13462,Deepak Bhat,Rekha Nayak,2,8
13466,Lakshmi Shetty,Nagaraj Kulkarni,2,4
13471,Anitha Rao,Bhavana Desai,2,4
13472,Kiran Kumar,Vinutha Hegde,2,0
13473,Chetan Reddy,Kiran Kumar,2,1
13474,Imran Iyengar,Imran Kumar,2,0
13475,Imran Kumar,Prakash Nayak,2,0
13478,Mary Iyengar,Prakash Shetty,2,0
13481,Chetan Prasad,Rekha Murthy,2,6
13483,Chetan Prasad,Shivakumar Iyengar,2,6
13484,Ashwini Naik,Pooja Bhat,2,5
13487,Bhavana Kumar,Pooja Rao,2,7
13488,Bhavana Kumar,Prakash Hegde,2,0
13489,Pooja Rao,Prakash Hegde,2,7
13492,Pooja Kulkarni,Ravi Hegde,2,0
13493,Anitha Naik,Rekha Patil,2,0
13499,Pooja Reddy,Pooja Shetty,2,6
13502,Shivakumar Reddy,Vinutha Iyengar,2,0
13503,Chetan Bhat,Manjunath Kulkarni,2,0
13504,Manjunath Kulkarni,Rekha Prasad,2,0
13505,Kiran Hegde,Shivakumar Prasad,2,3
13515,Fatima Gowda,Yashwanth Hegde,2,1
13519,Joseph Iyengar,Mary Patil,2,6
13527,Bhavana Nayak,Joseph Rao,2,2
13529,Girish Nayak,Joseph Rao,2,0
13531,Ashwini Desai,Joseph Rao,2,0
13532,Joseph Kulkarni,Joseph Rao,2,0
13533,Deepak Rao,Ravi Prasad,2,7
13534,Fatima Rao,Vinutha Kumar,2,0
13535,Fatima Rao,Kiran Desai,2,0
13538,Fatima Reddy,Kiran Shetty,2,0
13540,Basavaraj Hegde,Nagaraj Kumar,2,0
13541,Basavaraj Hegde,Yashwanth Patil,2,0
13551,Lakshmi Rao,Yashwanth Reddy,2,7
13552,Lakshmi Rao,Rekha Kulkarni,2,7
13553,Joseph Desai,Shivakumar Shetty,2,8
13556,Bhavana Desai,Bhavana Shetty,2,5
13561,Prakash Kumar,Prakash Nayak,2,0
13564,Anitha Kumar,Rekha Murthy,2,7
13569,Ashwini Kulkarni,Pooja Bhat,2,5
13571,Lakshmi Bhat,Rekha Rao,2,0
13573,Girish Patil,Vinutha Kulkarni,2,0
13581,Basavaraj Gowda,Rekha Bhat,2,0
13583,Basavaraj Gowda,Ravi Murthy,2,0
13584,Manjunath Kumar,Ravi Murthy,2,3
13587,Bhavana Reddy,Vinutha Prasad,2,0
13588,Bhavana Reddy,Nagaraj Patil,2,2
13591,Manjunath Hegde,Shivakumar Naik,2,5
13601,Chetan Iyengar,Joseph Shetty,2,4
13603,Girish Prasad,Mary Bhat,2,0
13606,Girish Naik,Suresh Shetty,2,0
13621,Chetan Bhat,Prakash Kulkarni,2,7
13622,Fatima Kumar,Vinutha Iyengar,2,0
13623,Anitha Patil,Girish Iyengar,2,0
13624,Girish Iyengar,Imran Murthy,2,0
13628,Deepak Rao,Shivakumar Nayak,2,7
13629,Nagaraj Reddy,Shivakumar Nayak,2,7
13630,Manjunath Reddy,Shivakumar Kulkarni,2,0
13632,Ashwini Kumar,Shivakumar Kulkarni,2,0
13633,Bhavana Kumar,Ravi Patil,2,0
13636,Manjunath Desai,Prakash Kumar,2,8
13639,Lakshmi Kumar,Vinutha Desai,2,4
13640,Imran Nayak,Ravi Naik,2,7
13641,Basavaraj Murthy,Bhavana Gowda,2,1
13642,Basavaraj Murthy,Lakshmi Desai,2,0
13646,Joseph Hegde,Mary Gowda,2,7
13648,Joseph Hegde,Lakshmi Murthy,2,7
13654,Basavaraj Prasad,Suresh Iyengar,2,0
13658,Fatima Shetty,Joseph Prasad,2,7
13662,Mary Iyengar,Ravi Prasad,2,0
13670,Kiran Murthy,Manjunath Prasad,2,8
13673,Lakshmi Murthy,Yashwanth Gowda,2,0
13677,Manjunath Rao,Rekha Reddy,2,0
13678,Basavaraj Gowda,Rekha Reddy,2,0
13681,Basavaraj Nayak,Imran Gowda,2,0
13687,Chetan Gowda,Imran Gowda,2,0
13690,Kiran Kumar,Suresh Desai,2,0
13693,Ashwini Naik,Manjunath Nayak,2,5
13695,Girish Prasad,Vinutha Shetty,2,0
13699,Anitha Rao,Nagaraj Kumar,2,4
13702,Bhavana Murthy,Vinutha Iyengar,2,0
13704,Imran Nayak,Rekha Gowda,2,0
13707,Nagaraj Rao,Rekha Gowda,2,0
13717,Bhavana Murthy,Fatima Murthy,2,0
13720,Basavaraj Desai,Fatima Kumar,2,0
13722,Basavaraj Bhat,Manjunath Nayak,2,2
13723,Manjunath Nayak,Yashwanth Murthy,2,5
13725,Deepak Gowda,Imran Gowda,2,0
13730,Basavaraj Murthy,Shivakumar Gowda,2,3
13732,Deepak Shetty,Yashwanth Bhat,2,3
13736,Vinutha Patil,Yashwanth Nayak,2,2
13738,Ashwini Shetty,Imran Reddy,2,0
13742,Ravi Iyengar,Shivakumar Hegde,2,1
13745,Basavaraj Rao,Nagaraj Rao,2,0
13750,Bhavana Prasad,Joseph Naik,2,3
13754,Girish Patil,Girish Prasad,2,0
13756,Anitha Kumar,Chetan Prasad,2,6
13758,Anitha Kumar,Ashwini Patil,2,0
13760,Deepak Iyengar,Kiran Prasad,2,3
13762,Ravi Shetty,Suresh Reddy,2,0
13763,Suresh Reddy,Yashwanth Hegde,2,0
13765,Rekha Bhat,Vinutha Bhat,2,0
13769,Girish Iyengar,Prakash Bhat,2,0
13770,Pooja Hegde,Prakash Bhat,2,0
13775,Anitha Patil,Ravi Prasad,2,0
13776,Basavaraj Reddy,Chetan Nayak,2,0
13777,Basavaraj Reddy,Suresh Nayak,2,0
13780,Basavaraj Bhat,Bhavana Desai,2,2
13781,Basavaraj Patil,Imran Iyengar,2,2
13782,Basavaraj Patil,Lakshmi Murthy,2,2
13784,Imran Hegde,Imran Iyengar,2,0
13785,Ashwini Hegde,Imran Iyengar,2,0
13788,Ashwini Kulkarni,Bhavana Rao,2,0
13789,Bhavana Naik,Imran Shetty,2,3
13791,Bhavana Prasad,Lakshmi Nayak,2,3
13795,Anitha Patil,Basavaraj Desai,2,0
13798,Kiran Nayak,Ravi Hegde,2,0
13800,Basavaraj Reddy,Kiran Nayak,2,0
13803,Fatima Gowda,Kiran Nayak,2,1
13806,Kiran Prasad,Mary Murthy,2,8
13810,Pooja Hegde,Rekha Gowda,2,0
13814,Nagaraj Nayak,Nagaraj Prasad,2,0
13815,Deepak Bhat,Nagaraj Prasad,2,0
13817,Deepak Bhat,Nagaraj Nayak,2,0
13823,Chetan Shetty,Vinutha Kulkarni,2,0
13825,Girish Bhat,Suresh Shetty,2,6
13830,Nagaraj Desai,Yashwanth Gowda,2,0
13838,Anitha Nayak,Lakshmi Patil,2,0
13844,Nagaraj Reddy,Rekha Desai,2,7
13845,Ashwini Patil,Kiran Iyengar,2,0
13847,Chetan Kulkarni,Kiran Gowda,2,0
13848,Fatima Naik,Kiran Gowda,2,0
13851,Pooja Hegde,Prakash Rao,2,0
13854,Joseph Patil,Prakash Rao,2,3
13858,Joseph Patil,Ravi Patil,2,3
13865,Kiran Bhat,Yashwanth Kumar,2,0
13866,Kiran Bhat,Yashwanth Prasad,2,0
13869,Bhavana Desai,Manjunath Shetty,2,5
13872,Ravi Iyengar,Rekha Patil,2,0
13873,Joseph Patil,Ravi Iyengar,2,3
13875,Prakash Nayak,Prakash Patil,2,0
13882,Kiran Iyengar,Shivakumar Nayak,2,0
13884,Joseph Bhat,Shivakumar Patil,2,0
13886,Ravi Rao,Shivakumar Patil,2,0
13887,Lakshmi Bhat,Suresh Desai,2,0
13888,Suresh Desai,Suresh Kumar,2,0
13889,Lakshmi Bhat,Suresh Kumar,2,0
13892,Kiran Shetty,Rekha Naik,2,0
13893,Mary Prasad,Nagaraj Prasad,2,0
13894,Joseph Kumar,Mary Prasad,2,2
13895,Manjunath Iyengar,Mary Prasad,2,0
13896,Ashwini Kumar,Fatima Shetty,2,7
13898,Basavaraj Kumar,Suresh Patil,2,0
13899,Vinutha Gowda,Yashwanth Hegde,2,0
13900,Deepak Naik,Vinutha Gowda,2,0
13902,Deepak Murthy,Shivakumar Shetty,2,8
13905,Basavaraj Naik,Fatima Shetty,2,7
13917,Deepak Prasad,Yashwanth Rao,2,0
13918,Mary Kulkarni,Prakash Naik,2,2
13921,Fatima Murthy,Prakash Iyengar,2,5
13927,Basavaraj Shetty,Shivakumar Gowda,2,3
13930,Chetan Rao,Rekha Bhat,2,0
13937,Lakshmi Nayak,Lakshmi Reddy,2,1
13939,Bhavana Gowda,Yashwanth Murthy,2,1
13942,Pooja Shetty,Vinutha Hegde,2,6
13944,Deepak Patil,Pooja Kumar,2,2
13947,Basavaraj Bhat,Yashwanth Rao,2,2
13948,Chetan Hegde,Mary Kulkarni,2,0
13952,Deepak Nayak,Lakshmi Kulkarni,2,0
13953,Deepak Nayak,Girish Rao,2,0
13958,Rekha Bhat,Vinutha Desai,2,0
13959,Ravi Naik,Vinutha Desai,2,7
13967,Lakshmi Kulkarni,Ravi Murthy,2,0
13970,Anitha Gowda,Kiran Kumar,2,0
13973,Joseph Iyengar,Kiran Hegde,2,6
13979,Joseph Hegde,Vinutha Desai,2,7
13981,Joseph Shetty,Manjunath Iyengar,2,4
13982,Deepak Desai,Vinutha Gowda,2,0
13984,Joseph Shetty,Vinutha Gowda,2,4
13990,Ashwini Naik,Vinutha Patil,2,5
13995,Kiran Prasad,Lakshmi Desai,2,0
13998,Suresh Gowda,Yashwanth Murthy,2,6
14000,Ashwini Desai,Suresh Bhat,2,7
14001,Girish Bhat,Kiran Desai,2,6
14003,Anitha Bhat,Imran Prasad,2,7
14006,Fatima Nayak,Joseph Iyengar,2,6
14007,Deepak Prasad,Pooja Reddy,2,0
14013,Lakshmi Reddy,Manjunath Rao,2,8
14015,Kiran Iyengar,Vinutha Desai,2,0
14016,Kiran Iyengar,Shivakumar Reddy,2,0
14017,Girish Rao,Rekha Reddy,2,0
14018,Joseph Bhat,Joseph Gowda,2,0
14019,Kiran Naik,Nagaraj Kulkarni,2,4
14021,Bhavana Bhat,Joseph Patil,2,3
14022,Bhavana Gowda,Ravi Reddy,2,1
14024,Kiran Hegde,Ravi Reddy,2,3
14026,Manjunath Kumar,Yashwanth Nayak,2,3
14029,Kiran Prasad,Ravi Naik,2,7
14032,Anitha Nayak,Kiran Prasad,2,0
14034,Lakshmi Nayak,Ravi Reddy,2,1
14035,Lakshmi Nayak,Ravi Nayak,2,1
14037,Manjunath Reddy,Prakash Kulkarni,2,7
14038,Joseph Kulkarni,Manjunath Reddy,2,0
14039,Joseph Kulkarni,Prakash Kulkarni,2,7
14041,Kiran Hegde,Vinutha Patil,2,3
14044,Prakash Rao,Vinutha Patil,2,2
14049,Girish Iyengar,Mary Murthy,2,8
14050,Anitha Kumar,Suresh Patil,2,0
14051,Fatima Kumar,Suresh Patil,2,0
14052,Anitha Kumar,Fatima Kumar,2,0
14054,Fatima Bhat,Yashwanth Kulkarni,2,0
14058,Pooja Hegde,Prakash Hegde,2,0
14062,Imran Gowda,Vinutha Shetty,2,0
14065,Imran Shetty,Pooja Hegde,2,0
14067,Imran Shetty,Mary Rao,2,0
14068,Bhavana Gowda,Imran Bhat,2,1
14071,Ashwini Desai,Suresh Murthy,2,0
14073,Fatima Iyengar,Nagaraj Prasad,2,1
14079,Ashwini Naik,Yashwanth Kulkarni,2,5
14082,Pooja Prasad,Suresh Nayak,2,0
14084,Anitha Prasad,Prakash Nayak,2,0
14085,Imran Reddy,Suresh Reddy,2,0
14087,Ravi Bhat,Yashwanth Rao,2,0
14088,Anitha Hegde,Yashwanth Rao,2,0
14089,Ravi Bhat,Suresh Gowda,2,0
14090,Anitha Hegde,Suresh Gowda,2,0
14095,Prakash Prasad,Suresh Bhat,2,7
14096,Kiran Kumar,Prakash Prasad,2,0
14097,Fatima Iyengar,Prakash Prasad,2,1
14098,Fatima Iyengar,Suresh Bhat,2,1
14102,Chetan Kulkarni,Manjunath Reddy,2,0
14106,Anitha Desai,Yashwanth Desai,2,0
14107,Mary Shetty,Shivakumar Bhat,2,0
14108,Anitha Reddy,Basavaraj Murthy,2,0
14115,Bhavana Desai,Prakash Shetty,2,5
14120,Fatima Prasad,Manjunath Hegde,2,0
14122,Anitha Murthy,Nagaraj Prasad,2,0
14124,Anitha Murthy,Girish Hegde,2,4
14131,Basavaraj Rao,Manjunath Patil,2,0
14134,Lakshmi Nayak,Manjunath Naik,2,1
14140,Pooja Gowda,Yashwanth Iyengar,2,3
14142,Ashwini Kulkarni,Pooja Rao,2,7
14144,Imran Shetty,Pooja Rao,2,7
14148,Joseph Hegde,Kiran Naik,2,7
14150,Kiran Kumar,Rekha Hegde,2,0
14152,Anitha Bhat,Imran Shetty,2,7
14154,Shivakumar Desai,Yashwanth Shetty,2,4
14155,Shivakumar Desai,Vinutha Naik,2,4
14157,Deepak Bhat,Lakshmi Bhat,2,0
14158,Deepak Bhat,Suresh Hegde,2,0
14160,Girish Bhat,Ravi Kumar,2,6
14162,Rekha Murthy,Yashwanth Desai,2,7
14166,Ashwini Rao,Yashwanth Desai,2,0
14167,Ravi Hegde,Yashwanth Desai,2,0
14171,Nagaraj Patil,Shivakumar Prasad,2,2
14173,Lakshmi Patil,Pooja Murthy,2,0
14177,Lakshmi Patil,Mary Naik,2,7
14181,Mary Murthy,Nagaraj Rao,2,8
14189,Anitha Reddy,Manjunath Hegde,2,0
14191,Bhavana Desai,Pooja Kumar,2,5
14198,Mary Patil,Suresh Iyengar,2,0
14204,Ravi Hegde,Suresh Rao,2,0
14206,Rekha Bhat,Suresh Rao,2,0
14211,Shivakumar Naik,Suresh Nayak,2,5
14214,Imran Hegde,Pooja Patil,2,0
14221,Manjunath Iyengar,Manjunath Naik,2,0
14223,Basavaraj Patil,Manjunath Rao,2,2
14225,Anitha Murthy,Suresh Patil,2,0
14229,Imran Kumar,Manjunath Patil,2,0
14231,Chetan Kumar,Prakash Rao,2,0
14234,Mary Nayak,Suresh Shetty,2,0
14238,Imran Naik,Nagaraj Murthy,2,0
14242,Joseph Prasad,Lakshmi Hegde,2,1
14243,Anitha Kumar,Pooja Prasad,2,0
14244,Anitha Kumar,Manjunath Gowda,2,0
14248,Kiran Hegde,Vinutha Iyengar,2,3
14249,Chetan Patil,Kiran Hegde,2,4
14254,Imran Nayak,Ravi Reddy,2,1
14257,Fatima Kumar,Lakshmi Rao,2,7
14258,Chetan Kulkarni,Fatima Kumar,2,0
14259,Suresh Naik,Vinutha Iyengar,2,0
14264,Prakash Shetty,Suresh Prasad,2,0
14265,Fatima Hegde,Ravi Patil,2,0
14269,Chetan Kulkarni,Yashwanth Bhat,2,3
14270,Bhavana Rao,Shivakumar Desai,2,4
14272,Deepak Rao,Rekha Reddy,2,7
14273,Deepak Rao,Girish Patil,2,7
14275,Bhavana Bhat,Deepak Patil,2,2
14276,Deepak Patil,Joseph Patil,2,2
14277,Girish Rao,Shivakumar Bhat,2,0
14279,Girish Iyengar,Girish Rao,2,0
14280,Fatima Iyengar,Shivakumar Bhat,2,1
14284,Fatima Iyengar,Girish Iyengar,2,1
14285,Nagaraj Desai,Ravi Hegde,2,0
14295,Nagaraj Kulkarni,Shivakumar Kulkarni,2,4
14297,Nagaraj Naik,Shivakumar Kulkarni,2,0
14298,Girish Patil,Rekha Kulkarni,2,0
14299,Mary Shetty,Rekha Kulkarni,2,0
14300,Nagaraj Hegde,Shivakumar Murthy,2,0
14303,Ashwini Desai,Basavaraj Kulkarni,2,0
14305,Ashwini Desai,Ashwini Rao,2,0
14306,Basavaraj Desai,Kiran Naik,2,0
14307,Bhavana Nayak,Prakash Murthy,2,2
14309,Kiran Gowda,Nagaraj Hegde,2,0
14311,Ravi Iyengar,Vinutha Prasad,2,0
14314,Deepak Desai,Ravi Iyengar,2,0
14319,Kiran Naik,Prakash Reddy,2,0
14325,Lakshmi Prasad,Nagaraj Prasad,2,0
14330,Chetan Prasad,Kiran Reddy,2,6
14334,Ashwini Kumar,Prakash Shetty,2,0
14335,Ashwini Bhat,Lakshmi Reddy,2,8
14339,Imran Patil,Lakshmi Reddy,2,8
14342,Manjunath Reddy,Prakash Reddy,2,0
14343,Imran Patil,Prakash Reddy,2,0
14352,Manjunath Naik,Pooja Kumar,2,8
14353,Basavaraj Bhat,Chetan Gowda,2,2
14354,Basavaraj Bhat,Deepak Bhat,2,2
14356,Basavaraj Naik,Imran Prasad,2,0
14357,Girish Patil,Girish Rao,2,0
14360,Basavaraj Hegde,Lakshmi Naik,2,0
14364,Ashwini Desai,Fatima Nayak,2,0
14375,Kiran Prasad,Yashwanth Kumar,2,0
14376,Rekha Gowda,Shivakumar Hegde,2,1
14377,Pooja Bhat,Rekha Murthy,2,5
14381,Deepak Bhat,Ravi Patil,2,0
14384,Suresh Kulkarni,Suresh Kumar,2,0
14387,Deepak Bhat,Manjunath Bhat,2,0
14388,Ashwini Shetty,Manjunath Bhat,2,0
14389,Manjunath Bhat,Shivakumar Prasad,2,0
14390,Ashwini Shetty,Deepak Bhat,2,0
14391,Ashwini Shetty,Shivakumar Prasad,2,0
14392,Bhavana Naik,Joseph Iyengar,2,3
14397,Girish Reddy,Suresh Hegde,2,0
14398,Pooja Gowda,Suresh Hegde,2,3
14402,Ashwini Gowda,Joseph Hegde,2,7
14404,Imran Prasad,Ravi Prasad,2,0
14405,Girish Hegde,Suresh Kulkarni,2,4
14406,Joseph Murthy,Suresh Kulkarni,2,0
14407,Girish Hegde,Joseph Murthy,2,4
14408,Ashwini Reddy,Kiran Iyengar,2,0
14409,Ashwini Reddy,Deepak Patil,2,2
14410,Deepak Patil,Kiran Iyengar,2,2
14413,Deepak Prasad,Lakshmi Murthy,2,0
14414,Kiran Murthy,Nagaraj Bhat,2,8
14418,Mary Gowda,Rekha Rao,2,0
14426,Mary Hegde,Rekha Gowda,2,5
14427,Chetan Patil,Rekha Gowda,2,4
14429,Ravi Kumar,Rekha Gowda,2,0
14431,Ashwini Naik,Shivakumar Prasad,2,5
14434,Prakash Bhat,Yashwanth Hegde,2,0
14435,Prakash Bhat,Vinutha Rao,2,0
14438,Vinutha Rao,Yashwanth Hegde,2,0
14439,Anitha Prasad,Fatima Kumar,2,0
14442,Fatima Kulkarni,Shivakumar Bhat,2,3
14450,Prakash Kulkarni,Vinutha Murthy,2,7
14451,Deepak Naik,Suresh Murthy,2,0
14455,Ashwini Kulkarni,Nagaraj Prasad,2,0
14458,Nagaraj Gowda,Shivakumar Patil,2,0
14460,Anitha Naik,Bhavana Prasad,2,3
14462,Deepak Prasad,Yashwanth Kumar,2,0
14463,Lakshmi Iyengar,Nagaraj Kulkarni,2,4
14465,Basavaraj Reddy,Chetan Gowda,2,0
14468,Prakash Iyengar,Vinutha Rao,2,5
14471,Bhavana Iyengar,Vinutha Desai,2,0
14472,Manjunath Desai,Vinutha Desai,2,8
14483,Manjunath Prasad,Ravi Patil,2,0
14485,Mary Reddy,Yashwanth Murthy,2,5
14486,Mary Reddy,Nagaraj Nayak,2,5
14491,Anitha Naik,Pooja Patil,2,0
14499,Basavaraj Naik,Yashwanth Rao,2,0
14501,Bhavana Naik,Lakshmi Patil,2,3
14502,Joseph Nayak,Kiran Bhat,2,0
14505,Ashwini Gowda,Basavaraj Kumar,2,0
14506,Prakash Rao,Ravi Kulkarni,2,0
14509,Ashwini Murthy,Suresh Patil,2,0
14510,Anitha Rao,Ashwini Murthy,2,4
14511,Pooja Hegde,Yashwanth Kulkarni,2,0
14516,Nagaraj Bhat,Prakash Naik,2,3
14517,Fatima Kumar,Nagaraj Bhat,2,3
14519,Fatima Kumar,Prakash Naik,2,2
14524,Lakshmi Nayak,Prakash Kumar,2,1
14525,Nagaraj Prasad,Prakash Prasad,2,0
14533,Kiran Murthy,Vinutha Reddy,2,8
14535,Rekha Reddy,Vinutha Reddy,2,0
14543,Ravi Murthy,Shivakumar Bhat,2,0
14545,Manjunath Prasad,Nagaraj Iyengar,2,0
14546,Joseph Kulkarni,Kiran Murthy,2,8
14547,Nagaraj Patil,Ravi Iyengar,2,2
14551,Joseph Prasad,Rekha Patil,2,0
14555,Joseph Desai,Manjunath Nayak,2,5
14559,Anitha Desai,Girish Shetty,2,0
14560,Girish Shetty,Manjunath Nayak,2,5
14564,Fatima Desai,Nagaraj Gowda,2,0
14567,Fatima Gowda,Pooja Iyengar,2,1
14570,Fatima Prasad,Vinutha Shetty,2,0
14571,Deepak Bhat,Ravi Iyengar,2,0
14572,Ravi Iyengar,Yashwanth Kulkarni,2,0
14574,Suresh Patil,Yashwanth Prasad,2,0
14575,Manjunath Shetty,Nagaraj Nayak,2,4
14576,Basavaraj Naik,Nagaraj Nayak,2,0
14577,Deepak Naik,Yashwanth Nayak,2,0
14579,Bhavana Kumar,Bhavana Shetty,2,0
14580,Fatima Patil,Nagaraj Reddy,2,7
14584,Ashwini Kumar,Nagaraj Gowda,2,0
14585,Ashwini Kumar,Rekha Nayak,2,8
14587,Fatima Nayak,Rekha Nayak,2,8
14591,Deepak Patil,Mary Desai,2,2
14592,Deepak Patil,Kiran Bhat,2,2
14596,Yashwanth Nayak,Yashwanth Reddy,2,5
14597,Nagaraj Rao,Yashwanth Nayak,2,0
14600,Prakash Hegde,Shivakumar Reddy,2,0
14604,Joseph Nayak,Ravi Reddy,2,1
14608,Girish Gowda,Vinutha Prasad,2,6
14610,Girish Gowda,Manjunath Reddy,2,6
14612,Ashwini Naik,Vinutha Prasad,2,5
14616,Manjunath Reddy,Vinutha Hegde,2,0
14617,Anitha Kulkarni,Suresh Kumar,2,0
14622,Basavaraj Bhat,Bhavana Nayak,2,2
14623,Deepak Prasad,Fatima Kumar,2,0
14624,Fatima Kumar,Manjunath Prasad,2,0
14625,Deepak Prasad,Manjunath Prasad,2,0
14629,Chetan Shetty,Manjunath Shetty,2,4
14632,Ashwini Reddy,Bhavana Gowda,2,1
14635,Lakshmi Kulkarni,Shivakumar Murthy,2,0
14637,Lakshmi Prasad,Mary Shetty,2,0
14641,Deepak Gowda,Ravi Shetty,2,0
14655,Bhavana Naik,Ravi Naik,2,3
14659,Nagaraj Reddy,Ravi Bhat,2,7
14661,Anitha Kulkarni,Ashwini Kumar,2,0
14665,Manjunath Kulkarni,Manjunath Reddy,2,0
14669,Shivakumar Murthy,Yashwanth Shetty,2,0
14678,Manjunath Bhat,Manjunath Iyengar,2,0
14681,Rekha Rao,Shivakumar Hegde,2,1
14686,Bhavana Hegde,Yashwanth Prasad,2,0
14694,Lakshmi Iyengar,Vinutha Rao,2,0
14703,Chetan Naik,Joseph Murthy,2,0
14704,Joseph Murthy,Ravi Hegde,2,0
14705,Chetan Naik,Pooja Kumar,2,8
14706,Pooja Kumar,Ravi Hegde,2,8
14708,Girish Nayak,Imran Murthy,2,0
14712,Imran Shetty,Rekha Desai,2,0
14713,Imran Shetty,Yashwanth Gowda,2,0
14714,Bhavana Prasad,Rekha Desai,2,3
14715,Bhavana Prasad,Yashwanth Gowda,2,3
14717,Mary Kulkarni,Yashwanth Gowda,2,0
14719,Deepak Kulkarni,Kiran Gowda,2,0
14723,Imran Bhat,Manjunath Nayak,2,5
14727,Girish Shetty,Joseph Prasad,2,0
14728,Rekha Rao,Suresh Iyengar,2,0
14732,Prakash Patil,Yashwanth Rao,2,0
14735,Girish Desai,Vinutha Reddy,2,0
14737,Manjunath Rao,Mary Reddy,2,5
14741,Joseph Nayak,Suresh Murthy,2,0
14742,Basavaraj Bhat,Vinutha Reddy,2,2
14744,Kiran Murthy,Prakash Rao,2,8
14747,Bhavana Iyengar,Kiran Kumar,2,0
14750,Anitha Gowda,Fatima Patil,2,0
14751,Anitha Gowda,Imran Shetty,2,0
14752,Pooja Reddy,Yashwanth Prasad,2,0
14757,Ashwini Shetty,Girish Kumar,2,0
14759,Chetan Naik,Fatima Iyengar,2,1
14769,Imran Prasad,Prakash Bhat,2,0
14770,Prakash Bhat,Suresh Murthy,2,0
14771,Girish Rao,Imran Prasad,2,0
14773,Imran Prasad,Suresh Murthy,2,0
14775,Nagaraj Shetty,Vinutha Murthy,2,0
14777,Prakash Gowda,Yashwanth Iyengar,2,7
14778,Girish Gowda,Girish Murthy,2,6
14779,Girish Murthy,Joseph Iyengar,2,6
14781,Anitha Reddy,Mary Reddy,2,5
14788,Lakshmi Murthy,Mary Nayak,2,0
14792,Rekha Naik,Suresh Naik,2,0
14793,Rekha Naik,Shivakumar Bhat,2,0
14796,Basavaraj Hegde,Mary Kumar,2,0
14797,Basavaraj Hegde,Imran Nayak,2,0
14798,Imran Nayak,Mary Kumar,2,0
14802,Mary Kumar,Suresh Reddy,2,0
14803,Ashwini Iyengar,Pooja Patil,2,4
14805,Imran Murthy,Ravi Iyengar,2,0
14806,Fatima Shetty,Suresh Kumar,2,7
14808,Ashwini Kulkarni,Imran Naik,2,0
14812,Deepak Iyengar,Girish Desai,2,3
14813,Ashwini Gowda,Joseph Reddy,2,2
14814,Ashwini Gowda,Shivakumar Desai,2,4
14817,Chetan Shetty,Deepak Gowda,2,0
14819,Chetan Bhat,Lakshmi Shetty,2,0
14820,Manjunath Iyengar,Mary Gowda,2,0
14824,Lakshmi Naik,Mary Shetty,2,0
14826,Joseph Patil,Lakshmi Prasad,2,3
14827,Lakshmi Prasad,Suresh Kulkarni,2,0
14829,Ravi Nayak,Suresh Gowda,2,1
14832,Chetan Bhat,Girish Patil,2,0
14836,Ashwini Prasad,Basavaraj Bhat,2,2
14838,Ashwini Murthy,Imran Nayak,2,0
14840,Chetan Reddy,Ravi Nayak,2,1
14841,Chetan Reddy,Girish Kulkarni,2,1
14842,Mary Naik,Suresh Hegde,2,7
14843,Ashwini Kulkarni,Suresh Kumar,2,0
14846,Kiran Prasad,Shivakumar Kumar,2,0
14848,Basavaraj Shetty,Vinutha Prasad,2,0
14849,Deepak Bhat,Joseph Bhat,2,0
14858,Pooja Hegde,Yashwanth Bhat,2,3
14860,Imran Nayak,Pooja Hegde,2,0
14862,Ashwini Prasad,Nagaraj Rao,2,0
14866,Bhavana Nayak,Shivakumar Iyengar,2,2
14870,Girish Bhat,Manjunath Bhat,2,6
14875,Shivakumar Prasad,Suresh Hegde,2,0
14877,Girish Rao,Nagaraj Reddy,2,7
14879,Kiran Rao,Nagaraj Kulkarni,2,4
14885,Manjunath Bhat,Suresh Rao,2,0
14887,Kiran Kulkarni,Shivakumar Kulkarni,2,5
14888,Kiran Kulkarni,Mary Reddy,2,5
14891,Lakshmi Nayak,Mary Hegde,2,1
14893,Imran Desai,Manjunath Nayak,2,8
14901,Mary Desai,Suresh Prasad,2,0
14902,Nagaraj Shetty,Suresh Prasad,2,0
14907,Joseph Kumar,Mary Desai,2,2
14919,Basavaraj Iyengar,Imran Hegde,2,3
14921,Prakash Naik,Ravi Bhat,2,2
14923,Bhavana Desai,Prakash Prasad,2,5
14925,Bhavana Desai,Mary Iyengar,2,5
14926,Deepak Kumar,Fatima Murthy,2,0
14927,Anitha Iyengar,Fatima Murthy,2,0
14932,Mary Kumar,Yashwanth Kulkarni,2,0
14934,Ashwini Patil,Mary Kumar,2,0
14942,Rekha Desai,Suresh Desai,2,0
14943,Anitha Kumar,Shivakumar Kumar,2,0
14946,Fatima Gowda,Yashwanth Murthy,2,1
14951,Mary Shetty,Rekha Nayak,2,8
14953,Fatima Iyengar,Suresh Prasad,2,1
14954,Joseph Patil,Mary Rao,2,3
14956,Fatima Iyengar,Mary Rao,2,1
14957,Joseph Patil,Nagaraj Hegde,2,3
14959,Fatima Iyengar,Joseph Patil,2,1
14960,Bhavana Rao,Fatima Iyengar,2,1
14962,Girish Kulkarni,Shivakumar Kulkarni,2,5
14964,Kiran Gowda,Shivakumar Kulkarni,2,0
14969,Kiran Prasad,Rekha Murthy,2,7
14973,Ashwini Murthy,Rekha Bhat,2,0
14978,Ashwini Gowda,Pooja Nayak,2,0
14981,Chetan Desai,Lakshmi Nayak,2,1
14984,Deepak Prasad,Lakshmi Kulkarni,2,0
14986,Fatima Iyengar,Joseph Kumar,2,1
14987,Fatima Iyengar,Lakshmi Nayak,2,1
14989,Lakshmi Reddy,Vinutha Kulkarni,2,8
14990,Manjunath Iyengar,Vinutha Patil,2,2
14992,Fatima Bhat,Yashwanth Murthy,2,6
14996,Deepak Shetty,Mary Rao,2,0
14997,Deepak Kulkarni,Yashwanth Patil,2,0
14999,Imran Hegde,Vinutha Naik,2,0
15002,Deepak Gowda,Imran Kulkarni,2,0
15004,Anitha Hegde,Prakash Kumar,2,0
15006,Ravi Gowda,Vinutha Desai,2,3
15009,Deepak Kumar,Kiran Patil,2,0
15014,Joseph Gowda,Mary Iyengar,2,0
15017,Basavaraj Rao,Girish Kulkarni,2,5
15024,Ashwini Gowda,Vinutha Nayak,2,0
15025,Ashwini Gowda,Ashwini Naik,2,5
15027,Deepak Shetty,Mary Reddy,2,5
15028,Mary Nayak,Nagaraj Kumar,2,0
15030,Deepak Kumar,Nagaraj Kumar,2,0
15031,Nagaraj Bhat,Yashwanth Desai,2,3
15034,Joseph Kulkarni,Pooja Nayak,2,0
15035,Ashwini Desai,Deepak Gowda,2,0
15039,Ravi Kulkarni,Rekha Shetty,2,3
15040,Mary Rao,Nagaraj Kulkarni,2,4
15042,Fatima Hegde,Mary Rao,2,0
15048,Basavaraj Iyengar,Pooja Nayak,2,3
15049,Mary Gowda,Ravi Iyengar,2,0
15051,Anitha Naik,Fatima Bhat,2,0
15056,Girish Murthy,Imran Gowda,2,0
15057,Shivakumar Rao,Vinutha Naik,2,0
15059,Nagaraj Bhat,Shivakumar Rao,2,3
15063,Prakash Naik,Vinutha Murthy,2,2
15064,Kiran Hegde,Vinutha Murthy,2,3
15068,Basavaraj Naik,Bhavana Hegde,2,0
15070,Chetan Bhat,Girish Rao,2,0
15076,Bhavana Gowda,Deepak Prasad,2,1
15078,Nagaraj Kumar,Yashwanth Kulkarni,2,0
15082,Ashwini Gowda,Chetan Shetty,2,0
15084,Chetan Gowda,Suresh Bhat,2,7
15086,Deepak Nayak,Pooja Hegde,2,0
15088,Rekha Shetty,Shivakumar Hegde,2,3
15092,Bhavana Desai,Mary Desai,2,5
15095,Anitha Naik,Kiran Iyengar,2,0
15097,Fatima Bhat,Pooja Gowda,2,3
15098,Fatima Bhat,Imran Gowda,2,0
15104,Joseph Patil,Prakash Prasad,2,3
15105,Bhavana Patil,Prakash Rao,2,0
15106,Girish Hegde,Prakash Rao,2,4
15112,Ashwini Bhat,Bhavana Nayak,2,2
15115,Chetan Bhat,Nagaraj Kumar,2,0
15116,Mary Gowda,Mary Reddy,2,5
15118,Mary Gowda,Vinutha Desai,2,0
15120,Rekha Kulkarni,Shivakumar Shetty,2,8
15121,Lakshmi Desai,Mary Nayak,2,0
15124,Girish Bhat,Manjunath Desai,2,6
15126,Lakshmi Kulkarni,Rekha Hegde,2,0
15127,Rekha Hegde,Shivakumar Patil,2,0
15131,Lakshmi Kulkarni,Shivakumar Patil,2,0
15137,Girish Kulkarni,Joseph Kumar,2,5
15140,Deepak Murthy,Pooja Desai,2,0
15141,Basavaraj Patil,Prakash Reddy,2,2
15142,Anitha Desai,Basavaraj Patil,2,2
15144,Prakash Nayak,Shivakumar Gowda,2,3
15147,Ashwini Kulkarni,Rekha Rao,2,0
15148,Ashwini Desai,Rekha Rao,2,0
15150,Deepak Reddy,Kiran Desai,2,0
15154,Girish Kulkarni,Kiran Kumar,2,5
15155,Fatima Kulkarni,Mary Iyengar,2,3
15157,Fatima Kulkarni,Kiran Nayak,2,3
15158,Fatima Shetty,Girish Patil,2,7
15159,Fatima Shetty,Prakash Hegde,2,7
15160,Chetan Kumar,Lakshmi Iyengar,2,0
15161,Chetan Kumar,Vinutha Kumar,2,0
15163,Fatima Kumar,Manjunath Shetty,2,4
15166,Basavaraj Patil,Pooja Patil,2,2
15168,Ashwini Desai,Joseph Gowda,2,0
15173,Ravi Iyengar,Vinutha Naik,2,0
15179,Girish Naik,Prakash Iyengar,2,5
15180,Prakash Iyengar,Rekha Murthy,2,5
15181,Anitha Rao,Girish Shetty,2,4
15183,Basavaraj Shetty,Imran Nayak,2,0
15196,Mary Patil,Rekha Bhat,2,0
15199,Lakshmi Nayak,Prakash Reddy,2,1
15200,Fatima Rao,Prakash Reddy,2,0
15204,Bhavana Patil,Suresh Shetty,2,0
15209,Lakshmi Shetty,Suresh Gowda,2,0
15214,Prakash Prasad,Vinutha Patil,2,2
15216,Mary Rao,Yashwanth Nayak,2,0
15219,Kiran Kumar,Lakshmi Shetty,2,0
15222,Anitha Murthy,Kiran Murthy,2,8
15223,Joseph Murthy,Kiran Murthy,2,8
15225,Rekha Bhat,Shivakumar Shetty,2,8
15227,Mary Naik,Rekha Bhat,2,7
15229,Basavaraj Bhat,Pooja Gowda,2,2
15230,Basavaraj Bhat,Suresh Patil,2,2
15236,Chetan Hegde,Yashwanth Reddy,2,5
15238,Chetan Naik,Imran Nayak,2,0
15239,Joseph Naik,Pooja Patil,2,5
15240,Joseph Gowda,Manjunath Rao,2,0
15243,Joseph Hegde,Suresh Shetty,2,7
15244,Mary Murthy,Nagaraj Naik,2,8
15246,Nagaraj Naik,Vinutha Rao,2,0
15251,Bhavana Desai,Shivakumar Prasad,2,5
15254,Mary Iyengar,Shivakumar Shetty,2,8
15255,Anitha Reddy,Fatima Kumar,2,0
15263,Anitha Prasad,Fatima Nayak,2,0
15266,Ashwini Hegde,Fatima Prasad,2,0
15268,Vinutha Kulkarni,Yashwanth Naik,2,0
15271,Bhavana Gowda,Fatima Prasad,2,1
15272,Fatima Prasad,Suresh Kulkarni,2,0
15274,Manjunath Murthy,Pooja Murthy,2,0
15276,Basavaraj Prasad,Deepak Murthy,2,0
15277,Kiran Iyengar,Nagaraj Rao,2,0
15280,Ravi Bhat,Yashwanth Hegde,2,0
15289,Chetan Murthy,Joseph Gowda,2,0
15294,Lakshmi Iyengar,Mary Shetty,2,0
15297,Ravi Reddy,Yashwanth Nayak,2,1
15302,Anitha Reddy,Deepak Kulkarni,2,0
15303,Joseph Hegde,Suresh Kumar,2,7
15305,Prakash Iyengar,Rekha Nayak,2,5
15308,Anitha Patil,Basavaraj Rao,2,0
15312,Manjunath Kulkarni,Yashwanth Kumar,2,0
15316,Bhavana Desai,Deepak Murthy,2,5
15322,Bhavana Kulkarni,Bhavana Prasad,2,3
15323,Chetan Desai,Manjunath Naik,2,0
15325,Chetan Desai,Chetan Kulkarni,2,0
15329,Deepak Shetty,Rekha Patil,2,0
15330,Girish Kulkarni,Rekha Patil,2,5
15331,Deepak Desai,Deepak Shetty,2,0
15332,Deepak Desai,Girish Kulkarni,2,5
15335,Anitha Rao,Manjunath Nayak,2,4
15336,Fatima Prasad,Joseph Naik,2,5
15346,Mary Nayak,Pooja Kulkarni,2,0
15351,Lakshmi Rao,Pooja Reddy,2,7
15352,Mary Gowda,Mary Kulkarni,2,0
15353,Basavaraj Iyengar,Mary Gowda,2,3
15359,Ravi Naik,Shivakumar Rao,2,7
15364,Basavaraj Patil,Lakshmi Hegde,2,2
15365,Basavaraj Patil,Bhavana Hegde,2,2
15367,Imran Reddy,Vinutha Kumar,2,0
15368,Ashwini Reddy,Prakash Shetty,2,0
15370,Suresh Kulkarni,Yashwanth Shetty,2,0
15373,Chetan Kulkarni,Rekha Bhat,2,0
15375,Basavaraj Hegde,Ravi Hegde,2,0
15388,Kiran Naik,Nagaraj Nayak,2,0
15389,Bhavana Naik,Girish Desai,2,3
15395,Shivakumar Patil,Vinutha Kulkarni,2,0
15398,Anitha Kumar,Kiran Desai,2,0
15402,Pooja Patil,Yashwanth Bhat,2,3
15403,Rekha Shetty,Yashwanth Bhat,2,3
15404,Imran Hegde,Rekha Patil,2,0
15405,Deepak Kulkarni,Yashwanth Kulkarni,2,0
15410,Nagaraj Hegde,Vinutha Hegde,2,0
15418,Ravi Rao,Vinutha Rao,2,0
15420,Basavaraj Prasad,Deepak Rao,2,7
15427,Anitha Desai,Ravi Patil,2,0
15428,Anitha Rao,Ravi Patil,2,4
15433,Deepak Desai,Fatima Shetty,2,7
15438,Ashwini Iyengar,Lakshmi Desai,2,4
15443,Deepak Kumar,Yashwanth Reddy,2,5
15444,Pooja Prasad,Vinutha Patil,2,2
15451,Chetan Kumar,Lakshmi Hegde,2,1
15455,Anitha Prasad,Joseph Kumar,2,2
15456,Anitha Prasad,Joseph Iyengar,2,6
15458,Joseph Iyengar,Joseph Kumar,2,6
15466,Girish Kumar,Joseph Reddy,2,2
15468,Deepak Murthy,Joseph Reddy,2,2
15475,Shivakumar Murthy,Vinutha Kumar,2,0
15479,Lakshmi Prasad,Prakash Nayak,2,0
15485,Joseph Desai,Lakshmi Bhat,2,0
15486,Manjunath Iyengar,Prakash Gowda,2,0
15488,Prakash Gowda,Vinutha Reddy,2,0
15496,Prakash Shetty,Ravi Shetty,2,0
15498,Lakshmi Desai,Mary Gowda,2,0
15499,Pooja Shetty,Rekha Gowda,2,6
15500,Joseph Desai,Pooja Shetty,2,6
15504,Girish Bhat,Vinutha Bhat,2,6
15507,Bhavana Hegde,Deepak Desai,2,0
15508,Deepak Desai,Girish Hegde,2,4
15509,Bhavana Hegde,Manjunath Nayak,2,5
15515,Fatima Hegde,Lakshmi Murthy,2,0
15517,Ashwini Iyengar,Lakshmi Bhat,2,4
15520,Lakshmi Bhat,Vinutha Prasad,2,0
15521,Lakshmi Hegde,Rekha Bhat,2,1
15525,Lakshmi Murthy,Suresh Murthy,2,0
15531,Girish Naik,Manjunath Gowda,2,0
15534,Fatima Desai,Imran Gowda,2,0
15535,Bhavana Rao,Yashwanth Kumar,2,0
15536,Bhavana Bhat,Yashwanth Kumar,2,0
15537,Basavaraj Hegde,Nagaraj Shetty,2,0
15538,Mary Bhat,Nagaraj Shetty,2,0
15539,Imran Prasad,Ravi Kulkarni,2,0
15545,Chetan Kulkarni,Pooja Gowda,2,3
15552,Imran Naik,Suresh Murthy,2,0
15555,Basavaraj Iyengar,Manjunath Kumar,2,3
15563,Lakshmi Reddy,Rekha Murthy,2,8
15567,Chetan Naik,Pooja Reddy,2,0
15568,Ashwini Reddy,Pooja Reddy,2,0
15569,Ashwini Reddy,Chetan Naik,2,0
15574,Anitha Iyengar,Mary Shetty,2,0
15575,Mary Iyengar,Pooja Shetty,2,6
15576,Kiran Iyengar,Mary Iyengar,2,0
15577,Kiran Iyengar,Pooja Shetty,2,6
15582,Imran Desai,Yashwanth Gowda,2,8
15585,Basavaraj Gowda,Vinutha Naik,2,0
15589,Basavaraj Patil,Rekha Nayak,2,2
15596,Fatima Murthy,Vinutha Desai,2,0
15597,Prakash Patil,Yashwanth Bhat,2,3
15600,Fatima Prasad,Vinutha Bhat,2,0
15603,Ravi Kulkarni,Suresh Nayak,2,0
15605,Ashwini Desai,Yashwanth Hegde,2,0
15606,Bhavana Prasad,Rekha Gowda,2,3
15609,Basavaraj Naik,Lakshmi Desai,2,0
15611,Ashwini Shetty,Basavaraj Naik,2,0
15612,Ashwini Bhat,Shivakumar Bhat,2,0
15616,Joseph Reddy,Manjunath Desai,2,2
15617,Ashwini Prasad,Manjunath Naik,2,0
15622,Deepak Kulkarni,Yashwanth Prasad,2,0
15625,Lakshmi Reddy,Suresh Shetty,2,8
15627,Lakshmi Reddy,Nagaraj Patil,2,8
15629,Chetan Gowda,Lakshmi Prasad,2,0
15630,Prakash Rao,Prakash Shetty,2,0
15632,Lakshmi Kulkarni,Prakash Rao,2,0
15633,Pooja Naik,Suresh Reddy,2,0
15634,Anitha Prasad,Ravi Kulkarni,2,0
15635,Anitha Prasad,Joseph Shetty,2,4
15636,Deepak Nayak,Prakash Kulkarni,2,7
15638,Nagaraj Prasad,Yashwanth Bhat,2,3
15648,Prakash Kumar,Rekha Reddy,2,0
15653,Girish Rao,Suresh Reddy,2,0
15669,Deepak Hegde,Pooja Nayak,2,0
15676,Chetan Shetty,Lakshmi Nayak,2,1
15681,Bhavana Desai,Rekha Murthy,2,5
15686,Bhavana Murthy,Joseph Rao,2,0
15689,Basavaraj Bhat,Shivakumar Kumar,2,2
15696,Vinutha Reddy,Vinutha Shetty,2,0
15697,Shivakumar Reddy,Vinutha Shetty,2,0
15702,Ashwini Desai,Chetan Prasad,2,6
15703,Imran Bhat,Vinutha Rao,2,0
15704,Imran Bhat,Kiran Iyengar,2,0
15708,Basavaraj Nayak,Shivakumar Nayak,2,0
15709,Basavaraj Murthy,Joseph Prasad,2,0
15710,Anitha Naik,Basavaraj Murthy,2,0
15712,Ravi Desai,Suresh Kulkarni,2,0
15715,Mary Hegde,Nagaraj Nayak,2,5
15720,Suresh Nayak,Yashwanth Desai,2,0
15721,Bhavana Gowda,Suresh Naik,2,1
15722,Suresh Naik,Suresh Nayak,2,0
15723,Bhavana Gowda,Suresh Nayak,2,1
15726,Girish Gowda,Yashwanth Patil,2,6
15729,Bhavana Prasad,Girish Gowda,2,3
15730,Anitha Gowda,Manjunath Prasad,2,0
15734,Imran Nayak,Ravi Gowda,2,3
15736,Bhavana Kulkarni,Girish Rao,2,0
15738,Joseph Naik,Joseph Shetty,2,5
15739,Chetan Naik,Mary Kumar,2,0
15740,Nagaraj Nayak,Shivakumar Gowda,2,3
15742,Chetan Kulkarni,Suresh Hegde,2,0
15746,Chetan Gowda,Nagaraj Rao,2,0
15747,Nagaraj Rao,Rekha Nayak,2,8
15752,Bhavana Iyengar,Prakash Hegde,2,0
15760,Rekha Hegde,Yashwanth Hegde,2,0
15768,Shivakumar Iyengar,Shivakumar Shetty,2,8
15779,Anitha Rao,Basavaraj Murthy,2,4
15782,Basavaraj Murthy,Pooja Hegde,2,0
15790,Kiran Rao,Pooja Hegde,2,0
15792,Basavaraj Patil,Girish Bhat,2,2
15796,Prakash Patil,Rekha Iyengar,2,4
15797,Girish Hegde,Rekha Iyengar,2,4
15799,Fatima Desai,Joseph Desai,2,0
15802,Fatima Kulkarni,Fatima Patil,2,3
15805,Basavaraj Prasad,Joseph Shetty,2,4
15808,Kiran Patil,Vinutha Murthy,2,0
15809,Deepak Bhat,Vinutha Murthy,2,0
15810,Rekha Kulkarni,Suresh Shetty,2,0
15812,Ravi Kumar,Suresh Shetty,2,0
15813,Deepak Bhat,Girish Iyengar,2,0
15818,Anitha Naik,Suresh Desai,2,0
15819,Fatima Hegde,Rekha Desai,2,0
15821,Chetan Naik,Rekha Desai,2,0
15822,Rekha Reddy,Shivakumar Patil,2,0
15824,Joseph Murthy,Shivakumar Patil,2,0
15826,Chetan Nayak,Shivakumar Rao,2,0
15833,Anitha Desai,Basavaraj Nayak,2,0
15835,Rekha Shetty,Vinutha Patil,2,3
15840,Joseph Reddy,Pooja Kumar,2,2
15846,Anitha Kumar,Fatima Shetty,2,7
15848,Suresh Kumar,Yashwanth Hegde,2,0
15849,Ravi Gowda,Suresh Kumar,2,3
15853,Deepak Nayak,Imran Bhat,2,0
15855,Anitha Prasad,Rekha Naik,2,0
15864,Anitha Nayak,Pooja Naik,2,0
15869,Chetan Bhat,Chetan Desai,2,0
15871,Chetan Desai,Deepak Gowda,2,0
15872,Deepak Gowda,Fatima Gowda,2,1
15873,Mary Hegde,Rekha Patil,2,5
15875,Mary Hegde,Prakash Shetty,2,5
15876,Rekha Desai,Rekha Patil,2,0
15879,Girish Bhat,Rekha Desai,2,6
15884,Joseph Bhat,Vinutha Gowda,2,0
15887,Ashwini Murthy,Mary Kulkarni,2,0
15890,Imran Gowda,Suresh Naik,2,0
15893,Shivakumar Gowda,Suresh Hegde,2,3
15899,Girish Desai,Lakshmi Prasad,2,0
15902,Rekha Shetty,Vinutha Nayak,2,3
15904,Rekha Kumar,Yashwanth Shetty,2,0
15907,Deepak Kumar,Yashwanth Kumar,2,0
15911,Deepak Kulkarni,Prakash Hegde,2,0
15916,Girish Hegde,Girish Naik,2,4
15921,Bhavana Kumar,Mary Iyengar,2,0
15923,Bhavana Kumar,Girish Patil,2,0
15925,Mary Iyengar,Yashwanth Naik,2,0
15927,Mary Nayak,Rekha Kulkarni,2,0
15939,Nagaraj Rao,Yashwanth Bhat,2,3
15940,Nagaraj Rao,Vinutha Desai,2,0
15941,Deepak Rao,Imran Desai,2,7
15943,Imran Desai,Suresh Patil,2,8
15945,Basavaraj Prasad,Vinutha Bhat,2,0
15947,Ashwini Iyengar,Ashwini Murthy,2,4
15958,Girish Bhat,Vinutha Kulkarni,2,6
15959,Kiran Rao,Nagaraj Nayak,2,0
15962,Manjunath Naik,Nagaraj Rao,2,0
15964,Anitha Kulkarni,Rekha Kulkarni,2,0
15965,Bhavana Reddy,Manjunath Nayak,2,5
15966,Chetan Reddy,Lakshmi Hegde,2,1
15969,Manjunath Desai,Manjunath Murthy,2,8
15971,Ashwini Bhat,Joseph Hegde,2,7
15974,Deepak Reddy,Pooja Nayak,2,0
15977,Prakash Hegde,Shivakumar Bhat,2,0
15978,Prakash Murthy,Ravi Naik,2,7
15980,Deepak Iyengar,Lakshmi Shetty,2,3
15981,Deepak Iyengar,Manjunath Gowda,2,3
15988,Rekha Gowda,Vinutha Iyengar,2,0
15990,Ashwini Nayak,Suresh Kumar,2,0
15994,Ashwini Kulkarni,Prakash Hegde,2,0
15995,Prakash Hegde,Ravi Kulkarni,2,0
15999,Basavaraj Nayak,Pooja Iyengar,2,5
16000,Basavaraj Nayak,Bhavana Nayak,2,2
16005,Pooja Patil,Prakash Hegde,2,0
16006,Girish Nayak,Lakshmi Rao,2,7
16007,Rekha Iyengar,Rekha Nayak,2,4
16009,Imran Naik,Vinutha Shetty,2,0
16012,Joseph Iyengar,Shivakumar Shetty,2,6
16017,Chetan Desai,Lakshmi Reddy,2,8
16018,Kiran Gowda,Nagaraj Gowda,2,0
16019,Joseph Reddy,Prakash Patil,2,2
16021,Joseph Reddy,Rekha Bhat,2,2
16025,Girish Gowda,Nagaraj Gowda,2,6
16027,Lakshmi Murthy,Prakash Patil,2,0
16029,Nagaraj Nayak,Rekha Shetty,2,3
16030,Ashwini Iyengar,Imran Prasad,2,4
16031,Ashwini Iyengar,Mary Desai,2,4
16032,Fatima Kumar,Vinutha Bhat,2,0
16034,Manjunath Kulkarni,Rekha Nayak,2,8
16035,Rekha Nayak,Rekha Prasad,2,8
16041,Chetan Desai,Vinutha Naik,2,0
16042,Anitha Kulkarni,Prakash Rao,2,0
16046,Anitha Desai,Lakshmi Nayak,2,1
16049,Deepak Patil,Girish Reddy,2,2
16050,Basavaraj Naik,Vinutha Murthy,2,0
16051,Vinutha Kumar,Vinutha Murthy,2,0
16052,Basavaraj Naik,Vinutha Kumar,2,0
16053,Nagaraj Shetty,Ravi Patil,2,0
16054,Deepak Prasad,Nagaraj Kulkarni,2,4
16055,Basavaraj Kumar,Nagaraj Patil,2,2
16057,Lakshmi Patil,Suresh Hegde,2,0
16058,Lakshmi Patil,Yashwanth Reddy,2,5
16059,Joseph Kumar,Vinutha Gowda,2,2
16065,Rekha Gowda,Suresh Patil,2,0
16066,Joseph Desai,Suresh Iyengar,2,0
16074,Fatima Patil,Prakash Nayak,2,0
16077,Deepak Shetty,Shivakumar Shetty,2,8
16078,Chetan Desai,Deepak Shetty,2,0
16081,Mary Shetty,Prakash Prasad,2,0
16084,Mary Shetty,Ravi Gowda,2,3
16091,Imran Shetty,Joseph Iyengar,2,6
16095,Deepak Murthy,Suresh Rao,2,0
16100,Anitha Gowda,Deepak Murthy,2,0
16104,Deepak Bhat,Joseph Iyengar,2,6
16107,Fatima Gowda,Joseph Kumar,2,1
16108,Joseph Kumar,Ravi Reddy,2,2
16111,Nagaraj Bhat,Nagaraj Kulkarni,2,3
16112,Kiran Desai,Ravi Rao,2,0
16114,Fatima Kumar,Rekha Gowda,2,0
16115,Imran Desai,Lakshmi Naik,2,8
16117,Mary Hegde,Mary Reddy,2,5
16118,Mary Hegde,Nagaraj Kumar,2,5
16119,Joseph Murthy,Suresh Kumar,2,0
16120,Manjunath Reddy,Suresh Kumar,2,0
16121,Joseph Murthy,Manjunath Reddy,2,0
16122,Chetan Hegde,Imran Reddy,2,0
16124,Bhavana Desai,Deepak Bhat,2,5
16125,Bhavana Kulkarni,Ravi Shetty,2,0
16130,Pooja Shetty,Rekha Kumar,2,6
16131,Bhavana Kulkarni,Bhavana Shetty,2,0
16133,Bhavana Kulkarni,Yashwanth Iyengar,2,7
16135,Girish Reddy,Rekha Reddy,2,0
16136,Chetan Kumar,Rekha Reddy,2,0
16139,Ashwini Shetty,Nagaraj Rao,2,0
16142,Anitha Naik,Fatima Patil,2,0
16144,Anitha Bhat,Manjunath Nayak,2,7
16150,Lakshmi Bhat,Shivakumar Murthy,2,0
16152,Fatima Bhat,Fatima Naik,2,0
16154,Fatima Bhat,Ravi Kumar,2,0
16157,Bhavana Naik,Bhavana Patil,2,3
16160,Girish Kumar,Girish Nayak,2,0
16165,Ashwini Prasad,Suresh Nayak,2,0
16166,Nagaraj Reddy,Suresh Nayak,2,7
16169,Ravi Iyengar,Shivakumar Desai,2,4
16171,Manjunath Desai,Prakash Kulkarni,2,8
16172,Anitha Rao,Joseph Prasad,2,4
16175,Basavaraj Hegde,Pooja Patil,2,0
16176,Fatima Kumar,Mary Iyengar,2,0
16179,Ashwini Hegde,Basavaraj Bhat,2,2
16181,Shivakumar Nayak,Vinutha Patil,2,2
16182,Nagaraj Patil,Shivakumar Nayak,2,2
16191,Girish Patil,Prakash Shetty,2,0
16193,Ashwini Prasad,Rekha Gowda,2,0
16194,Anitha Patil,Basavaraj Hegde,2,0
16195,Basavaraj Hegde,Rekha Kulkarni,2,0
16197,Shivakumar Kumar,Vinutha Nayak,2,0
16200,Mary Hegde,Pooja Naik,2,5
16201,Ashwini Reddy,Pooja Naik,2,0
16203,Ashwini Gowda,Girish Desai,2,0
16204,Ashwini Gowda,Basavaraj Reddy,2,0
16208,Chetan Hegde,Fatima Iyengar,2,1
16210,Kiran Kulkarni,Manjunath Hegde,2,5
16212,Basavaraj Rao,Suresh Kumar,2,0
16216,Ravi Murthy,Suresh Kumar,2,0
16217,Bhavana Rao,Pooja Murthy,2,0
16220,Ashwini Kumar,Mary Shetty,2,0
16222,Fatima Iyengar,Rekha Patil,2,1
16225,Anitha Kulkarni,Mary Desai,2,0
16230,Joseph Reddy,Suresh Kumar,2,2
16236,Basavaraj Bhat,Joseph Hegde,2,2
16238,Joseph Hegde,Prakash Rao,2,7
16239,Bhavana Rao,Suresh Reddy,2,0
16242,Deepak Reddy,Joseph Murthy,2,0
16243,Deepak Kumar,Deepak Reddy,2,0
16244,Deepak Kumar,Joseph Murthy,2,0
16246,Basavaraj Nayak,Prakash Gowda,2,0
16250,Chetan Murthy,Prakash Desai,2,0
16254,Chetan Murthy,Nagaraj Desai,2,0
16255,Fatima Iyengar,Mary Desai,2,1
16256,Deepak Desai,Suresh Patil,2,0
16258,Prakash Patil,Ravi Murthy,2,0
16261,Girish Murthy,Mary Reddy,2,5
16262,Anitha Iyengar,Girish Murthy,2,0
16265,Deepak Patil,Nagaraj Prasad,2,2
16267,Fatima Rao,Manjunath Naik,2,0
16270,Mary Iyengar,Shivakumar Nayak,2,0
16271,Joseph Rao,Shivakumar Naik,2,5
16276,Ashwini Rao,Suresh Desai,2,0
16279,Deepak Gowda,Kiran Desai,2,0
16281,Ashwini Kulkarni,Girish Iyengar,2,0
16283,Lakshmi Hegde,Suresh Kumar,2,1
16285,Manjunath Kumar,Prakash Gowda,2,3
16286,Pooja Murthy,Shivakumar Desai,2,4
16287,Fatima Kumar,Shivakumar Desai,2,4
16288,Fatima Kumar,Pooja Murthy,2,0
16293,Ravi Kumar,Rekha Kumar,2,0
16294,Ashwini Rao,Shivakumar Nayak,2,0
16300,Anitha Nayak,Lakshmi Rao,2,7
16302,Ashwini Prasad,Rekha Kulkarni,2,0
16306,Anitha Nayak,Anitha Shetty,2,0
16307,Ashwini Murthy,Manjunath Iyengar,2,0
16308,Ashwini Murthy,Joseph Desai,2,0
16309,Joseph Desai,Manjunath Iyengar,2,0
16313,Pooja Bhat,Suresh Murthy,2,5
16318,Vinutha Rao,Yashwanth Bhat,2,3
16325,Kiran Desai,Nagaraj Kumar,2,0
16329,Kiran Desai,Yashwanth Rao,2,0
16334,Bhavana Kulkarni,Prakash Naik,2,2
16335,Joseph Iyengar,Prakash Naik,2,6
16341,Anitha Desai,Basavaraj Kumar,2,0
16343,Joseph Bhat,Yashwanth Kumar,2,0
16345,Joseph Bhat,Nagaraj Prasad,2,0
16347,Kiran Desai,Yashwanth Kumar,2,0
16349,Kiran Desai,Nagaraj Prasad,2,0
16350,Anitha Kumar,Kiran Naik,2,0
16359,Pooja Naik,Ravi Shetty,2,0
16360,Fatima Rao,Manjunath Kumar,2,3
16364,Mary Murthy,Rekha Reddy,2,8
16365,Mary Gowda,Rekha Reddy,2,0
16366,Fatima Murthy,Mary Desai,2,0
16367,Joseph Hegde,Manjunath Iyengar,2,7
16370,Joseph Hegde,Yashwanth Reddy,2,7
16371,Imran Rao,Joseph Hegde,2,8
16374,Chetan Prasad,Deepak Shetty,2,6
16376,Anitha Rao,Nagaraj Kulkarni,2,4
16385,Chetan Gowda,Manjunath Prasad,2,0
16389,Mary Patil,Yashwanth Murthy,2,6
16391,Joseph Reddy,Lakshmi Gowda,2,2
16392,Manjunath Rao,Suresh Murthy,2,0
16397,Manjunath Murthy,Yashwanth Kulkarni,2,0
16405,Deepak Reddy,Pooja Murthy,2,0
16407,Anitha Patil,Deepak Reddy,2,0
16410,Nagaraj Bhat,Shivakumar Desai,2,3
16411,Fatima Kulkarni,Shivakumar Desai,2,3
16414,Kiran Bhat,Yashwanth Patil,2,0
16415,Kiran Bhat,Manjunath Prasad,2,0
16419,Girish Murthy,Pooja Desai,2,0
16421,Deepak Nayak,Girish Murthy,2,0
16422,Deepak Gowda,Pooja Iyengar,2,5
16423,Ashwini Prasad,Joseph Reddy,2,2
16424,Joseph Reddy,Nagaraj Nayak,2,2
16427,Girish Prasad,Prakash Rao,2,0
16429,Kiran Nayak,Suresh Nayak,2,0
16430,Kiran Nayak,Prakash Rao,2,0
16432,Deepak Patil,Lakshmi Shetty,2,2
16438,Deepak Hegde,Deepak Reddy,2,0
16441,Basavaraj Naik,Ravi Prasad,2,0
16446,Mary Kumar,Rekha Shetty,2,3
16454,Kiran Nayak,Nagaraj Iyengar,2,0
16456,Imran Gowda,Kiran Nayak,2,0
16457,Kiran Kumar,Prakash Patil,2,0
16461,Lakshmi Prasad,Ravi Prasad,2,0
16465,Deepak Kumar,Nagaraj Hegde,2,0
16471,Ashwini Desai,Girish Patil,2,0
16473,Girish Patil,Nagaraj Rao,2,0
16474,Ashwini Naik,Ravi Prasad,2,5
16480,Manjunath Desai,Shivakumar Nayak,2,8
16481,Ashwini Kumar,Chetan Nayak,2,0
16484,Fatima Prasad,Manjunath Naik,2,0
16485,Bhavana Shetty,Manjunath Naik,2,0
16487,Bhavana Shetty,Suresh Shetty,2,0
16488,Bhavana Shetty,Fatima Prasad,2,0
16490,Basavaraj Kumar,Mary Rao,2,0
16492,Ashwini Shetty,Yashwanth Hegde,2,0
16493,Girish Patil,Mary Rao,2,0
16494,Girish Patil,Yashwanth Hegde,2,0
16497,Fatima Murthy,Rekha Iyengar,2,4
16504,Joseph Nayak,Ravi Rao,2,0
16507,Manjunath Iyengar,Nagaraj Patil,2,2
16508,Rekha Reddy,Yashwanth Patil,2,0
16514,Kiran Kumar,Prakash Rao,2,0
16520,Fatima Kulkarni,Mary Gowda,2,3
16524,Mary Gowda,Prakash Patil,2,0
16526,Manjunath Shetty,Ravi Shetty,2,4
16528,Prakash Shetty,Vinutha Gowda,2,0
16533,Girish Murthy,Joseph Kulkarni,2,0
16534,Girish Murthy,Vinutha Bhat,2,0
16535,Pooja Naik,Ravi Naik,2,7
16536,Girish Desai,Pooja Naik,2,0
16541,Anitha Naik,Shivakumar Reddy,2,0
16544,Chetan Prasad,Mary Bhat,2,6
16545,Lakshmi Kulkarni,Ravi Bhat,2,0
16548,Anitha Kulkarni,Prakash Bhat,2,0
16549,Joseph Reddy,Suresh Bhat,2,2
16551,Bhavana Naik,Imran Reddy,2,3
16554,Basavaraj Desai,Imran Prasad,2,0
16556,Imran Prasad,Lakshmi Patil,2,0
16557,Anitha Kulkarni,Ravi Patil,2,0
16559,Anitha Kulkarni,Joseph Reddy,2,2
16561,Vinutha Gowda,Vinutha Prasad,2,0
16562,Imran Bhat,Vinutha Gowda,2,0
16568,Girish Desai,Rekha Naik,2,0
16571,Anitha Nayak,Ravi Shetty,2,0
16572,Nagaraj Gowda,Ravi Shetty,2,0
16574,Ravi Kulkarni,Vinutha Reddy,2,0
16575,Imran Prasad,Vinutha Reddy,2,0
16576,Ravi Kulkarni,Vinutha Kumar,2,0
16577,Imran Prasad,Vinutha Kumar,2,0
16581,Ashwini Desai,Ravi Kumar,2,0
16583,Anitha Gowda,Ashwini Iyengar,2,4
16587,Anitha Kumar,Joseph Nayak,2,0
16589,Chetan Naik,Joseph Nayak,2,0
16590,Anitha Reddy,Prakash Bhat,2,0
16591,Anitha Patil,Anitha Reddy,2,0
16595,Joseph Kumar,Shivakumar Shetty,2,2
16613,Ashwini Gowda,Kiran Shetty,2,0
16614,Chetan Rao,Fatima Iyengar,2,1
16615,Fatima Patil,Ravi Reddy,2,1
16619,Joseph Iyengar,Rekha Kulkarni,2,6
16620,Basavaraj Iyengar,Mary Reddy,2,3
16622,Pooja Hegde,Ravi Iyengar,2,0
16623,Fatima Shetty,Prakash Patil,2,7
16627,Bhavana Rao,Joseph Hegde,2,7
16629,Ravi Murthy,Vinutha Bhat,2,0
16633,Ravi Nayak,Rekha Reddy,2,1
16635,Ashwini Iyengar,Rekha Patil,2,4
16637,Chetan Rao,Imran Nayak,2,0
16640,Manjunath Rao,Suresh Iyengar,2,0
16641,Anitha Nayak,Shivakumar Patil,2,0
16648,Ashwini Desai,Vinutha Iyengar,2,0
16649,Bhavana Prasad,Shivakumar Shetty,2,3
16655,Imran Gowda,Prakash Patil,2,0
16658,Nagaraj Iyengar,Prakash Patil,2,0
16661,Shivakumar Naik,Suresh Kulkarni,2,5
16666,Anitha Desai,Deepak Patil,2,2
16668,Girish Rao,Yashwanth Iyengar,2,7
16670,Deepak Desai,Prakash Murthy,2,0
16680,Basavaraj Nayak,Prakash Rao,2,0
16687,Deepak Kulkarni,Yashwanth Rao,2,0
16688,Rekha Naik,Shivakumar Desai,2,4
16689,Kiran Hegde,Vinutha Prasad,2,3
16693,Kiran Kulkarni,Shivakumar Nayak,2,5
16694,Imran Reddy,Ravi Rao,2,0
16696,Bhavana Desai,Fatima Prasad,2,5
16698,Fatima Prasad,Kiran Rao,2,0
16703,Ashwini Kulkarni,Shivakumar Kumar,2,0
16708,Pooja Patil,Rekha Patil,2,0
16712,Girish Nayak,Vinutha Iyengar,2,0
16714,Manjunath Iyengar,Suresh Naik,2,0
16723,Lakshmi Rao,Vinutha Patil,2,7
16726,Anitha Rao,Vinutha Naik,2,4
16731,Manjunath Iyengar,Suresh Rao,2,0
16734,Bhavana Kumar,Bhavana Reddy,2,0
16746,Mary Iyengar,Prakash Patil,2,0
16747,Rekha Bhat,Yashwanth Shetty,2,0
16749,Mary Shetty,Rekha Bhat,2,0
16752,Basavaraj Iyengar,Bhavana Iyengar,2,3
16757,Girish Naik,Kiran Kulkarni,2,5
16759,Chetan Reddy,Vinutha Iyengar,2,1
16761,Fatima Shetty,Nagaraj Naik,2,7
16762,Anitha Nayak,Suresh Prasad,2,0
16763,Ashwini Rao,Rekha Bhat,2,0
16766,Imran Hegde,Nagaraj Murthy,2,0
16767,Fatima Kulkarni,Imran Hegde,2,3
16771,Anitha Reddy,Rekha Iyengar,2,4
16772,Pooja Reddy,Rekha Iyengar,2,4
16776,Joseph Nayak,Ravi Prasad,2,0
16778,Bhavana Shetty,Ravi Prasad,2,0
16781,Girish Patil,Ravi Naik,2,7
16782,Ravi Naik,Vinutha Naik,2,7
16784,Prakash Desai,Yashwanth Prasad,2,0
16785,Pooja Rao,Yashwanth Prasad,2,7
16787,Basavaraj Kumar,Prakash Kulkarni,2,7
16791,Imran Kulkarni,Manjunath Patil,2,0
16794,Deepak Shetty,Prakash Murthy,2,0
16795,Prakash Murthy,Vinutha Iyengar,2,0
16796,Deepak Shetty,Vinutha Iyengar,2,0
16803,Ravi Iyengar,Ravi Kumar,2,0
16804,Joseph Prasad,Pooja Kumar,2,8
16805,Basavaraj Patil,Nagaraj Shetty,2,2
16808,Deepak Iyengar,Girish Gowda,2,3
16809,Imran Shetty,Ravi Prasad,2,0
16811,Kiran Desai,Nagaraj Rao,2,0
16812,Basavaraj Gowda,Nagaraj Rao,2,0
16814,Kiran Desai,Ravi Murthy,2,0
16820,Deepak Gowda,Vinutha Gowda,2,0
16821,Girish Bhat,Ravi Patil,2,6
16823,Ravi Patil,Vinutha Kulkarni,2,0
16824,Girish Bhat,Joseph Nayak,2,6
16825,Girish Bhat,Mary Iyengar,2,6
16826,Joseph Nayak,Vinutha Kulkarni,2,0
16827,Mary Iyengar,Vinutha Kulkarni,2,0
16830,Ashwini Nayak,Nagaraj Kulkarni,2,4
16831,Ashwini Nayak,Vinutha Kulkarni,2,0
16833,Basavaraj Bhat,Deepak Hegde,2,2
16836,Kiran Gowda,Lakshmi Nayak,2,1
16837,Kiran Gowda,Vinutha Iyengar,2,0
16838,Kiran Gowda,Ravi Kumar,2,0
16843,Shivakumar Desai,Suresh Desai,2,4
16844,Suresh Desai,Yashwanth Murthy,2,6
16851,Anitha Murthy,Girish Reddy,2,0
16854,Mary Shetty,Ravi Naik,2,7
16857,Bhavana Desai,Lakshmi Iyengar,2,5
16858,Bhavana Desai,Suresh Iyengar,2,5
16859,Nagaraj Gowda,Rekha Desai,2,0
16860,Fatima Iyengar,Rekha Desai,2,1
16861,Lakshmi Bhat,Lakshmi Prasad,2,0
16864,Ravi Kumar,Yashwanth Nayak,2,0
16869,Vinutha Hegde,Yashwanth Reddy,2,5
16870,Girish Kulkarni,Vinutha Reddy,2,5
16872,Bhavana Kulkarni,Deepak Kulkarni,2,0
16874,Rekha Prasad,Suresh Bhat,2,7
16876,Joseph Iyengar,Yashwanth Patil,2,6
16881,Deepak Rao,Nagaraj Nayak,2,7
16884,Joseph Naik,Rekha Kumar,2,5
16885,Ashwini Naik,Pooja Kumar,2,5
16887,Girish Desai,Yashwanth Reddy,2,5
16890,Basavaraj Kumar,Prakash Desai,2,0
16892,Basavaraj Prasad,Fatima Prasad,2,0
16898,Prakash Kumar,Ravi Naik,2,7
16900,Chetan Shetty,Joseph Desai,2,0
16901,Joseph Desai,Nagaraj Rao,2,0
16903,Manjunath Hegde,Shivakumar Gowda,2,3
16905,Kiran Iyengar,Rekha Murthy,2,7
16906,Shivakumar Murthy,Yashwanth Rao,2,0
16910,Chetan Nayak,Nagaraj Iyengar,2,0
16911,Bhavana Desai,Nagaraj Iyengar,2,5
16914,Nagaraj Rao,Ravi Desai,2,0
16917,Anitha Iyengar,Pooja Bhat,2,5
16919,Girish Gowda,Kiran Gowda,2,6
16922,Kiran Murthy,Manjunath Desai,2,8
16924,Suresh Hegde,Yashwanth Kulkarni,2,0
16925,Manjunath Desai,Yashwanth Kulkarni,2,8
16927,Chetan Kulkarni,Vinutha Kulkarni,2,0
16929,Imran Gowda,Lakshmi Patil,2,0
16937,Deepak Kumar,Imran Shetty,2,0
16939,Mary Iyengar,Vinutha Bhat,2,0
16940,Chetan Naik,Vinutha Bhat,2,0
16948,Basavaraj Prasad,Suresh Kulkarni,2,0
16949,Bhavana Shetty,Pooja Nayak,2,0
16950,Anitha Desai,Pooja Nayak,2,0
16951,Prakash Desai,Yashwanth Desai,2,0
16952,Pooja Hegde,Prakash Desai,2,0
16953,Pooja Hegde,Yashwanth Desai,2,0
16955,Girish Nayak,Rekha Desai,2,0
16956,Basavaraj Patil,Mary Patil,2,2
16957,Mary Patil,Suresh Desai,2,0
16958,Ashwini Hegde,Deepak Kulkarni,2,0
16960,Chetan Iyengar,Ravi Rao,2,0
16962,Kiran Hegde,Lakshmi Murthy,2,3
16964,Lakshmi Murthy,Ravi Hegde,2,0
16972,Manjunath Desai,Yashwanth Shetty,2,8
16975,Basavaraj Reddy,Vinutha Hegde,2,0
16978,Bhavana Shetty,Fatima Nayak,2,0
16979,Bhavana Shetty,Girish Shetty,2,0
16983,Deepak Rao,Nagaraj Kulkarni,2,7
16985,Pooja Desai,Suresh Rao,2,0
16986,Anitha Naik,Deepak Rao,2,7
16987,Anitha Naik,Pooja Desai,2,0
16988,Deepak Rao,Pooja Desai,2,7
16989,Pooja Shetty,Prakash Kulkarni,2,6
16995,Lakshmi Shetty,Rekha Kumar,2,0
16998,Girish Patil,Nagaraj Naik,2,0
16999,Girish Patil,Pooja Nayak,2,0
17000,Basavaraj Shetty,Fatima Murthy,2,0
17004,Chetan Iyengar,Nagaraj Prasad,2,0
17009,Imran Desai,Joseph Bhat,2,8
17012,Anitha Iyengar,Rekha Desai,2,0
17015,Bhavana Murthy,Manjunath Desai,2,8
17018,Mary Kumar,Nagaraj Bhat,2,3
17019,Bhavana Hegde,Girish Patil,2,0
17023,Ravi Naik,Shivakumar Bhat,2,7
17025,Anitha Reddy,Rekha Rao,2,0
17026,Anitha Reddy,Imran Murthy,2,0
17028,Imran Rao,Mary Shetty,2,8
17030,Imran Iyengar,Rekha Shetty,2,3
17031,Rekha Shetty,Shivakumar Desai,2,3
17034,Imran Iyengar,Shivakumar Desai,2,4
17035,Chetan Murthy,Vinutha Prasad,2,0
17037,Chetan Desai,Deepak Prasad,2,0
17039,Chetan Desai,Fatima Nayak,2,0
17040,Chetan Naik,Fatima Bhat,2,0
17043,Nagaraj Patil,Prakash Rao,2,2
17049,Pooja Nayak,Shivakumar Rao,2,0
17054,Deepak Hegde,Vinutha Desai,2,0
17056,Chetan Patil,Vinutha Desai,2,4
17057,Prakash Murthy,Vinutha Desai,2,0
17060,Fatima Reddy,Nagaraj Shetty,2,0
17061,Rekha Prasad,Shivakumar Reddy,2,0
17064,Bhavana Patil,Shivakumar Kumar,2,0
17069,Bhavana Reddy,Manjunath Prasad,2,0
17070,Imran Kumar,Manjunath Prasad,2,0
17072,Lakshmi Gowda,Prakash Kulkarni,2,7
17075,Joseph Murthy,Manjunath Hegde,2,0
17076,Chetan Iyengar,Manjunath Iyengar,2,0
17078,Bhavana Prasad,Chetan Iyengar,2,3
17080,Bhavana Murthy,Nagaraj Bhat,2,3
17084,Bhavana Kulkarni,Rekha Patil,2,0
17085,Ashwini Desai,Basavaraj Reddy,2,0
17086,Ashwini Desai,Bhavana Kulkarni,2,0
17090,Girish Patil,Rekha Bhat,2,0
17091,Bhavana Reddy,Chetan Patil,2,4
17100,Imran Murthy,Pooja Hegde,2,0
17102,Manjunath Kulkarni,Pooja Hegde,2,0
17108,Mary Iyengar,Rekha Gowda,2,0
17109,Basavaraj Bhat,Rekha Gowda,2,2
17110,Basavaraj Iyengar,Prakash Patil,2,3
17111,Basavaraj Iyengar,Yashwanth Kulkarni,2,3
17112,Anitha Desai,Basavaraj Iyengar,2,3
17113,Joseph Iyengar,Prakash Rao,2,6
17115,Joseph Iyengar,Shivakumar Kumar,2,6
17116,Basavaraj Kumar,Joseph Iyengar,2,6
17117,Basavaraj Kumar,Shivakumar Kumar,2,0
17121,Anitha Patil,Shivakumar Bhat,2,0
17122,Rekha Murthy,Yashwanth Patil,2,7
17128,Basavaraj Prasad,Manjunath Bhat,2,0
17132,Ravi Bhat,Shivakumar Gowda,2,3
17133,Mary Murthy,Ravi Patil,2,8
17135,Chetan Iyengar,Vinutha Kulkarni,2,0
17137,Bhavana Nayak,Vinutha Kulkarni,2,2
17140,Lakshmi Prasad,Manjunath Iyengar,2,0
17141,Mary Kumar,Shivakumar Prasad,2,0
17153,Basavaraj Bhat,Yashwanth Kulkarni,2,2
17157,Joseph Reddy,Mary Naik,2,2
17160,Ravi Rao,Shivakumar Prasad,2,0
17162,Deepak Rao,Yashwanth Naik,2,7
17167,Anitha Patil,Prakash Shetty,2,0
17170,Anitha Nayak,Joseph Iyengar,2,6
17171,Anitha Nayak,Yashwanth Patil,2,0
17174,Chetan Iyengar,Nagaraj Shetty,2,0
17175,Nagaraj Shetty,Suresh Murthy,2,0
17177,Bhavana Iyengar,Pooja Rao,2,7
17179,Girish Patil,Nagaraj Patil,2,2
17180,Fatima Hegde,Imran Gowda,2,0
17182,Imran Naik,Lakshmi Reddy,2,8
17184,Joseph Nayak,Lakshmi Reddy,2,8
17186,Girish Nayak,Pooja Naik,2,0
17187,Lakshmi Bhat,Prakash Kulkarni,2,7
17190,Prakash Shetty,Yashwanth Shetty,2,0
17191,Anitha Prasad,Fatima Gowda,2,1
17193,Lakshmi Iyengar,Mary Rao,2,0
17194,Imran Iyengar,Yashwanth Kulkarni,2,0
17197,Manjunath Naik,Vinutha Gowda,2,0
17199,Ashwini Desai,Deepak Prasad,2,0
17200,Ashwini Desai,Deepak Kulkarni,2,0
17201,Deepak Kulkarni,Deepak Prasad,2,0
17204,Rekha Nayak,Suresh Prasad,2,8
17205,Chetan Kumar,Suresh Prasad,2,0
17208,Basavaraj Hegde,Basavaraj Kulkarni,2,0
17212,Pooja Gowda,Yashwanth Nayak,2,3
17213,Manjunath Shetty,Mary Murthy,2,4
17214,Lakshmi Nayak,Mary Murthy,2,1
17217,Bhavana Prasad,Fatima Rao,2,3
17219,Kiran Iyengar,Kiran Naik,2,0
17220,Nagaraj Reddy,Prakash Naik,2,7
17222,Deepak Patil,Nagaraj Reddy,2,2
17223,Basavaraj Naik,Ravi Kumar,2,0
17226,Pooja Prasad,Rekha Iyengar,2,4
17228,Imran Prasad,Suresh Iyengar,2,0
17242,Girish Iyengar,Joseph Shetty,2,4
17243,Basavaraj Nayak,Lakshmi Shetty,2,0
17244,Deepak Bhat,Lakshmi Shetty,2,0
17249,Kiran Rao,Ravi Patil,2,0
17250,Nagaraj Shetty,Prakash Gowda,2,0
17253,Deepak Kumar,Imran Prasad,2,0
17254,Imran Prasad,Rekha Rao,2,0
17256,Anitha Shetty,Bhavana Rao,2,0
17257,Anitha Shetty,Manjunath Reddy,2,0
17258,Fatima Gowda,Rekha Gowda,2,1
17259,Deepak Prasad,Rekha Shetty,2,3
17260,Bhavana Rao,Nagaraj Rao,2,0
17266,Ravi Nayak,Vinutha Murthy,2,1
17268,Deepak Rao,Yashwanth Desai,2,7
17270,Girish Iyengar,Ravi Bhat,2,0
17272,Fatima Murthy,Fatima Nayak,2,0
17273,Basavaraj Iyengar,Fatima Murthy,2,3
17279,Imran Shetty,Mary Shetty,2,0
17281,Fatima Kumar,Manjunath Kulkarni,2,0
17282,Joseph Prasad,Mary Nayak,2,0
17285,Basavaraj Reddy,Imran Patil,2,0
17286,Basavaraj Reddy,Bhavana Shetty,2,0
17288,Lakshmi Reddy,Rekha Reddy,2,8
17289,Rekha Reddy,Yashwanth Bhat,2,3
17291,Lakshmi Shetty,Yashwanth Bhat,2,3
17294,Nagaraj Bhat,Rekha Prasad,2,3
17296,Imran Naik,Joseph Gowda,2,0
17300,Kiran Kumar,Pooja Murthy,2,0
17302,Pooja Murthy,Suresh Naik,2,0
17309,Anitha Naik,Rekha Kumar,2,0
17315,Bhavana Nayak,Prakash Prasad,2,2
17318,Rekha Bhat,Rekha Naik,2,0
17319,Ashwini Hegde,Ashwini Reddy,2,0
17320,Ashwini Hegde,Deepak Nayak,2,0
17321,Ashwini Reddy,Deepak Nayak,2,0
17324,Suresh Kulkarni,Suresh Prasad,2,0
17326,Ravi Iyengar,Yashwanth Naik,2,0
17334,Bhavana Reddy,Fatima Murthy,2,0
17344,Deepak Patil,Kiran Prasad,2,2
17345,Bhavana Nayak,Vinutha Rao,2,2
17346,Suresh Murthy,Yashwanth Patil,2,0
17348,Lakshmi Nayak,Suresh Murthy,2,1
17349,Joseph Shetty,Prakash Hegde,2,4
17352,Basavaraj Shetty,Vinutha Naik,2,0
17353,Basavaraj Shetty,Lakshmi Kumar,2,4
17358,Anitha Kumar,Girish Reddy,2,0
17361,Anitha Kumar,Chetan Reddy,2,1
17368,Kiran Patil,Prakash Kumar,2,0
17369,Bhavana Bhat,Kiran Patil,2,0
17372,Lakshmi Iyengar,Prakash Kumar,2,0
17373,Basavaraj Nayak,Vinutha Shetty,2,0
17374,Vinutha Nayak,Vinutha Shetty,2,0
17375,Basavaraj Nayak,Vinutha Nayak,2,0
17377,Ravi Shetty,Shivakumar Kulkarni,2,0
17381,Shivakumar Kumar,Vinutha Hegde,2,0
17385,Fatima Hegde,Rekha Gowda,2,0
17387,Nagaraj Murthy,Rekha Gowda,2,0
17388,Imran Naik,Nagaraj Hegde,2,0
17389,Ashwini Prasad,Shivakumar Shetty,2,8
17390,Ashwini Prasad,Nagaraj Prasad,2,0
17391,Pooja Nayak,Shivakumar Shetty,2,8
17399,Joseph Prasad,Yashwanth Nayak,2,0
17400,Pooja Prasad,Ravi Desai,2,0
17401,Pooja Naik,Pooja Prasad,2,0
17407,Anitha Bhat,Basavaraj Gowda,2,7
17408,Anitha Bhat,Shivakumar Bhat,2,7
17410,Joseph Gowda,Prakash Murthy,2,0
17413,Anitha Gowda,Pooja Desai,2,0
17419,Basavaraj Kulkarni,Manjunath Reddy,2,0
17420,Girish Prasad,Manjunath Reddy,2,0
17432,Bhavana Kumar,Pooja Kulkarni,2,0
17436,Girish Kulkarni,Nagaraj Shetty,2,5
17441,Manjunath Naik,Ravi Murthy,2,0
17443,Girish Rao,Shivakumar Murthy,2,0
17444,Kiran Prasad,Yashwanth Murthy,2,6
17448,Manjunath Bhat,Suresh Shetty,2,0
17449,Prakash Hegde,Yashwanth Patil,2,0
17461,Shivakumar Hegde,Yashwanth Desai,2,1
17471,Prakash Kumar,Yashwanth Reddy,2,5
17473,Kiran Gowda,Yashwanth Reddy,2,5
17475,Chetan Murthy,Fatima Rao,2,0
17480,Joseph Shetty,Yashwanth Rao,2,4
17486,Bhavana Shetty,Chetan Prasad,2,6
17492,Lakshmi Bhat,Yashwanth Rao,2,0
17493,Mary Gowda,Yashwanth Rao,2,0
17496,Deepak Murthy,Prakash Patil,2,0
17503,Ashwini Iyengar,Joseph Murthy,2,4
17504,Kiran Desai,Mary Hegde,2,5
17507,Ashwini Iyengar,Mary Hegde,2,4
17508,Anitha Iyengar,Bhavana Reddy,2,0
17513,Anitha Reddy,Suresh Reddy,2,0
17514,Suresh Kumar,Vinutha Hegde,2,0
17517,Pooja Nayak,Rekha Nayak,2,8
17522,Chetan Patil,Shivakumar Murthy,2,4
17524,Joseph Patil,Suresh Rao,2,3
17526,Joseph Patil,Ravi Nayak,2,3
17528,Joseph Kumar,Ravi Nayak,2,2
17530,Manjunath Reddy,Vinutha Desai,2,0
17533,Imran Gowda,Mary Iyengar,2,0
17534,Deepak Prasad,Manjunath Naik,2,0
17535,Bhavana Patil,Manjunath Naik,2,0
17540,Imran Nayak,Mary Prasad,2,0
17541,Basavaraj Rao,Mary Murthy,2,8
17546,Deepak Bhat,Kiran Murthy,2,8
17549,Anitha Prasad,Imran Iyengar,2,0
17550,Imran Iyengar,Nagaraj Bhat,2,3
17551,Anitha Prasad,Nagaraj Bhat,2,3
17559,Pooja Iyengar,Vinutha Prasad,2,5
17562,Imran Iyengar,Suresh Bhat,2,7
17569,Deepak Nayak,Deepak Prasad,2,0
17573,Basavaraj Nayak,Suresh Nayak,2,0
17575,Manjunath Patil,Ravi Patil,2,0
17581,Nagaraj Shetty,Rekha Shetty,2,3
17583,Ashwini Reddy,Nagaraj Shetty,2,0
17588,Fatima Murthy,Yashwanth Nayak,2,0
17589,Suresh Kulkarni,Vinutha Reddy,2,0
17590,Chetan Kumar,Vinutha Reddy,2,0
17591,Chetan Desai,Vinutha Reddy,2,0
17595,Bhavana Bhat,Kiran Kumar,2,0
17596,Basavaraj Kumar,Vinutha Patil,2,2
17598,Basavaraj Reddy,Kiran Naik,2,0
17606,Kiran Kumar,Prakash Naik,2,2
17609,Rekha Naik,Vinutha Prasad,2,0
17615,Lakshmi Patil,Mary Hegde,2,5
17619,Anitha Nayak,Prakash Hegde,2,0
17620,Imran Hegde,Shivakumar Gowda,2,3
17622,Basavaraj Patil,Yashwanth Reddy,2,2
17624,Kiran Desai,Nagaraj Iyengar,2,0
17628,Kiran Desai,Lakshmi Kumar,2,4
17630,Kiran Shetty,Lakshmi Kumar,2,4
17636,Girish Hegde,Lakshmi Desai,2,4
17638,Anitha Murthy,Prakash Reddy,2,0
17640,Lakshmi Hegde,Prakash Reddy,2,1
17643,Anitha Prasad,Lakshmi Hegde,2,1
17646,Manjunath Naik,Mary Prasad,2,0
17647,Mary Prasad,Prakash Naik,2,2
17648,Girish Patil,Mary Prasad,2,0
17651,Girish Patil,Prakash Naik,2,2
17657,Lakshmi Prasad,Pooja Iyengar,2,5
17658,Chetan Kulkarni,Pooja Iyengar,2,5
17662,Fatima Bhat,Suresh Shetty,2,0
17664,Suresh Murthy,Yashwanth Murthy,2,6
17665,Deepak Iyengar,Yashwanth Murthy,2,3
17666,Bhavana Reddy,Deepak Nayak,2,0
17676,Deepak Prasad,Vinutha Hegde,2,0
17684,Basavaraj Murthy,Deepak Prasad,2,0
17686,Basavaraj Shetty,Ravi Shetty,2,0
17687,Ravi Shetty,Suresh Naik,2,0
17688,Mary Desai,Shivakumar Gowda,2,3
17692,Chetan Iyengar,Joseph Kumar,2,2
17693,Joseph Kumar,Nagaraj Gowda,2,2
17694,Chetan Iyengar,Nagaraj Gowda,2,0
17695,Ashwini Kulkarni,Kiran Shetty,2,0
17704,Imran Hegde,Joseph Hegde,2,7
17706,Joseph Hegde,Nagaraj Gowda,2,7
17708,Joseph Murthy,Prakash Iyengar,2,5
17710,Chetan Patil,Prakash Iyengar,2,4
17712,Joseph Shetty,Yashwanth Reddy,2,4
17714,Deepak Reddy,Ravi Reddy,2,1
17719,Lakshmi Nayak,Ravi Hegde,2,1
17720,Ashwini Naik,Basavaraj Hegde,2,5
17721,Basavaraj Hegde,Bhavana Desai,2,5
17723,Chetan Nayak,Girish Nayak,2,0
17727,Imran Nayak,Mary Bhat,2,0
17728,Ashwini Bhat,Fatima Gowda,2,1
17731,Bhavana Bhat,Girish Hegde,2,4
17736,Imran Patil,Joseph Iyengar,2,6
17737,Imran Patil,Suresh Kulkarni,2,0
17739,Imran Reddy,Kiran Prasad,2,0
17742,Girish Desai,Pooja Kumar,2,8
17743,Imran Nayak,Ravi Bhat,2,0
17745,Bhavana Patil,Vinutha Hegde,2,0
17747,Bhavana Reddy,Girish Iyengar,2,0
17753,Basavaraj Prasad,Basavaraj Rao,2,0
17757,Ravi Iyengar,Suresh Murthy,2,0
17760,Girish Hegde,Prakash Kulkarni,2,4
17762,Fatima Reddy,Girish Iyengar,2,0
17764,Nagaraj Murthy,Shivakumar Rao,2,0
17767,Ravi Gowda,Shivakumar Prasad,2,3
17770,Girish Shetty,Ravi Naik,2,7
17773,Basavaraj Kumar,Imran Hegde,2,0
17774,Girish Prasad,Shivakumar Prasad,2,0
17778,Anitha Hegde,Ravi Gowda,2,3
17780,Anitha Hegde,Ravi Nayak,2,1
17786,Anitha Gowda,Rekha Murthy,2,7
17787,Anitha Gowda,Fatima Kulkarni,2,3
17788,Deepak Naik,Suresh Hegde,2,0
17790,Anitha Bhat,Rekha Shetty,2,7
17791,Joseph Kumar,Nagaraj Kumar,2,2
17793,Ravi Murthy,Rekha Rao,2,0
17794,Kiran Reddy,Rekha Reddy,2,7
17800,Fatima Kulkarni,Vinutha Hegde,2,3
17801,Anitha Gowda,Suresh Rao,2,0
17805,Deepak Nayak,Suresh Desai,2,0
17808,Joseph Prasad,Suresh Hegde,2,0
17810,Ashwini Murthy,Mary Naik,2,7
17817,Deepak Prasad,Joseph Shetty,2,4
17818,Manjunath Hegde,Suresh Naik,2,0
17819,Chetan Reddy,Manjunath Kulkarni,2,1
17821,Imran Shetty,Shivakumar Naik,2,5
17825,Ashwini Hegde,Chetan Hegde,2,0
17827,Ravi Rao,Suresh Gowda,2,0
17830,Bhavana Prasad,Prakash Kulkarni,2,3
17832,Bhavana Prasad,Prakash Nayak,2,3
17833,Lakshmi Hegde,Suresh Rao,2,1
17839,Kiran Shetty,Suresh Nayak,2,0
17840,Bhavana Kulkarni,Deepak Naik,2,0
17841,Ashwini Naik,Deepak Naik,2,5
17842,Ashwini Naik,Bhavana Kulkarni,2,5
17844,Anitha Nayak,Prakash Naik,2,2
17846,Bhavana Murthy,Rekha Gowda,2,0
17847,Manjunath Nayak,Suresh Nayak,2,5
17849,Rekha Gowda,Suresh Nayak,2,0
17854,Fatima Iyengar,Fatima Rao,2,1
17855,Lakshmi Hegde,Rekha Patil,2,1
17858,Lakshmi Hegde,Shivakumar Naik,2,1
17859,Nagaraj Desai,Rekha Patil,2,0
17860,Fatima Nayak,Rekha Patil,2,0
17863,Bhavana Gowda,Lakshmi Nayak,2,1
17872,Deepak Murthy,Manjunath Shetty,2,4
17874,Prakash Shetty,Yashwanth Nayak,2,0
17875,Imran Nayak,Vinutha Kumar,2,0
17876,Imran Nayak,Vinutha Iyengar,2,0
17877,Kiran Desai,Suresh Prasad,2,0
17879,Basavaraj Patil,Imran Patil,2,2
17880,Lakshmi Iyengar,Shivakumar Desai,2,4
17881,Imran Rao,Joseph Naik,2,8
17882,Bhavana Reddy,Joseph Naik,2,5
17883,Deepak Prasad,Yashwanth Shetty,2,0
17885,Deepak Rao,Nagaraj Iyengar,2,7
17887,Nagaraj Iyengar,Shivakumar Naik,2,5
17890,Pooja Hegde,Vinutha Gowda,2,0
17891,Mary Prasad,Vinutha Gowda,2,0
17898,Imran Patil,Lakshmi Kumar,2,4
17901,Girish Hegde,Pooja Rao,2,4
17904,Lakshmi Prasad,Mary Kumar,2,0
17905,Manjunath Patil,Ravi Rao,2,0
17909,Imran Prasad,Joseph Kumar,2,2
17910,Joseph Kumar,Manjunath Patil,2,2
17912,Manjunath Murthy,Yashwanth Patil,2,0
17914,Girish Reddy,Kiran Kumar,2,0
17916,Imran Gowda,Yashwanth Naik,2,0
17919,Pooja Gowda,Pooja Iyengar,2,3
17924,Nagaraj Patil,Rekha Murthy,2,2
17928,Basavaraj Patil,Mary Bhat,2,2
17934,Manjunath Nayak,Manjunath Prasad,2,5
17936,Joseph Shetty,Lakshmi Hegde,2,4
17937,Bhavana Murthy,Chetan Naik,2,0
17942,Chetan Naik,Girish Bhat,2,6
17944,Girish Bhat,Shivakumar Desai,2,6
17945,Ravi Desai,Suresh Gowda,2,0
17948,Chetan Kumar,Prakash Naik,2,2
17949,Chetan Kumar,Nagaraj Gowda,2,0
17954,Basavaraj Prasad,Mary Kulkarni,2,0
17956,Chetan Nayak,Vinutha Gowda,2,0
17962,Lakshmi Patil,Nagaraj Kumar,2,0
17963,Nagaraj Kumar,Prakash Reddy,2,0
17965,Imran Gowda,Yashwanth Patil,2,0
17967,Bhavana Rao,Rekha Rao,2,0
17968,Bhavana Rao,Prakash Shetty,2,0
17970,Basavaraj Iyengar,Yashwanth Patil,2,3
17972,Pooja Gowda,Rekha Shetty,2,3
17975,Chetan Iyengar,Imran Rao,2,8
17976,Imran Rao,Pooja Kumar,2,8
17977,Fatima Patil,Nagaraj Patil,2,2
17979,Prakash Murthy,Ravi Shetty,2,0
17981,Pooja Shetty,Vinutha Patil,2,6
17984,Kiran Naik,Pooja Naik,2,0
17985,Nagaraj Shetty,Yashwanth Rao,2,0
17986,Nagaraj Shetty,Pooja Naik,2,0
17988,Ashwini Iyengar,Nagaraj Shetty,2,4
17992,Basavaraj Rao,Kiran Hegde,2,3
17994,Nagaraj Nayak,Prakash Naik,2,2
17995,Nagaraj Nayak,Shivakumar Desai,2,4
17998,Anitha Kumar,Imran Naik,2,0
17999,Kiran Iyengar,Ravi Nayak,2,1
18001,Bhavana Hegde,Ravi Nayak,2,1
18007,Chetan Bhat,Rekha Kumar,2,0
18009,Anitha Naik,Suresh Iyengar,2,0
18012,Mary Iyengar,Yashwanth Reddy,2,5
18017,Chetan Kulkarni,Kiran Shetty,2,0
18019,Joseph Gowda,Manjunath Reddy,2,0
18020,Manjunath Reddy,Mary Naik,2,7
18026,Shivakumar Desai,Vinutha Gowda,2,4
18033,Girish Patil,Ravi Hegde,2,0
18035,Bhavana Naik,Mary Iyengar,2,3
18037,Anitha Rao,Mary Nayak,2,4
18038,Deepak Reddy,Imran Rao,2,8
18039,Chetan Murthy,Deepak Reddy,2,0
18040,Chetan Murthy,Imran Rao,2,8
18041,Kiran Desai,Yashwanth Iyengar,2,7
18044,Pooja Hegde,Pooja Kumar,2,8
18050,Manjunath Kulkarni,Ravi Gowda,2,3
18054,Pooja Shetty,Ravi Nayak,2,6
18055,Basavaraj Prasad,Ravi Nayak,2,1
18056,Pooja Desai,Yashwanth Kulkarni,2,0
18059,Basavaraj Murthy,Vinutha Hegde,2,0
18063,Mary Rao,Ravi Shetty,2,0
18069,Lakshmi Nayak,Rekha Gowda,2,1
18072,Fatima Patil,Rekha Desai,2,0
18075,Anitha Gowda,Joseph Naik,2,5
18078,Kiran Nayak,Pooja Prasad,2,0
18080,Kiran Kumar,Manjunath Shetty,2,4
18085,Chetan Nayak,Manjunath Rao,2,0
18086,Chetan Kulkarni,Chetan Nayak,2,0
18089,Basavaraj Hegde,Rekha Kumar,2,0
18094,Girish Gowda,Girish Nayak,2,6
18099,Shivakumar Bhat,Vinutha Naik,2,0
18101,Chetan Naik,Pooja Gowda,2,3
18103,Anitha Nayak,Lakshmi Kumar,2,4
18108,Nagaraj Patil,Rekha Bhat,2,2
18109,Deepak Prasad,Rekha Bhat,2,0
18110,Girish Rao,Kiran Prasad,2,0
18111,Kiran Prasad,Lakshmi Murthy,2,0
18119,Ashwini Iyengar,Basavaraj Hegde,2,4
18122,Lakshmi Prasad,Pooja Kulkarni,2,0
18123,Pooja Kulkarni,Yashwanth Shetty,2,0
18125,Joseph Reddy,Shivakumar Rao,2,2
18132,Deepak Bhat,Shivakumar Bhat,2,0
18135,Chetan Patil,Lakshmi Murthy,2,4
18139,Fatima Kumar,Kiran Kulkarni,2,5
18142,Anitha Desai,Suresh Hegde,2,0
18144,Anitha Shetty,Basavaraj Patil,2,2
18154,Basavaraj Rao,Bhavana Naik,2,3
18157,Ashwini Bhat,Joseph Gowda,2,0
18158,Girish Kumar,Prakash Bhat,2,0
18162,Shivakumar Murthy,Suresh Patil,2,0
18168,Anitha Prasad,Rekha Hegde,2,0
18172,Girish Shetty,Ravi Kulkarni,2,0
18178,Basavaraj Patil,Bhavana Desai,2,2
18181,Imran Prasad,Suresh Reddy,2,0
18182,Bhavana Desai,Imran Prasad,2,5
18183,Manjunath Naik,Pooja Gowda,2,3
18186,Bhavana Nayak,Prakash Rao,2,2
18191,Basavaraj Nayak,Shivakumar Desai,2,4
18195,Nagaraj Shetty,Vinutha Iyengar,2,0
18203,Basavaraj Shetty,Lakshmi Nayak,2,1
18207,Mary Nayak,Shivakumar Hegde,2,1
18209,Bhavana Gowda,Mary Nayak,2,1
18211,Deepak Shetty,Mary Nayak,2,0
18214,Imran Bhat,Mary Naik,2,7
18218,Lakshmi Murthy,Pooja Patil,2,0
18221,Basavaraj Bhat,Lakshmi Kulkarni,2,2
18224,Mary Bhat,Ravi Murthy,2,0
18227,Deepak Patil,Fatima Gowda,2,2
18236,Mary Desai,Nagaraj Desai,2,0
18242,Nagaraj Desai,Nagaraj Naik,2,0
18247,Lakshmi Hegde,Yashwanth Rao,2,1
18249,Pooja Bhat,Rekha Rao,2,5
18251,Ravi Kumar,Rekha Shetty,2,3
18253,Basavaraj Iyengar,Imran Desai,2,3
18255,Nagaraj Shetty,Ravi Hegde,2,0
18256,Kiran Desai,Ravi Hegde,2,0
18259,Bhavana Prasad,Deepak Murthy,2,3
18261,Basavaraj Patil,Joseph Murthy,2,2
18262,Joseph Murthy,Kiran Rao,2,0
18263,Fatima Prasad,Ravi Gowda,2,3
18266,Basavaraj Reddy,Manjunath Patil,2,0
18270,Ashwini Kulkarni,Fatima Reddy,2,0
18272,Imran Prasad,Yashwanth Desai,2,0
18278,Ravi Gowda,Rekha Patil,2,3
18280,Bhavana Patil,Prakash Gowda,2,0
18282,Mary Reddy,Shivakumar Bhat,2,5
18286,Ravi Iyengar,Shivakumar Kulkarni,2,0
18287,Girish Patil,Shivakumar Kulkarni,2,0
18288,Girish Patil,Ravi Iyengar,2,0
18289,Basavaraj Patil,Prakash Murthy,2,2
18290,Mary Rao,Vinutha Reddy,2,0
18292,Prakash Gowda,Suresh Nayak,2,0
18294,Joseph Gowda,Nagaraj Naik,2,0
18295,Ashwini Kulkarni,Joseph Gowda,2,0
18300,Manjunath Nayak,Nagaraj Naik,2,5
18301,Ashwini Kulkarni,Fatima Iyengar,2,1
18303,Chetan Patil,Vinutha Rao,2,4
18304,Kiran Murthy,Suresh Bhat,2,8
18305,Deepak Naik,Rekha Hegde,2,0
18306,Basavaraj Desai,Girish Reddy,2,0
18307,Basavaraj Desai,Yashwanth Gowda,2,0
18312,Ashwini Murthy,Ashwini Rao,2,0
18318,Bhavana Hegde,Nagaraj Hegde,2,0
18319,Fatima Hegde,Nagaraj Hegde,2,0
18325,Pooja Desai,Ravi Iyengar,2,0
18329,Kiran Hegde,Prakash Shetty,2,3
18335,Basavaraj Kulkarni,Girish Patil,2,0
18336,Basavaraj Kulkarni,Rekha Kulkarni,2,0
18343,Chetan Desai,Imran Iyengar,2,0
18345,Fatima Prasad,Yashwanth Nayak,2,0
18347,Girish Bhat,Yashwanth Nayak,2,6
18348,Fatima Iyengar,Yashwanth Nayak,2,1
18352,Basavaraj Hegde,Rekha Desai,2,0
18353,Pooja Hegde,Rekha Desai,2,0
18355,Bhavana Shetty,Rekha Kumar,2,0
18357,Lakshmi Desai,Shivakumar Bhat,2,0
18359,Deepak Bhat,Joseph Gowda,2,0
18365,Deepak Patil,Mary Iyengar,2,2
18366,Kiran Bhat,Prakash Rao,2,0
18367,Kiran Prasad,Prakash Rao,2,0
18368,Kiran Bhat,Kiran Prasad,2,0
18369,Bhavana Naik,Yashwanth Reddy,2,3
18372,Chetan Prasad,Pooja Nayak,2,6
18375,Bhavana Hegde,Vinutha Hegde,2,0
18376,Kiran Prasad,Nagaraj Kumar,2,0
18377,Kiran Prasad,Shivakumar Reddy,2,0
18381,Anitha Bhat,Manjunath Shetty,2,7
18384,Basavaraj Reddy,Deepak Shetty,2,0
18385,Deepak Patil,Rekha Hegde,2,2
18387,Anitha Prasad,Ravi Gowda,2,3
18388,Anitha Prasad,Imran Murthy,2,0
18392,Manjunath Nayak,Vinutha Rao,2,5
18393,Manjunath Nayak,Prakash Murthy,2,5
18394,Girish Murthy,Suresh Shetty,2,0
18395,Mary Reddy,Ravi Desai,2,5
18402,Imran Reddy,Yashwanth Bhat,2,3
18403,Joseph Bhat,Yashwanth Bhat,2,3
18404,Ashwini Naik,Manjunath Patil,2,5
18405,Anitha Gowda,Yashwanth Bhat,2,3
18406,Pooja Desai,Prakash Shetty,2,0
18407,Basavaraj Naik,Prakash Shetty,2,0
18409,Joseph Nayak,Manjunath Prasad,2,0
18410,Bhavana Gowda,Lakshmi Murthy,2,1
18418,Prakash Murthy,Ravi Hegde,2,0
18422,Ashwini Reddy,Vinutha Kumar,2,0
18423,Suresh Murthy,Vinutha Kumar,2,0
18428,Anitha Desai,Prakash Rao,2,0
18431,Kiran Shetty,Nagaraj Shetty,2,0
18432,Ravi Hegde,Suresh Naik,2,0
18434,Deepak Kulkarni,Suresh Gowda,2,0
18437,Imran Bhat,Vinutha Hegde,2,0
18441,Manjunath Gowda,Suresh Iyengar,2,0
18442,Pooja Bhat,Shivakumar Reddy,2,5
18443,Mary Hegde,Shivakumar Reddy,2,5
18445,Fatima Patil,Prakash Rao,2,0
18451,Chetan Shetty,Suresh Patil,2,0
18453,Ashwini Naik,Fatima Reddy,2,5
18455,Ashwini Naik,Basavaraj Nayak,2,5
18460,Ashwini Patil,Nagaraj Kulkarni,2,4
18462,Girish Shetty,Rekha Rao,2,0
18470,Chetan Reddy,Manjunath Desai,2,1
18476,Kiran Shetty,Mary Rao,2,0
18477,Kiran Shetty,Manjunath Naik,2,0
18479,Ashwini Reddy,Suresh Patil,2,0
18485,Fatima Bhat,Imran Murthy,2,0
18490,Deepak Patil,Girish Iyengar,2,2
18497,Deepak Kumar,Manjunath Nayak,2,5
18498,Manjunath Nayak,Vinutha Kumar,2,5
18501,Anitha Naik,Prakash Kulkarni,2,7
18505,Manjunath Kumar,Pooja Naik,2,3
18508,Kiran Iyengar,Nagaraj Iyengar,2,0
18510,Ashwini Kulkarni,Basavaraj Nayak,2,0
18511,Ashwini Iyengar,Basavaraj Nayak,2,4
18514,Manjunath Kumar,Shivakumar Rao,2,3
18515,Joseph Prasad,Lakshmi Shetty,2,0
18517,Ashwini Shetty,Joseph Shetty,2,4
18520,Fatima Shetty,Girish Nayak,2,7
18523,Anitha Prasad,Girish Bhat,2,6
18526,Kiran Kumar,Manjunath Naik,2,0
18527,Chetan Bhat,Manjunath Naik,2,0
18532,Deepak Reddy,Manjunath Naik,2,0
18533,Deepak Reddy,Fatima Desai,2,0
18540,Basavaraj Reddy,Yashwanth Naik,2,0
18545,Mary Hegde,Yashwanth Naik,2,5
18546,Anitha Nayak,Ravi Iyengar,2,0
18550,Joseph Desai,Kiran Murthy,2,8
18551,Anitha Reddy,Yashwanth Iyengar,2,7
18552,Anitha Gowda,Shivakumar Patil,2,0
18554,Anitha Gowda,Mary Bhat,2,0
18556,Girish Rao,Mary Bhat,2,0
18557,Joseph Hegde,Mary Desai,2,7
18561,Anitha Desai,Ashwini Bhat,2,0
18569,Deepak Naik,Shivakumar Naik,2,5
18570,Bhavana Reddy,Deepak Naik,2,0
18571,Fatima Gowda,Yashwanth Gowda,2,1
18572,Deepak Prasad,Yashwanth Gowda,2,0
18575,Anitha Shetty,Ravi Patil,2,0
18578,Bhavana Hegde,Manjunath Iyengar,2,0
18583,Pooja Patil,Vinutha Shetty,2,0
18586,Mary Bhat,Rekha Desai,2,0
18587,Ashwini Hegde,Pooja Gowda,2,3
18590,Chetan Kulkarni,Deepak Kulkarni,2,0
18591,Joseph Desai,Suresh Bhat,2,7
18595,Deepak Reddy,Manjunath Kulkarni,2,0
18599,Fatima Reddy,Yashwanth Hegde,2,0
18601,Fatima Reddy,Kiran Hegde,2,3
18602,Kiran Hegde,Lakshmi Kumar,2,3
18604,Bhavana Kumar,Manjunath Kumar,2,3
18610,Nagaraj Prasad,Prakash Naik,2,2
18612,Imran Kumar,Prakash Shetty,2,0
18613,Anitha Iyengar,Imran Kumar,2,0
18619,Kiran Kulkarni,Nagaraj Desai,2,5
18624,Imran Shetty,Lakshmi Shetty,2,0
18635,Prakash Iyengar,Ravi Prasad,2,5
18636,Bhavana Iyengar,Chetan Nayak,2,0
18639,Girish Shetty,Vinutha Naik,2,0
18640,Vinutha Naik,Yashwanth Kulkarni,2,0
18645,Chetan Hegde,Manjunath Patil,2,0
18651,Anitha Naik,Vinutha Murthy,2,0
18654,Girish Kulkarni,Prakash Gowda,2,5
18656,Deepak Bhat,Prakash Gowda,2,0
18658,Deepak Bhat,Girish Kulkarni,2,5
18659,Manjunath Prasad,Ravi Iyengar,2,0
18662,Basavaraj Desai,Prakash Murthy,2,0
18663,Deepak Desai,Kiran Patil,2,0
18669,Imran Iyengar,Nagaraj Prasad,2,0
18673,Girish Nayak,Prakash Iyengar,2,5
18676,Basavaraj Patil,Vinutha Nayak,2,2
18686,Lakshmi Patil,Shivakumar Nayak,2,0
18691,Imran Gowda,Ravi Naik,2,7
18694,Kiran Hegde,Suresh Murthy,2,3
18697,Manjunath Naik,Shivakumar Desai,2,4
18702,Ashwini Nayak,Vinutha Patil,2,2
18706,Imran Bhat,Joseph Rao,2,0
18707,Joseph Rao,Nagaraj Kulkarni,2,4
18716,Shivakumar Iyengar,Suresh Kumar,2,0
18726,Prakash Gowda,Vinutha Desai,2,0
18730,Ashwini Gowda,Prakash Kulkarni,2,7
18731,Ashwini Gowda,Rekha Kulkarni,2,0
18738,Joseph Iyengar,Rekha Iyengar,2,6
18746,Imran Kumar,Shivakumar Patil,2,0
18748,Lakshmi Nayak,Prakash Nayak,2,1
18751,Anitha Naik,Yashwanth Hegde,2,0
18754,Bhavana Iyengar,Prakash Prasad,2,0
18756,Bhavana Iyengar,Ravi Iyengar,2,0
18758,Bhavana Kulkarni,Ravi Iyengar,2,0
18759,Anitha Naik,Nagaraj Gowda,2,0
18762,Chetan Hegde,Prakash Kulkarni,2,7
18764,Joseph Hegde,Rekha Iyengar,2,7
18766,Joseph Hegde,Kiran Reddy,2,7
18767,Fatima Murthy,Suresh Patil,2,0
18768,Manjunath Bhat,Ravi Nayak,2,1
18769,Basavaraj Rao,Pooja Prasad,2,0
18770,Fatima Naik,Mary Nayak,2,0
18772,Girish Shetty,Ravi Bhat,2,0
18773,Girish Shetty,Kiran Shetty,2,0
18775,Joseph Reddy,Pooja Desai,2,2
18780,Deepak Nayak,Joseph Kulkarni,2,0
18781,Chetan Gowda,Deepak Hegde,2,0
18790,Pooja Shetty,Yashwanth Rao,2,6
18796,Rekha Shetty,Vinutha Shetty,2,3
18798,Bhavana Kumar,Kiran Iyengar,2,0
18806,Kiran Kumar,Manjunath Gowda,2,0
18807,Joseph Bhat,Kiran Kumar,2,0
18808,Joseph Bhat,Manjunath Gowda,2,0
18809,Anitha Gowda,Yashwanth Rao,2,0
18811,Anitha Gowda,Shivakumar Bhat,2,0
18817,Girish Kulkarni,Rekha Reddy,2,5
18821,Nagaraj Reddy,Shivakumar Kumar,2,7
18824,Fatima Patil,Prakash Reddy,2,0
18825,Deepak Nayak,Shivakumar Shetty,2,8
18828,Rekha Rao,Yashwanth Kulkarni,2,0
18829,Ravi Nayak,Rekha Rao,2,1
18833,Deepak Kumar,Prakash Nayak,2,0
18837,Joseph Patil,Manjunath Murthy,2,3
18838,Joseph Patil,Vinutha Reddy,2,3
18839,Deepak Gowda,Imran Naik,2,0
18845,Ashwini Murthy,Manjunath Reddy,2,0
18847,Mary Desai,Nagaraj Murthy,2,0
18849,Chetan Naik,Rekha Kulkarni,2,0
18851,Prakash Shetty,Yashwanth Patil,2,0
18864,Imran Reddy,Vinutha Gowda,2,0
18866,Bhavana Shetty,Ravi Bhat,2,0
18871,Basavaraj Rao,Nagaraj Prasad,2,0
18872,Basavaraj Rao,Prakash Nayak,2,0
18878,Nagaraj Prasad,Prakash Nayak,2,0
18880,Anitha Nayak,Imran Murthy,2,0
18881,Kiran Shetty,Shivakumar Prasad,2,0
18885,Rekha Iyengar,Suresh Desai,2,4
18886,Deepak Kumar,Suresh Prasad,2,0
18887,Basavaraj Murthy,Vinutha Nayak,2,0
18890,Bhavana Gowda,Chetan Rao,2,1
18900,Joseph Iyengar,Prakash Nayak,2,6
18904,Nagaraj Gowda,Vinutha Patil,2,2
18907,Shivakumar Reddy,Vinutha Naik,2,0
18908,Nagaraj Kumar,Vinutha Naik,2,0
18912,Prakash Prasad,Suresh Murthy,2,0
18913,Anitha Desai,Shivakumar Prasad,2,0
18915,Anitha Desai,Bhavana Prasad,2,3
18916,Deepak Kulkarni,Shivakumar Kumar,2,0
18917,Deepak Kulkarni,Deepak Patil,2,2
18925,Ashwini Kumar,Rekha Murthy,2,7
18926,Rekha Desai,Rekha Murthy,2,7
18930,Anitha Naik,Ravi Shetty,2,0
18931,Anitha Naik,Basavaraj Kulkarni,2,0
18935,Manjunath Rao,Ravi Reddy,2,1
18941,Joseph Reddy,Ravi Shetty,2,2
18943,Deepak Rao,Rekha Patil,2,7
18946,Lakshmi Nayak,Vinutha Gowda,2,1
18947,Kiran Patil,Vinutha Gowda,2,0
18948,Lakshmi Hegde,Prakash Rao,2,1
18949,Lakshmi Hegde,Yashwanth Gowda,2,1
18950,Manjunath Prasad,Nagaraj Gowda,2,0
18952,Manjunath Murthy,Pooja Iyengar,2,5
18960,Pooja Prasad,Prakash Bhat,2,0
18962,Imran Naik,Pooja Prasad,2,0
18967,Basavaraj Reddy,Rekha Kumar,2,0
18973,Anitha Shetty,Vinutha Hegde,2,0
18977,Deepak Gowda,Imran Kumar,2,0
18980,Pooja Gowda,Vinutha Shetty,2,3
18981,Nagaraj Reddy,Pooja Gowda,2,7
18982,Fatima Kulkarni,Vinutha Shetty,2,3
18983,Fatima Kulkarni,Nagaraj Reddy,2,3
18984,Fatima Bhat,Fatima Kulkarni,2,3
18986,Fatima Bhat,Vinutha Shetty,2,0
18991,Chetan Rao,Prakash Iyengar,2,5
18992,Chetan Rao,Imran Desai,2,8
18993,Joseph Kulkarni,Nagaraj Prasad,2,0
18995,Joseph Kulkarni,Ravi Iyengar,2,0
18996,Rekha Naik,Vinutha Murthy,2,0
18999,Deepak Kulkarni,Joseph Naik,2,5
19000,Nagaraj Desai,Nagaraj Kumar,2,0
19001,Nagaraj Desai,Suresh Bhat,2,7
19006,Basavaraj Nayak,Suresh Rao,2,0
19007,Fatima Iyengar,Suresh Rao,2,1
19010,Fatima Desai,Shivakumar Nayak,2,0
19011,Fatima Desai,Shivakumar Kulkarni,2,0
19012,Pooja Bhat,Pooja Patil,2,5
19014,Anitha Kulkarni,Prakash Reddy,2,0
19015,Anitha Kulkarni,Manjunath Reddy,2,0
19017,Anitha Gowda,Yashwanth Desai,2,0
19018,Chetan Prasad,Fatima Prasad,2,6
19021,Joseph Reddy,Manjunath Iyengar,2,2
19028,Joseph Bhat,Mary Nayak,2,0
19035,Manjunath Hegde,Mary Hegde,2,5
19043,Joseph Shetty,Pooja Nayak,2,4
19044,Joseph Shetty,Ravi Nayak,2,4
19046,Basavaraj Hegde,Joseph Prasad,2,0
19048,Prakash Patil,Yashwanth Murthy,2,6
19049,Basavaraj Patil,Prakash Patil,2,2
19054,Ashwini Kulkarni,Girish Bhat,2,6
19056,Prakash Reddy,Vinutha Reddy,2,0
19057,Prakash Reddy,Ravi Bhat,2,0
19064,Lakshmi Hegde,Manjunath Iyengar,2,1
19075,Lakshmi Kumar,Yashwanth Naik,2,4
19076,Kiran Iyengar,Lakshmi Kumar,2,4
19079,Kiran Iyengar,Yashwanth Naik,2,0
19080,Manjunath Patil,Vinutha Hegde,2,0
19081,Basavaraj Kumar,Manjunath Patil,2,0
19082,Manjunath Patil,Nagaraj Desai,2,0
19085,Nagaraj Desai,Vinutha Hegde,2,0
19087,Basavaraj Kumar,Nagaraj Desai,2,0
19089,Anitha Iyengar,Girish Iyengar,2,0
19090,Girish Desai,Girish Iyengar,2,0
19092,Ashwini Bhat,Yashwanth Gowda,2,0
19094,Bhavana Rao,Girish Nayak,2,0
19095,Ashwini Iyengar,Bhavana Rao,2,4
19096,Girish Nayak,Shivakumar Desai,2,4
19101,Kiran Iyengar,Lakshmi Patil,2,0
19104,Kiran Kulkarni,Suresh Kulkarni,2,5
19105,Deepak Reddy,Lakshmi Shetty,2,0
19115,Anitha Reddy,Pooja Desai,2,0
19119,Imran Kumar,Shivakumar Prasad,2,0
19123,Lakshmi Nayak,Pooja Shetty,2,1
19127,Ravi Gowda,Shivakumar Naik,2,3
19131,Prakash Patil,Prakash Rao,2,0
19132,Imran Kumar,Lakshmi Naik,2,0
19134,Prakash Naik,Shivakumar Naik,2,2
19136,Prakash Kumar,Ravi Gowda,2,3
19142,Fatima Kumar,Mary Shetty,2,0
19143,Mary Murthy,Nagaraj Prasad,2,8
19145,Anitha Patil,Pooja Desai,2,0
19146,Anitha Patil,Joseph Patil,2,3
19148,Chetan Nayak,Mary Reddy,2,5
19151,Imran Gowda,Rekha Bhat,2,0
19158,Basavaraj Desai,Mary Gowda,2,0
19160,Imran Patil,Imran Prasad,2,0
19165,Imran Patil,Mary Kulkarni,2,0
19166,Lakshmi Bhat,Prakash Reddy,2,0
19167,Fatima Shetty,Prakash Desai,2,7
19170,Rekha Naik,Shivakumar Gowda,2,3
19172,Shivakumar Desai,Shivakumar Gowda,2,4
19177,Mary Iyengar,Mary Prasad,2,0
19179,Chetan Patil,Suresh Gowda,2,4
19181,Imran Patil,Vinutha Naik,2,0
19185,Chetan Kumar,Vinutha Naik,2,0
19187,Imran Gowda,Suresh Hegde,2,0
19189,Ravi Reddy,Rekha Kulkarni,2,1
19191,Nagaraj Kulkarni,Ravi Desai,2,4
19199,Chetan Bhat,Suresh Iyengar,2,0
19200,Chetan Naik,Shivakumar Hegde,2,1
19203,Basavaraj Prasad,Chetan Shetty,2,0
19206,Nagaraj Iyengar,Rekha Gowda,2,0
19207,Manjunath Bhat,Manjunath Murthy,2,0
19209,Ashwini Reddy,Deepak Rao,2,7
19211,Girish Gowda,Prakash Bhat,2,6
19215,Anitha Murthy,Vinutha Naik,2,0
19217,Mary Naik,Shivakumar Bhat,2,7
19220,Girish Nayak,Kiran Prasad,2,0
19223,Deepak Shetty,Rekha Reddy,2,0
19224,Ashwini Desai,Kiran Kulkarni,2,5
19229,Anitha Murthy,Rekha Prasad,2,0
19231,Anitha Murthy,Lakshmi Gowda,2,0
19234,Girish Kumar,Prakash Patil,2,0
19237,Bhavana Patil,Rekha Desai,2,0
19238,Anitha Kumar,Suresh Prasad,2,0
19243,Mary Rao,Nagaraj Iyengar,2,0
19246,Lakshmi Naik,Manjunath Gowda,2,0
19247,Pooja Hegde,Rekha Reddy,2,0
19248,Fatima Rao,Rekha Reddy,2,0
19249,Fatima Rao,Pooja Hegde,2,0
19257,Pooja Gowda,Rekha Kulkarni,2,3
19258,Deepak Patil,Imran Hegde,2,2
19260,Imran Hegde,Joseph Kumar,2,2
19262,Girish Iyengar,Pooja Shetty,2,6
19264,Anitha Rao,Yashwanth Reddy,2,4
19265,Anitha Rao,Fatima Nayak,2,4
19266,Fatima Nayak,Rekha Shetty,2,3
19271,Rekha Kulkarni,Shivakumar Hegde,2,1
19272,Rekha Kulkarni,Suresh Hegde,2,0
19275,Bhavana Kumar,Joseph Prasad,2,0
19277,Joseph Prasad,Shivakumar Iyengar,2,0
19289,Prakash Naik,Shivakumar Kulkarni,2,2
19290,Ashwini Shetty,Deepak Gowda,2,0
19294,Nagaraj Gowda,Vinutha Bhat,2,0
19295,Prakash Patil,Vinutha Kumar,2,0
19299,Ashwini Iyengar,Suresh Rao,2,4
19300,Ashwini Iyengar,Nagaraj Gowda,2,4
19302,Bhavana Shetty,Imran Prasad,2,0
19303,Anitha Bhat,Pooja Nayak,2,7
19304,Basavaraj Hegde,Deepak Iyengar,2,3
19306,Anitha Patil,Bhavana Desai,2,5
19310,Deepak Murthy,Suresh Reddy,2,0
19313,Ashwini Bhat,Fatima Shetty,2,7
19315,Kiran Kumar,Pooja Reddy,2,0
19320,Chetan Murthy,Rekha Murthy,2,7
19322,Rekha Gowda,Rekha Murthy,2,7
19324,Joseph Prasad,Nagaraj Kulkarni,2,4
19325,Joseph Bhat,Joseph Prasad,2,0
19328,Prakash Iyengar,Shivakumar Hegde,2,5
19329,Chetan Shetty,Mary Bhat,2,0
19334,Joseph Nayak,Mary Bhat,2,0
19335,Mary Bhat,Mary Desai,2,0
19337,Mary Desai,Pooja Naik,2,0
19339,Manjunath Bhat,Yashwanth Patil,2,0
19340,Manjunath Bhat,Mary Rao,2,0
19341,Mary Rao,Yashwanth Patil,2,0
19343,Basavaraj Shetty,Kiran Iyengar,2,0
19348,Manjunath Kumar,Shivakumar Iyengar,2,3
19357,Manjunath Gowda,Prakash Hegde,2,0
19358,Basavaraj Patil,Ravi Iyengar,2,2
19359,Lakshmi Patil,Ravi Iyengar,2,0
19361,Nagaraj Murthy,Pooja Shetty,2,6
19363,Lakshmi Desai,Suresh Reddy,2,0
19368,Prakash Hegde,Yashwanth Gowda,2,0
19373,Manjunath Bhat,Rekha Kumar,2,0
19375,Girish Reddy,Imran Kulkarni,2,0
19378,Deepak Murthy,Pooja Naik,2,0
19380,Mary Rao,Prakash Nayak,2,0
19384,Anitha Kulkarni,Ravi Reddy,2,1
19389,Basavaraj Reddy,Fatima Rao,2,0
19393,Manjunath Rao,Mary Shetty,2,0
19395,Lakshmi Patil,Prakash Naik,2,2
19396,Lakshmi Patil,Ravi Gowda,2,3
19400,Ashwini Shetty,Pooja Kumar,2,8
19401,Lakshmi Nayak,Rekha Rao,2,1
19407,Mary Bhat,Nagaraj Iyengar,2,0
19417,Manjunath Desai,Manjunath Rao,2,8
19422,Lakshmi Kulkarni,Suresh Murthy,2,0
19424,Anitha Rao,Basavaraj Reddy,2,4
19425,Anitha Rao,Ravi Nayak,2,4
19426,Ravi Shetty,Rekha Desai,2,0
19429,Basavaraj Gowda,Prakash Patil,2,0
19430,Nagaraj Hegde,Rekha Hegde,2,0
19437,Manjunath Hegde,Pooja Naik,2,0
19439,Imran Shetty,Yashwanth Hegde,2,0
19446,Lakshmi Iyengar,Nagaraj Rao,2,0
19447,Kiran Hegde,Lakshmi Kulkarni,2,3
19448,Lakshmi Kulkarni,Pooja Patil,2,0
19452,Imran Patil,Manjunath Naik,2,0
19459,Nagaraj Iyengar,Prakash Iyengar,2,5
19468,Lakshmi Shetty,Ravi Prasad,2,0
19472,Lakshmi Shetty,Rekha Shetty,2,3
19473,Nagaraj Reddy,Rekha Shetty,2,7
19474,Imran Reddy,Pooja Desai,2,0
19478,Joseph Bhat,Suresh Murthy,2,0
19481,Basavaraj Nayak,Kiran Gowda,2,0
19482,Chetan Bhat,Prakash Naik,2,2
19484,Suresh Reddy,Yashwanth Patil,2,0
19487,Nagaraj Desai,Ravi Rao,2,0
19488,Ashwini Naik,Joseph Iyengar,2,5
19490,Prakash Shetty,Rekha Kumar,2,0
19491,Joseph Nayak,Lakshmi Shetty,2,0
19495,Deepak Patil,Manjunath Iyengar,2,2
19496,Fatima Iyengar,Prakash Nayak,2,1
19497,Imran Rao,Rekha Murthy,2,8
19498,Bhavana Gowda,Rekha Iyengar,2,1
19500,Nagaraj Kulkarni,Rekha Iyengar,2,4
19501,Girish Nayak,Suresh Desai,2,0
19507,Shivakumar Gowda,Vinutha Kumar,2,3
19510,Girish Shetty,Yashwanth Kumar,2,0
19516,Mary Nayak,Yashwanth Nayak,2,0
19518,Chetan Iyengar,Vinutha Bhat,2,0
19525,Fatima Gowda,Fatima Murthy,2,1
19526,Imran Kumar,Kiran Kumar,2,0
19527,Lakshmi Kulkarni,Manjunath Iyengar,2,0
19532,Deepak Bhat,Fatima Bhat,2,0
19533,Mary Kulkarni,Shivakumar Kumar,2,0
19536,Joseph Kulkarni,Pooja Prasad,2,0
19537,Kiran Iyengar,Prakash Shetty,2,0
19539,Manjunath Prasad,Rekha Reddy,2,0
19541,Prakash Hegde,Vinutha Rao,2,0
19544,Bhavana Iyengar,Vinutha Rao,2,0
19546,Ashwini Iyengar,Ravi Gowda,2,4
19550,Manjunath Rao,Prakash Naik,2,2
19552,Ashwini Kumar,Girish Iyengar,2,0
19555,Fatima Bhat,Prakash Iyengar,2,5
19556,Anitha Naik,Prakash Iyengar,2,5
19561,Girish Kumar,Lakshmi Rao,2,7
19562,Yashwanth Desai,Yashwanth Rao,2,0
19563,Rekha Gowda,Yashwanth Reddy,2,5
19564,Deepak Kumar,Mary Rao,2,0
19565,Chetan Gowda,Mary Rao,2,0
19567,Deepak Naik,Lakshmi Rao,2,7
19569,Anitha Gowda,Lakshmi Kumar,2,4
19570,Ashwini Kulkarni,Vinutha Nayak,2,0
19573,Anitha Gowda,Vinutha Nayak,2,0
19577,Bhavana Reddy,Lakshmi Shetty,2,0
19578,Manjunath Hegde,Nagaraj Kulkarni,2,4
19582,Ashwini Rao,Yashwanth Nayak,2,0
19583,Ashwini Rao,Suresh Hegde,2,0
19591,Manjunath Gowda,Shivakumar Rao,2,0
19593,Nagaraj Rao,Vinutha Naik,2,0
19594,Chetan Kumar,Nagaraj Rao,2,0
19607,Ashwini Reddy,Basavaraj Patil,2,2
19609,Lakshmi Rao,Suresh Shetty,2,7
19610,Lakshmi Rao,Shivakumar Prasad,2,7
19613,Bhavana Reddy,Joseph Rao,2,0
19616,Deepak Prasad,Girish Prasad,2,0
19617,Anitha Patil,Girish Prasad,2,0
19624,Girish Gowda,Joseph Prasad,2,6
19627,Ravi Rao,Suresh Naik,2,0
19630,Girish Reddy,Prakash Gowda,2,0
19631,Kiran Iyengar,Prakash Gowda,2,0
19632,Mary Naik,Yashwanth Hegde,2,7
19636,Chetan Kulkarni,Kiran Nayak,2,0
19637,Deepak Murthy,Pooja Reddy,2,0
19640,Lakshmi Iyengar,Shivakumar Rao,2,0
19641,Shivakumar Rao,Yashwanth Gowda,2,0
19643,Shivakumar Nayak,Suresh Kulkarni,2,0
19644,Girish Kumar,Manjunath Gowda,2,0
19651,Manjunath Patil,Mary Hegde,2,5
19652,Mary Hegde,Mary Naik,2,5
19653,Manjunath Naik,Ravi Shetty,2,0
19654,Deepak Naik,Fatima Naik,2,0
19661,Lakshmi Shetty,Shivakumar Nayak,2,0
19665,Basavaraj Desai,Lakshmi Shetty,2,0
19666,Lakshmi Shetty,Nagaraj Bhat,2,3
19667,Anitha Bhat,Chetan Reddy,2,7
19668,Basavaraj Prasad,Kiran Nayak,2,0
19669,Chetan Hegde,Nagaraj Prasad,2,0
19671,Anitha Nayak,Suresh Hegde,2,0
19672,Lakshmi Bhat,Nagaraj Rao,2,0
19675,Kiran Kumar,Kiran Patil,2,0
19677,Ashwini Shetty,Suresh Kulkarni,2,0
19683,Manjunath Shetty,Nagaraj Shetty,2,4
19684,Manjunath Shetty,Suresh Bhat,2,4
19685,Anitha Shetty,Nagaraj Shetty,2,0
19688,Manjunath Reddy,Prakash Shetty,2,0
19689,Ashwini Hegde,Mary Rao,2,0
19690,Kiran Iyengar,Pooja Naik,2,0
19691,Lakshmi Desai,Suresh Patil,2,0
19698,Pooja Kumar,Prakash Kumar,2,8
19702,Deepak Naik,Manjunath Bhat,2,0
19704,Bhavana Reddy,Vinutha Bhat,2,0
19705,Deepak Gowda,Vinutha Bhat,2,0
19708,Basavaraj Kumar,Joseph Prasad,2,0
19709,Manjunath Nayak,Pooja Nayak,2,5
19714,Deepak Prasad,Manjunath Nayak,2,5
19717,Imran Patil,Nagaraj Rao,2,0
19723,Deepak Nayak,Imran Hegde,2,0
19724,Deepak Nayak,Vinutha Nayak,2,0
19727,Nagaraj Iyengar,Vinutha Reddy,2,0
19729,Imran Patil,Joseph Shetty,2,4
19732,Nagaraj Kumar,Vinutha Rao,2,0
19733,Basavaraj Prasad,Fatima Kumar,2,0
19734,Basavaraj Prasad,Vinutha Nayak,2,0
19735,Fatima Kumar,Ravi Bhat,2,0
19737,Fatima Kumar,Vinutha Nayak,2,0
19742,Basavaraj Nayak,Chetan Prasad,2,6
19745,Girish Kulkarni,Nagaraj Patil,2,5
19746,Manjunath Shetty,Shivakumar Patil,2,4
19749,Bhavana Murthy,Imran Murthy,2,0
19752,Bhavana Nayak,Prakash Naik,2,2
19757,Lakshmi Rao,Vinutha Bhat,2,7
19758,Anitha Naik,Chetan Iyengar,2,0
19759,Anitha Naik,Ravi Naik,2,7
19764,Manjunath Nayak,Prakash Kulkarni,2,5
19767,Fatima Bhat,Ravi Bhat,2,0
19769,Ravi Shetty,Shivakumar Naik,2,5
19770,Chetan Patil,Manjunath Kumar,2,4
19772,Kiran Gowda,Mary Desai,2,0
19773,Chetan Iyengar,Deepak Prasad,2,0
19774,Chetan Iyengar,Girish Nayak,2,0
19775,Deepak Gowda,Joseph Patil,2,3
19789,Ashwini Nayak,Bhavana Nayak,2,2
19790,Mary Kumar,Nagaraj Iyengar,2,0
19791,Basavaraj Rao,Suresh Kulkarni,2,0
19794,Ashwini Gowda,Girish Rao,2,0
19799,Anitha Bhat,Nagaraj Gowda,2,7
19801,Nagaraj Gowda,Prakash Prasad,2,0
19803,Ashwini Desai,Chetan Iyengar,2,0
19805,Prakash Iyengar,Rekha Prasad,2,5
19809,Mary Nayak,Rekha Iyengar,2,4
19811,Prakash Iyengar,Rekha Iyengar,2,5
19813,Bhavana Murthy,Shivakumar Shetty,2,8
19817,Shivakumar Prasad,Suresh Rao,2,0
19819,Prakash Rao,Suresh Iyengar,2,0
19820,Fatima Shetty,Prakash Rao,2,7
19821,Fatima Shetty,Suresh Iyengar,2,7
19822,Ashwini Kumar,Joseph Kumar,2,2
19827,Anitha Kumar,Pooja Nayak,2,0
19831,Deepak Iyengar,Vinutha Patil,2,3
19832,Bhavana Bhat,Deepak Prasad,2,0
19833,Bhavana Bhat,Yashwanth Hegde,2,0
19834,Manjunath Patil,Vinutha Reddy,2,0
19839,Ashwini Iyengar,Girish Iyengar,2,4
19841,Chetan Reddy,Joseph Kulkarni,2,1
19842,Chetan Reddy,Nagaraj Murthy,2,1
19843,Basavaraj Nayak,Prakash Hegde,2,0
19845,Basavaraj Nayak,Pooja Bhat,2,5
19847,Ashwini Patil,Ravi Iyengar,2,0
19848,Nagaraj Patil,Vinutha Naik,2,2
19849,Basavaraj Kumar,Vinutha Naik,2,0
19850,Chetan Hegde,Vinutha Naik,2,0
19857,Bhavana Kulkarni,Shivakumar Gowda,2,3
19859,Bhavana Shetty,Fatima Kumar,2,0
19862,Rekha Patil,Yashwanth Gowda,2,0
19868,Ashwini Patil,Joseph Reddy,2,2
19869,Ashwini Patil,Lakshmi Naik,2,0
19870,Prakash Kumar,Ravi Nayak,2,1
19874,Pooja Hegde,Shivakumar Hegde,2,1
19875,Basavaraj Naik,Suresh Bhat,2,7
19876,Basavaraj Naik,Joseph Desai,2,0
19877,Basavaraj Naik,Nagaraj Iyengar,2,0
19880,Fatima Patil,Nagaraj Iyengar,2,0
19881,Deepak Iyengar,Lakshmi Murthy,2,3
19890,Chetan Nayak,Fatima Gowda,2,1
19895,Deepak Nayak,Ravi Naik,2,7
19896,Ravi Naik,Shivakumar Prasad,2,7
19897,Mary Kumar,Prakash Murthy,2,0
19898,Anitha Patil,Mary Naik,2,7
19899,Fatima Naik,Mary Naik,2,7
19903,Basavaraj Iyengar,Pooja Kumar,2,3
19908,Deepak Hegde,Kiran Prasad,2,0
19911,Chetan Reddy,Shivakumar Patil,2,1
19917,Anitha Patil,Shivakumar Rao,2,0
19923,Imran Kumar,Kiran Hegde,2,3
19925,Pooja Iyengar,Rekha Iyengar,2,5
19927,Manjunath Patil,Rekha Reddy,2,0
19931,Prakash Nayak,Vinutha Kumar,2,0
19935,Joseph Naik,Kiran Reddy,2,5
19951,Nagaraj Bhat,Prakash Rao,2,3
19953,Pooja Iyengar,Rekha Kulkarni,2,5
19956,Lakshmi Hegde,Mary Reddy,2,1
19957,Bhavana Kumar,Rekha Reddy,2,0
19959,Ashwini Reddy,Bhavana Kumar,2,0
19963,Anitha Hegde,Suresh Hegde,2,0
19964,Anitha Hegde,Anitha Patil,2,0
19967,Deepak Reddy,Kiran Hegde,2,3
19974,Basavaraj Kumar,Shivakumar Reddy,2,0
19978,Joseph Hegde,Prakash Reddy,2,7
19984,Ashwini Nayak,Rekha Shetty,2,3
19985,Girish Shetty,Rekha Shetty,2,3
19987,Kiran Kumar,Manjunath Reddy,2,0
19991,Basavaraj Bhat,Ravi Desai,2,2
19992,Basavaraj Bhat,Pooja Kulkarni,2,2
19993,Imran Iyengar,Joseph Nayak,2,0
19994,Imran Iyengar,Prakash Iyengar,2,5
19995,Deepak Bhat,Mary Iyengar,2,0
19997,Nagaraj Rao,Suresh Naik,2,0
19998,Mary Gowda,Ravi Shetty,2,0
20003,Girish Shetty,Mary Bhat,2,0
20006,Fatima Reddy,Girish Hegde,2,4
20012,Girish Bhat,Mary Kulkarni,2,6
20014,Chetan Murthy,Manjunath Murthy,2,0
20016,Ashwini Kulkarni,Bhavana Shetty,2,0
20018,Deepak Kumar,Shivakumar Gowda,2,3
20020,Ravi Naik,Yashwanth Kulkarni,2,7
20030,Lakshmi Bhat,Rekha Naik,2,0
20031,Basavaraj Prasad,Basavaraj Shetty,2,0
20036,Kiran Prasad,Lakshmi Kumar,2,4
20037,Fatima Desai,Kiran Prasad,2,0
20043,Basavaraj Nayak,Girish Prasad,2,0
20048,Joseph Naik,Ravi Patil,2,5
20049,Lakshmi Patil,Manjunath Iyengar,2,0
20054,Basavaraj Prasad,Yashwanth Bhat,2,3
20059,Fatima Iyengar,Ravi Shetty,2,1
20062,Anitha Murthy,Basavaraj Murthy,2,0
20063,Prakash Nayak,Ravi Shetty,2,0
20064,Deepak Prasad,Rekha Rao,2,0
20065,Deepak Prasad,Yashwanth Prasad,2,0
20069,Anitha Patil,Chetan Desai,2,0
20070,Nagaraj Kulkarni,Vinutha Murthy,2,4
20071,Anitha Patil,Nagaraj Kulkarni,2,4
20075,Bhavana Desai,Imran Naik,2,5
20084,Ashwini Bhat,Suresh Nayak,2,0
20085,Imran Prasad,Rekha Murthy,2,7
20087,Kiran Patil,Manjunath Desai,2,8
20089,Prakash Prasad,Shivakumar Naik,2,5
20093,Basavaraj Patil,Manjunath Hegde,2,2
20095,Anitha Iyengar,Chetan Kumar,2,0
20097,Imran Desai,Yashwanth Rao,2,8
20098,Deepak Gowda,Yashwanth Naik,2,0
20102,Imran Shetty,Shivakumar Patil,2,0
20104,Joseph Murthy,Rekha Murthy,2,7
20105,Basavaraj Gowda,Kiran Bhat,2,0
20115,Ravi Nayak,Rekha Kumar,2,1
20124,Kiran Shetty,Shivakumar Hegde,2,1
20130,Deepak Reddy,Rekha Bhat,2,0
20131,Lakshmi Iyengar,Shivakumar Prasad,2,0
20132,Ravi Hegde,Yashwanth Prasad,2,0
20133,Joseph Patil,Ravi Prasad,2,3
20137,Ashwini Prasad,Yashwanth Bhat,2,3
20145,Chetan Murthy,Ravi Naik,2,7
20149,Basavaraj Patil,Kiran Shetty,2,2
20151,Basavaraj Patil,Bhavana Shetty,2,2
20153,Kiran Desai,Manjunath Kulkarni,2,0
20156,Ashwini Kumar,Joseph Gowda,2,0
20158,Ashwini Murthy,Chetan Patil,2,4
20162,Bhavana Kulkarni,Lakshmi Nayak,2,1
20168,Bhavana Nayak,Fatima Murthy,2,2
20169,Manjunath Shetty,Ravi Desai,2,4
20173,Manjunath Desai,Nagaraj Prasad,2,8
20177,Deepak Murthy,Nagaraj Prasad,2,0
20180,Vinutha Desai,Vinutha Rao,2,0
20184,Lakshmi Kumar,Manjunath Kumar,2,4
20194,Nagaraj Naik,Ravi Desai,2,0
20195,Fatima Desai,Ravi Desai,2,0
20200,Imran Nayak,Kiran Reddy,2,7
20203,Bhavana Murthy,Vinutha Shetty,2,0
20204,Mary Hegde,Suresh Shetty,2,5
20206,Deepak Prasad,Mary Prasad,2,0
20209,Imran Bhat,Rekha Murthy,2,7
20210,Ashwini Prasad,Rekha Murthy,2,7
20211,Imran Bhat,Nagaraj Gowda,2,0
20214,Lakshmi Prasad,Suresh Bhat,2,7
20215,Ashwini Murthy,Nagaraj Rao,2,0
20217,Kiran Bhat,Suresh Bhat,2,7
20224,Ashwini Desai,Fatima Murthy,2,0
20229,Rekha Rao,Rekha Reddy,2,0
20230,Manjunath Reddy,Rekha Reddy,2,0
20231,Lakshmi Naik,Rekha Gowda,2,0
20234,Imran Rao,Suresh Rao,2,8
20238,Pooja Gowda,Suresh Iyengar,2,3
20241,Basavaraj Patil,Joseph Hegde,2,2
20247,Lakshmi Gowda,Manjunath Kumar,2,3
20248,Bhavana Prasad,Nagaraj Gowda,2,3
20250,Nagaraj Reddy,Rekha Kulkarni,2,7
20251,Mary Desai,Yashwanth Kulkarni,2,0
20252,Lakshmi Kumar,Nagaraj Prasad,2,4
20257,Pooja Gowda,Rekha Bhat,2,3
20258,Girish Shetty,Imran Rao,2,8
20259,Girish Shetty,Suresh Kumar,2,0
20260,Ashwini Shetty,Mary Nayak,2,0
20261,Joseph Naik,Mary Nayak,2,5
20266,Chetan Desai,Pooja Iyengar,2,5
20274,Girish Bhat,Nagaraj Bhat,2,6
20275,Anitha Shetty,Ashwini Murthy,2,0
20279,Mary Gowda,Mary Iyengar,2,0
20281,Ashwini Bhat,Bhavana Naik,2,3
20282,Deepak Gowda,Rekha Bhat,2,0
20287,Imran Nayak,Shivakumar Bhat,2,0
20288,Bhavana Bhat,Suresh Rao,2,0
20298,Rekha Murthy,Suresh Kulkarni,2,7
20302,Manjunath Iyengar,Manjunath Reddy,2,0
20308,Kiran Patil,Manjunath Nayak,2,5
20309,Deepak Kulkarni,Shivakumar Hegde,2,1
20313,Joseph Naik,Rekha Kulkarni,2,5
20314,Ravi Kulkarni,Rekha Kulkarni,2,0
20320,Anitha Kumar,Rekha Naik,2,0
20323,Mary Bhat,Shivakumar Shetty,2,8
20325,Lakshmi Naik,Vinutha Reddy,2,0
20328,Ashwini Naik,Vinutha Reddy,2,5
20332,Manjunath Nayak,Rekha Murthy,2,5
20333,Prakash Hegde,Suresh Patil,2,0
20335,Imran Bhat,Vinutha Reddy,2,0
20336,Rekha Murthy,Vinutha Reddy,2,7
20337,Girish Murthy,Mary Murthy,2,8
20345,Ashwini Reddy,Mary Desai,2,0
20350,Joseph Kumar,Manjunath Prasad,2,2
20351,Joseph Iyengar,Yashwanth Kumar,2,6
20356,Shivakumar Kumar,Vinutha Patil,2,2
20363,Ashwini Iyengar,Bhavana Reddy,2,4
20365,Ashwini Iyengar,Prakash Gowda,2,4
20369,Bhavana Patil,Fatima Gowda,2,1
20370,Bhavana Patil,Manjunath Shetty,2,4
20371,Pooja Rao,Suresh Desai,2,7
20375,Shivakumar Rao,Suresh Hegde,2,0
20379,Anitha Prasad,Kiran Desai,2,0
20381,Basavaraj Gowda,Girish Kumar,2,0
20383,Anitha Kulkarni,Girish Naik,2,0
20388,Anitha Hegde,Kiran Patil,2,0
20390,Nagaraj Rao,Shivakumar Prasad,2,0
20391,Basavaraj Prasad,Vinutha Rao,2,0
20394,Imran Desai,Manjunath Murthy,2,8
20399,Anitha Patil,Chetan Nayak,2,0
20401,Girish Kumar,Manjunath Reddy,2,0
20403,Deepak Hegde,Vinutha Nayak,2,0
20406,Chetan Murthy,Lakshmi Iyengar,2,0
20407,Girish Hegde,Mary Murthy,2,4
20408,Girish Hegde,Shivakumar Prasad,2,4
20409,Mary Murthy,Shivakumar Prasad,2,8
20416,Bhavana Rao,Imran Desai,2,8
20417,Imran Shetty,Prakash Prasad,2,0
20419,Deepak Kulkarni,Prakash Reddy,2,0
20420,Chetan Nayak,Lakshmi Rao,2,7
20422,Chetan Nayak,Joseph Shetty,2,4
20424,Mary Nayak,Rekha Desai,2,0
20425,Anitha Nayak,Suresh Patil,2,0
20428,Joseph Bhat,Vinutha Patil,2,2
20429,Shivakumar Shetty,Vinutha Patil,2,8
20434,Joseph Prasad,Vinutha Shetty,2,0
20438,Mary Desai,Shivakumar Kumar,2,0
20439,Fatima Patil,Yashwanth Nayak,2,0
20440,Deepak Patil,Suresh Nayak,2,2
20441,Anitha Naik,Manjunath Hegde,2,0
20443,Manjunath Hegde,Prakash Rao,2,0
20444,Prakash Rao,Shivakumar Gowda,2,3
20452,Bhavana Prasad,Yashwanth Desai,2,3
20455,Lakshmi Prasad,Rekha Kulkarni,2,0
20462,Deepak Reddy,Suresh Nayak,2,0
20463,Bhavana Shetty,Fatima Kulkarni,2,3
20465,Ashwini Murthy,Nagaraj Patil,2,2
20468,Lakshmi Shetty,Nagaraj Kumar,2,0
20469,Chetan Prasad,Vinutha Desai,2,6
20471,Pooja Bhat,Yashwanth Patil,2,5
20475,Basavaraj Rao,Rekha Bhat,2,0
20478,Bhavana Kulkarni,Yashwanth Reddy,2,5
20480,Anitha Gowda,Fatima Kumar,2,0
20482,Deepak Rao,Fatima Kumar,2,7
20483,Anitha Gowda,Suresh Nayak,2,0
20490,Girish Nayak,Mary Iyengar,2,0
20492,Prakash Gowda,Vinutha Gowda,2,0
20493,Basavaraj Iyengar,Girish Iyengar,2,3
20506,Kiran Patil,Kiran Prasad,2,0
20507,Kiran Hegde,Prakash Bhat,2,3
20509,Chetan Prasad,Nagaraj Hegde,2,6
20510,Chetan Prasad,Vinutha Rao,2,6
20511,Bhavana Rao,Shivakumar Nayak,2,0
20514,Deepak Kulkarni,Shivakumar Prasad,2,0
20516,Girish Reddy,Nagaraj Gowda,2,0
20517,Nagaraj Reddy,Rekha Kumar,2,7
20522,Bhavana Prasad,Pooja Patil,2,3
20525,Chetan Rao,Lakshmi Shetty,2,0
20526,Joseph Shetty,Lakshmi Shetty,2,4
20527,Nagaraj Patil,Suresh Kumar,2,2
20529,Joseph Shetty,Manjunath Naik,2,4
20533,Imran Prasad,Joseph Shetty,2,4
20538,Girish Hegde,Suresh Hegde,2,4
20543,Manjunath Kumar,Ravi Desai,2,3
20548,Chetan Desai,Manjunath Kulkarni,2,0
20549,Anitha Prasad,Imran Reddy,2,0
20552,Anitha Prasad,Suresh Reddy,2,0
20557,Girish Nayak,Mary Rao,2,0
20560,Bhavana Shetty,Yashwanth Prasad,2,0
20564,Kiran Nayak,Vinutha Gowda,2,0
20565,Basavaraj Naik,Vinutha Gowda,2,0
20568,Joseph Hegde,Mary Iyengar,2,7
20570,Mary Iyengar,Pooja Kulkarni,2,0
20571,Fatima Murthy,Joseph Hegde,2,7
20573,Ashwini Prasad,Pooja Hegde,2,0
20577,Ashwini Kumar,Lakshmi Kulkarni,2,0
20579,Kiran Gowda,Lakshmi Patil,2,0
20580,Kiran Gowda,Pooja Shetty,2,6
20582,Ashwini Reddy,Suresh Kumar,2,0
20583,Ashwini Reddy,Ravi Gowda,2,3
20586,Basavaraj Gowda,Vinutha Desai,2,0
20588,Basavaraj Bhat,Ravi Murthy,2,2
20594,Basavaraj Hegde,Yashwanth Desai,2,0
20595,Chetan Kulkarni,Lakshmi Kulkarni,2,0
20597,Lakshmi Kulkarni,Lakshmi Reddy,2,8
20598,Basavaraj Hegde,Lakshmi Kulkarni,2,0
20600,Anitha Gowda,Shivakumar Rao,2,0
20601,Bhavana Patil,Shivakumar Rao,2,0
20603,Ashwini Bhat,Shivakumar Rao,2,0
20612,Ashwini Reddy,Pooja Hegde,2,0
20617,Chetan Gowda,Shivakumar Iyengar,2,0
20618,Basavaraj Naik,Chetan Gowda,2,0
20620,Basavaraj Naik,Kiran Patil,2,0
20623,Joseph Iyengar,Lakshmi Hegde,2,6
20627,Nagaraj Gowda,Ravi Gowda,2,3
20631,Fatima Desai,Ravi Rao,2,0
20634,Chetan Bhat,Yashwanth Patil,2,0
20635,Anitha Bhat,Girish Reddy,2,7
20642,Anitha Kumar,Fatima Desai,2,0
20643,Anitha Desai,Manjunath Desai,2,8
20645,Fatima Shetty,Manjunath Desai,2,7
20647,Deepak Rao,Imran Shetty,2,7
20662,Girish Shetty,Vinutha Shetty,2,0
20665,Joseph Iyengar,Mary Naik,2,6
20667,Mary Naik,Prakash Rao,2,7
20670,Lakshmi Iyengar,Prakash Desai,2,0
20672,Kiran Kulkarni,Rekha Kulkarni,2,5
20677,Nagaraj Kumar,Shivakumar Shetty,2,8
20678,Bhavana Naik,Shivakumar Shetty,2,3
20683,Joseph Kulkarni,Nagaraj Bhat,2,3
20685,Girish Patil,Vinutha Patil,2,2
20690,Mary Rao,Vinutha Murthy,2,0
20692,Bhavana Rao,Imran Shetty,2,0
20693,Bhavana Rao,Vinutha Murthy,2,0
20694,Basavaraj Shetty,Bhavana Rao,2,0
20697,Basavaraj Shetty,Vinutha Murthy,2,0
20698,Basavaraj Murthy,Rekha Nayak,2,8
20699,Basavaraj Murthy,Prakash Kumar,2,0
20701,Girish Iyengar,Rekha Kumar,2,0
20702,Manjunath Kumar,Rekha Kumar,2,3
20704,Girish Murthy,Lakshmi Iyengar,2,0
20705,Anitha Naik,Girish Murthy,2,0
20707,Kiran Gowda,Lakshmi Kumar,2,4
20708,Basavaraj Nayak,Girish Gowda,2,6
20709,Anitha Nayak,Suresh Bhat,2,7
20721,Mary Nayak,Yashwanth Desai,2,0
20722,Ashwini Nayak,Prakash Kumar,2,0
20726,Joseph Kulkarni,Rekha Gowda,2,0
20727,Mary Bhat,Suresh Nayak,2,0
20728,Shivakumar Shetty,Suresh Nayak,2,8
20739,Chetan Iyengar,Suresh Bhat,2,7
20742,Chetan Iyengar,Girish Kumar,2,0
20744,Deepak Hegde,Kiran Hegde,2,3
20746,Ashwini Shetty,Chetan Bhat,2,0
20748,Basavaraj Gowda,Prakash Naik,2,2
20757,Manjunath Reddy,Pooja Nayak,2,0
20760,Anitha Kumar,Shivakumar Iyengar,2,0
20763,Deepak Kulkarni,Prakash Naik,2,2
20765,Joseph Rao,Lakshmi Iyengar,2,0
20772,Basavaraj Patil,Bhavana Prasad,2,2
20775,Joseph Desai,Manjunath Naik,2,0
20781,Ashwini Desai,Fatima Kumar,2,0
20784,Anitha Kulkarni,Shivakumar Prasad,2,0
20785,Manjunath Shetty,Shivakumar Kulkarni,2,4
20789,Ravi Gowda,Vinutha Prasad,2,3
20790,Lakshmi Rao,Yashwanth Murthy,2,7
20795,Manjunath Gowda,Shivakumar Gowda,2,3
20796,Manjunath Gowda,Manjunath Murthy,2,0
20797,Joseph Desai,Shivakumar Gowda,2,3
20800,Deepak Iyengar,Pooja Desai,2,3
20802,Nagaraj Iyengar,Pooja Desai,2,0
20803,Deepak Iyengar,Fatima Naik,2,3
20804,Deepak Iyengar,Nagaraj Iyengar,2,3
20812,Anitha Gowda,Manjunath Hegde,2,0
20816,Manjunath Prasad,Ravi Bhat,2,0
20818,Basavaraj Reddy,Deepak Reddy,2,0
20820,Chetan Prasad,Deepak Bhat,2,6
20831,Joseph Kulkarni,Manjunath Iyengar,2,0
20834,Joseph Nayak,Ravi Naik,2,7
20835,Girish Prasad,Suresh Prasad,2,0
20840,Ashwini Shetty,Fatima Iyengar,2,1
20843,Basavaraj Naik,Yashwanth Hegde,2,0
20857,Basavaraj Gowda,Joseph Gowda,2,0
20862,Rekha Desai,Suresh Bhat,2,7
20874,Lakshmi Shetty,Manjunath Murthy,2,0
20876,Joseph Nayak,Prakash Hegde,2,0
20880,Fatima Rao,Nagaraj Prasad,2,0
20882,Nagaraj Shetty,Vinutha Gowda,2,0
20888,Ashwini Gowda,Pooja Shetty,2,6
20891,Lakshmi Patil,Mary Gowda,2,0
20894,Basavaraj Naik,Imran Reddy,2,0
20897,Ashwini Kulkarni,Lakshmi Nayak,2,1
20899,Chetan Desai,Lakshmi Kumar,2,4
20901,Ashwini Murthy,Yashwanth Bhat,2,3
20907,Mary Gowda,Shivakumar Kumar,2,0
20912,Shivakumar Patil,Vinutha Rao,2,0
20913,Pooja Prasad,Shivakumar Patil,2,0
20914,Ravi Desai,Suresh Hegde,2,0
20918,Bhavana Kulkarni,Pooja Gowda,2,3
20919,Manjunath Reddy,Nagaraj Patil,2,2
20922,Girish Patil,Ravi Patil,2,0
20924,Pooja Kulkarni,Vinutha Desai,2,0
20925,Shivakumar Kulkarni,Vinutha Nayak,2,0
20927,Vinutha Bhat,Yashwanth Shetty,2,0
20929,Anitha Iyengar,Mary Gowda,2,0
20936,Basavaraj Desai,Joseph Desai,2,0
20938,Rekha Reddy,Suresh Patil,2,0
20942,Manjunath Shetty,Yashwanth Naik,2,4
20943,Bhavana Desai,Ravi Iyengar,2,5
20948,Suresh Naik,Yashwanth Shetty,2,0
20957,Mary Reddy,Rekha Bhat,2,5
20958,Basavaraj Naik,Mary Patil,2,0
20959,Basavaraj Naik,Pooja Patil,2,0
20963,Rekha Prasad,Vinutha Nayak,2,0
20966,Anitha Desai,Vinutha Naik,2,0
20968,Anitha Desai,Anitha Kumar,2,0
20971,Anitha Shetty,Suresh Rao,2,0
20972,Ravi Patil,Rekha Gowda,2,0
20974,Rekha Gowda,Vinutha Gowda,2,0
20975,Rekha Gowda,Shivakumar Desai,2,4
20982,Prakash Rao,Suresh Shetty,2,0
20984,Ashwini Shetty,Pooja Rao,2,7
20987,Fatima Shetty,Suresh Hegde,2,7
20991,Fatima Murthy,Joseph Kumar,2,2
20992,Prakash Prasad,Yashwanth Naik,2,0
20993,Joseph Kumar,Prakash Prasad,2,2
20995,Joseph Kumar,Lakshmi Kumar,2,2
21000,Fatima Rao,Pooja Kumar,2,8
21001,Deepak Shetty,Manjunath Hegde,2,0
21011,Bhavana Naik,Deepak Iyengar,2,3
21015,Joseph Kumar,Yashwanth Hegde,2,2
21022,Imran Nayak,Vinutha Reddy,2,0
21023,Fatima Gowda,Vinutha Reddy,2,1
21024,Vinutha Gowda,Vinutha Reddy,2,0
21025,Nagaraj Bhat,Nagaraj Gowda,2,3
21027,Lakshmi Shetty,Nagaraj Gowda,2,0
21028,Manjunath Reddy,Nagaraj Bhat,2,3
21029,Lakshmi Shetty,Manjunath Reddy,2,0
21031,Kiran Prasad,Kiran Rao,2,0
21035,Deepak Rao,Pooja Kulkarni,2,7
21038,Basavaraj Patil,Prakash Kulkarni,2,2
21044,Basavaraj Naik,Bhavana Reddy,2,0
21045,Basavaraj Desai,Bhavana Reddy,2,0
21048,Kiran Reddy,Yashwanth Hegde,2,7
21054,Basavaraj Iyengar,Imran Prasad,2,3
21056,Basavaraj Iyengar,Kiran Naik,2,3
21060,Pooja Bhat,Yashwanth Prasad,2,5
21061,Imran Reddy,Yashwanth Prasad,2,0
21067,Imran Reddy,Rekha Prasad,2,0
21070,Basavaraj Prasad,Chetan Patil,2,4
21071,Mary Reddy,Vinutha Rao,2,5
21073,Kiran Desai,Ravi Reddy,2,1
21075,Joseph Patil,Mary Prasad,2,3
21080,Chetan Prasad,Yashwanth Hegde,2,6
21085,Ashwini Kulkarni,Ravi Murthy,2,0
21092,Basavaraj Rao,Manjunath Prasad,2,0
21096,Fatima Rao,Yashwanth Hegde,2,0
21097,Manjunath Kumar,Ravi Reddy,2,3
21100,Suresh Murthy,Yashwanth Desai,2,0
21101,Pooja Reddy,Yashwanth Desai,2,0
21103,Suresh Hegde,Vinutha Desai,2,0
21108,Ashwini Gowda,Bhavana Prasad,2,3
21112,Lakshmi Kumar,Nagaraj Desai,2,4
21114,Pooja Kumar,Rekha Murthy,2,8
21121,Pooja Desai,Pooja Kumar,2,8
21127,Anitha Desai,Girish Hegde,2,4
21129,Imran Bhat,Vinutha Desai,2,0
21131,Shivakumar Kumar,Vinutha Desai,2,0
21132,Bhavana Reddy,Deepak Patil,2,2
21133,Deepak Patil,Yashwanth Nayak,2,2
21135,Ashwini Reddy,Nagaraj Iyengar,2,0
21137,Imran Bhat,Prakash Murthy,2,0
21140,Mary Gowda,Vinutha Prasad,2,0
21141,Girish Bhat,Suresh Bhat,2,6
21144,Manjunath Shetty,Yashwanth Iyengar,2,4
21146,Chetan Iyengar,Nagaraj Kulkarni,2,4
21148,Chetan Iyengar,Deepak Gowda,2,0
21150,Kiran Nayak,Lakshmi Hegde,2,1
21151,Lakshmi Prasad,Suresh Gowda,2,0
21152,Ashwini Kumar,Prakash Hegde,2,0
21154,Lakshmi Murthy,Lakshmi Nayak,2,1
21155,Joseph Iyengar,Lakshmi Nayak,2,6
21156,Joseph Iyengar,Lakshmi Murthy,2,6
21157,Basavaraj Hegde,Imran Prasad,2,0
21163,Ashwini Prasad,Chetan Murthy,2,0
21165,Lakshmi Iyengar,Yashwanth Kumar,2,0
21167,Bhavana Kumar,Manjunath Reddy,2,0
21168,Bhavana Kumar,Manjunath Desai,2,8
21171,Bhavana Bhat,Shivakumar Gowda,2,3
21172,Nagaraj Murthy,Shivakumar Gowda,2,3
21174,Anitha Bhat,Vinutha Nayak,2,7
21180,Joseph Bhat,Manjunath Patil,2,0
21183,Kiran Prasad,Lakshmi Prasad,2,0
21184,Fatima Iyengar,Pooja Rao,2,1
21186,Bhavana Patil,Suresh Bhat,2,7
21189,Imran Hegde,Suresh Hegde,2,0
21190,Suresh Hegde,Vinutha Patil,2,2
21192,Imran Rao,Rekha Desai,2,8
21193,Anitha Reddy,Rekha Desai,2,0
21194,Anitha Reddy,Imran Rao,2,8
21195,Ravi Desai,Ravi Kumar,2,0
21196,Pooja Bhat,Ravi Desai,2,5
21199,Anitha Kumar,Vinutha Patil,2,2
21202,Pooja Prasad,Shivakumar Prasad,2,0
21206,Prakash Iyengar,Ravi Kumar,2,5
21208,Girish Hegde,Suresh Rao,2,4
21216,Basavaraj Prasad,Girish Nayak,2,0
21221,Imran Gowda,Mary Bhat,2,0
21222,Fatima Kulkarni,Mary Bhat,2,3
21226,Manjunath Shetty,Rekha Shetty,2,4
21227,Basavaraj Nayak,Prakash Iyengar,2,5
21228,Deepak Kulkarni,Imran Kumar,2,0
21229,Anitha Naik,Imran Bhat,2,0
21232,Nagaraj Hegde,Rekha Murthy,2,7
21233,Girish Hegde,Imran Iyengar,2,4
21234,Anitha Iyengar,Girish Hegde,2,4
21239,Rekha Reddy,Yashwanth Naik,2,0
21240,Chetan Naik,Manjunath Rao,2,0
21242,Anitha Prasad,Nagaraj Prasad,2,0
21249,Lakshmi Iyengar,Suresh Reddy,2,0
21251,Imran Bhat,Joseph Murthy,2,0
21264,Ashwini Iyengar,Suresh Desai,2,4
21269,Chetan Hegde,Suresh Desai,2,0
21271,Basavaraj Iyengar,Chetan Hegde,2,3
21275,Anitha Murthy,Pooja Patil,2,0
21277,Imran Naik,Pooja Naik,2,0
21285,Ashwini Gowda,Rekha Iyengar,2,4
21288,Manjunath Iyengar,Manjunath Murthy,2,0
21289,Manjunath Iyengar,Nagaraj Desai,2,0
21290,Manjunath Murthy,Nagaraj Desai,2,0
21291,Bhavana Hegde,Pooja Murthy,2,0
21295,Kiran Desai,Shivakumar Rao,2,0
21297,Fatima Bhat,Nagaraj Nayak,2,0
21305,Fatima Murthy,Suresh Prasad,2,0
21307,Lakshmi Reddy,Shivakumar Hegde,2,8
21314,Basavaraj Prasad,Vinutha Naik,2,0
21319,Kiran Hegde,Rekha Prasad,2,3
21321,Rekha Prasad,Yashwanth Shetty,2,0
21322,Anitha Gowda,Prakash Kumar,2,0
21329,Bhavana Hegde,Bhavana Kulkarni,2,0
21337,Ashwini Kulkarni,Kiran Iyengar,2,0
21338,Imran Rao,Kiran Hegde,2,8
21339,Kiran Hegde,Nagaraj Rao,2,3
21345,Chetan Naik,Imran Patil,2,0
21350,Lakshmi Hegde,Manjunath Patil,2,1
21351,Manjunath Patil,Suresh Murthy,2,0
21352,Anitha Desai,Imran Desai,2,8
21353,Anitha Desai,Kiran Murthy,2,8
21356,Basavaraj Gowda,Prakash Prasad,2,0
21358,Chetan Iyengar,Joseph Rao,2,0
21359,Mary Iyengar,Nagaraj Desai,2,0
21365,Chetan Kumar,Pooja Desai,2,0
21366,Chetan Desai,Deepak Nayak,2,0
21367,Shivakumar Gowda,Yashwanth Patil,2,3
21370,Ashwini Desai,Pooja Gowda,2,3
21371,Deepak Gowda,Manjunath Gowda,2,0
21374,Basavaraj Bhat,Pooja Prasad,2,2
21376,Basavaraj Gowda,Rekha Desai,2,0
21383,Girish Iyengar,Mary Shetty,2,0
21387,Anitha Murthy,Shivakumar Prasad,2,0
21390,Anitha Nayak,Ashwini Kumar,2,0
21391,Anitha Nayak,Ravi Patil,2,0
21392,Kiran Shetty,Manjunath Patil,2,0
21393,Bhavana Nayak,Kiran Shetty,2,2
21394,Mary Shetty,Vinutha Naik,2,0
21396,Basavaraj Naik,Girish Reddy,2,0
21397,Girish Reddy,Manjunath Kumar,2,3
21398,Deepak Naik,Prakash Gowda,2,0
21399,Manjunath Desai,Ravi Kumar,2,8
21400,Kiran Prasad,Ravi Patil,2,0
21402,Kiran Hegde,Nagaraj Bhat,2,3
21404,Basavaraj Reddy,Kiran Shetty,2,0
21405,Anitha Naik,Vinutha Shetty,2,0
21407,Anitha Naik,Deepak Shetty,2,0
21409,Imran Reddy,Manjunath Kulkarni,2,0
21415,Manjunath Patil,Ravi Murthy,2,0
21417,Pooja Desai,Shivakumar Gowda,2,3
21424,Mary Gowda,Yashwanth Kulkarni,2,0
21426,Pooja Murthy,Yashwanth Gowda,2,0
21430,Lakshmi Naik,Pooja Murthy,2,0
21434,Fatima Nayak,Vinutha Gowda,2,0
21439,Joseph Bhat,Rekha Kulkarni,2,0
21442,Lakshmi Hegde,Pooja Hegde,2,1
21447,Rekha Iyengar,Rekha Shetty,2,4
21452,Prakash Rao,Ravi Kumar,2,0
21456,Ravi Kulkarni,Yashwanth Desai,2,0
21457,Ashwini Gowda,Yashwanth Desai,2,0
21459,Ashwini Gowda,Ravi Kulkarni,2,0
21462,Kiran Kulkarni,Shivakumar Patil,2,5
21466,Lakshmi Shetty,Yashwanth Kulkarni,2,0
21469,Basavaraj Desai,Yashwanth Kulkarni,2,0
21474,Joseph Murthy,Yashwanth Iyengar,2,7
21476,Anitha Prasad,Nagaraj Naik,2,0
21490,Anitha Gowda,Pooja Patil,2,0
21492,Ravi Hegde,Yashwanth Hegde,2,0
21499,Fatima Murthy,Ravi Gowda,2,3
21501,Prakash Naik,Rekha Kumar,2,2
21502,Rekha Kumar,Vinutha Shetty,2,0
21503,Chetan Reddy,Imran Murthy,2,1
21504,Chetan Kulkarni,Chetan Reddy,2,1
21505,Imran Patil,Shivakumar Kumar,2,0
21506,Imran Patil,Shivakumar Naik,2,5
21507,Anitha Reddy,Imran Patil,2,0
21508,Anitha Reddy,Shivakumar Naik,2,5
21509,Joseph Rao,Vinutha Patil,2,2
21510,Deepak Kulkarni,Deepak Rao,2,7
21511,Chetan Shetty,Deepak Rao,2,7
21513,Fatima Bhat,Girish Patil,2,0
21515,Ashwini Desai,Fatima Rao,2,0
21518,Imran Shetty,Shivakumar Shetty,2,8
21521,Chetan Shetty,Vinutha Bhat,2,0
21526,Bhavana Rao,Rekha Prasad,2,0
21527,Bhavana Rao,Chetan Prasad,2,6
21529,Basavaraj Rao,Pooja Nayak,2,0
21534,Prakash Shetty,Ravi Rao,2,0
21537,Deepak Kulkarni,Manjunath Reddy,2,0
21539,Anitha Nayak,Shivakumar Reddy,2,0
21543,Anitha Shetty,Prakash Shetty,2,0
21546,Shivakumar Bhat,Yashwanth Bhat,2,3
21549,Imran Bhat,Manjunath Shetty,2,4
21552,Anitha Naik,Suresh Patil,2,0
21555,Chetan Iyengar,Imran Murthy,2,0
21559,Ravi Hegde,Yashwanth Kumar,2,0
21561,Ashwini Kumar,Lakshmi Bhat,2,0
21565,Girish Gowda,Kiran Naik,2,6
21568,Girish Gowda,Rekha Kumar,2,6
21572,Bhavana Desai,Pooja Kulkarni,2,5
21580,Anitha Iyengar,Pooja Reddy,2,0
21585,Anitha Reddy,Rekha Hegde,2,0
21589,Bhavana Kumar,Deepak Gowda,2,0
21595,Anitha Iyengar,Rekha Murthy,2,7
21596,Fatima Reddy,Shivakumar Shetty,2,8
21597,Fatima Reddy,Rekha Kumar,2,0
21598,Deepak Bhat,Kiran Kumar,2,0
21601,Fatima Prasad,Lakshmi Kumar,2,4
21603,Prakash Rao,Yashwanth Rao,2,0
21604,Basavaraj Reddy,Girish Gowda,2,6
21606,Lakshmi Reddy,Shivakumar Patil,2,8
21608,Manjunath Desai,Nagaraj Murthy,2,8
21613,Shivakumar Kumar,Yashwanth Kulkarni,2,0
21614,Mary Nayak,Shivakumar Bhat,2,0
21615,Joseph Naik,Yashwanth Shetty,2,5
21618,Deepak Patil,Girish Nayak,2,2
21620,Girish Shetty,Joseph Shetty,2,4
21623,Kiran Kulkarni,Vinutha Rao,2,5
21632,Basavaraj Shetty,Joseph Rao,2,0
21633,Imran Nayak,Joseph Rao,2,0
21634,Rekha Rao,Shivakumar Kumar,2,0
21637,Lakshmi Patil,Prakash Hegde,2,0
21639,Basavaraj Bhat,Yashwanth Gowda,2,2
21641,Basavaraj Bhat,Lakshmi Patil,2,2
21642,Ashwini Kulkarni,Basavaraj Rao,2,0
21644,Ashwini Kulkarni,Suresh Nayak,2,0
21646,Fatima Murthy,Mary Shetty,2,0
21649,Imran Prasad,Mary Shetty,2,0
21650,Imran Kumar,Imran Prasad,2,0
21651,Lakshmi Bhat,Vinutha Bhat,2,0
21656,Bhavana Kulkarni,Imran Naik,2,0
21660,Joseph Kumar,Suresh Hegde,2,2
21666,Mary Gowda,Mary Hegde,2,5
21667,Girish Shetty,Prakash Shetty,2,0
21671,Basavaraj Nayak,Yashwanth Rao,2,0
21693,Ashwini Patil,Deepak Patil,2,2
21703,Chetan Reddy,Prakash Hegde,2,1
21704,Anitha Patil,Yashwanth Rao,2,0
21715,Ravi Desai,Yashwanth Shetty,2,0
21717,Anitha Nayak,Manjunath Gowda,2,0
21718,Anitha Nayak,Ravi Murthy,2,0
21719,Imran Reddy,Yashwanth Naik,2,0
21722,Prakash Patil,Yashwanth Desai,2,0
21723,Vinutha Kumar,Yashwanth Desai,2,0
21730,Joseph Shetty,Ravi Reddy,2,4
21731,Joseph Shetty,Shivakumar Murthy,2,4
21737,Fatima Gowda,Lakshmi Shetty,2,1
21738,Chetan Naik,Girish Shetty,2,0
21743,Prakash Reddy,Rekha Nayak,2,8
21745,Basavaraj Prasad,Ravi Iyengar,2,0
21750,Mary Gowda,Prakash Hegde,2,0
21756,Kiran Reddy,Prakash Desai,2,7
21760,Prakash Kumar,Shivakumar Bhat,2,0
21764,Ashwini Kumar,Mary Desai,2,0
21767,Mary Kulkarni,Rekha Naik,2,0
21769,Basavaraj Reddy,Shivakumar Rao,2,0
21771,Kiran Iyengar,Pooja Rao,2,7
21774,Joseph Rao,Prakash Shetty,2,0
21780,Basavaraj Naik,Prakash Patil,2,0
21782,Rekha Rao,Vinutha Patil,2,2
21783,Rekha Rao,Shivakumar Prasad,2,0
21784,Anitha Rao,Imran Murthy,2,4
21787,Imran Murthy,Mary Gowda,2,0
21789,Joseph Kulkarni,Kiran Naik,2,0
21792,Prakash Shetty,Shivakumar Nayak,2,0
21797,Girish Naik,Girish Reddy,2,0
21800,Joseph Reddy,Lakshmi Nayak,2,2
21801,Ashwini Shetty,Kiran Murthy,2,8
21802,Kiran Murthy,Prakash Hegde,2,8
21803,Anitha Naik,Lakshmi Prasad,2,0
21808,Kiran Gowda,Kiran Naik,2,0
21811,Kiran Rao,Rekha Naik,2,0
21812,Bhavana Naik,Kiran Rao,2,3
21819,Mary Shetty,Shivakumar Shetty,2,8
21824,Imran Iyengar,Suresh Reddy,2,0
21825,Girish Murthy,Mary Desai,2,0
21827,Anitha Kulkarni,Shivakumar Reddy,2,0
21828,Ravi Iyengar,Shivakumar Reddy,2,0
21830,Anitha Kulkarni,Ravi Iyengar,2,0
21832,Ravi Iyengar,Ravi Prasad,2,0
21837,Fatima Kulkarni,Ravi Bhat,2,3
21843,Anitha Nayak,Fatima Patil,2,0
21844,Manjunath Iyengar,Pooja Prasad,2,0
21845,Ashwini Nayak,Rekha Kulkarni,2,0
21846,Pooja Nayak,Shivakumar Hegde,2,1
21848,Fatima Prasad,Yashwanth Hegde,2,0
21851,Anitha Murthy,Chetan Hegde,2,0
21852,Basavaraj Shetty,Suresh Hegde,2,0
21854,Kiran Iyengar,Suresh Hegde,2,0
21855,Kiran Iyengar,Nagaraj Desai,2,0
21856,Suresh Nayak,Suresh Patil,2,0
21857,Anitha Kulkarni,Prakash Hegde,2,0
21858,Girish Desai,Kiran Kumar,2,0
21859,Girish Iyengar,Kiran Gowda,2,0
21860,Basavaraj Shetty,Girish Iyengar,2,0
21861,Manjunath Patil,Pooja Reddy,2,0
21870,Manjunath Kulkarni,Ravi Nayak,2,1
21873,Imran Nayak,Pooja Murthy,2,0
21874,Basavaraj Gowda,Imran Nayak,2,0
21880,Fatima Shetty,Girish Iyengar,2,7
21881,Bhavana Gowda,Joseph Kumar,2,1
21884,Vinutha Desai,Yashwanth Nayak,2,0
21885,Rekha Gowda,Vinutha Desai,2,0
21886,Manjunath Kumar,Rekha Gowda,2,3
21890,Basavaraj Naik,Girish Kumar,2,0
21892,Nagaraj Patil,Pooja Nayak,2,2
21895,Basavaraj Kulkarni,Joseph Kumar,2,2
21898,Bhavana Rao,Manjunath Murthy,2,0
21901,Manjunath Desai,Suresh Murthy,2,8
21902,Girish Desai,Manjunath Desai,2,8
21905,Bhavana Iyengar,Pooja Iyengar,2,5
21910,Kiran Gowda,Lakshmi Prasad,2,0
21913,Fatima Kumar,Joseph Patil,2,3
21916,Manjunath Patil,Mary Prasad,2,0
21917,Joseph Patil,Manjunath Patil,2,3
21918,Nagaraj Kulkarni,Yashwanth Patil,2,4
21923,Bhavana Gowda,Bhavana Murthy,2,1
21925,Bhavana Gowda,Ravi Hegde,2,1
21935,Girish Patil,Lakshmi Iyengar,2,0
21939,Ravi Reddy,Shivakumar Rao,2,1
21945,Anitha Patil,Imran Rao,2,8
21949,Kiran Desai,Prakash Iyengar,2,5
21950,Basavaraj Kumar,Bhavana Gowda,2,1
21953,Pooja Shetty,Rekha Bhat,2,6
21956,Chetan Murthy,Kiran Kumar,2,0
21958,Girish Gowda,Kiran Prasad,2,6
21961,Chetan Shetty,Mary Kulkarni,2,0
21964,Mary Kulkarni,Prakash Murthy,2,0
21966,Chetan Bhat,Prakash Murthy,2,0
21967,Basavaraj Bhat,Yashwanth Bhat,2,2
21970,Deepak Patil,Mary Murthy,2,2
21973,Imran Naik,Kiran Murthy,2,8
21976,Nagaraj Nayak,Yashwanth Kumar,2,0
21979,Basavaraj Naik,Deepak Rao,2,7
21980,Ashwini Bhat,Deepak Desai,2,0
21984,Basavaraj Nayak,Vinutha Gowda,2,0
21987,Anitha Murthy,Joseph Kumar,2,2
21988,Lakshmi Reddy,Nagaraj Nayak,2,8
21994,Joseph Reddy,Ravi Murthy,2,2
21995,Manjunath Kulkarni,Suresh Gowda,2,0
21997,Prakash Nayak,Suresh Gowda,2,0
22003,Chetan Shetty,Mary Kumar,2,0
22006,Mary Naik,Yashwanth Reddy,2,7
22008,Bhavana Bhat,Imran Murthy,2,0
22014,Chetan Kulkarni,Yashwanth Hegde,2,0
22017,Basavaraj Bhat,Shivakumar Gowda,2,2
22018,Girish Patil,Yashwanth Kulkarni,2,0
22019,Ashwini Rao,Ravi Naik,2,7
22022,Chetan Bhat,Suresh Reddy,2,0
22023,Joseph Gowda,Vinutha Rao,2,0
22024,Girish Bhat,Joseph Gowda,2,6
22027,Anitha Bhat,Fatima Patil,2,7
22028,Girish Kumar,Lakshmi Patil,2,0
22030,Prakash Patil,Yashwanth Nayak,2,0
22036,Anitha Shetty,Joseph Naik,2,5
22038,Nagaraj Patil,Ravi Rao,2,2
22040,Nagaraj Patil,Suresh Bhat,2,2
22044,Anitha Shetty,Imran Naik,2,0
22045,Lakshmi Iyengar,Manjunath Bhat,2,0
22046,Lakshmi Iyengar,Shivakumar Reddy,2,0
22049,Fatima Reddy,Lakshmi Hegde,2,1
22053,Deepak Murthy,Lakshmi Nayak,2,1
22054,Deepak Murthy,Yashwanth Murthy,2,6
22055,Ashwini Shetty,Yashwanth Iyengar,2,7
22062,Ashwini Kulkarni,Prakash Reddy,2,0
22063,Manjunath Patil,Mary Iyengar,2,0
22066,Ashwini Reddy,Bhavana Kulkarni,2,0
22069,Deepak Gowda,Girish Bhat,2,6
22072,Ashwini Naik,Imran Nayak,2,5
22080,Basavaraj Reddy,Lakshmi Shetty,2,0
22084,Joseph Murthy,Shivakumar Prasad,2,0
22085,Ashwini Desai,Mary Bhat,2,0
22086,Anitha Murthy,Joseph Nayak,2,0
22087,Anitha Kumar,Rekha Reddy,2,0
22089,Prakash Kumar,Yashwanth Kumar,2,0
22095,Fatima Shetty,Mary Rao,2,7
22096,Ashwini Kulkarni,Fatima Shetty,2,7
22097,Fatima Shetty,Vinutha Prasad,2,7
22102,Girish Patil,Rekha Rao,2,0
22104,Kiran Hegde,Kiran Shetty,2,3
22107,Yashwanth Naik,Yashwanth Prasad,2,0
22112,Mary Iyengar,Shivakumar Bhat,2,0
22119,Deepak Iyengar,Manjunath Reddy,2,3
22123,Joseph Shetty,Rekha Rao,2,4
22124,Basavaraj Reddy,Suresh Desai,2,0
22128,Mary Naik,Vinutha Hegde,2,7
22130,Kiran Naik,Kiran Rao,2,0
22131,Imran Kulkarni,Manjunath Shetty,2,4
22132,Pooja Naik,Shivakumar Nayak,2,0
22134,Fatima Kulkarni,Yashwanth Bhat,2,3
22144,Lakshmi Desai,Vinutha Naik,2,0
22145,Shivakumar Shetty,Vinutha Iyengar,2,8
22146,Mary Naik,Rekha Shetty,2,7
22151,Manjunath Murthy,Yashwanth Bhat,2,3
22153,Ashwini Patil,Ravi Desai,2,0
22155,Basavaraj Murthy,Girish Naik,2,0
22156,Basavaraj Reddy,Vinutha Desai,2,0
22157,Ravi Rao,Vinutha Desai,2,0
22161,Kiran Hegde,Prakash Gowda,2,3
22163,Bhavana Hegde,Fatima Desai,2,0
22170,Joseph Iyengar,Shivakumar Murthy,2,6
22175,Anitha Kulkarni,Basavaraj Bhat,2,2
22176,Basavaraj Iyengar,Suresh Shetty,2,3
22179,Pooja Naik,Vinutha Reddy,2,0
22185,Suresh Prasad,Suresh Rao,2,0
22190,Shivakumar Desai,Vinutha Desai,2,4
22191,Chetan Reddy,Kiran Gowda,2,1
22192,Basavaraj Rao,Manjunath Reddy,2,0
22195,Imran Reddy,Lakshmi Nayak,2,1
22196,Ashwini Bhat,Imran Reddy,2,0
22202,Ravi Prasad,Shivakumar Prasad,2,0
22208,Basavaraj Hegde,Prakash Reddy,2,0
22211,Rekha Kumar,Vinutha Patil,2,2
22212,Deepak Rao,Pooja Kumar,2,7
22213,Ashwini Patil,Deepak Rao,2,7
22216,Bhavana Naik,Kiran Nayak,2,3
22217,Anitha Prasad,Mary Desai,2,0
22218,Basavaraj Nayak,Mary Desai,2,0
22219,Anitha Prasad,Kiran Kumar,2,0
22221,Basavaraj Nayak,Rekha Hegde,2,0
22223,Ashwini Reddy,Lakshmi Prasad,2,0
22231,Lakshmi Kulkarni,Rekha Nayak,2,8
22232,Imran Patil,Lakshmi Kulkarni,2,0
22238,Mary Naik,Yashwanth Murthy,2,7
22240,Chetan Naik,Fatima Naik,2,0
22242,Mary Reddy,Vinutha Nayak,2,5
22248,Girish Rao,Lakshmi Nayak,2,1
22250,Girish Murthy,Lakshmi Kulkarni,2,0
22252,Mary Gowda,Nagaraj Kulkarni,2,4
22254,Basavaraj Hegde,Basavaraj Naik,2,0
22259,Lakshmi Shetty,Rekha Gowda,2,0
22262,Deepak Shetty,Lakshmi Prasad,2,0
22264,Ashwini Iyengar,Lakshmi Prasad,2,4
22267,Girish Iyengar,Joseph Patil,2,3
22269,Fatima Kulkarni,Mary Naik,2,3
22270,Pooja Desai,Shivakumar Murthy,2,0
22273,Lakshmi Prasad,Prakash Rao,2,0
22274,Deepak Patil,Lakshmi Prasad,2,2
22280,Girish Kulkarni,Girish Prasad,2,5
22286,Ashwini Naik,Suresh Murthy,2,5
22287,Chetan Desai,Lakshmi Murthy,2,0
22289,Ashwini Bhat,Manjunath Shetty,2,4
22292,Nagaraj Naik,Suresh Iyengar,2,0
22294,Fatima Kumar,Suresh Kumar,2,0
22296,Prakash Hegde,Shivakumar Murthy,2,0
22297,Ravi Prasad,Shivakumar Rao,2,0
22299,Bhavana Hegde,Nagaraj Patil,2,2
22300,Imran Patil,Suresh Bhat,2,7
22302,Anitha Kulkarni,Suresh Bhat,2,7
22304,Ashwini Kumar,Mary Hegde,2,5
22305,Bhavana Naik,Mary Hegde,2,3
22306,Lakshmi Gowda,Yashwanth Rao,2,0
22307,Fatima Kulkarni,Yashwanth Rao,2,3
22308,Imran Murthy,Ravi Desai,2,0
22313,Ashwini Naik,Girish Murthy,2,5
22316,Kiran Iyengar,Nagaraj Gowda,2,0
22317,Kiran Murthy,Nagaraj Gowda,2,8
22318,Basavaraj Reddy,Joseph Hegde,2,7
22325,Bhavana Rao,Girish Kulkarni,2,5
22328,Basavaraj Rao,Kiran Reddy,2,7
22329,Joseph Kumar,Shivakumar Kulkarni,2,2
22331,Girish Bhat,Rekha Murthy,2,6
22333,Girish Prasad,Pooja Murthy,2,0
22336,Ashwini Kulkarni,Chetan Bhat,2,0
22337,Prakash Gowda,Shivakumar Desai,2,4
22340,Nagaraj Murthy,Ravi Patil,2,0
22342,Basavaraj Hegde,Kiran Kumar,2,0
22351,Anitha Bhat,Deepak Nayak,2,7
22353,Anitha Bhat,Kiran Iyengar,2,7
22357,Girish Shetty,Yashwanth Hegde,2,0
22358,Ashwini Murthy,Deepak Hegde,2,0
22362,Anitha Prasad,Chetan Iyengar,2,0
22363,Ashwini Gowda,Prakash Patil,2,0
22368,Rekha Prasad,Shivakumar Rao,2,0
22369,Chetan Gowda,Rekha Prasad,2,0
22372,Bhavana Rao,Manjunath Kumar,2,3
22379,Mary Nayak,Pooja Shetty,2,6
22380,Lakshmi Kulkarni,Nagaraj Kumar,2,0
22382,Ashwini Hegde,Pooja Nayak,2,0
22383,Prakash Iyengar,Prakash Reddy,2,5
22390,Manjunath Kumar,Ravi Iyengar,2,3
22391,Basavaraj Kumar,Kiran Kumar,2,0
22396,Bhavana Iyengar,Joseph Kulkarni,2,0
22398,Bhavana Iyengar,Pooja Patil,2,0
22400,Joseph Kulkarni,Pooja Patil,2,0
22405,Joseph Reddy,Prakash Naik,2,2
22409,Basavaraj Reddy,Kiran Reddy,2,7
22411,Anitha Reddy,Joseph Patil,2,3
22414,Joseph Desai,Yashwanth Prasad,2,0
22415,Chetan Rao,Mary Desai,2,0
22419,Ravi Kumar,Yashwanth Kulkarni,2,0
22420,Kiran Iyengar,Manjunath Shetty,2,4
22425,Deepak Hegde,Lakshmi Prasad,2,0
22426,Basavaraj Rao,Vinutha Bhat,2,0
22430,Mary Reddy,Rekha Gowda,2,5
22434,Imran Hegde,Kiran Patil,2,0
22439,Kiran Reddy,Shivakumar Bhat,2,7
22444,Lakshmi Reddy,Yashwanth Kumar,2,8
22452,Fatima Shetty,Nagaraj Rao,2,7
22455,Nagaraj Rao,Prakash Naik,2,2
22458,Nagaraj Kulkarni,Rekha Gowda,2,4
22461,Girish Reddy,Suresh Shetty,2,0
22462,Girish Bhat,Imran Murthy,2,6
22464,Imran Murthy,Lakshmi Prasad,2,0
22469,Basavaraj Gowda,Nagaraj Prasad,2,0
22470,Fatima Kulkarni,Suresh Prasad,2,3
22471,Anitha Reddy,Suresh Prasad,2,0
22473,Chetan Bhat,Yashwanth Rao,2,0
22479,Mary Bhat,Yashwanth Naik,2,0
22482,Deepak Iyengar,Suresh Bhat,2,3
22483,Fatima Prasad,Nagaraj Prasad,2,0
22486,Girish Gowda,Joseph Patil,2,6
22487,Kiran Murthy,Yashwanth Prasad,2,8
22489,Joseph Patil,Yashwanth Prasad,2,3
22491,Bhavana Nayak,Rekha Nayak,2,2
22496,Ashwini Shetty,Ravi Gowda,2,3
22498,Fatima Kulkarni,Joseph Kulkarni,2,3
22501,Ravi Nayak,Vinutha Kumar,2,1
22503,Prakash Naik,Rekha Murthy,2,2
22504,Prakash Naik,Ravi Kumar,2,2
22505,Anitha Nayak,Chetan Iyengar,2,0
22510,Kiran Murthy,Vinutha Iyengar,2,8
22514,Fatima Prasad,Ravi Naik,2,7
22518,Basavaraj Bhat,Mary Kumar,2,2
22527,Ashwini Reddy,Ravi Kumar,2,0
22533,Kiran Patil,Nagaraj Kulkarni,2,4
22536,Joseph Desai,Prakash Gowda,2,0
22539,Prakash Reddy,Suresh Naik,2,0
22544,Bhavana Rao,Fatima Kumar,2,0
22561,Ashwini Rao,Shivakumar Prasad,2,0
22572,Mary Kulkarni,Prakash Kumar,2,0
22573,Kiran Bhat,Mary Kulkarni,2,0
22574,Girish Reddy,Mary Kulkarni,2,0
22576,Prakash Kumar,Shivakumar Kulkarni,2,0
22578,Kiran Bhat,Shivakumar Kulkarni,2,0
22581,Ashwini Shetty,Yashwanth Murthy,2,6
22585,Manjunath Gowda,Pooja Rao,2,7
22589,Bhavana Kumar,Ravi Murthy,2,0
22592,Prakash Gowda,Ravi Prasad,2,0
22596,Manjunath Bhat,Yashwanth Kumar,2,0
22607,Lakshmi Iyengar,Vinutha Reddy,2,0
22608,Deepak Naik,Nagaraj Kulkarni,2,4
22610,Nagaraj Nayak,Shivakumar Prasad,2,0
22611,Bhavana Patil,Kiran Bhat,2,0
22612,Chetan Desai,Rekha Gowda,2,0
22616,Ravi Iyengar,Rekha Kulkarni,2,0
22621,Joseph Bhat,Prakash Prasad,2,0
22623,Kiran Patil,Shivakumar Shetty,2,8
22625,Joseph Iyengar,Manjunath Nayak,2,6
22627,Basavaraj Prasad,Fatima Shetty,2,7
22630,Chetan Iyengar,Suresh Gowda,2,0
22632,Chetan Iyengar,Prakash Murthy,2,0
22635,Deepak Bhat,Manjunath Gowda,2,0
22644,Ashwini Desai,Basavaraj Kumar,2,0
22645,Anitha Hegde,Basavaraj Kumar,2,0
22646,Lakshmi Iyengar,Pooja Gowda,2,3
22651,Deepak Hegde,Girish Iyengar,2,0
22657,Basavaraj Gowda,Mary Iyengar,2,0
22658,Basavaraj Gowda,Lakshmi Murthy,2,0
22661,Anitha Naik,Yashwanth Patil,2,0
22663,Deepak Bhat,Lakshmi Patil,2,0
22668,Kiran Hegde,Ravi Shetty,2,3
22670,Fatima Rao,Joseph Gowda,2,0
22679,Imran Naik,Nagaraj Prasad,2,0
22681,Joseph Nayak,Kiran Shetty,2,0
22683,Ashwini Reddy,Yashwanth Kumar,2,0
22684,Lakshmi Patil,Ravi Reddy,2,1
22685,Deepak Patil,Shivakumar Desai,2,2
22688,Girish Shetty,Rekha Reddy,2,0
22693,Chetan Gowda,Girish Nayak,2,0
22701,Basavaraj Kumar,Lakshmi Patil,2,0
22703,Chetan Gowda,Imran Rao,2,8
22704,Ravi Naik,Vinutha Reddy,2,7
22708,Ravi Nayak,Vinutha Kulkarni,2,1
22709,Ravi Nayak,Shivakumar Kumar,2,1
22719,Rekha Naik,Vinutha Nayak,2,0
22721,Pooja Naik,Rekha Hegde,2,0
22722,Lakshmi Hegde,Pooja Naik,2,1
22724,Basavaraj Shetty,Bhavana Shetty,2,0
22725,Bhavana Shetty,Lakshmi Nayak,2,1
22726,Anitha Nayak,Imran Prasad,2,0
22729,Imran Rao,Ravi Iyengar,2,8
22730,Imran Rao,Lakshmi Gowda,2,8
22732,Deepak Murthy,Prakash Shetty,2,0
22733,Rekha Desai,Rekha Kulkarni,2,0
22734,Girish Prasad,Shivakumar Naik,2,5
22736,Basavaraj Gowda,Imran Bhat,2,0
22739,Girish Reddy,Ravi Gowda,2,3
22741,Kiran Rao,Yashwanth Kulkarni,2,0
22742,Imran Iyengar,Kiran Rao,2,0
22747,Ravi Iyengar,Rekha Reddy,2,0
22749,Anitha Reddy,Mary Shetty,2,0
22753,Bhavana Hegde,Girish Murthy,2,0
22754,Basavaraj Kulkarni,Lakshmi Shetty,2,0
22758,Imran Gowda,Mary Kumar,2,0
22761,Bhavana Rao,Suresh Hegde,2,0
22763,Manjunath Murthy,Vinutha Desai,2,0
22773,Basavaraj Desai,Deepak Murthy,2,0
22781,Ashwini Kumar,Deepak Patil,2,2
22784,Prakash Hegde,Vinutha Iyengar,2,0
22785,Anitha Kumar,Prakash Nayak,2,0
22792,Chetan Murthy,Manjunath Nayak,2,5
22796,Fatima Iyengar,Ravi Kulkarni,2,1
22800,Kiran Patil,Prakash Patil,2,0
22801,Imran Rao,Rekha Kumar,2,8
22803,Imran Rao,Prakash Kumar,2,8
22804,Nagaraj Patil,Rekha Kumar,2,2
22813,Joseph Gowda,Mary Bhat,2,0
22818,Ashwini Kulkarni,Rekha Gowda,2,0
22823,Joseph Kumar,Kiran Kumar,2,2
22824,Pooja Shetty,Shivakumar Patil,2,6
22826,Kiran Gowda,Nagaraj Rao,2,0
22830,Fatima Desai,Mary Murthy,2,8
22834,Manjunath Kulkarni,Mary Naik,2,7
22836,Bhavana Rao,Vinutha Hegde,2,0
22838,Suresh Bhat,Suresh Patil,2,7
22839,Joseph Nayak,Suresh Patil,2,0
22842,Manjunath Rao,Suresh Bhat,2,7
22844,Manjunath Rao,Ravi Bhat,2,0
22845,Fatima Prasad,Imran Shetty,2,0
22846,Imran Shetty,Kiran Kulkarni,2,5
22848,Ashwini Iyengar,Prakash Iyengar,2,4
22849,Prakash Kumar,Vinutha Reddy,2,0
22850,Deepak Murthy,Prakash Kumar,2,0
22851,Deepak Murthy,Vinutha Reddy,2,0
22856,Deepak Prasad,Yashwanth Bhat,2,3
22861,Girish Nayak,Imran Shetty,2,0
22862,Girish Desai,Girish Nayak,2,0
22863,Girish Desai,Imran Shetty,2,0
22864,Bhavana Patil,Manjunath Hegde,2,0
22868,Prakash Iyengar,Shivakumar Nayak,2,5
22871,Deepak Kumar,Lakshmi Iyengar,2,0
22873,Imran Naik,Yashwanth Iyengar,2,7
22875,Basavaraj Patil,Bhavana Rao,2,2
22879,Pooja Hegde,Rekha Shetty,2,3
22882,Ashwini Rao,Nagaraj Kumar,2,0
22888,Joseph Desai,Lakshmi Kulkarni,2,0
22889,Joseph Desai,Yashwanth Patil,2,0
22897,Kiran Nayak,Vinutha Hegde,2,0
22898,Ashwini Iyengar,Kiran Nayak,2,4
22899,Imran Reddy,Suresh Iyengar,2,0
22903,Manjunath Rao,Nagaraj Shetty,2,0
22908,Fatima Shetty,Imran Naik,2,7
22910,Chetan Bhat,Nagaraj Rao,2,0
22913,Anitha Kumar,Shivakumar Reddy,2,0
22914,Shivakumar Reddy,Vinutha Bhat,2,0
22915,Deepak Desai,Vinutha Bhat,2,0
22916,Pooja Kulkarni,Rekha Reddy,2,0
22918,Joseph Patil,Lakshmi Nayak,2,3
22921,Imran Murthy,Rekha Hegde,2,0
22923,Chetan Rao,Deepak Hegde,2,0
22924,Chetan Rao,Kiran Naik,2,0
22925,Anitha Reddy,Deepak Rao,2,7
22928,Rekha Kumar,Yashwanth Kulkarni,2,0
22929,Deepak Nayak,Prakash Shetty,2,0
22930,Deepak Nayak,Girish Shetty,2,0
22936,Joseph Gowda,Kiran Murthy,2,8
22941,Basavaraj Murthy,Joseph Naik,2,5
22942,Basavaraj Murthy,Suresh Bhat,2,7
22943,Imran Murthy,Kiran Kumar,2,0
22947,Joseph Hegde,Rekha Murthy,2,7
22948,Shivakumar Bhat,Shivakumar Iyengar,2,0
22951,Kiran Bhat,Prakash Gowda,2,0
22959,Joseph Kumar,Pooja Gowda,2,2
22961,Anitha Naik,Kiran Bhat,2,0
22963,Chetan Hegde,Yashwanth Prasad,2,0
22964,Chetan Hegde,Lakshmi Prasad,2,0
22965,Kiran Bhat,Lakshmi Prasad,2,0
22966,Lakshmi Prasad,Yashwanth Prasad,2,0
22967,Joseph Gowda,Pooja Nayak,2,0
22969,Fatima Naik,Nagaraj Naik,2,0
22970,Chetan Naik,Nagaraj Naik,2,0
22972,Chetan Naik,Joseph Prasad,2,0
22974,Imran Murthy,Kiran Iyengar,2,0
22975,Joseph Nayak,Ravi Gowda,2,3
22977,Anitha Murthy,Girish Bhat,2,6
22978,Fatima Reddy,Prakash Rao,2,0
22979,Pooja Iyengar,Prakash Patil,2,5
22985,Ravi Kulkarni,Shivakumar Bhat,2,0
22986,Deepak Patil,Shivakumar Bhat,2,2
22987,Deepak Hegde,Joseph Kulkarni,2,0
22993,Joseph Naik,Manjunath Reddy,2,5
22999,Bhavana Gowda,Yashwanth Hegde,2,1
23003,Ashwini Gowda,Yashwanth Hegde,2,0
23006,Basavaraj Iyengar,Lakshmi Murthy,2,3
23008,Lakshmi Murthy,Manjunath Gowda,2,0
23013,Pooja Shetty,Yashwanth Iyengar,2,6
23016,Joseph Kulkarni,Vinutha Gowda,2,0
23018,Pooja Prasad,Prakash Nayak,2,0
23024,Joseph Patil,Mary Patil,2,3
23029,Imran Patil,Nagaraj Bhat,2,3
23030,Kiran Desai,Manjunath Gowda,2,0
23033,Anitha Nayak,Vinutha Reddy,2,0
23035,Deepak Shetty,Ravi Iyengar,2,0
23041,Ashwini Gowda,Suresh Reddy,2,0
23046,Imran Patil,Pooja Iyengar,2,5
23047,Basavaraj Hegde,Vinutha Desai,2,0
23049,Bhavana Gowda,Kiran Iyengar,2,1
23052,Girish Rao,Imran Kulkarni,2,0
23062,Pooja Prasad,Ravi Shetty,2,0
23066,Basavaraj Rao,Prakash Hegde,2,0
23070,Pooja Naik,Vinutha Nayak,2,0
23072,Bhavana Rao,Prakash Hegde,2,0
23079,Mary Kumar,Yashwanth Nayak,2,0
23080,Nagaraj Rao,Pooja Bhat,2,5
23083,Ashwini Patil,Girish Naik,2,0
23084,Ashwini Patil,Yashwanth Naik,2,0
23085,Girish Naik,Yashwanth Naik,2,0
23091,Anitha Bhat,Vinutha Kulkarni,2,7
23092,Bhavana Shetty,Lakshmi Iyengar,2,0
23094,Lakshmi Iyengar,Suresh Kumar,2,0
23096,Chetan Rao,Imran Shetty,2,0
23097,Girish Nayak,Manjunath Murthy,2,0
23105,Imran Shetty,Vinutha Shetty,2,0
23106,Deepak Hegde,Imran Shetty,2,0
23108,Bhavana Bhat,Deepak Hegde,2,0
23109,Pooja Bhat,Vinutha Shetty,2,5
23110,Deepak Hegde,Pooja Bhat,2,5
23114,Deepak Iyengar,Kiran Hegde,2,3
23116,Deepak Murthy,Manjunath Patil,2,0
23117,Rekha Bhat,Suresh Gowda,2,0
23118,Basavaraj Gowda,Ravi Patil,2,0
23120,Manjunath Bhat,Shivakumar Bhat,2,0
23121,Basavaraj Iyengar,Ravi Kumar,2,3
23122,Anitha Murthy,Basavaraj Iyengar,2,3
23129,Fatima Bhat,Mary Reddy,2,5
23133,Bhavana Kumar,Joseph Shetty,2,4
23138,Imran Bhat,Prakash Gowda,2,0
23139,Vinutha Nayak,Yashwanth Shetty,2,0
23140,Kiran Hegde,Lakshmi Rao,2,3
23143,Bhavana Hegde,Manjunath Kumar,2,3
23145,Deepak Desai,Yashwanth Patil,2,0
23149,Fatima Desai,Ravi Gowda,2,3
23156,Anitha Bhat,Imran Bhat,2,7
23158,Chetan Kumar,Shivakumar Rao,2,0
23159,Shivakumar Rao,Shivakumar Shetty,2,8
23160,Mary Nayak,Yashwanth Patil,2,0
23161,Bhavana Reddy,Vinutha Desai,2,0
23164,Deepak Iyengar,Deepak Rao,2,3
23168,Kiran Gowda,Mary Bhat,2,0
23176,Chetan Patil,Lakshmi Kumar,2,4
23177,Lakshmi Kumar,Nagaraj Kulkarni,2,4
23189,Ashwini Hegde,Yashwanth Patil,2,0
23196,Bhavana Kumar,Kiran Reddy,2,7
23198,Bhavana Kumar,Pooja Desai,2,0
23200,Bhavana Kumar,Deepak Prasad,2,0
23205,Deepak Kumar,Nagaraj Kulkarni,2,4
23207,Mary Bhat,Suresh Hegde,2,0
23208,Basavaraj Prasad,Suresh Hegde,2,0
23210,Anitha Gowda,Rekha Naik,2,0
23212,Chetan Gowda,Nagaraj Shetty,2,0
23214,Rekha Kumar,Shivakumar Nayak,2,0
23217,Imran Kumar,Pooja Shetty,2,6
23219,Mary Iyengar,Shivakumar Prasad,2,0
23227,Rekha Hegde,Shivakumar Desai,2,4
23228,Vinutha Bhat,Vinutha Kulkarni,2,0
23230,Imran Bhat,Vinutha Bhat,2,0
23234,Deepak Kulkarni,Prakash Kumar,2,0
23236,Basavaraj Kulkarni,Rekha Gowda,2,0
23239,Bhavana Murthy,Ravi Gowda,2,3
23240,Chetan Rao,Nagaraj Reddy,2,7
23243,Lakshmi Desai,Manjunath Murthy,2,0
23244,Bhavana Reddy,Girish Shetty,2,0
23247,Chetan Iyengar,Fatima Rao,2,0
23251,Pooja Bhat,Yashwanth Shetty,2,5
23252,Manjunath Reddy,Shivakumar Bhat,2,0
23253,Manjunath Reddy,Prakash Patil,2,0
23255,Bhavana Iyengar,Chetan Rao,2,0
23256,Bhavana Iyengar,Rekha Hegde,2,0
23258,Joseph Kulkarni,Rekha Hegde,2,0
23259,Chetan Rao,Rekha Hegde,2,0
23261,Pooja Desai,Ravi Kulkarni,2,0
23264,Anitha Desai,Yashwanth Murthy,2,6
23266,Ravi Rao,Yashwanth Murthy,2,6
23267,Ravi Rao,Shivakumar Bhat,2,0
23270,Suresh Reddy,Yashwanth Naik,2,0
23274,Mary Shetty,Pooja Iyengar,2,5
23277,Pooja Iyengar,Shivakumar Shetty,2,5
23280,Bhavana Murthy,Suresh Patil,2,0
23281,Bhavana Murthy,Vinutha Rao,2,0
23285,Basavaraj Bhat,Chetan Patil,2,2
23287,Lakshmi Murthy,Vinutha Hegde,2,0
23288,Manjunath Nayak,Vinutha Naik,2,5
23292,Mary Naik,Prakash Desai,2,7
23296,Shivakumar Prasad,Vinutha Prasad,2,0
23297,Suresh Reddy,Vinutha Prasad,2,0
23305,Manjunath Naik,Prakash Iyengar,2,5
23306,Deepak Shetty,Fatima Kumar,2,0
23307,Deepak Shetty,Lakshmi Rao,2,7
23310,Ashwini Murthy,Ravi Murthy,2,0
23312,Anitha Desai,Yashwanth Nayak,2,0
23313,Chetan Patil,Girish Patil,2,4
23316,Deepak Kumar,Lakshmi Patil,2,0
23317,Deepak Kumar,Rekha Kulkarni,2,0
23319,Joseph Desai,Kiran Kulkarni,2,5
23320,Prakash Rao,Vinutha Kumar,2,0
23323,Kiran Naik,Suresh Naik,2,0
23329,Vinutha Naik,Yashwanth Kumar,2,0
23331,Kiran Kumar,Mary Gowda,2,0
23332,Kiran Kumar,Yashwanth Desai,2,0
23337,Imran Reddy,Ravi Desai,2,0
23339,Imran Reddy,Kiran Kulkarni,2,5
23340,Anitha Gowda,Vinutha Shetty,2,0
23342,Anitha Gowda,Joseph Reddy,2,2
23343,Ravi Desai,Vinutha Shetty,2,0
23346,Joseph Reddy,Ravi Desai,2,2
23347,Girish Iyengar,Mary Iyengar,2,0
23349,Rekha Kumar,Yashwanth Patil,2,0
23351,Chetan Naik,Suresh Murthy,2,0
23356,Deepak Gowda,Pooja Murthy,2,0
23357,Deepak Gowda,Joseph Prasad,2,0
23360,Ashwini Desai,Girish Kumar,2,0
23361,Basavaraj Bhat,Joseph Iyengar,2,2
23365,Imran Hegde,Yashwanth Reddy,2,5
23370,Pooja Iyengar,Shivakumar Desai,2,5
23379,Fatima Gowda,Vinutha Bhat,2,1
23380,Manjunath Desai,Pooja Hegde,2,8
23385,Anitha Kulkarni,Suresh Naik,2,0
23389,Ashwini Prasad,Ravi Reddy,2,1
23391,Ravi Reddy,Yashwanth Iyengar,2,1
23397,Chetan Hegde,Yashwanth Murthy,2,6
23404,Imran Rao,Prakash Gowda,2,8
23405,Ravi Nayak,Suresh Kumar,2,1
23409,Bhavana Kumar,Pooja Nayak,2,0
23411,Basavaraj Bhat,Mary Murthy,2,2
23412,Manjunath Gowda,Vinutha Desai,2,0
23415,Fatima Naik,Ravi Murthy,2,0
23420,Shivakumar Kulkarni,Vinutha Gowda,2,0
23427,Anitha Gowda,Bhavana Shetty,2,0
23429,Nagaraj Kumar,Suresh Patil,2,0
23436,Lakshmi Kumar,Manjunath Shetty,2,4
23442,Fatima Rao,Yashwanth Nayak,2,0
23446,Imran Nayak,Joseph Gowda,2,0
23450,Ashwini Desai,Nagaraj Gowda,2,0
23454,Kiran Shetty,Lakshmi Shetty,2,0
23455,Lakshmi Shetty,Mary Naik,2,7
23458,Deepak Murthy,Prakash Murthy,2,0
23460,Chetan Patil,Rekha Iyengar,2,4
23463,Girish Nayak,Suresh Reddy,2,0
23464,Ashwini Bhat,Suresh Reddy,2,0
23467,Pooja Murthy,Vinutha Iyengar,2,0
23469,Anitha Patil,Vinutha Iyengar,2,0
23472,Lakshmi Naik,Yashwanth Bhat,2,3
23474,Manjunath Shetty,Pooja Gowda,2,4
23477,Fatima Murthy,Lakshmi Prasad,2,0
23479,Fatima Murthy,Suresh Desai,2,0
23481,Rekha Naik,Yashwanth Murthy,2,6
23482,Mary Kumar,Yashwanth Murthy,2,6
23486,Kiran Patil,Nagaraj Nayak,2,0
23488,Bhavana Murthy,Rekha Hegde,2,0
23493,Nagaraj Prasad,Suresh Bhat,2,7
23494,Lakshmi Rao,Pooja Hegde,2,7
23496,Lakshmi Rao,Manjunath Hegde,2,7
23500,Anitha Reddy,Shivakumar Shetty,2,8
23501,Joseph Reddy,Shivakumar Shetty,2,2
23504,Lakshmi Gowda,Shivakumar Rao,2,0
23510,Bhavana Shetty,Fatima Iyengar,2,1
23512,Mary Shetty,Yashwanth Reddy,2,5
23513,Mary Desai,Yashwanth Reddy,2,5
23514,Lakshmi Murthy,Mary Desai,2,0
23518,Basavaraj Iyengar,Lakshmi Nayak,2,3
23522,Basavaraj Desai,Lakshmi Bhat,2,0
23523,Bhavana Kulkarni,Imran Shetty,2,0
23526,Bhavana Rao,Vinutha Rao,2,0
23532,Basavaraj Hegde,Ravi Desai,2,0
23534,Girish Iyengar,Shivakumar Hegde,2,1
23537,Imran Reddy,Rekha Rao,2,0
23539,Mary Hegde,Rekha Bhat,2,5
23540,Chetan Nayak,Fatima Kulkarni,2,3
23544,Fatima Naik,Nagaraj Rao,2,0
23545,Fatima Kulkarni,Fatima Naik,2,3
23547,Chetan Iyengar,Nagaraj Rao,2,0
23549,Shivakumar Patil,Vinutha Nayak,2,0
23552,Anitha Shetty,Deepak Patil,2,2
23555,Anitha Reddy,Girish Reddy,2,0
23559,Chetan Nayak,Manjunath Shetty,2,4
23560,Chetan Nayak,Ravi Iyengar,2,0
23568,Imran Iyengar,Yashwanth Gowda,2,0
23572,Suresh Kumar,Yashwanth Murthy,2,6
23577,Deepak Gowda,Deepak Naik,2,0
23581,Joseph Bhat,Lakshmi Kulkarni,2,0
23584,Chetan Reddy,Ravi Patil,2,1
23593,Joseph Reddy,Yashwanth Nayak,2,2
23601,Nagaraj Reddy,Ravi Kulkarni,2,7
23603,Girish Murthy,Pooja Nayak,2,0
23608,Deepak Kulkarni,Vinutha Prasad,2,0
23611,Deepak Kumar,Ravi Hegde,2,0
23617,Girish Kulkarni,Nagaraj Rao,2,5
23624,Ravi Naik,Shivakumar Hegde,2,7
23628,Basavaraj Reddy,Pooja Bhat,2,5
23631,Ravi Prasad,Rekha Murthy,2,7
23640,Anitha Kumar,Imran Nayak,2,0
23641,Ashwini Patil,Imran Nayak,2,0
23642,Basavaraj Rao,Manjunath Bhat,2,0
23644,Basavaraj Rao,Nagaraj Nayak,2,0
23651,Imran Kumar,Vinutha Hegde,2,0
23653,Ashwini Nayak,Deepak Prasad,2,0
23658,Chetan Naik,Ravi Naik,2,7
23661,Chetan Shetty,Ravi Prasad,2,0
23663,Joseph Patil,Mary Reddy,2,3
23665,Mary Reddy,Suresh Prasad,2,5
23667,Nagaraj Rao,Ravi Prasad,2,0
23668,Kiran Bhat,Lakshmi Murthy,2,0
23673,Joseph Nayak,Lakshmi Murthy,2,0
23674,Joseph Nayak,Pooja Desai,2,0
23676,Pooja Shetty,Shivakumar Prasad,2,6
23681,Anitha Kumar,Ravi Gowda,2,3
23683,Mary Nayak,Vinutha Kulkarni,2,0
23685,Deepak Kulkarni,Prakash Gowda,2,0
23689,Shivakumar Desai,Suresh Kumar,2,4
23691,Lakshmi Shetty,Prakash Kulkarni,2,7
23694,Kiran Murthy,Rekha Hegde,2,8
23695,Ravi Hegde,Rekha Hegde,2,0
23696,Anitha Naik,Anitha Rao,2,4
23697,Anitha Rao,Lakshmi Rao,2,4
23698,Anitha Naik,Lakshmi Rao,2,7
23701,Fatima Nayak,Vinutha Kulkarni,2,0
23702,Fatima Nayak,Pooja Reddy,2,0
23703,Basavaraj Kumar,Deepak Reddy,2,0
23711,Ashwini Murthy,Basavaraj Patil,2,2
23713,Girish Murthy,Nagaraj Patil,2,2
23714,Anitha Naik,Bhavana Iyengar,2,0
23716,Chetan Naik,Mary Naik,2,7
23717,Girish Reddy,Nagaraj Prasad,2,0
23718,Anitha Bhat,Nagaraj Prasad,2,7
23721,Bhavana Shetty,Joseph Iyengar,2,6
23722,Anitha Shetty,Rekha Prasad,2,0
23726,Kiran Gowda,Vinutha Rao,2,0
23729,Ashwini Desai,Kiran Patil,2,0
23732,Ashwini Desai,Ravi Iyengar,2,0
23734,Ashwini Desai,Deepak Reddy,2,0
23739,Lakshmi Nayak,Mary Prasad,2,1
23740,Fatima Hegde,Joseph Patil,2,3
23742,Basavaraj Kumar,Basavaraj Patil,2,2
23748,Rekha Rao,Yashwanth Shetty,2,0
23750,Fatima Kumar,Manjunath Naik,2,0
23753,Ashwini Hegde,Basavaraj Kulkarni,2,0
23757,Deepak Bhat,Girish Shetty,2,0
23758,Basavaraj Iyengar,Deepak Bhat,2,3
23763,Girish Iyengar,Kiran Murthy,2,8
23764,Kiran Murthy,Prakash Desai,2,8
23769,Shivakumar Kulkarni,Suresh Kulkarni,2,0
23775,Bhavana Rao,Deepak Desai,2,0
23781,Girish Kumar,Suresh Naik,2,0
23787,Anitha Kulkarni,Mary Kumar,2,0
23789,Mary Kumar,Ravi Kulkarni,2,0
23790,Lakshmi Shetty,Mary Kumar,2,0
23793,Anitha Murthy,Ravi Kulkarni,2,0
23798,Girish Kumar,Vinutha Nayak,2,0
23801,Lakshmi Reddy,Ravi Patil,2,8
23806,Fatima Rao,Manjunath Rao,2,0
23807,Basavaraj Reddy,Manjunath Gowda,2,0
23813,Basavaraj Iyengar,Rekha Rao,2,3
23814,Basavaraj Iyengar,Nagaraj Kulkarni,2,3
23820,Rekha Bhat,Suresh Desai,2,0
23824,Ravi Desai,Shivakumar Hegde,2,1
23827,Imran Kumar,Rekha Reddy,2,0
23830,Joseph Nayak,Rekha Kulkarni,2,0
23831,Anitha Kumar,Rekha Kulkarni,2,0
23833,Anitha Patil,Ashwini Reddy,2,0
23834,Ashwini Reddy,Joseph Iyengar,2,6
23842,Joseph Iyengar,Joseph Prasad,2,6
23845,Deepak Kumar,Rekha Shetty,2,3
23848,Chetan Murthy,Rekha Kulkarni,2,0
23854,Imran Kulkarni,Joseph Iyengar,2,6
23857,Anitha Nayak,Nagaraj Bhat,2,3
23863,Deepak Prasad,Mary Murthy,2,8
23864,Mary Murthy,Rekha Iyengar,2,8
23868,Deepak Iyengar,Ravi Naik,2,3
23870,Pooja Patil,Shivakumar Nayak,2,0
23871,Pooja Desai,Vinutha Kulkarni,2,0
23874,Fatima Bhat,Imran Patil,2,0
23875,Fatima Bhat,Joseph Nayak,2,0
23877,Prakash Kulkarni,Prakash Naik,2,7
23878,Deepak Iyengar,Prakash Naik,2,3
23879,Basavaraj Naik,Fatima Reddy,2,0
23881,Girish Rao,Rekha Bhat,2,0
23882,Lakshmi Shetty,Rekha Bhat,2,0
23885,Lakshmi Bhat,Rekha Kumar,2,0
23895,Anitha Kulkarni,Girish Patil,2,0
23896,Pooja Gowda,Yashwanth Naik,2,3
23902,Ashwini Iyengar,Chetan Kulkarni,2,4
23903,Chetan Kulkarni,Mary Shetty,2,0
23916,Deepak Naik,Kiran Hegde,2,3
23918,Nagaraj Kumar,Rekha Bhat,2,0
23920,Pooja Naik,Vinutha Shetty,2,0
23925,Nagaraj Iyengar,Nagaraj Kulkarni,2,4
23928,Kiran Hegde,Mary Bhat,2,3
23929,Ashwini Nayak,Chetan Rao,2,0
23931,Prakash Reddy,Yashwanth Kulkarni,2,0
23932,Basavaraj Rao,Prakash Reddy,2,0
23938,Fatima Rao,Vinutha Murthy,2,0
23943,Bhavana Iyengar,Imran Reddy,2,0
23944,Fatima Gowda,Yashwanth Patil,2,1
23947,Joseph Reddy,Nagaraj Murthy,2,2
23949,Anitha Prasad,Kiran Naik,2,0
23950,Anitha Prasad,Girish Prasad,2,0
23951,Joseph Rao,Pooja Kulkarni,2,0
23953,Chetan Murthy,Mary Nayak,2,0
23955,Manjunath Prasad,Suresh Rao,2,0
23960,Fatima Hegde,Fatima Kulkarni,2,3
23961,Fatima Kulkarni,Mary Desai,2,3
23962,Pooja Kumar,Yashwanth Kumar,2,8
23964,Nagaraj Prasad,Pooja Patil,2,0
23965,Chetan Kumar,Mary Iyengar,2,0
23968,Girish Bhat,Lakshmi Iyengar,2,6
23972,Chetan Nayak,Suresh Murthy,2,0
23973,Mary Iyengar,Suresh Murthy,2,0
23988,Deepak Iyengar,Suresh Kumar,2,3
23991,Kiran Desai,Suresh Kumar,2,0
23992,Chetan Reddy,Deepak Murthy,2,1
23994,Lakshmi Kulkarni,Nagaraj Gowda,2,0
23997,Anitha Kumar,Suresh Kumar,2,0
23998,Vinutha Reddy,Yashwanth Bhat,2,3
24004,Anitha Gowda,Yashwanth Nayak,2,0
24005,Anitha Gowda,Mary Kulkarni,2,0
24008,Anitha Rao,Basavaraj Bhat,2,4
24010,Bhavana Patil,Girish Murthy,2,0
24011,Bhavana Patil,Yashwanth Patil,2,0
24014,Ashwini Shetty,Manjunath Shetty,2,4
24016,Ashwini Hegde,Pooja Hegde,2,0
24022,Rekha Iyengar,Vinutha Patil,2,4
24024,Bhavana Bhat,Girish Kulkarni,2,5
24026,Bhavana Gowda,Fatima Nayak,2,1
24027,Bhavana Gowda,Rekha Gowda,2,1
24036,Chetan Desai,Chetan Reddy,2,1
24042,Lakshmi Kumar,Rekha Iyengar,2,4
24044,Kiran Patil,Nagaraj Murthy,2,0
24056,Manjunath Patil,Mary Murthy,2,8
24059,Deepak Hegde,Nagaraj Nayak,2,0
24060,Deepak Hegde,Manjunath Patil,2,0
24065,Manjunath Kulkarni,Mary Gowda,2,0
24068,Basavaraj Kumar,Mary Kulkarni,2,0
24075,Joseph Hegde,Nagaraj Rao,2,7
24080,Deepak Kulkarni,Lakshmi Desai,2,0
24093,Deepak Murthy,Nagaraj Murthy,2,0
24100,Mary Kulkarni,Shivakumar Prasad,2,0
24102,Imran Kulkarni,Imran Naik,2,0
24104,Fatima Hegde,Imran Naik,2,0
24116,Anitha Naik,Joseph Iyengar,2,6
24117,Chetan Iyengar,Joseph Iyengar,2,6
24130,Bhavana Hegde,Kiran Kulkarni,2,5
24132,Kiran Kulkarni,Ravi Prasad,2,5
24133,Kiran Hegde,Rekha Kulkarni,2,3
24134,Girish Kulkarni,Yashwanth Kulkarni,2,5
24136,Anitha Kulkarni,Girish Hegde,2,4
24139,Anitha Reddy,Pooja Murthy,2,0
24140,Imran Kumar,Pooja Murthy,2,0
24141,Anitha Reddy,Imran Kumar,2,0
24146,Shivakumar Nayak,Suresh Shetty,2,0
24152,Basavaraj Kumar,Rekha Rao,2,0
24154,Ashwini Patil,Basavaraj Kumar,2,0
24156,Manjunath Nayak,Mary Desai,2,5
24161,Ashwini Rao,Rekha Shetty,2,3
24164,Girish Murthy,Prakash Reddy,2,0
24167,Imran Reddy,Shivakumar Naik,2,5
24169,Prakash Naik,Rekha Rao,2,2
24174,Pooja Nayak,Ravi Shetty,2,0
24178,Imran Nayak,Lakshmi Iyengar,2,0
24179,Ashwini Murthy,Kiran Kulkarni,2,5
24181,Shivakumar Gowda,Yashwanth Naik,2,3
24186,Ashwini Reddy,Mary Prasad,2,0
24187,Bhavana Shetty,Rekha Kulkarni,2,0
24188,Bhavana Nayak,Chetan Rao,2,2
24191,Manjunath Bhat,Vinutha Shetty,2,0
24196,Manjunath Desai,Nagaraj Hegde,2,8
24198,Girish Murthy,Manjunath Desai,2,8
24203,Bhavana Bhat,Kiran Prasad,2,0
24207,Deepak Patil,Kiran Rao,2,2
24210,Fatima Patil,Imran Gowda,2,0
24213,Girish Bhat,Imran Iyengar,2,6
24216,Lakshmi Reddy,Nagaraj Gowda,2,8
24217,Ashwini Gowda,Imran Kumar,2,0
24219,Deepak Rao,Kiran Naik,2,7
24221,Bhavana Kulkarni,Suresh Hegde,2,0
24229,Ashwini Gowda,Prakash Murthy,2,0
24234,Deepak Iyengar,Deepak Murthy,2,3
24238,Lakshmi Reddy,Pooja Murthy,2,8
24243,Deepak Gowda,Nagaraj Kumar,2,0
24247,Anitha Nayak,Mary Prasad,2,0
24250,Lakshmi Nayak,Yashwanth Rao,2,1
24256,Girish Hegde,Yashwanth Iyengar,2,4
24258,Anitha Iyengar,Ravi Hegde,2,0
24259,Anitha Iyengar,Yashwanth Iyengar,2,7
24261,Pooja Nayak,Vinutha Nayak,2,0
24270,Rekha Nayak,Suresh Nayak,2,8
24274,Deepak Kulkarni,Manjunath Prasad,2,0
24279,Joseph Bhat,Pooja Patil,2,0
24283,Anitha Iyengar,Lakshmi Patil,2,0
24288,Basavaraj Naik,Suresh Shetty,2,0
24290,Deepak Gowda,Lakshmi Prasad,2,0
24291,Basavaraj Murthy,Girish Iyengar,2,0
24298,Basavaraj Iyengar,Mary Rao,2,3
24307,Basavaraj Kumar,Kiran Prasad,2,0
24309,Manjunath Bhat,Manjunath Shetty,2,4
24312,Chetan Iyengar,Deepak Murthy,2,0
24313,Lakshmi Patil,Prakash Nayak,2,0
24317,Anitha Nayak,Imran Nayak,2,0
24320,Nagaraj Gowda,Rekha Naik,2,0
24322,Anitha Shetty,Nagaraj Gowda,2,0
24325,Pooja Desai,Rekha Kulkarni,2,0
24331,Imran Iyengar,Suresh Gowda,2,0
24333,Lakshmi Shetty,Mary Murthy,2,8
24336,Mary Shetty,Nagaraj Kumar,2,0
24355,Ashwini Shetty,Kiran Hegde,2,3
24357,Deepak Hegde,Suresh Murthy,2,0
24358,Ashwini Prasad,Manjunath Iyengar,2,0
24360,Deepak Prasad,Yashwanth Nayak,2,0
24366,Ashwini Reddy,Suresh Hegde,2,0
24367,Lakshmi Kulkarni,Suresh Gowda,2,0
24373,Nagaraj Murthy,Yashwanth Iyengar,2,7
24374,Ravi Patil,Yashwanth Iyengar,2,7
24376,Manjunath Rao,Ravi Patil,2,0
24377,Basavaraj Bhat,Prakash Bhat,2,2
24380,Deepak Patil,Prakash Desai,2,2
24381,Girish Bhat,Prakash Desai,2,6
24383,Deepak Kulkarni,Prakash Rao,2,0
24387,Girish Kulkarni,Prakash Iyengar,2,5
24388,Manjunath Kumar,Shivakumar Patil,2,3
24389,Lakshmi Shetty,Shivakumar Patil,2,0
24391,Basavaraj Gowda,Suresh Rao,2,0
24392,Ravi Murthy,Shivakumar Iyengar,2,0
24394,Mary Naik,Shivakumar Gowda,2,7
24402,Girish Iyengar,Girish Nayak,2,0
24403,Imran Hegde,Suresh Patil,2,0
24406,Ashwini Naik,Shivakumar Iyengar,2,5
24410,Girish Reddy,Prakash Prasad,2,0
24412,Ravi Patil,Shivakumar Shetty,2,8
24416,Fatima Reddy,Kiran Nayak,2,0
24419,Ashwini Bhat,Vinutha Rao,2,0
24420,Girish Hegde,Lakshmi Kumar,2,4
24421,Anitha Rao,Girish Hegde,2,4
24422,Imran Iyengar,Manjunath Shetty,2,4
24423,Manjunath Hegde,Nagaraj Iyengar,2,0
24424,Imran Shetty,Ravi Desai,2,0
24426,Imran Shetty,Ravi Shetty,2,0
24430,Chetan Rao,Deepak Iyengar,2,3
24436,Anitha Desai,Yashwanth Gowda,2,0
24445,Imran Reddy,Suresh Gowda,2,0
24446,Lakshmi Naik,Suresh Naik,2,0
24447,Fatima Iyengar,Mary Reddy,2,1
24450,Manjunath Shetty,Shivakumar Desai,2,4
24452,Chetan Patil,Prakash Gowda,2,4
24456,Basavaraj Patil,Ravi Kumar,2,2
24462,Mary Desai,Nagaraj Gowda,2,0
24463,Manjunath Gowda,Mary Desai,2,0
24468,Anitha Desai,Joseph Reddy,2,2
24471,Nagaraj Rao,Yashwanth Shetty,2,0
24472,Chetan Kumar,Deepak Shetty,2,0
24473,Basavaraj Bhat,Bhavana Reddy,2,2
24474,Bhavana Reddy,Kiran Hegde,2,3
24477,Anitha Desai,Shivakumar Kulkarni,2,0
24481,Joseph Kumar,Kiran Kulkarni,2,2
24485,Fatima Desai,Manjunath Hegde,2,0
24488,Basavaraj Kumar,Suresh Kumar,2,0
24489,Joseph Prasad,Suresh Kumar,2,0
24490,Mary Shetty,Prakash Naik,2,2
24491,Lakshmi Patil,Mary Shetty,2,0
24493,Pooja Naik,Rekha Desai,2,0
24495,Mary Desai,Yashwanth Desai,2,0
24497,Mary Shetty,Vinutha Rao,2,0
24499,Anitha Prasad,Ravi Rao,2,0
24500,Anitha Prasad,Manjunath Gowda,2,0
24502,Anitha Murthy,Deepak Bhat,2,0
24503,Deepak Bhat,Nagaraj Patil,2,2
24506,Bhavana Shetty,Vinutha Reddy,2,0
24511,Shivakumar Desai,Vinutha Reddy,2,4
24520,Anitha Rao,Rekha Iyengar,2,4
24521,Imran Gowda,Manjunath Prasad,2,0
24524,Mary Iyengar,Pooja Prasad,2,0
24534,Basavaraj Gowda,Ravi Hegde,2,0
24535,Bhavana Nayak,Shivakumar Bhat,2,2
24540,Anitha Desai,Shivakumar Reddy,2,0
24549,Bhavana Kulkarni,Yashwanth Rao,2,0
24555,Basavaraj Gowda,Girish Patil,2,0
24557,Girish Iyengar,Ravi Kumar,2,0
24558,Joseph Rao,Pooja Shetty,2,6
24559,Anitha Iyengar,Nagaraj Murthy,2,0
24560,Anitha Iyengar,Mary Hegde,2,5
24561,Shivakumar Shetty,Yashwanth Murthy,2,8
24563,Ravi Naik,Shivakumar Shetty,2,7
24564,Pooja Murthy,Ravi Hegde,2,0
24565,Manjunath Nayak,Suresh Kumar,2,5
24568,Kiran Nayak,Rekha Desai,2,0
24569,Ravi Hegde,Rekha Desai,2,0
24576,Vinutha Rao,Yashwanth Kulkarni,2,0
24578,Fatima Hegde,Vinutha Rao,2,0
24579,Anitha Desai,Fatima Shetty,2,7
24580,Anitha Desai,Suresh Shetty,2,0
24583,Nagaraj Prasad,Pooja Hegde,2,0
24585,Anitha Iyengar,Bhavana Bhat,2,0
24587,Girish Naik,Mary Gowda,2,0
24589,Girish Iyengar,Kiran Shetty,2,0
24592,Fatima Naik,Mary Patil,2,0
24604,Deepak Bhat,Lakshmi Iyengar,2,0
24605,Anitha Naik,Joseph Naik,2,5
24608,Deepak Kumar,Nagaraj Murthy,2,0
24611,Basavaraj Rao,Mary Iyengar,2,0
24612,Imran Murthy,Mary Iyengar,2,0
24617,Mary Murthy,Suresh Prasad,2,8
24621,Deepak Nayak,Mary Murthy,2,8
24626,Manjunath Gowda,Shivakumar Iyengar,2,0
24627,Imran Patil,Manjunath Gowda,2,0
24628,Imran Patil,Shivakumar Iyengar,2,0
24631,Mary Patil,Vinutha Reddy,2,0
24632,Vinutha Kumar,Vinutha Nayak,2,0
24635,Anitha Hegde,Ravi Murthy,2,0
24638,Nagaraj Reddy,Ravi Murthy,2,7
24641,Fatima Reddy,Mary Iyengar,2,0
24642,Mary Iyengar,Ravi Murthy,2,0
24644,Chetan Patil,Joseph Shetty,2,4
24649,Lakshmi Nayak,Pooja Prasad,2,1
24652,Bhavana Nayak,Mary Kumar,2,2
24656,Manjunath Gowda,Shivakumar Desai,2,4
24664,Anitha Murthy,Prakash Gowda,2,0
24670,Fatima Kulkarni,Rekha Reddy,2,3
24671,Joseph Iyengar,Suresh Murthy,2,6
24672,Basavaraj Nayak,Joseph Iyengar,2,6
24678,Joseph Nayak,Kiran Rao,2,0
24679,Joseph Nayak,Suresh Kulkarni,2,0
24690,Anitha Rao,Pooja Reddy,2,4
24700,Deepak Kumar,Manjunath Kumar,2,3
24701,Chetan Kumar,Pooja Naik,2,0
24704,Girish Bhat,Prakash Prasad,2,6
24707,Anitha Shetty,Lakshmi Desai,2,0
24710,Chetan Bhat,Fatima Reddy,2,0
24713,Imran Iyengar,Lakshmi Rao,2,7
24714,Fatima Patil,Lakshmi Rao,2,7
24721,Fatima Murthy,Lakshmi Patil,2,0
24725,Bhavana Desai,Imran Hegde,2,5
24726,Kiran Kumar,Prakash Desai,2,0
24727,Mary Reddy,Suresh Desai,2,5
24731,Chetan Prasad,Girish Desai,2,6
24736,Girish Rao,Kiran Hegde,2,3
24737,Fatima Bhat,Imran Prasad,2,0
24743,Deepak Rao,Ravi Bhat,2,7
24753,Girish Desai,Rekha Murthy,2,7
24759,Anitha Naik,Suresh Kumar,2,0
24760,Anitha Nayak,Girish Shetty,2,0
24761,Girish Shetty,Joseph Rao,2,0
24765,Girish Kumar,Mary Naik,2,7
24768,Girish Patil,Ravi Murthy,2,0
24774,Basavaraj Kumar,Deepak Rao,2,7
24779,Fatima Nayak,Imran Iyengar,2,0
24780,Fatima Nayak,Kiran Shetty,2,0
24782,Prakash Gowda,Ravi Kumar,2,0
24787,Bhavana Desai,Chetan Reddy,2,5
24791,Ashwini Iyengar,Manjunath Reddy,2,4
24800,Kiran Prasad,Nagaraj Bhat,2,3
24807,Anitha Patil,Kiran Prasad,2,0
24817,Bhavana Kulkarni,Vinutha Prasad,2,0
24824,Prakash Hegde,Prakash Patil,2,0
24825,Manjunath Kumar,Pooja Shetty,2,3
24826,Manjunath Reddy,Pooja Shetty,2,6
24833,Imran Patil,Manjunath Bhat,2,0
24834,Kiran Hegde,Manjunath Desai,2,3
24835,Joseph Shetty,Kiran Hegde,2,4
24836,Joseph Shetty,Manjunath Desai,2,4
24838,Girish Murthy,Suresh Rao,2,0
24840,Imran Desai,Joseph Desai,2,8
24845,Girish Prasad,Suresh Murthy,2,0
24851,Girish Nayak,Joseph Prasad,2,0
24857,Ravi Iyengar,Rekha Rao,2,0
24859,Chetan Patil,Imran Prasad,2,4
24860,Rekha Shetty,Yashwanth Iyengar,2,3
24862,Lakshmi Prasad,Yashwanth Iyengar,2,7
24863,Joseph Iyengar,Mary Reddy,2,6
24871,Girish Bhat,Vinutha Shetty,2,6
24874,Fatima Nayak,Prakash Bhat,2,0
24875,Anitha Iyengar,Vinutha Rao,2,0
24879,Fatima Rao,Yashwanth Patil,2,0
24884,Basavaraj Rao,Prakash Naik,2,2
24886,Lakshmi Shetty,Pooja Prasad,2,0
24894,Deepak Prasad,Vinutha Gowda,2,0
24896,Manjunath Patil,Shivakumar Prasad,2,0
24898,Kiran Nayak,Mary Patil,2,0
24902,Bhavana Kumar,Yashwanth Prasad,2,0
24905,Bhavana Murthy,Yashwanth Prasad,2,0
24906,Rekha Gowda,Vinutha Kulkarni,2,0
24908,Deepak Prasad,Girish Gowda,2,6
24909,Deepak Kumar,Suresh Rao,2,0
24917,Manjunath Bhat,Suresh Bhat,2,7
24919,Pooja Desai,Pooja Hegde,2,0
24920,Bhavana Kumar,Ravi Bhat,2,0
24923,Nagaraj Naik,Suresh Reddy,2,0
24927,Joseph Reddy,Kiran Patil,2,2
24931,Chetan Patil,Mary Desai,2,4
24932,Ravi Rao,Rekha Desai,2,0
24947,Bhavana Desai,Ravi Bhat,2,5
24951,Chetan Bhat,Rekha Gowda,2,0
24952,Bhavana Rao,Shivakumar Gowda,2,3
24954,Anitha Kulkarni,Chetan Bhat,2,0
24956,Ashwini Rao,Vinutha Rao,2,0
24957,Girish Patil,Vinutha Rao,2,0
24958,Imran Kumar,Nagaraj Gowda,2,0
24959,Deepak Iyengar,Pooja Hegde,2,3
24962,Chetan Gowda,Ravi Nayak,2,1
24969,Ashwini Gowda,Ravi Shetty,2,0
24971,Ashwini Gowda,Chetan Prasad,2,6
24974,Basavaraj Shetty,Manjunath Shetty,2,4
24975,Basavaraj Shetty,Suresh Desai,2,0
24977,Bhavana Murthy,Joseph Kumar,2,2
24985,Joseph Reddy,Vinutha Rao,2,2
24989,Rekha Gowda,Shivakumar Shetty,2,8
24990,Basavaraj Bhat,Suresh Desai,2,2
24992,Lakshmi Murthy,Mary Prasad,2,0
24993,Anitha Nayak,Joseph Kulkarni,2,0
24995,Deepak Nayak,Shivakumar Desai,2,4
24999,Anitha Nayak,Ashwini Gowda,2,0
25001,Bhavana Bhat,Deepak Reddy,2,0
25004,Basavaraj Hegde,Bhavana Murthy,2,0
25007,Chetan Iyengar,Shivakumar Kumar,2,0
25010,Chetan Naik,Prakash Patil,2,0
25011,Bhavana Nayak,Kiran Kumar,2,2
25012,Bhavana Nayak,Prakash Gowda,2,2
25016,Nagaraj Kumar,Rekha Prasad,2,0
25019,Lakshmi Shetty,Shivakumar Reddy,2,0
25021,Rekha Kumar,Yashwanth Gowda,2,0
25027,Ashwini Hegde,Girish Shetty,2,0
25028,Girish Shetty,Pooja Nayak,2,0
25029,Deepak Desai,Girish Murthy,2,0
25035,Anitha Naik,Ravi Iyengar,2,0
25037,Bhavana Patil,Rekha Patil,2,0
25039,Girish Rao,Rekha Desai,2,0
25042,Chetan Iyengar,Girish Iyengar,2,0
25043,Kiran Kumar,Vinutha Gowda,2,0
25044,Chetan Iyengar,Kiran Kumar,2,0
25046,Bhavana Gowda,Pooja Reddy,2,1
25049,Rekha Bhat,Suresh Kulkarni,2,0
25055,Deepak Patil,Pooja Bhat,2,2
25056,Kiran Hegde,Vinutha Shetty,2,3
25057,Ravi Gowda,Vinutha Shetty,2,3
25061,Ashwini Murthy,Nagaraj Kulkarni,2,4
25062,Nagaraj Kulkarni,Rekha Shetty,2,4
25066,Nagaraj Iyengar,Ravi Iyengar,2,0
25072,Bhavana Murthy,Lakshmi Prasad,2,0
25073,Chetan Kulkarni,Imran Kumar,2,0
25074,Imran Kumar,Yashwanth Gowda,2,0
25077,Anitha Murthy,Kiran Gowda,2,0
25078,Kiran Gowda,Vinutha Naik,2,0
25086,Rekha Patil,Suresh Kulkarni,2,0
25089,Deepak Naik,Kiran Kulkarni,2,5
25090,Deepak Naik,Rekha Patil,2,0
25091,Ashwini Gowda,Fatima Rao,2,0
25093,Girish Reddy,Ravi Naik,2,7
25094,Deepak Reddy,Mary Patil,2,0
25097,Basavaraj Nayak,Kiran Shetty,2,0
25100,Ashwini Desai,Ravi Hegde,2,0
25103,Lakshmi Hegde,Vinutha Prasad,2,1
25106,Joseph Bhat,Pooja Desai,2,0
25112,Bhavana Hegde,Bhavana Shetty,2,0
25118,Manjunath Kulkarni,Prakash Naik,2,2
25127,Fatima Murthy,Manjunath Patil,2,0
25128,Joseph Gowda,Prakash Gowda,2,0
25139,Girish Naik,Rekha Rao,2,0
25142,Imran Bhat,Ravi Shetty,2,0
25149,Ashwini Desai,Imran Rao,2,8
25150,Basavaraj Reddy,Girish Patil,2,0
25151,Basavaraj Shetty,Deepak Rao,2,7
25152,Basavaraj Iyengar,Girish Gowda,2,3
25156,Chetan Iyengar,Suresh Shetty,2,0
25160,Vinutha Reddy,Yashwanth Shetty,2,0
25168,Ashwini Kulkarni,Pooja Prasad,2,0
25174,Deepak Kumar,Prakash Reddy,2,0
25176,Deepak Kumar,Prakash Prasad,2,0
25179,Fatima Bhat,Fatima Kumar,2,0
25180,Fatima Bhat,Prakash Shetty,2,0
25181,Fatima Kumar,Prakash Shetty,2,0
25182,Imran Naik,Shivakumar Prasad,2,0
25185,Kiran Shetty,Mary Desai,2,0
25189,Anitha Reddy,Mary Bhat,2,0
25192,Ravi Iyengar,Yashwanth Gowda,2,0
25194,Girish Iyengar,Imran Desai,2,8
25199,Deepak Murthy,Fatima Naik,2,0
25201,Deepak Murthy,Fatima Murthy,2,0
25206,Imran Gowda,Prakash Rao,2,0
25209,Mary Desai,Rekha Gowda,2,0
25212,Joseph Iyengar,Suresh Desai,2,6
25214,Deepak Bhat,Prakash Patil,2,0
25216,Chetan Bhat,Deepak Bhat,2,0
25227,Kiran Murthy,Mary Gowda,2,8
25228,Kiran Murthy,Shivakumar Naik,2,8
25235,Lakshmi Kulkarni,Vinutha Gowda,2,0
25237,Lakshmi Kulkarni,Suresh Nayak,2,0
25238,Ravi Iyengar,Vinutha Gowda,2,0
25240,Imran Reddy,Mary Iyengar,2,0
25242,Bhavana Shetty,Rekha Patil,2,0
25243,Fatima Reddy,Joseph Kulkarni,2,0
25248,Girish Reddy,Joseph Prasad,2,0
25250,Ashwini Desai,Ashwini Prasad,2,0
25252,Basavaraj Iyengar,Joseph Shetty,2,3
25257,Chetan Desai,Pooja Rao,2,7
25258,Chetan Murthy,Nagaraj Gowda,2,0
25263,Bhavana Reddy,Suresh Kumar,2,0
25268,Deepak Prasad,Fatima Naik,2,0
25270,Nagaraj Patil,Ravi Hegde,2,2
25272,Bhavana Nayak,Vinutha Gowda,2,2
25274,Anitha Hegde,Ravi Naik,2,7
25279,Girish Shetty,Kiran Patil,2,0
25281,Ashwini Prasad,Girish Shetty,2,0
25284,Deepak Shetty,Pooja Gowda,2,3
25288,Bhavana Naik,Pooja Nayak,2,3
25292,Deepak Naik,Fatima Patil,2,0
25295,Girish Gowda,Vinutha Rao,2,6
25298,Bhavana Prasad,Manjunath Desai,2,3
25301,Basavaraj Patil,Suresh Prasad,2,2
25305,Bhavana Bhat,Vinutha Iyengar,2,0
25309,Basavaraj Reddy,Fatima Bhat,2,0
25311,Anitha Murthy,Nagaraj Desai,2,0
25314,Nagaraj Prasad,Ravi Patil,2,0
25315,Manjunath Bhat,Vinutha Iyengar,2,0
25316,Nagaraj Rao,Ravi Naik,2,7
25324,Prakash Shetty,Shivakumar Reddy,2,0
25325,Mary Rao,Nagaraj Bhat,2,3
25326,Manjunath Reddy,Prakash Naik,2,2
25329,Ashwini Iyengar,Chetan Shetty,2,4
25333,Fatima Bhat,Prakash Kulkarni,2,7
25334,Chetan Patil,Deepak Reddy,2,4
25335,Deepak Reddy,Prakash Kulkarni,2,7
25336,Chetan Patil,Prakash Kulkarni,2,4
25338,Anitha Iyengar,Shivakumar Patil,2,0
25343,Imran Kulkarni,Ravi Iyengar,2,0
25344,Anitha Desai,Ravi Iyengar,2,0
25347,Girish Bhat,Girish Shetty,2,6
25355,Imran Kumar,Prakash Patil,2,0
25358,Deepak Kulkarni,Imran Reddy,2,0
25359,Deepak Bhat,Imran Kumar,2,0
25360,Deepak Bhat,Imran Reddy,2,0
25362,Fatima Iyengar,Mary Kulkarni,2,1
25366,Ashwini Hegde,Shivakumar Gowda,2,3
25367,Chetan Gowda,Suresh Desai,2,0
25371,Manjunath Iyengar,Suresh Bhat,2,7
25372,Ashwini Bhat,Manjunath Iyengar,2,0
25374,Lakshmi Reddy,Suresh Gowda,2,8
25375,Lakshmi Reddy,Vinutha Iyengar,2,8
25376,Anitha Desai,Shivakumar Iyengar,2,0
25380,Bhavana Hegde,Prakash Hegde,2,0
25384,Chetan Naik,Chetan Patil,2,4
25385,Lakshmi Hegde,Prakash Iyengar,2,1
25387,Chetan Gowda,Vinutha Shetty,2,0
25390,Ravi Reddy,Suresh Desai,2,1
25392,Ravi Murthy,Ravi Reddy,2,1
25397,Imran Desai,Vinutha Kulkarni,2,8
25400,Joseph Nayak,Manjunath Nayak,2,5
25402,Joseph Nayak,Lakshmi Naik,2,0
25403,Joseph Nayak,Shivakumar Naik,2,5
25405,Bhavana Naik,Chetan Murthy,2,3
25407,Ashwini Hegde,Kiran Shetty,2,0
25411,Kiran Gowda,Vinutha Patil,2,2
25419,Pooja Prasad,Vinutha Murthy,2,0
25421,Chetan Iyengar,Mary Rao,2,0
25431,Deepak Rao,Imran Rao,2,7
25432,Joseph Patil,Nagaraj Patil,2,3
25433,Nagaraj Iyengar,Vinutha Kumar,2,0
25434,Prakash Prasad,Vinutha Kumar,2,0
25441,Chetan Shetty,Rekha Nayak,2,8
25447,Manjunath Bhat,Manjunath Kumar,2,3
25450,Basavaraj Iyengar,Rekha Desai,2,3
25452,Lakshmi Bhat,Nagaraj Patil,2,2
25454,Basavaraj Bhat,Suresh Iyengar,2,2
25457,Joseph Rao,Shivakumar Kumar,2,0
25464,Joseph Desai,Vinutha Prasad,2,0
25469,Anitha Nayak,Chetan Shetty,2,0
25473,Fatima Patil,Pooja Murthy,2,0
25475,Bhavana Naik,Suresh Desai,2,3
25477,Imran Reddy,Suresh Desai,2,0
25481,Ashwini Desai,Ashwini Iyengar,2,4
25488,Deepak Hegde,Girish Desai,2,0
25490,Girish Iyengar,Vinutha Shetty,2,0
25495,Ashwini Gowda,Joseph Gowda,2,0
25496,Ashwini Gowda,Vinutha Shetty,2,0
25499,Pooja Iyengar,Pooja Naik,2,5
25504,Lakshmi Naik,Prakash Patil,2,0
25505,Kiran Iyengar,Lakshmi Naik,2,0
25507,Lakshmi Naik,Pooja Bhat,2,5
25512,Basavaraj Nayak,Imran Reddy,2,0
25518,Shivakumar Bhat,Shivakumar Murthy,2,0
25523,Manjunath Bhat,Suresh Iyengar,2,0
25524,Vinutha Shetty,Yashwanth Desai,2,0
25526,Kiran Rao,Vinutha Shetty,2,0
25530,Girish Kumar,Nagaraj Shetty,2,0
25532,Shivakumar Naik,Shivakumar Shetty,2,5
25537,Lakshmi Shetty,Rekha Iyengar,2,4
25540,Anitha Rao,Prakash Naik,2,4
25541,Chetan Kumar,Nagaraj Shetty,2,0
25543,Girish Iyengar,Kiran Desai,2,0
25551,Anitha Desai,Lakshmi Kulkarni,2,0
25553,Kiran Desai,Rekha Kumar,2,0
25555,Anitha Hegde,Rekha Rao,2,0
25556,Basavaraj Hegde,Rekha Rao,2,0
25562,Anitha Desai,Rekha Hegde,2,0
25571,Girish Desai,Kiran Murthy,2,8
25572,Mary Reddy,Vinutha Kulkarni,2,5
25577,Bhavana Rao,Ravi Reddy,2,1
25578,Ravi Iyengar,Ravi Reddy,2,1
25579,Shivakumar Prasad,Suresh Desai,2,0
25581,Manjunath Iyengar,Mary Bhat,2,0
25583,Deepak Bhat,Lakshmi Rao,2,7
25584,Joseph Rao,Manjunath Gowda,2,0
25586,Pooja Murthy,Pooja Prasad,2,0
25591,Basavaraj Prasad,Ravi Patil,2,0
25594,Girish Patil,Suresh Bhat,2,7
25595,Joseph Iyengar,Mary Hegde,2,6
25596,Mary Kulkarni,Nagaraj Prasad,2,0
25598,Ashwini Prasad,Vinutha Reddy,2,0
25600,Kiran Nayak,Ravi Nayak,2,1
25602,Ashwini Murthy,Chetan Kulkarni,2,0
25603,Basavaraj Desai,Mary Murthy,2,8
25605,Basavaraj Desai,Imran Patil,2,0
25612,Kiran Bhat,Suresh Naik,2,0
25614,Deepak Desai,Suresh Naik,2,0
25615,Nagaraj Patil,Suresh Naik,2,2
25616,Deepak Kulkarni,Pooja Iyengar,2,5
25618,Imran Desai,Vinutha Iyengar,2,8
25624,Bhavana Murthy,Kiran Iyengar,2,0
25626,Chetan Desai,Deepak Desai,2,0
25627,Chetan Desai,Prakash Patil,2,0
25630,Anitha Kumar,Rekha Shetty,2,3
25631,Basavaraj Patil,Mary Naik,2,2
25633,Deepak Iyengar,Vinutha Murthy,2,3
25641,Bhavana Iyengar,Vinutha Iyengar,2,0
25647,Basavaraj Kulkarni,Imran Gowda,2,0
25648,Basavaraj Desai,Shivakumar Iyengar,2,0
25649,Imran Prasad,Prakash Hegde,2,0
25650,Imran Prasad,Yashwanth Patil,2,0
25652,Lakshmi Shetty,Ravi Shetty,2,0
25657,Kiran Prasad,Vinutha Hegde,2,0
25664,Bhavana Shetty,Joseph Prasad,2,0
25673,Deepak Kulkarni,Fatima Shetty,2,7
25676,Fatima Kulkarni,Kiran Gowda,2,3
25680,Manjunath Shetty,Prakash Patil,2,4
25681,Deepak Patil,Yashwanth Gowda,2,2
25687,Nagaraj Iyengar,Suresh Naik,2,0
25688,Kiran Rao,Suresh Naik,2,0
25690,Nagaraj Iyengar,Prakash Shetty,2,0
25691,Basavaraj Bhat,Kiran Rao,2,2
25693,Basavaraj Bhat,Prakash Shetty,2,2
25695,Ravi Shetty,Suresh Hegde,2,0
25701,Imran Shetty,Shivakumar Bhat,2,0
25703,Shivakumar Desai,Suresh Kulkarni,2,4
25704,Kiran Prasad,Yashwanth Nayak,2,0
25706,Lakshmi Nayak,Lakshmi Prasad,2,1
25707,Prakash Gowda,Prakash Reddy,2,0
25711,Mary Gowda,Pooja Desai,2,0
25712,Lakshmi Prasad,Pooja Desai,2,0
25715,Lakshmi Prasad,Mary Gowda,2,0
25721,Manjunath Naik,Manjunath Nayak,2,5
25730,Ashwini Iyengar,Rekha Kumar,2,4
25734,Ashwini Prasad,Mary Prasad,2,0
25738,Joseph Desai,Vinutha Reddy,2,0
25745,Deepak Prasad,Kiran Iyengar,2,0
25747,Bhavana Patil,Joseph Iyengar,2,6
25748,Girish Patil,Manjunath Kumar,2,3
25753,Ashwini Reddy,Girish Nayak,2,0
25755,Deepak Hegde,Yashwanth Patil,2,0
25760,Lakshmi Kulkarni,Suresh Bhat,2,7
25765,Basavaraj Prasad,Rekha Desai,2,0
25772,Imran Naik,Joseph Kumar,2,2
25780,Joseph Naik,Nagaraj Kumar,2,5
25781,Joseph Patil,Yashwanth Nayak,2,3
25783,Basavaraj Bhat,Deepak Nayak,2,2
25786,Fatima Nayak,Joseph Gowda,2,0
25791,Imran Shetty,Joseph Murthy,2,0
25792,Joseph Murthy,Manjunath Prasad,2,0
25798,Basavaraj Shetty,Chetan Desai,2,0
25802,Fatima Gowda,Kiran Kumar,2,1
25805,Mary Kumar,Yashwanth Prasad,2,0
25807,Ashwini Shetty,Bhavana Gowda,2,1
25808,Yashwanth Nayak,Yashwanth Prasad,2,0
25810,Anitha Gowda,Shivakumar Naik,2,5
25811,Anitha Gowda,Prakash Prasad,2,0
25812,Girish Kulkarni,Prakash Nayak,2,5
25813,Ashwini Iyengar,Prakash Nayak,2,4
25815,Girish Reddy,Vinutha Iyengar,2,0
25816,Nagaraj Bhat,Vinutha Iyengar,2,3
25818,Deepak Patil,Prakash Bhat,2,2
25821,Chetan Patil,Mary Naik,2,4
25823,Basavaraj Gowda,Vinutha Kulkarni,2,0
25825,Deepak Kulkarni,Imran Prasad,2,0
25826,Fatima Shetty,Imran Prasad,2,7
25830,Joseph Desai,Manjunath Rao,2,0
25833,Deepak Iyengar,Prakash Rao,2,3
25834,Manjunath Shetty,Vinutha Nayak,2,4
25836,Joseph Prasad,Manjunath Kumar,2,3
25837,Anitha Shetty,Joseph Desai,2,0
25843,Girish Rao,Rekha Shetty,2,3
25849,Basavaraj Kulkarni,Nagaraj Nayak,2,0
25852,Mary Murthy,Vinutha Gowda,2,8
25853,Ashwini Gowda,Mary Murthy,2,8
25855,Lakshmi Iyengar,Vinutha Gowda,2,0
25861,Girish Gowda,Shivakumar Murthy,2,6
25865,Ashwini Patil,Rekha Nayak,2,8
25866,Ashwini Patil,Fatima Patil,2,0
25867,Bhavana Desai,Prakash Kumar,2,5
25868,Bhavana Desai,Ravi Patil,2,5
25872,Ravi Kulkarni,Rekha Desai,2,0
25875,Fatima Shetty,Vinutha Reddy,2,7
25880,Girish Bhat,Nagaraj Gowda,2,6
25881,Basavaraj Kumar,Bhavana Hegde,2,0
25883,Anitha Kumar,Ravi Iyengar,2,0
25885,Basavaraj Shetty,Imran Desai,2,8
25891,Chetan Murthy,Chetan Reddy,2,1
25893,Deepak Murthy,Joseph Prasad,2,0
25895,Joseph Prasad,Vinutha Gowda,2,0
25897,Manjunath Prasad,Pooja Shetty,2,6
25898,Anitha Naik,Bhavana Kumar,2,0
25901,Lakshmi Naik,Prakash Murthy,2,0
25902,Mary Murthy,Vinutha Bhat,2,8
25903,Anitha Bhat,Suresh Kulkarni,2,7
25907,Rekha Desai,Shivakumar Hegde,2,1
25908,Mary Bhat,Ravi Gowda,2,3
25921,Prakash Gowda,Ravi Patil,2,0
25928,Nagaraj Kumar,Shivakumar Naik,2,5
25929,Mary Shetty,Nagaraj Shetty,2,0
25932,Kiran Murthy,Shivakumar Shetty,2,8
25936,Fatima Shetty,Ravi Patil,2,7
25938,Chetan Murthy,Fatima Shetty,2,7
25939,Chetan Murthy,Ravi Patil,2,0
25948,Mary Nayak,Suresh Prasad,2,0
25949,Nagaraj Kulkarni,Yashwanth Gowda,2,4
25952,Basavaraj Bhat,Manjunath Naik,2,2
25953,Basavaraj Bhat,Deepak Murthy,2,2
25954,Rekha Bhat,Shivakumar Bhat,2,0
25956,Girish Kumar,Shivakumar Kumar,2,0
25964,Vinutha Patil,Vinutha Prasad,2,2
25966,Imran Prasad,Lakshmi Shetty,2,0
25969,Lakshmi Shetty,Pooja Murthy,2,0
25972,Suresh Kumar,Vinutha Naik,2,0
25974,Nagaraj Hegde,Ravi Reddy,2,1
25977,Fatima Prasad,Mary Prasad,2,0
25990,Basavaraj Iyengar,Bhavana Kulkarni,2,3
25991,Girish Reddy,Vinutha Desai,2,0
25993,Basavaraj Iyengar,Vinutha Desai,2,3
26003,Lakshmi Kulkarni,Shivakumar Kumar,2,0
26005,Fatima Shetty,Girish Hegde,2,7
26006,Nagaraj Naik,Suresh Prasad,2,0
26010,Chetan Shetty,Imran Iyengar,2,0
26011,Imran Naik,Vinutha Patil,2,2
26027,Ashwini Bhat,Yashwanth Patil,2,0
26030,Anitha Patil,Lakshmi Bhat,2,0
26032,Basavaraj Desai,Rekha Naik,2,0
26036,Basavaraj Iyengar,Mary Iyengar,2,3
26037,Kiran Prasad,Shivakumar Bhat,2,0
26038,Basavaraj Rao,Vinutha Prasad,2,0
26053,Anitha Patil,Fatima Murthy,2,0
26054,Girish Nayak,Vinutha Desai,2,0
26055,Bhavana Reddy,Girish Nayak,2,0
26060,Lakshmi Prasad,Yashwanth Nayak,2,0
26065,Chetan Murthy,Nagaraj Hegde,2,0
26066,Deepak Murthy,Nagaraj Hegde,2,0
26071,Bhavana Rao,Kiran Iyengar,2,0
26082,Deepak Rao,Deepak Shetty,2,7
26083,Deepak Shetty,Joseph Murthy,2,0
26088,Imran Gowda,Shivakumar Murthy,2,0
26089,Anitha Hegde,Shivakumar Murthy,2,0
26092,Ashwini Hegde,Prakash Gowda,2,0
26098,Basavaraj Bhat,Chetan Reddy,2,2
26100,Basavaraj Bhat,Rekha Naik,2,2
26104,Pooja Desai,Suresh Iyengar,2,0
26105,Imran Naik,Suresh Iyengar,2,0
26106,Imran Naik,Pooja Desai,2,0
26107,Joseph Kulkarni,Vinutha Iyengar,2,0
26108,Joseph Kulkarni,Shivakumar Bhat,2,0
26112,Joseph Naik,Kiran Shetty,2,5
26117,Suresh Prasad,Vinutha Gowda,2,0
26118,Deepak Hegde,Vinutha Gowda,2,0
26124,Basavaraj Iyengar,Kiran Iyengar,2,3
26128,Kiran Iyengar,Ravi Iyengar,2,0
26133,Mary Naik,Vinutha Reddy,2,7
26134,Ashwini Nayak,Lakshmi Prasad,2,0
26136,Fatima Kulkarni,Pooja Kumar,2,3
26138,Lakshmi Iyengar,Lakshmi Kulkarni,2,0
26139,Girish Rao,Lakshmi Iyengar,2,0
26140,Ashwini Iyengar,Suresh Iyengar,2,4
26142,Fatima Nayak,Suresh Iyengar,2,0
26145,Anitha Gowda,Imran Gowda,2,0
26147,Imran Desai,Lakshmi Iyengar,2,8
26148,Rekha Prasad,Shivakumar Kumar,2,0
26150,Kiran Prasad,Rekha Desai,2,0
26156,Anitha Naik,Manjunath Gowda,2,0
26161,Joseph Kumar,Prakash Patil,2,2
26170,Bhavana Rao,Ravi Bhat,2,0
26174,Kiran Gowda,Nagaraj Reddy,2,7
26184,Basavaraj Bhat,Lakshmi Rao,2,2
26185,Imran Naik,Pooja Nayak,2,0
26186,Anitha Naik,Imran Naik,2,0
26187,Imran Naik,Prakash Gowda,2,0
26191,Mary Murthy,Yashwanth Naik,2,8
26193,Chetan Rao,Rekha Iyengar,2,4
26194,Bhavana Shetty,Vinutha Nayak,2,0
26196,Rekha Murthy,Yashwanth Rao,2,7
26198,Prakash Gowda,Rekha Murthy,2,7
26199,Girish Desai,Rekha Reddy,2,0
26213,Shivakumar Hegde,Vinutha Shetty,2,1
26218,Suresh Nayak,Vinutha Shetty,2,0
26220,Deepak Kulkarni,Imran Iyengar,2,0
26221,Imran Iyengar,Vinutha Shetty,2,0
26229,Chetan Gowda,Ravi Shetty,2,0
26233,Deepak Kumar,Kiran Rao,2,0
26234,Anitha Patil,Suresh Murthy,2,0
26237,Kiran Murthy,Vinutha Patil,2,8
26240,Bhavana Gowda,Rekha Prasad,2,1
26244,Kiran Naik,Nagaraj Naik,2,0
26245,Girish Reddy,Mary Naik,2,7
26250,Shivakumar Patil,Yashwanth Naik,2,0
26254,Chetan Desai,Imran Rao,2,8
26260,Ashwini Gowda,Girish Patil,2,0
26261,Ravi Reddy,Shivakumar Naik,2,1
26263,Deepak Reddy,Kiran Prasad,2,0
26268,Joseph Hegde,Prakash Nayak,2,7
26270,Kiran Gowda,Rekha Kulkarni,2,0
26274,Basavaraj Kumar,Joseph Desai,2,0
26276,Anitha Hegde,Deepak Gowda,2,0
26278,Anitha Hegde,Nagaraj Kumar,2,0
26282,Bhavana Gowda,Ravi Kulkarni,2,1
26289,Fatima Naik,Vinutha Reddy,2,0
26295,Anitha Reddy,Yashwanth Reddy,2,5
26296,Nagaraj Nayak,Yashwanth Reddy,2,5
26297,Bhavana Patil,Manjunath Nayak,2,5
26305,Mary Reddy,Vinutha Kumar,2,5
26308,Chetan Iyengar,Vinutha Kumar,2,0
26319,Kiran Murthy,Lakshmi Iyengar,2,8
26324,Girish Rao,Suresh Prasad,2,0
26328,Deepak Prasad,Nagaraj Bhat,2,3
26331,Chetan Prasad,Deepak Hegde,2,6
26332,Joseph Kulkarni,Prakash Shetty,2,0
26333,Pooja Prasad,Shivakumar Bhat,2,0
26338,Fatima Hegde,Joseph Kumar,2,2
26339,Chetan Reddy,Prakash Iyengar,2,1
26345,Chetan Kumar,Ravi Shetty,2,0
26362,Kiran Bhat,Vinutha Reddy,2,0
26370,Bhavana Naik,Imran Patil,2,3
26375,Imran Desai,Lakshmi Desai,2,8
26377,Mary Rao,Nagaraj Rao,2,0
26378,Joseph Prasad,Nagaraj Rao,2,0
26380,Kiran Nayak,Yashwanth Reddy,2,5
26381,Bhavana Rao,Vinutha Bhat,2,0
26382,Basavaraj Nayak,Deepak Desai,2,0
26383,Ravi Gowda,Suresh Kulkarni,2,3
26384,Anitha Shetty,Ravi Hegde,2,0
26387,Girish Nayak,Lakshmi Shetty,2,0
26388,Joseph Shetty,Vinutha Prasad,2,4
26392,Prakash Desai,Shivakumar Shetty,2,8
26393,Shivakumar Bhat,Shivakumar Shetty,2,8
26394,Deepak Naik,Shivakumar Kulkarni,2,0
26398,Lakshmi Iyengar,Shivakumar Bhat,2,0
26406,Kiran Nayak,Lakshmi Nayak,2,1
26411,Kiran Kulkarni,Prakash Rao,2,5
26419,Deepak Kulkarni,Deepak Naik,2,0
26425,Anitha Murthy,Mary Hegde,2,5
26429,Anitha Rao,Chetan Prasad,2,4
26431,Girish Murthy,Lakshmi Naik,2,0
26432,Basavaraj Murthy,Nagaraj Hegde,2,0
26433,Fatima Desai,Lakshmi Rao,2,7
26437,Chetan Nayak,Shivakumar Gowda,2,3
26440,Fatima Desai,Joseph Nayak,2,0
26446,Lakshmi Desai,Mary Rao,2,0
26447,Lakshmi Desai,Shivakumar Kulkarni,2,0
26452,Suresh Bhat,Yashwanth Desai,2,7
26457,Kiran Bhat,Shivakumar Bhat,2,0
26458,Manjunath Rao,Shivakumar Bhat,2,0
26463,Lakshmi Reddy,Vinutha Shetty,2,8
26468,Deepak Iyengar,Lakshmi Prasad,2,3
26472,Deepak Patil,Prakash Prasad,2,2
26474,Basavaraj Desai,Yashwanth Reddy,2,5
26476,Anitha Reddy,Lakshmi Murthy,2,0
26478,Lakshmi Murthy,Vinutha Reddy,2,0
26485,Mary Murthy,Mary Reddy,2,8
26487,Anitha Murthy,Kiran Desai,2,0
26488,Anitha Nayak,Joseph Kumar,2,2
26489,Pooja Rao,Prakash Iyengar,2,7
26491,Nagaraj Shetty,Pooja Rao,2,7
26495,Chetan Naik,Yashwanth Reddy,2,5
26496,Ravi Bhat,Suresh Prasad,2,0
26498,Anitha Kumar,Lakshmi Gowda,2,0
26499,Mary Reddy,Prakash Kulkarni,2,5
26504,Deepak Patil,Joseph Iyengar,2,2
26505,Ashwini Rao,Vinutha Kumar,2,0
26506,Kiran Prasad,Pooja Reddy,2,0
26508,Mary Naik,Prakash Naik,2,7
26513,Yashwanth Iyengar,Yashwanth Naik,2,7
26516,Mary Nayak,Yashwanth Iyengar,2,7
26518,Lakshmi Patil,Suresh Desai,2,0
26519,Manjunath Desai,Mary Bhat,2,8
26522,Joseph Gowda,Suresh Murthy,2,0
26524,Basavaraj Hegde,Chetan Patil,2,4
26529,Deepak Rao,Yashwanth Reddy,2,7
26531,Chetan Kulkarni,Kiran Kulkarni,2,5
26534,Ashwini Gowda,Girish Reddy,2,0
26538,Lakshmi Gowda,Mary Kulkarni,2,0
26541,Suresh Bhat,Vinutha Kumar,2,7
26543,Bhavana Prasad,Kiran Reddy,2,3
26544,Bhavana Prasad,Vinutha Shetty,2,3
26545,Bhavana Prasad,Yashwanth Reddy,2,3
26548,Girish Shetty,Kiran Rao,2,0
26550,Ashwini Nayak,Prakash Patil,2,0
26551,Lakshmi Rao,Shivakumar Shetty,2,7
26556,Girish Bhat,Yashwanth Rao,2,6
26563,Nagaraj Shetty,Ravi Iyengar,2,0
26565,Imran Gowda,Suresh Bhat,2,7
26568,Nagaraj Hegde,Ravi Kulkarni,2,0
26571,Basavaraj Kulkarni,Kiran Prasad,2,0
26573,Prakash Patil,Rekha Kumar,2,0
26574,Prakash Gowda,Rekha Shetty,2,3
26577,Anitha Gowda,Manjunath Iyengar,2,0
26578,Basavaraj Rao,Pooja Desai,2,0
26579,Kiran Hegde,Pooja Desai,2,3
26582,Basavaraj Desai,Basavaraj Kumar,2,0
26593,Bhavana Kulkarni,Deepak Gowda,2,0
26599,Shivakumar Murthy,Vinutha Iyengar,2,0
26600,Bhavana Murthy,Pooja Iyengar,2,5
26601,Fatima Naik,Shivakumar Naik,2,5
26604,Ashwini Desai,Manjunath Naik,2,0
26605,Girish Shetty,Manjunath Naik,2,0
26610,Anitha Hegde,Lakshmi Nayak,2,1
26612,Lakshmi Kulkarni,Lakshmi Nayak,2,1
26613,Anitha Patil,Manjunath Hegde,2,0
26614,Joseph Gowda,Yashwanth Desai,2,0
26615,Girish Shetty,Suresh Nayak,2,0
26616,Joseph Iyengar,Mary Murthy,2,6
26618,Bhavana Patil,Ravi Patil,2,0
26619,Bhavana Patil,Mary Murthy,2,8
26620,Anitha Rao,Mary Murthy,2,4
26626,Basavaraj Gowda,Prakash Iyengar,2,5
26629,Kiran Kulkarni,Prakash Iyengar,2,5
26630,Bhavana Hegde,Pooja Patil,2,0
26631,Basavaraj Patil,Chetan Kumar,2,2
26634,Ashwini Naik,Shivakumar Bhat,2,5
26640,Ashwini Reddy,Bhavana Nayak,2,2
26642,Kiran Prasad,Manjunath Reddy,2,0
26650,Basavaraj Iyengar,Imran Gowda,2,3
26654,Basavaraj Iyengar,Mary Desai,2,3
26655,Deepak Iyengar,Mary Desai,2,3
26656,Deepak Bhat,Deepak Iyengar,2,3
26659,Bhavana Desai,Shivakumar Kulkarni,2,5
26663,Kiran Shetty,Ravi Kumar,2,0
26665,Imran Prasad,Suresh Rao,2,0
26675,Manjunath Nayak,Manjunath Patil,2,5
26689,Lakshmi Iyengar,Suresh Bhat,2,7
26690,Chetan Hegde,Ravi Shetty,2,0
26693,Chetan Desai,Kiran Naik,2,0
26695,Prakash Gowda,Prakash Hegde,2,0
26696,Basavaraj Bhat,Deepak Naik,2,2
26697,Nagaraj Hegde,Rekha Bhat,2,0
26699,Pooja Kumar,Suresh Nayak,2,8
26704,Girish Bhat,Shivakumar Bhat,2,6
26707,Chetan Shetty,Nagaraj Iyengar,2,0
26709,Chetan Prasad,Nagaraj Kulkarni,2,6
26710,Nagaraj Kulkarni,Vinutha Nayak,2,4
26713,Manjunath Prasad,Ravi Naik,2,7
26716,Ashwini Prasad,Mary Rao,2,0
26717,Basavaraj Desai,Deepak Reddy,2,0
26721,Ashwini Gowda,Imran Nayak,2,0
26726,Imran Nayak,Mary Naik,2,7
26727,Joseph Kulkarni,Kiran Prasad,2,0
26729,Ashwini Patil,Pooja Rao,2,7
26743,Prakash Prasad,Vinutha Gowda,2,0
26752,Fatima Patil,Joseph Kulkarni,2,0
26757,Prakash Hegde,Yashwanth Kulkarni,2,0
26761,Kiran Naik,Ravi Rao,2,0
26769,Bhavana Naik,Shivakumar Rao,2,3
26770,Suresh Kumar,Yashwanth Kulkarni,2,0
26772,Deepak Bhat,Mary Patil,2,0
26773,Nagaraj Hegde,Pooja Patil,2,0
26775,Nagaraj Hegde,Yashwanth Bhat,2,3
26785,Imran Reddy,Kiran Patil,2,0
26786,Deepak Rao,Ravi Naik,2,7
26787,Basavaraj Kulkarni,Lakshmi Iyengar,2,0
26792,Basavaraj Kumar,Manjunath Kumar,2,3
26793,Anitha Prasad,Vinutha Prasad,2,0
26799,Imran Kulkarni,Kiran Prasad,2,0
26801,Ravi Rao,Rekha Hegde,2,0
26805,Pooja Naik,Rekha Murthy,2,7
26806,Rekha Naik,Suresh Nayak,2,0
26812,Chetan Nayak,Fatima Nayak,2,0
26820,Imran Prasad,Joseph Reddy,2,2
26830,Girish Naik,Imran Reddy,2,0
26831,Basavaraj Naik,Yashwanth Desai,2,0
26833,Basavaraj Naik,Joseph Kumar,2,2
26838,Ashwini Murthy,Deepak Rao,2,7
26839,Ashwini Murthy,Bhavana Patil,2,0
26844,Kiran Murthy,Ravi Murthy,2,8
26845,Fatima Prasad,Mary Desai,2,0
26847,Ashwini Shetty,Nagaraj Gowda,2,0
26849,Joseph Reddy,Manjunath Gowda,2,2
26851,Ashwini Shetty,Pooja Nayak,2,0
26855,Fatima Nayak,Kiran Iyengar,2,0
26856,Bhavana Nayak,Fatima Nayak,2,2
26857,Deepak Murthy,Lakshmi Patil,2,0
26859,Lakshmi Patil,Manjunath Desai,2,8
26871,Ravi Gowda,Suresh Gowda,2,3
26873,Shivakumar Kulkarni,Suresh Shetty,2,0
26877,Bhavana Bhat,Kiran Kulkarni,2,5
26879,Deepak Gowda,Lakshmi Kulkarni,2,0
26880,Imran Kumar,Suresh Nayak,2,0
26881,Anitha Reddy,Deepak Naik,2,0
26882,Kiran Patil,Manjunath Rao,2,0
26884,Bhavana Prasad,Rekha Kulkarni,2,3
26887,Lakshmi Bhat,Vinutha Desai,2,0
26888,Nagaraj Shetty,Vinutha Desai,2,0
26890,Anitha Kumar,Joseph Kulkarni,2,0
26893,Bhavana Iyengar,Girish Kulkarni,2,5
26894,Deepak Kulkarni,Girish Kulkarni,2,5
26896,Ravi Rao,Vinutha Bhat,2,0
26897,Anitha Nayak,Basavaraj Nayak,2,0
26906,Deepak Shetty,Kiran Hegde,2,3
26907,Deepak Shetty,Shivakumar Kumar,2,0
26910,Fatima Naik,Mary Reddy,2,5
26912,Anitha Rao,Fatima Kulkarni,2,4
26913,Manjunath Shetty,Prakash Hegde,2,4
26919,Fatima Gowda,Lakshmi Reddy,2,1
26929,Mary Iyengar,Rekha Rao,2,0
26932,Ashwini Rao,Shivakumar Bhat,2,0
26935,Basavaraj Patil,Mary Reddy,2,2
26938,Anitha Gowda,Imran Kumar,2,0
26940,Manjunath Iyengar,Pooja Gowda,2,3
26951,Manjunath Reddy,Nagaraj Shetty,2,0
26954,Prakash Murthy,Vinutha Naik,2,0
26959,Anitha Gowda,Rekha Kumar,2,0
26962,Basavaraj Hegde,Kiran Bhat,2,0
26964,Manjunath Hegde,Rekha Naik,2,0
26965,Mary Kulkarni,Ravi Kumar,2,0
26967,Mary Kulkarni,Yashwanth Kumar,2,0
26968,Chetan Murthy,Girish Murthy,2,0
26969,Manjunath Kumar,Shivakumar Bhat,2,3
26971,Chetan Shetty,Pooja Desai,2,0
26973,Anitha Bhat,Lakshmi Nayak,2,7
26974,Manjunath Desai,Nagaraj Bhat,2,8
26975,Nagaraj Bhat,Suresh Prasad,2,3
26978,Pooja Gowda,Ravi Hegde,2,3
26980,Girish Bhat,Kiran Kulkarni,2,6
26981,Girish Bhat,Shivakumar Naik,2,6
26991,Anitha Naik,Manjunath Shetty,2,4
26994,Imran Desai,Imran Rao,2,8
26996,Prakash Kulkarni,Yashwanth Desai,2,7
26997,Imran Naik,Manjunath Hegde,2,0
26998,Deepak Nayak,Nagaraj Naik,2,0
27000,Bhavana Gowda,Vinutha Desai,2,1
27001,Bhavana Gowda,Chetan Hegde,2,1
27005,Nagaraj Prasad,Shivakumar Kulkarni,2,0
27006,Pooja Hegde,Shivakumar Nayak,2,0
27012,Deepak Kulkarni,Nagaraj Iyengar,2,0
27015,Lakshmi Hegde,Manjunath Naik,2,1
27016,Mary Iyengar,Shivakumar Desai,2,4
27019,Mary Prasad,Suresh Kumar,2,0
27020,Pooja Prasad,Yashwanth Desai,2,0
27024,Deepak Rao,Vinutha Nayak,2,7
27027,Bhavana Iyengar,Rekha Kumar,2,0
27033,Rekha Prasad,Vinutha Shetty,2,0
27035,Chetan Rao,Mary Iyengar,2,0
27040,Anitha Rao,Mary Desai,2,4
27041,Bhavana Iyengar,Mary Desai,2,0
27048,Pooja Kumar,Suresh Naik,2,8
27052,Basavaraj Bhat,Girish Rao,2,2
27062,Basavaraj Hegde,Yashwanth Shetty,2,0
27065,Anitha Reddy,Bhavana Iyengar,2,0
27066,Fatima Kumar,Joseph Gowda,2,0
27067,Suresh Hegde,Suresh Nayak,2,0
27075,Girish Reddy,Pooja Rao,2,7
27076,Deepak Desai,Pooja Rao,2,7
27078,Anitha Desai,Manjunath Murthy,2,0
27084,Nagaraj Bhat,Nagaraj Hegde,2,3
27088,Anitha Kulkarni,Imran Reddy,2,0
27089,Manjunath Patil,Ravi Desai,2,0
27091,Deepak Nayak,Shivakumar Reddy,2,0
27093,Anitha Shetty,Joseph Nayak,2,0
27095,Anitha Patil,Fatima Shetty,2,7
27105,Manjunath Gowda,Manjunath Rao,2,0
27108,Lakshmi Iyengar,Vinutha Nayak,2,0
27109,Mary Prasad,Vinutha Nayak,2,0
27111,Manjunath Gowda,Pooja Gowda,2,3
27114,Anitha Patil,Imran Reddy,2,0
27117,Basavaraj Reddy,Chetan Prasad,2,6
27123,Girish Hegde,Imran Reddy,2,4
27125,Girish Hegde,Pooja Prasad,2,4
27130,Ashwini Bhat,Pooja Rao,2,7
27131,Joseph Kumar,Vinutha Patil,2,2
27132,Chetan Kumar,Rekha Desai,2,0
27135,Ravi Naik,Shivakumar Kumar,2,7
27137,Kiran Murthy,Prakash Iyengar,2,8
27138,Kiran Kulkarni,Lakshmi Nayak,2,5
27142,Fatima Reddy,Prakash Iyengar,2,5
27145,Fatima Murthy,Manjunath Bhat,2,0
27148,Girish Patil,Imran Rao,2,8
27149,Imran Rao,Prakash Patil,2,8
27155,Anitha Nayak,Ashwini Nayak,2,0
27161,Kiran Bhat,Manjunath Naik,2,0
27164,Chetan Naik,Lakshmi Kumar,2,4
27166,Shivakumar Desai,Yashwanth Prasad,2,4
27173,Chetan Naik,Yashwanth Nayak,2,0
27176,Ashwini Gowda,Vinutha Reddy,2,0
27179,Ashwini Rao,Ravi Murthy,2,0
27180,Suresh Bhat,Yashwanth Hegde,2,7
27181,Imran Rao,Shivakumar Murthy,2,8
27182,Deepak Rao,Shivakumar Murthy,2,7
27190,Girish Gowda,Prakash Reddy,2,6
27196,Pooja Naik,Shivakumar Kumar,2,0
27197,Anitha Reddy,Pooja Naik,2,0
27207,Deepak Prasad,Lakshmi Kumar,2,4
27211,Deepak Patil,Nagaraj Patil,2,2
27212,Pooja Patil,Ravi Nayak,2,1
27217,Kiran Prasad,Rekha Bhat,2,0
27218,Manjunath Shetty,Suresh Iyengar,2,4
27221,Nagaraj Patil,Prakash Naik,2,2
27222,Shivakumar Desai,Yashwanth Gowda,2,4
27224,Pooja Patil,Vinutha Desai,2,0
27226,Bhavana Iyengar,Suresh Iyengar,2,0
27230,Girish Hegde,Kiran Patil,2,4
27236,Girish Hegde,Kiran Hegde,2,4
27237,Manjunath Murthy,Mary Kulkarni,2,0
27238,Manjunath Naik,Yashwanth Bhat,2,3
27241,Girish Gowda,Manjunath Gowda,2,6
27243,Mary Shetty,Yashwanth Kumar,2,0
27244,Bhavana Gowda,Chetan Naik,2,1
27246,Deepak Shetty,Vinutha Naik,2,0
27247,Basavaraj Reddy,Lakshmi Prasad,2,0
27249,Chetan Gowda,Joseph Kulkarni,2,0
27252,Chetan Hegde,Joseph Kulkarni,2,0
27254,Ravi Bhat,Vinutha Murthy,2,0
27256,Joseph Bhat,Ravi Kulkarni,2,0
27261,Ashwini Rao,Pooja Patil,2,0
27265,Kiran Murthy,Rekha Nayak,2,8
27267,Anitha Desai,Ravi Kumar,2,0
27269,Fatima Reddy,Rekha Nayak,2,8
27279,Ashwini Prasad,Prakash Desai,2,0
27282,Manjunath Reddy,Nagaraj Hegde,2,0
27288,Mary Murthy,Shivakumar Patil,2,8
27290,Mary Murthy,Vinutha Hegde,2,8
27293,Girish Nayak,Rekha Kumar,2,0
27294,Fatima Iyengar,Girish Nayak,2,1
27297,Girish Gowda,Imran Nayak,2,6
27304,Vinutha Prasad,Vinutha Rao,2,0
27306,Prakash Desai,Ravi Desai,2,0
27308,Girish Desai,Prakash Prasad,2,0
27309,Girish Iyengar,Prakash Prasad,2,0
27312,Joseph Desai,Ravi Naik,2,7
27315,Imran Rao,Joseph Desai,2,8
27317,Bhavana Kumar,Imran Rao,2,8
27323,Girish Rao,Nagaraj Hegde,2,0
27327,Bhavana Rao,Chetan Hegde,2,0
27336,Lakshmi Hegde,Lakshmi Kumar,2,1
27339,Fatima Desai,Pooja Rao,2,7
27343,Bhavana Rao,Joseph Gowda,2,0
27346,Basavaraj Reddy,Vinutha Nayak,2,0
27349,Bhavana Prasad,Nagaraj Naik,2,3
27350,Anitha Desai,Basavaraj Shetty,2,0
27351,Anitha Desai,Lakshmi Prasad,2,0
27360,Bhavana Naik,Joseph Shetty,2,3
27363,Girish Reddy,Shivakumar Reddy,2,0
27364,Fatima Bhat,Shivakumar Reddy,2,0
27365,Bhavana Murthy,Vinutha Reddy,2,0
27367,Deepak Hegde,Manjunath Desai,2,8
27369,Basavaraj Patil,Manjunath Naik,2,2
27372,Anitha Bhat,Deepak Kumar,2,7
27373,Anitha Bhat,Deepak Hegde,2,7
27382,Chetan Bhat,Nagaraj Shetty,2,0
27383,Nagaraj Shetty,Vinutha Reddy,2,0
27388,Yashwanth Gowda,Yashwanth Nayak,2,0
27395,Bhavana Kulkarni,Mary Bhat,2,0
27396,Ashwini Naik,Joseph Hegde,2,5
27397,Ashwini Naik,Pooja Shetty,2,5
27399,Fatima Prasad,Nagaraj Bhat,2,3
27401,Deepak Rao,Imran Prasad,2,7
27410,Pooja Murthy,Vinutha Rao,2,0
27412,Kiran Gowda,Manjunath Rao,2,0
27415,Bhavana Hegde,Deepak Murthy,2,0
27417,Deepak Desai,Vinutha Patil,2,2
27422,Basavaraj Naik,Suresh Gowda,2,0
27424,Chetan Kumar,Kiran Hegde,2,3
27430,Girish Nayak,Imran Kumar,2,0
27432,Imran Kumar,Rekha Shetty,2,3
27433,Imran Kumar,Pooja Hegde,2,0
27441,Bhavana Naik,Manjunath Rao,2,3
27442,Deepak Patil,Joseph Reddy,2,2
27443,Prakash Iyengar,Shivakumar Murthy,2,5
27448,Lakshmi Iyengar,Nagaraj Shetty,2,0
27451,Joseph Prasad,Shivakumar Rao,2,0
27454,Prakash Desai,Ravi Patil,2,0
27459,Suresh Patil,Vinutha Gowda,2,0
27462,Manjunath Prasad,Rekha Prasad,2,0
27466,Prakash Reddy,Yashwanth Shetty,2,0
27467,Prakash Reddy,Shivakumar Patil,2,0
27471,Chetan Murthy,Pooja Nayak,2,0
27478,Anitha Hegde,Girish Reddy,2,0
27481,Suresh Nayak,Yashwanth Reddy,2,5
27482,Chetan Kulkarni,Rekha Rao,2,0
27489,Joseph Iyengar,Yashwanth Gowda,2,6
27491,Girish Reddy,Imran Murthy,2,0
27492,Fatima Iyengar,Prakash Bhat,2,1
27493,Lakshmi Patil,Prakash Bhat,2,0
27495,Anitha Murthy,Pooja Prasad,2,0
27496,Nagaraj Murthy,Suresh Nayak,2,0
27502,Kiran Kulkarni,Suresh Desai,2,5
27504,Suresh Nayak,Vinutha Reddy,2,0
27507,Vinutha Kumar,Vinutha Rao,2,0
27509,Girish Iyengar,Nagaraj Prasad,2,0
27511,Shivakumar Desai,Vinutha Hegde,2,4
27512,Deepak Desai,Vinutha Hegde,2,0
27514,Bhavana Gowda,Nagaraj Kumar,2,1
27517,Girish Shetty,Nagaraj Iyengar,2,0
27520,Girish Gowda,Vinutha Reddy,2,6
27521,Ravi Patil,Suresh Nayak,2,0
27522,Suresh Murthy,Yashwanth Kulkarni,2,0
27533,Basavaraj Patil,Bhavana Naik,2,2
27536,Anitha Rao,Vinutha Rao,2,4
27537,Ashwini Shetty,Fatima Kulkarni,2,3
27544,Manjunath Hegde,Mary Naik,2,7
27549,Joseph Patil,Yashwanth Kulkarni,2,3
27557,Basavaraj Iyengar,Fatima Reddy,2,3
27558,Anitha Rao,Girish Reddy,2,4
27560,Fatima Reddy,Girish Reddy,2,0
27563,Bhavana Iyengar,Lakshmi Iyengar,2,0
27569,Mary Naik,Shivakumar Murthy,2,7
27572,Anitha Prasad,Yashwanth Patil,2,0
27576,Anitha Prasad,Rekha Rao,2,0
27584,Lakshmi Nayak,Rekha Nayak,2,1
27589,Ashwini Prasad,Prakash Gowda,2,0
27594,Deepak Rao,Vinutha Rao,2,7
27600,Lakshmi Nayak,Shivakumar Patil,2,1
27601,Kiran Iyengar,Suresh Nayak,2,0
27622,Chetan Iyengar,Pooja Rao,2,7
27624,Deepak Naik,Ravi Rao,2,0
27626,Chetan Reddy,Vinutha Naik,2,1
27627,Girish Nayak,Vinutha Patil,2,2
27628,Ravi Nayak,Vinutha Rao,2,1
27631,Shivakumar Gowda,Shivakumar Patil,2,3
27632,Rekha Kumar,Shivakumar Patil,2,0
27633,Rekha Kumar,Shivakumar Gowda,2,3
27642,Kiran Nayak,Rekha Kulkarni,2,0
27644,Kiran Kulkarni,Yashwanth Shetty,2,5
27646,Girish Prasad,Suresh Naik,2,0
27650,Yashwanth Reddy,Yashwanth Shetty,2,5
27651,Basavaraj Naik,Lakshmi Patil,2,0
27652,Basavaraj Reddy,Suresh Rao,2,0
27655,Suresh Shetty,Vinutha Shetty,2,0
27663,Basavaraj Desai,Prakash Iyengar,2,5
27665,Joseph Kulkarni,Mary Rao,2,0
27666,Mary Rao,Suresh Rao,2,0
27669,Ashwini Naik,Basavaraj Iyengar,2,5
27670,Basavaraj Iyengar,Mary Hegde,2,3
27680,Deepak Gowda,Girish Rao,2,0
27681,Lakshmi Hegde,Suresh Iyengar,2,1
27684,Girish Gowda,Shivakumar Iyengar,2,6
27686,Nagaraj Shetty,Suresh Kumar,2,0
27690,Ravi Reddy,Suresh Kumar,2,1
27697,Mary Bhat,Ravi Kumar,2,0
27698,Mary Bhat,Shivakumar Bhat,2,0
27703,Fatima Naik,Shivakumar Bhat,2,0
27713,Basavaraj Naik,Rekha Shetty,2,3
27714,Nagaraj Desai,Vinutha Rao,2,0
27719,Deepak Murthy,Ravi Kumar,2,0
27721,Ravi Kumar,Yashwanth Desai,2,0
27722,Deepak Murthy,Shivakumar Gowda,2,3
27723,Deepak Murthy,Yashwanth Desai,2,0
27725,Anitha Bhat,Rekha Desai,2,7
27726,Anitha Bhat,Kiran Desai,2,7
27736,Imran Reddy,Kiran Rao,2,0
27737,Basavaraj Gowda,Chetan Nayak,2,0
27744,Bhavana Desai,Imran Murthy,2,5
27747,Kiran Kumar,Ravi Desai,2,0
27748,Anitha Kumar,Girish Gowda,2,6
27753,Manjunath Kumar,Nagaraj Naik,2,3
27756,Suresh Patil,Suresh Reddy,2,0
27762,Lakshmi Murthy,Mary Reddy,2,5
27763,Mary Reddy,Shivakumar Rao,2,5
27764,Lakshmi Murthy,Shivakumar Prasad,2,0
27768,Mary Nayak,Yashwanth Gowda,2,0
27770,Basavaraj Patil,Girish Gowda,2,2
27772,Mary Hegde,Prakash Rao,2,5
27777,Joseph Prasad,Lakshmi Rao,2,7
27778,Anitha Kumar,Rekha Patil,2,0
27779,Basavaraj Naik,Rekha Patil,2,0
27781,Bhavana Naik,Shivakumar Bhat,2,3
27782,Imran Desai,Mary Gowda,2,8
27789,Basavaraj Kulkarni,Manjunath Naik,2,0
27791,Joseph Kulkarni,Shivakumar Gowda,2,3
27794,Bhavana Kulkarni,Yashwanth Kulkarni,2,0
27798,Bhavana Kulkarni,Mary Kulkarni,2,0
27800,Joseph Iyengar,Suresh Prasad,2,6
27801,Ashwini Iyengar,Manjunath Gowda,2,4
27802,Ashwini Iyengar,Pooja Prasad,2,4
27805,Basavaraj Gowda,Yashwanth Naik,2,0
27807,Basavaraj Gowda,Mary Desai,2,0
27808,Basavaraj Gowda,Bhavana Shetty,2,0
27810,Kiran Iyengar,Nagaraj Kulkarni,2,4
27811,Chetan Shetty,Shivakumar Shetty,2,8
27812,Mary Kulkarni,Shivakumar Shetty,2,8
27813,Manjunath Gowda,Vinutha Shetty,2,0
27816,Mary Naik,Nagaraj Rao,2,7
27817,Manjunath Naik,Mary Naik,2,7
27822,Kiran Patil,Mary Nayak,2,0
27824,Bhavana Murthy,Fatima Iyengar,2,1
27825,Bhavana Murthy,Rekha Shetty,2,3
27828,Manjunath Bhat,Vinutha Desai,2,0
27829,Anitha Prasad,Bhavana Kumar,2,0
27833,Manjunath Nayak,Pooja Kumar,2,5
27834,Girish Murthy,Pooja Kumar,2,8
27835,Chetan Naik,Mary Gowda,2,0
27836,Chetan Kulkarni,Chetan Naik,2,0
27852,Imran Rao,Mary Murthy,2,8
27855,Pooja Murthy,Yashwanth Naik,2,0
27857,Basavaraj Hegde,Deepak Naik,2,0
27859,Girish Prasad,Rekha Nayak,2,8
27871,Basavaraj Kulkarni,Rekha Murthy,2,7
27872,Basavaraj Patil,Joseph Desai,2,2
27873,Ashwini Kumar,Yashwanth Kulkarni,2,0
27877,Ashwini Reddy,Imran Shetty,2,0
27880,Basavaraj Kumar,Bhavana Nayak,2,2
27882,Anitha Bhat,Nagaraj Reddy,2,7
27893,Basavaraj Reddy,Yashwanth Shetty,2,0
27895,Manjunath Gowda,Pooja Shetty,2,6
27896,Chetan Kulkarni,Deepak Desai,2,0
27897,Imran Desai,Ravi Shetty,2,8
27900,Basavaraj Kumar,Fatima Reddy,2,0
27901,Deepak Iyengar,Fatima Shetty,2,3
27916,Mary Hegde,Nagaraj Bhat,2,5
27917,Nagaraj Bhat,Nagaraj Desai,2,3
27918,Mary Hegde,Nagaraj Desai,2,5
27926,Imran Patil,Vinutha Patil,2,2
27927,Anitha Nayak,Vinutha Iyengar,2,0
27931,Bhavana Nayak,Prakash Nayak,2,2
27934,Bhavana Prasad,Manjunath Kulkarni,2,3
27937,Anitha Rao,Fatima Rao,2,4
27938,Anitha Gowda,Fatima Rao,2,0
27946,Kiran Kumar,Vinutha Iyengar,2,0
27947,Kiran Kumar,Suresh Shetty,2,0
27948,Chetan Kulkarni,Mary Patil,2,0
27950,Girish Kulkarni,Girish Reddy,2,5
27953,Fatima Reddy,Rekha Murthy,2,7
27954,Chetan Naik,Manjunath Patil,2,0
27955,Manjunath Patil,Nagaraj Kumar,2,0
27962,Deepak Nayak,Imran Patil,2,0
27966,Basavaraj Reddy,Mary Bhat,2,0
27969,Manjunath Gowda,Mary Naik,2,7
27977,Kiran Hegde,Rekha Rao,2,3
27979,Chetan Iyengar,Suresh Reddy,2,0
27988,Imran Naik,Shivakumar Shetty,2,8
27992,Pooja Hegde,Ravi Nayak,2,1
27993,Fatima Prasad,Girish Murthy,2,0
27995,Fatima Prasad,Kiran Naik,2,0
28000,Imran Hegde,Joseph Prasad,2,0
28004,Fatima Desai,Mary Kumar,2,0
28008,Anitha Kumar,Fatima Iyengar,2,1
28009,Anitha Desai,Fatima Iyengar,2,1
28012,Pooja Nayak,Vinutha Bhat,2,0
28013,Pooja Nayak,Suresh Desai,2,0
28014,Ashwini Shetty,Bhavana Nayak,2,2
28017,Deepak Murthy,Nagaraj Patil,2,2
28022,Chetan Gowda,Kiran Kumar,2,0
28029,Basavaraj Naik,Suresh Murthy,2,0
28032,Imran Patil,Suresh Naik,2,0
28033,Joseph Kumar,Kiran Hegde,2,2
28034,Joseph Kumar,Shivakumar Hegde,2,2
28035,Lakshmi Shetty,Yashwanth Desai,2,0
28036,Basavaraj Gowda,Joseph Naik,2,5
28043,Ashwini Kulkarni,Suresh Shetty,2,0
28044,Ashwini Kulkarni,Imran Nayak,2,0
28048,Anitha Naik,Girish Prasad,2,0
28049,Girish Prasad,Ravi Desai,2,0
28051,Nagaraj Nayak,Suresh Bhat,2,7
28055,Deepak Naik,Suresh Desai,2,0
28058,Manjunath Murthy,Rekha Kumar,2,0
28061,Pooja Rao,Vinutha Rao,2,7
28066,Pooja Shetty,Yashwanth Kulkarni,2,6
28073,Lakshmi Desai,Prakash Reddy,2,0
28074,Prakash Reddy,Vinutha Kulkarni,2,0
28076,Ashwini Prasad,Chetan Shetty,2,0
28078,Deepak Iyengar,Yashwanth Gowda,2,3
28083,Kiran Patil,Nagaraj Rao,2,0
28085,Basavaraj Gowda,Girish Naik,2,0
28088,Rekha Prasad,Yashwanth Nayak,2,0
28090,Ashwini Reddy,Bhavana Reddy,2,0
28092,Deepak Kumar,Mary Desai,2,0
28094,Imran Shetty,Rekha Rao,2,0
28103,Fatima Shetty,Nagaraj Hegde,2,7
28105,Bhavana Iyengar,Pooja Kumar,2,8
28109,Fatima Shetty,Ravi Nayak,2,7
28110,Joseph Rao,Lakshmi Nayak,2,1
28117,Basavaraj Bhat,Yashwanth Iyengar,2,2
28119,Bhavana Naik,Chetan Rao,2,3
28121,Anitha Naik,Fatima Murthy,2,0
28122,Anitha Naik,Suresh Reddy,2,0
28124,Chetan Prasad,Kiran Shetty,2,6
28136,Ravi Naik,Rekha Reddy,2,7
28137,Prakash Patil,Ravi Naik,2,7
28142,Lakshmi Bhat,Pooja Iyengar,2,5
28143,Imran Reddy,Suresh Patil,2,0
28146,Joseph Iyengar,Rekha Kumar,2,6
28149,Yashwanth Patil,Yashwanth Prasad,2,0
28151,Anitha Reddy,Imran Reddy,2,0
28152,Basavaraj Bhat,Joseph Kulkarni,2,2
28154,Deepak Bhat,Shivakumar Naik,2,5
28158,Bhavana Murthy,Shivakumar Kumar,2,0
28160,Ashwini Murthy,Ravi Prasad,2,0
28163,Ravi Naik,Suresh Shetty,2,7
28164,Mary Iyengar,Ravi Naik,2,7
28168,Basavaraj Kumar,Manjunath Iyengar,2,0
28169,Kiran Rao,Manjunath Iyengar,2,0
28173,Ashwini Nayak,Suresh Patil,2,0
28174,Manjunath Hegde,Suresh Iyengar,2,0
28177,Joseph Rao,Kiran Gowda,2,0
28178,Bhavana Shetty,Shivakumar Naik,2,5
28180,Manjunath Shetty,Pooja Shetty,2,4
28189,Prakash Bhat,Shivakumar Murthy,2,0
28190,Mary Desai,Vinutha Nayak,2,0
28201,Imran Desai,Prakash Hegde,2,8
28202,Joseph Iyengar,Pooja Desai,2,6
28205,Joseph Patil,Prakash Gowda,2,3
28207,Imran Nayak,Vinutha Desai,2,0
28209,Imran Nayak,Manjunath Shetty,2,4
28211,Basavaraj Gowda,Mary Bhat,2,0
28212,Anitha Naik,Ashwini Shetty,2,0
28213,Mary Desai,Shivakumar Nayak,2,0
28220,Bhavana Kumar,Ravi Desai,2,0
28225,Bhavana Gowda,Yashwanth Reddy,2,1
28233,Mary Nayak,Shivakumar Shetty,2,8
28237,Ashwini Naik,Suresh Kumar,2,5
28239,Girish Murthy,Prakash Shetty,2,0
28240,Prakash Shetty,Suresh Kumar,2,0
28243,Shivakumar Naik,Vinutha Iyengar,2,5
28244,Joseph Rao,Ravi Kulkarni,2,0
28251,Manjunath Patil,Suresh Kulkarni,2,0
28252,Nagaraj Iyengar,Suresh Kulkarni,2,0
28255,Kiran Kumar,Mary Nayak,2,0
28261,Joseph Iyengar,Vinutha Murthy,2,6
28263,Pooja Prasad,Suresh Hegde,2,0
28265,Deepak Patil,Imran Shetty,2,2
28270,Anitha Prasad,Rekha Bhat,2,0
28272,Deepak Kulkarni,Rekha Murthy,2,7
28273,Chetan Bhat,Pooja Reddy,2,0
28278,Lakshmi Kulkarni,Mary Bhat,2,0
28279,Chetan Murthy,Mary Bhat,2,0
28284,Imran Desai,Vinutha Rao,2,8
28289,Imran Rao,Ravi Prasad,2,8
28290,Mary Gowda,Pooja Kulkarni,2,0
28294,Basavaraj Hegde,Mary Gowda,2,0
28296,Bhavana Bhat,Mary Gowda,2,0
28299,Ashwini Hegde,Mary Desai,2,0
28300,Ashwini Hegde,Yashwanth Prasad,2,0
28303,Deepak Rao,Manjunath Shetty,2,7
28305,Imran Shetty,Mary Hegde,2,5
28322,Girish Nayak,Mary Shetty,2,0
28329,Basavaraj Rao,Imran Hegde,2,0
28334,Imran Reddy,Manjunath Prasad,2,0
28343,Chetan Kumar,Yashwanth Hegde,2,0
28356,Deepak Prasad,Nagaraj Rao,2,0
28357,Girish Iyengar,Suresh Bhat,2,7
28367,Anitha Rao,Yashwanth Hegde,2,4
28374,Manjunath Bhat,Suresh Reddy,2,0
28375,Basavaraj Naik,Manjunath Naik,2,0
28377,Anitha Hegde,Deepak Naik,2,0
28382,Kiran Gowda,Suresh Nayak,2,0
28386,Ashwini Kumar,Chetan Kumar,2,0
28391,Basavaraj Desai,Manjunath Desai,2,8
28393,Joseph Murthy,Vinutha Kulkarni,2,0
28395,Prakash Bhat,Rekha Reddy,2,0
28396,Manjunath Iyengar,Suresh Kumar,2,0
28397,Shivakumar Prasad,Yashwanth Prasad,2,0
28405,Joseph Nayak,Vinutha Patil,2,2
28408,Bhavana Desai,Rekha Desai,2,5
28412,Kiran Desai,Kiran Murthy,2,8
28413,Lakshmi Murthy,Suresh Rao,2,0
28414,Lakshmi Nayak,Suresh Rao,2,1
28418,Prakash Kumar,Suresh Nayak,2,0
28421,Chetan Desai,Suresh Nayak,2,0
28424,Basavaraj Naik,Chetan Kulkarni,2,0
28425,Lakshmi Prasad,Nagaraj Rao,2,0
28430,Rekha Rao,Vinutha Reddy,2,0
28434,Ashwini Kumar,Girish Naik,2,0
28435,Joseph Gowda,Shivakumar Prasad,2,0
28436,Deepak Kulkarni,Girish Kumar,2,0
28439,Kiran Shetty,Nagaraj Reddy,2,7
28443,Girish Murthy,Nagaraj Reddy,2,7
28446,Basavaraj Reddy,Girish Murthy,2,0
28451,Bhavana Rao,Shivakumar Reddy,2,0
28463,Ashwini Murthy,Shivakumar Iyengar,2,0
28470,Girish Bhat,Girish Kulkarni,2,6
28475,Ashwini Shetty,Lakshmi Iyengar,2,0
28477,Suresh Hegde,Vinutha Iyengar,2,0
28479,Nagaraj Bhat,Pooja Desai,2,3
28480,Joseph Shetty,Lakshmi Kumar,2,4
28481,Lakshmi Kumar,Nagaraj Bhat,2,4
28484,Anitha Shetty,Ashwini Hegde,2,0
28486,Basavaraj Shetty,Prakash Patil,2,0
28493,Girish Bhat,Manjunath Kulkarni,2,6
28495,Deepak Patil,Lakshmi Murthy,2,2
28498,Ashwini Prasad,Yashwanth Patil,2,0
28501,Mary Rao,Ravi Murthy,2,0
28503,Basavaraj Kumar,Ravi Shetty,2,0
28508,Ashwini Kumar,Girish Bhat,2,6
28511,Ashwini Desai,Basavaraj Patil,2,2
28514,Manjunath Iyengar,Rekha Bhat,2,0
28516,Basavaraj Prasad,Deepak Hegde,2,0
28525,Kiran Prasad,Shivakumar Shetty,2,8
28534,Anitha Murthy,Anitha Nayak,2,0
28538,Manjunath Desai,Manjunath Shetty,2,8
28539,Manjunath Shetty,Nagaraj Hegde,2,4
28543,Fatima Iyengar,Kiran Gowda,2,1
28554,Anitha Bhat,Imran Naik,2,7
28555,Imran Naik,Suresh Hegde,2,0
28557,Imran Gowda,Imran Patil,2,0
28563,Ashwini Patil,Kiran Nayak,2,0
28568,Deepak Reddy,Fatima Shetty,2,7
28570,Prakash Rao,Yashwanth Shetty,2,0
28575,Ravi Iyengar,Suresh Patil,2,0
28577,Ashwini Desai,Chetan Nayak,2,0
28580,Nagaraj Desai,Rekha Gowda,2,0
28587,Bhavana Rao,Nagaraj Murthy,2,0
28593,Chetan Reddy,Manjunath Kumar,2,1
28605,Chetan Iyengar,Prakash Patil,2,0
28606,Manjunath Rao,Ravi Rao,2,0
28611,Kiran Desai,Pooja Shetty,2,6
28614,Shivakumar Naik,Yashwanth Hegde,2,5
28616,Deepak Patil,Nagaraj Nayak,2,2
28617,Manjunath Nayak,Rekha Shetty,2,5
28619,Kiran Iyengar,Manjunath Nayak,2,5
28620,Bhavana Reddy,Rekha Gowda,2,0
28621,Rekha Desai,Rekha Gowda,2,0
28626,Chetan Murthy,Mary Hegde,2,5
28628,Chetan Kumar,Prakash Kumar,2,0
28631,Prakash Rao,Suresh Reddy,2,0
28632,Yashwanth Prasad,Yashwanth Reddy,2,5
28634,Basavaraj Patil,Vinutha Desai,2,2
28639,Joseph Desai,Rekha Shetty,2,3
28640,Joseph Desai,Lakshmi Iyengar,2,0
28641,Lakshmi Iyengar,Rekha Shetty,2,3
28642,Ashwini Kulkarni,Manjunath Murthy,2,0
28644,Mary Desai,Ravi Desai,2,0
28645,Anitha Prasad,Pooja Iyengar,2,5
28646,Anitha Kulkarni,Anitha Prasad,2,0
28652,Mary Naik,Rekha Rao,2,7
28656,Deepak Desai,Manjunath Kulkarni,2,0
28661,Girish Prasad,Lakshmi Gowda,2,0
28664,Lakshmi Naik,Manjunath Kulkarni,2,0
28666,Basavaraj Gowda,Rekha Kulkarni,2,0
28667,Basavaraj Gowda,Kiran Kulkarni,2,5
28671,Deepak Patil,Vinutha Kulkarni,2,2
28672,Nagaraj Gowda,Ravi Kumar,2,0
28673,Fatima Bhat,Nagaraj Gowda,2,0
28676,Fatima Bhat,Ravi Nayak,2,1
28677,Deepak Murthy,Ravi Rao,2,0
28678,Imran Naik,Mary Reddy,2,5
28679,Imran Naik,Shivakumar Gowda,2,3
28680,Mary Reddy,Shivakumar Gowda,2,5
28682,Joseph Murthy,Rekha Kumar,2,0
28686,Imran Murthy,Vinutha Shetty,2,0
28687,Kiran Prasad,Vinutha Shetty,2,0
28689,Basavaraj Kumar,Ravi Kulkarni,2,0
28696,Joseph Patil,Manjunath Reddy,2,3
28702,Ravi Bhat,Yashwanth Nayak,2,0
28724,Basavaraj Kumar,Lakshmi Nayak,2,1
28730,Deepak Kumar,Shivakumar Bhat,2,0
28734,Ravi Kulkarni,Shivakumar Nayak,2,0
28736,Bhavana Rao,Ravi Rao,2,0
28738,Mary Kulkarni,Nagaraj Kulkarni,2,4
28745,Ashwini Shetty,Pooja Murthy,2,0
28752,Fatima Bhat,Mary Desai,2,0
28753,Mary Desai,Suresh Rao,2,0
28756,Fatima Bhat,Suresh Rao,2,0
28759,Chetan Kulkarni,Ravi Hegde,2,0
28760,Bhavana Gowda,Prakash Kumar,2,1
28768,Deepak Prasad,Fatima Iyengar,2,1
28773,Ashwini Kumar,Ashwini Rao,2,0
28780,Mary Hegde,Pooja Murthy,2,5
28782,Lakshmi Patil,Vinutha Naik,2,0
28783,Prakash Kumar,Rekha Murthy,2,7
28784,Nagaraj Iyengar,Prakash Kumar,2,0
28788,Ashwini Reddy,Deepak Shetty,2,0
28790,Bhavana Patil,Suresh Prasad,2,0
28793,Bhavana Prasad,Imran Bhat,2,3
28796,Manjunath Kulkarni,Shivakumar Bhat,2,0
28798,Manjunath Murthy,Nagaraj Kulkarni,2,4
28806,Fatima Murthy,Rekha Reddy,2,0
28811,Basavaraj Nayak,Nagaraj Naik,2,0
28813,Prakash Prasad,Shivakumar Nayak,2,0
28814,Basavaraj Nayak,Prakash Prasad,2,0
28815,Fatima Rao,Ravi Rao,2,0
28816,Fatima Desai,Mary Bhat,2,0
28819,Fatima Kumar,Suresh Prasad,2,0
28820,Ravi Bhat,Rekha Murthy,2,7
28824,Kiran Kumar,Yashwanth Iyengar,2,7
28826,Basavaraj Reddy,Bhavana Naik,2,3
28830,Anitha Prasad,Nagaraj Kumar,2,0
28833,Joseph Kumar,Suresh Murthy,2,2
28841,Prakash Reddy,Vinutha Rao,2,0
28844,Joseph Kulkarni,Lakshmi Iyengar,2,0
28846,Pooja Bhat,Shivakumar Kumar,2,5
28849,Chetan Reddy,Mary Naik,2,1
28851,Lakshmi Bhat,Manjunath Shetty,2,4
28856,Ravi Nayak,Suresh Nayak,2,1
28859,Basavaraj Desai,Chetan Nayak,2,0
28864,Nagaraj Rao,Rekha Rao,2,0
28865,Pooja Patil,Rekha Rao,2,0
28868,Basavaraj Bhat,Fatima Gowda,2,2
28870,Shivakumar Murthy,Yashwanth Desai,2,0
28880,Deepak Rao,Ravi Kumar,2,7
28881,Joseph Reddy,Ravi Kumar,2,2
28889,Nagaraj Bhat,Suresh Nayak,2,3
28895,Ashwini Prasad,Joseph Nayak,2,0
28896,Pooja Patil,Pooja Shetty,2,6
28898,Basavaraj Prasad,Kiran Desai,2,0
28901,Bhavana Hegde,Imran Prasad,2,0
28903,Pooja Kumar,Vinutha Hegde,2,8
28904,Manjunath Patil,Pooja Patil,2,0
28906,Girish Naik,Joseph Reddy,2,2
28910,Girish Nayak,Manjunath Naik,2,0
28913,Basavaraj Iyengar,Imran Nayak,2,3
28914,Chetan Naik,Joseph Rao,2,0
28916,Anitha Gowda,Chetan Naik,2,0
28917,Imran Iyengar,Rekha Hegde,2,0
28919,Imran Iyengar,Nagaraj Desai,2,0
28925,Girish Iyengar,Yashwanth Patil,2,0
28930,Bhavana Patil,Mary Naik,2,7
28931,Joseph Murthy,Nagaraj Hegde,2,0
28935,Fatima Iyengar,Imran Reddy,2,1
28938,Manjunath Gowda,Manjunath Iyengar,2,0
28943,Fatima Patil,Joseph Iyengar,2,6
28945,Deepak Gowda,Pooja Gowda,2,3
28949,Shivakumar Naik,Vinutha Nayak,2,5
28952,Ravi Bhat,Vinutha Shetty,2,0
28954,Rekha Gowda,Rekha Patil,2,0
28963,Anitha Prasad,Nagaraj Patil,2,2
28972,Anitha Rao,Chetan Naik,2,4
28976,Pooja Rao,Shivakumar Bhat,2,7
28982,Chetan Shetty,Deepak Patil,2,2
28983,Bhavana Shetty,Fatima Rao,2,0
28988,Deepak Hegde,Shivakumar Patil,2,0
28989,Lakshmi Patil,Shivakumar Patil,2,0
28990,Pooja Bhat,Yashwanth Kulkarni,2,5
28992,Girish Rao,Shivakumar Reddy,2,0
28994,Ashwini Desai,Joseph Iyengar,2,6
28995,Ashwini Desai,Bhavana Rao,2,0
29001,Anitha Bhat,Suresh Rao,2,7
29006,Kiran Naik,Yashwanth Kulkarni,2,0
29012,Deepak Prasad,Kiran Kulkarni,2,5
29015,Bhavana Bhat,Chetan Murthy,2,0
29019,Pooja Naik,Shivakumar Kulkarni,2,0
29020,Kiran Kulkarni,Pooja Naik,2,5
29029,Basavaraj Murthy,Shivakumar Murthy,2,0
29031,Prakash Naik,Suresh Patil,2,2
29032,Girish Prasad,Ravi Murthy,2,0
29036,Kiran Kulkarni,Vinutha Reddy,2,5
29038,Chetan Naik,Rekha Rao,2,0
29042,Fatima Nayak,Kiran Kumar,2,0
29044,Mary Kulkarni,Shivakumar Nayak,2,0
29047,Joseph Kulkarni,Rekha Murthy,2,7
29049,Bhavana Bhat,Manjunath Reddy,2,0
29051,Fatima Murthy,Mary Kumar,2,0
29058,Anitha Naik,Anitha Prasad,2,0
29063,Mary Rao,Shivakumar Bhat,2,0
29067,Nagaraj Kumar,Pooja Naik,2,0
29075,Ashwini Rao,Manjunath Rao,2,0
29076,Kiran Hegde,Vinutha Reddy,2,3
29091,Basavaraj Iyengar,Chetan Kulkarni,2,3
29093,Joseph Naik,Ravi Iyengar,2,5
29095,Ashwini Naik,Nagaraj Desai,2,5
29102,Basavaraj Bhat,Suresh Kumar,2,2
29105,Mary Iyengar,Prakash Kumar,2,0
29106,Bhavana Kumar,Lakshmi Iyengar,2,0
29111,Ashwini Nayak,Vinutha Naik,2,0
29116,Anitha Hegde,Prakash Reddy,2,0
29129,Imran Kulkarni,Imran Rao,2,8
29131,Imran Kulkarni,Yashwanth Prasad,2,0
29136,Manjunath Bhat,Mary Nayak,2,0
29137,Imran Iyengar,Pooja Gowda,2,3
29148,Chetan Desai,Pooja Kulkarni,2,0
29150,Anitha Prasad,Shivakumar Reddy,2,0
29151,Imran Murthy,Vinutha Murthy,2,0
29152,Fatima Nayak,Joseph Kumar,2,2
29158,Deepak Bhat,Yashwanth Gowda,2,0
29159,Ashwini Gowda,Nagaraj Bhat,2,3
29161,Kiran Naik,Lakshmi Nayak,2,1
29162,Kiran Naik,Ravi Gowda,2,3
29163,Joseph Desai,Nagaraj Bhat,2,3
29164,Manjunath Nayak,Manjunath Reddy,2,5
29167,Anitha Rao,Nagaraj Patil,2,4
29168,Joseph Nayak,Rekha Rao,2,0
29169,Fatima Murthy,Rekha Rao,2,0
29171,Pooja Patil,Shivakumar Murthy,2,0
29172,Anitha Gowda,Nagaraj Hegde,2,0
29174,Nagaraj Rao,Vinutha Bhat,2,0
29175,Ashwini Patil,Girish Patil,2,0
29176,Ashwini Patil,Basavaraj Murthy,2,0
29184,Manjunath Prasad,Prakash Rao,2,0
29190,Chetan Kulkarni,Lakshmi Desai,2,0
29199,Fatima Bhat,Shivakumar Nayak,2,0
29204,Girish Gowda,Nagaraj Iyengar,2,6
29206,Bhavana Naik,Girish Gowda,2,3
29213,Joseph Bhat,Rekha Kumar,2,0
29216,Rekha Hegde,Rekha Nayak,2,8
29230,Joseph Iyengar,Rekha Desai,2,6
29232,Manjunath Bhat,Rekha Kulkarni,2,0
29234,Chetan Kulkarni,Ravi Murthy,2,0
29240,Basavaraj Bhat,Yashwanth Hegde,2,2
29244,Ashwini Prasad,Pooja Gowda,2,3
29246,Mary Patil,Ravi Iyengar,2,0
29250,Nagaraj Iyengar,Ravi Nayak,2,1
29251,Nagaraj Murthy,Ravi Iyengar,2,0
29253,Joseph Shetty,Ravi Shetty,2,4
29254,Manjunath Iyengar,Rekha Naik,2,0
29255,Ravi Murthy,Vinutha Iyengar,2,0
29262,Fatima Shetty,Prakash Kulkarni,2,7
29264,Anitha Kulkarni,Anitha Naik,2,0
29265,Kiran Kulkarni,Nagaraj Kulkarni,2,5
29266,Basavaraj Kulkarni,Prakash Bhat,2,0
29269,Ashwini Reddy,Deepak Gowda,2,0
29270,Fatima Murthy,Ravi Nayak,2,1
29272,Ashwini Kumar,Rekha Gowda,2,0
29274,Basavaraj Bhat,Joseph Murthy,2,2
29275,Deepak Murthy,Pooja Hegde,2,0
29283,Bhavana Reddy,Fatima Shetty,2,7
29287,Lakshmi Desai,Ravi Bhat,2,0
29291,Imran Naik,Yashwanth Rao,2,0
29295,Girish Gowda,Girish Rao,2,6
29296,Deepak Kumar,Lakshmi Shetty,2,0
29300,Ashwini Murthy,Lakshmi Shetty,2,0
29303,Nagaraj Shetty,Ravi Murthy,2,0
29310,Bhavana Desai,Vinutha Iyengar,2,5
29312,Manjunath Gowda,Manjunath Hegde,2,0
29315,Manjunath Hegde,Yashwanth Gowda,2,0
29318,Deepak Bhat,Imran Prasad,2,0
29324,Ravi Iyengar,Ravi Nayak,2,1
29325,Mary Nayak,Ravi Nayak,2,1
29327,Vinutha Hegde,Yashwanth Patil,2,0
29330,Joseph Bhat,Yashwanth Murthy,2,6
29331,Deepak Rao,Joseph Bhat,2,7
29336,Deepak Bhat,Yashwanth Iyengar,2,7
29338,Joseph Naik,Nagaraj Patil,2,5
29348,Deepak Reddy,Pooja Bhat,2,5
29352,Lakshmi Prasad,Shivakumar Nayak,2,0
29355,Imran Nayak,Prakash Bhat,2,0
29356,Prakash Bhat,Shivakumar Nayak,2,0
29365,Imran Kumar,Rekha Patil,2,0
29367,Lakshmi Rao,Mary Kulkarni,2,7
29370,Bhavana Murthy,Chetan Kulkarni,2,0
29371,Chetan Kulkarni,Girish Hegde,2,4
29374,Ashwini Naik,Kiran Kulkarni,2,5
29379,Pooja Iyengar,Prakash Iyengar,2,5
29381,Manjunath Kulkarni,Yashwanth Rao,2,0
29382,Manjunath Desai,Prakash Hegde,2,8
29390,Suresh Kumar,Vinutha Rao,2,0
29391,Chetan Shetty,Vinutha Rao,2,0
29394,Ashwini Desai,Prakash Reddy,2,0
29395,Prakash Reddy,Shivakumar Nayak,2,0
29404,Joseph Reddy,Mary Prasad,2,2
29414,Anitha Murthy,Chetan Nayak,2,0
29416,Prakash Desai,Vinutha Rao,2,0
29421,Mary Kumar,Prakash Kulkarni,2,7
29426,Chetan Iyengar,Imran Patil,2,0
29431,Ashwini Iyengar,Chetan Desai,2,4
29435,Deepak Rao,Shivakumar Rao,2,7
29438,Ashwini Kulkarni,Yashwanth Iyengar,2,7
29453,Joseph Kulkarni,Prakash Gowda,2,0
29456,Imran Rao,Yashwanth Hegde,2,8
29462,Rekha Bhat,Yashwanth Kulkarni,2,0
29481,Lakshmi Prasad,Mary Murthy,2,8
29488,Basavaraj Bhat,Prakash Prasad,2,2
29491,Basavaraj Iyengar,Shivakumar Murthy,2,3
29498,Deepak Desai,Girish Gowda,2,6
29503,Bhavana Gowda,Vinutha Gowda,2,1
29504,Bhavana Gowda,Bhavana Prasad,2,1
29507,Basavaraj Kumar,Mary Shetty,2,0
29512,Lakshmi Naik,Prakash Gowda,2,0
29513,Ashwini Hegde,Prakash Murthy,2,0
29514,Ashwini Rao,Fatima Desai,2,0
29519,Anitha Iyengar,Fatima Rao,2,0
29521,Anitha Iyengar,Nagaraj Nayak,2,0
29522,Mary Gowda,Nagaraj Nayak,2,0
29523,Chetan Kulkarni,Shivakumar Iyengar,2,0
29524,Chetan Kulkarni,Mary Naik,2,7
29536,Chetan Kumar,Joseph Naik,2,5
29541,Fatima Patil,Rekha Murthy,2,7
29542,Ashwini Naik,Mary Reddy,2,5
29555,Basavaraj Naik,Mary Murthy,2,8
29557,Nagaraj Shetty,Vinutha Rao,2,0
29568,Joseph Gowda,Mary Prasad,2,0
29570,Manjunath Shetty,Ravi Murthy,2,4
29574,Imran Rao,Lakshmi Iyengar,2,8
29575,Joseph Prasad,Prakash Kumar,2,0
29582,Suresh Gowda,Suresh Reddy,2,0
29583,Deepak Gowda,Suresh Reddy,2,0
29585,Nagaraj Prasad,Yashwanth Hegde,2,0
29587,Kiran Nayak,Mary Bhat,2,0
29589,Kiran Nayak,Yashwanth Hegde,2,0
29592,Lakshmi Naik,Rekha Naik,2,0
29596,Imran Iyengar,Pooja Shetty,2,6
29601,Anitha Iyengar,Girish Rao,2,0
29612,Imran Hegde,Joseph Nayak,2,0
29616,Joseph Nayak,Kiran Prasad,2,0
29617,Manjunath Gowda,Suresh Bhat,2,7
29618,Joseph Hegde,Manjunath Gowda,2,7
29621,Anitha Iyengar,Vinutha Kulkarni,2,0
29622,Ravi Desai,Vinutha Nayak,2,0
29624,Suresh Bhat,Vinutha Nayak,2,7
29627,Lakshmi Patil,Yashwanth Bhat,2,3
29629,Chetan Kumar,Yashwanth Bhat,2,3
29632,Anitha Kulkarni,Manjunath Murthy,2,0
29633,Chetan Rao,Nagaraj Murthy,2,0
29634,Anitha Kumar,Lakshmi Desai,2,0
29635,Girish Kulkarni,Lakshmi Patil,2,5
29636,Imran Murthy,Yashwanth Reddy,2,5
29637,Pooja Hegde,Yashwanth Reddy,2,5
29639,Anitha Kulkarni,Vinutha Desai,2,0
29641,Lakshmi Reddy,Pooja Hegde,2,8
29645,Basavaraj Gowda,Basavaraj Hegde,2,0
29649,Manjunath Prasad,Shivakumar Shetty,2,8
29651,Prakash Kulkarni,Vinutha Shetty,2,7
29655,Imran Desai,Nagaraj Bhat,2,8
29659,Manjunath Hegde,Vinutha Desai,2,0
29662,Prakash Hegde,Yashwanth Kumar,2,0
29666,Chetan Naik,Kiran Naik,2,0
29669,Joseph Naik,Pooja Shetty,2,5
29677,Girish Desai,Imran Rao,2,8
29678,Imran Bhat,Imran Rao,2,8
29679,Girish Desai,Prakash Nayak,2,0
29686,Suresh Desai,Vinutha Kulkarni,2,0
29689,Rekha Nayak,Vinutha Kumar,2,8
29690,Joseph Hegde,Rekha Nayak,2,7
29696,Chetan Reddy,Shivakumar Desai,2,1
29697,Anitha Kulkarni,Ashwini Prasad,2,0
29698,Prakash Murthy,Yashwanth Rao,2,0
29699,Anitha Kumar,Basavaraj Nayak,2,0
29700,Basavaraj Nayak,Prakash Murthy,2,0
29703,Fatima Kumar,Imran Murthy,2,0
29704,Manjunath Nayak,Prakash Iyengar,2,5
29706,Fatima Reddy,Joseph Iyengar,2,6
29720,Ashwini Kulkarni,Rekha Naik,2,0
29725,Rekha Murthy,Yashwanth Reddy,2,7
29726,Lakshmi Shetty,Pooja Gowda,2,3
29727,Lakshmi Prasad,Yashwanth Gowda,2,0
29729,Prakash Murthy,Rekha Patil,2,0
29732,Chetan Reddy,Lakshmi Gowda,2,1
29742,Bhavana Shetty,Ravi Desai,2,0
29746,Pooja Patil,Ravi Iyengar,2,0
29749,Pooja Desai,Suresh Naik,2,0
29755,Kiran Patil,Mary Bhat,2,0
29758,Mary Bhat,Yashwanth Rao,2,0
29760,Girish Shetty,Shivakumar Nayak,2,0
29762,Ashwini Reddy,Shivakumar Nayak,2,0
29776,Manjunath Kumar,Shivakumar Prasad,2,3
29778,Manjunath Desai,Shivakumar Kulkarni,2,8
29780,Joseph Desai,Vinutha Shetty,2,0
29783,Ashwini Gowda,Manjunath Murthy,2,0
29789,Basavaraj Patil,Joseph Patil,2,2
29790,Deepak Nayak,Nagaraj Murthy,2,0
29793,Basavaraj Patil,Nagaraj Murthy,2,2
29797,Basavaraj Prasad,Prakash Hegde,2,0
29799,Joseph Bhat,Nagaraj Rao,2,0
29803,Bhavana Gowda,Imran Shetty,2,1
29804,Bhavana Gowda,Suresh Prasad,2,1
29811,Pooja Gowda,Ravi Patil,2,3
29813,Anitha Rao,Fatima Kumar,2,4
29822,Prakash Prasad,Ravi Murthy,2,0
29823,Joseph Bhat,Lakshmi Shetty,2,0
29826,Joseph Iyengar,Lakshmi Reddy,2,6
29827,Chetan Murthy,Girish Iyengar,2,0
29834,Manjunath Murthy,Shivakumar Rao,2,0
29835,Bhavana Nayak,Manjunath Murthy,2,2
29838,Imran Bhat,Shivakumar Murthy,2,0
29847,Manjunath Reddy,Suresh Hegde,2,0
29848,Nagaraj Patil,Suresh Hegde,2,2
29849,Lakshmi Prasad,Prakash Hegde,2,0
29853,Deepak Patil,Pooja Murthy,2,2
29859,Lakshmi Naik,Nagaraj Gowda,2,0
29860,Ashwini Gowda,Chetan Kumar,2,0
29861,Chetan Kumar,Lakshmi Reddy,2,8
29863,Rekha Iyengar,Rekha Patil,2,4
29865,Fatima Iyengar,Suresh Iyengar,2,1
29867,Fatima Prasad,Prakash Kumar,2,0
29870,Mary Nayak,Yashwanth Shetty,2,0
29877,Deepak Rao,Prakash Patil,2,7
29879,Bhavana Iyengar,Lakshmi Nayak,2,1
29881,Bhavana Iyengar,Lakshmi Gowda,2,0
29887,Manjunath Kumar,Mary Reddy,2,3
29891,Girish Hegde,Mary Reddy,2,4
29893,Bhavana Shetty,Fatima Hegde,2,0
29894,Ravi Naik,Suresh Nayak,2,7
29896,Ashwini Kumar,Yashwanth Desai,2,0
29900,Girish Desai,Lakshmi Patil,2,0
29901,Shivakumar Hegde,Yashwanth Patil,2,1
29902,Prakash Patil,Shivakumar Hegde,2,1
29906,Basavaraj Bhat,Pooja Rao,2,2
29907,Pooja Rao,Rekha Bhat,2,7
29910,Basavaraj Bhat,Basavaraj Reddy,2,2
29911,Lakshmi Desai,Ravi Naik,2,7
29915,Bhavana Nayak,Vinutha Bhat,2,2
29922,Kiran Rao,Rekha Rao,2,0
29928,Basavaraj Kumar,Basavaraj Shetty,2,0
29931,Nagaraj Hegde,Pooja Desai,2,0
29934,Fatima Nayak,Ravi Gowda,2,3
29936,Manjunath Gowda,Rekha Gowda,2,0
29942,Fatima Desai,Mary Naik,2,7
29947,Mary Murthy,Suresh Desai,2,8
29956,Joseph Iyengar,Pooja Prasad,2,6
29957,Girish Prasad,Joseph Iyengar,2,6
29961,Kiran Desai,Lakshmi Bhat,2,0
29965,Prakash Kulkarni,Shivakumar Bhat,2,7
29971,Manjunath Rao,Prakash Murthy,2,0
29972,Fatima Kumar,Ravi Patil,2,0
29973,Fatima Kumar,Prakash Patil,2,0
29974,Deepak Hegde,Fatima Rao,2,0
29975,Manjunath Iyengar,Rekha Iyengar,2,4
29976,Anitha Naik,Rekha Iyengar,2,4
29979,Rekha Reddy,Vinutha Shetty,2,0
29980,Bhavana Rao,Ravi Nayak,2,1
29985,Anitha Shetty,Girish Murthy,2,0
29987,Girish Kulkarni,Prakash Shetty,2,5
29989,Shivakumar Iyengar,Vinutha Rao,2,0
29995,Pooja Naik,Vinutha Desai,2,0
29996,Bhavana Rao,Pooja Naik,2,0
30000,Imran Bhat,Yashwanth Naik,2,0
30003,Manjunath Iyengar,Pooja Kumar,2,8
30004,Deepak Naik,Suresh Naik,2,0
30009,Manjunath Gowda,Nagaraj Desai,2,0
30010,Joseph Shetty,Rekha Reddy,2,4
30021,Nagaraj Bhat,Yashwanth Patil,2,3
30025,Ashwini Bhat,Ashwini Murthy,2,0
30027,Chetan Bhat,Vinutha Desai,2,0
30030,Shivakumar Shetty,Suresh Kumar,2,8
30031,Bhavana Kulkarni,Suresh Kumar,2,0
30033,Basavaraj Nayak,Joseph Hegde,2,7
30037,Bhavana Gowda,Manjunath Shetty,2,1
30040,Kiran Hegde,Shivakumar Rao,2,3
30045,Lakshmi Murthy,Ravi Desai,2,0
30048,Fatima Murthy,Lakshmi Desai,2,0
30049,Chetan Patil,Ravi Naik,2,4
30050,Pooja Shetty,Shivakumar Hegde,2,6
30052,Fatima Prasad,Rekha Desai,2,0
30060,Manjunath Desai,Vinutha Nayak,2,8
30063,Mary Kumar,Shivakumar Reddy,2,0
30066,Mary Desai,Shivakumar Desai,2,4
30068,Imran Murthy,Yashwanth Iyengar,2,7
30070,Ashwini Shetty,Shivakumar Desai,2,4
30072,Girish Kulkarni,Ravi Patil,2,5
30073,Manjunath Patil,Rekha Iyengar,2,4
30083,Deepak Kulkarni,Pooja Patil,2,0
30090,Shivakumar Bhat,Yashwanth Shetty,2,0
30091,Joseph Naik,Shivakumar Bhat,2,5
30095,Nagaraj Hegde,Shivakumar Nayak,2,0
30096,Ashwini Desai,Shivakumar Reddy,2,0
30097,Basavaraj Patil,Shivakumar Reddy,2,2
30099,Vinutha Rao,Yashwanth Naik,2,0
30102,Rekha Kumar,Vinutha Rao,2,0
30104,Girish Murthy,Vinutha Reddy,2,0
30112,Joseph Murthy,Mary Bhat,2,0
30117,Ashwini Reddy,Lakshmi Reddy,2,8
30118,Ashwini Reddy,Girish Desai,2,0
30119,Girish Desai,Lakshmi Reddy,2,8
30120,Prakash Naik,Suresh Gowda,2,2
30121,Girish Iyengar,Ravi Hegde,2,0
30122,Rekha Reddy,Vinutha Gowda,2,0
30130,Ashwini Kumar,Yashwanth Rao,2,0
30133,Anitha Iyengar,Yashwanth Shetty,2,0
30135,Nagaraj Bhat,Prakash Hegde,2,3
30141,Manjunath Desai,Pooja Rao,2,8
30142,Imran Prasad,Rekha Patil,2,0
30146,Basavaraj Kulkarni,Suresh Naik,2,0
30151,Joseph Gowda,Manjunath Iyengar,2,0
30157,Prakash Patil,Suresh Naik,2,0
30159,Manjunath Naik,Mary Desai,2,0
30160,Manjunath Naik,Shivakumar Gowda,2,3
30161,Basavaraj Gowda,Yashwanth Iyengar,2,7
30165,Kiran Hegde,Kiran Kumar,2,3
30166,Suresh Desai,Yashwanth Kumar,2,0
30172,Ashwini Shetty,Basavaraj Reddy,2,0
30173,Imran Reddy,Lakshmi Shetty,2,0
30174,Imran Reddy,Yashwanth Desai,2,0
30178,Fatima Gowda,Kiran Patil,2,1
30179,Bhavana Kulkarni,Manjunath Kumar,2,3
30186,Anitha Iyengar,Girish Bhat,2,6
30188,Imran Naik,Ravi Shetty,2,0
30189,Girish Nayak,Suresh Hegde,2,0
30191,Ashwini Rao,Prakash Reddy,2,0
30198,Joseph Gowda,Ravi Bhat,2,0
30203,Bhavana Kulkarni,Deepak Prasad,2,0
30216,Anitha Naik,Joseph Murthy,2,0
30218,Bhavana Shetty,Manjunath Kumar,2,3
30221,Girish Hegde,Mary Hegde,2,4
30222,Girish Hegde,Suresh Nayak,2,4
30227,Suresh Gowda,Yashwanth Hegde,2,0
30229,Kiran Desai,Nagaraj Hegde,2,0
30231,Basavaraj Hegde,Mary Kulkarni,2,0
30233,Mary Gowda,Pooja Rao,2,7
30235,Joseph Reddy,Mary Gowda,2,2
30236,Suresh Gowda,Vinutha Shetty,2,0
30237,Pooja Kulkarni,Prakash Rao,2,0
30240,Girish Nayak,Yashwanth Kumar,2,0
30242,Anitha Iyengar,Rekha Shetty,2,3
30246,Fatima Hegde,Pooja Naik,2,0
30247,Lakshmi Kulkarni,Yashwanth Desai,2,0
30249,Lakshmi Rao,Rekha Patil,2,7
30251,Bhavana Naik,Lakshmi Bhat,2,3
30253,Bhavana Prasad,Girish Murthy,2,3
30254,Kiran Rao,Vinutha Desai,2,0
30256,Deepak Bhat,Yashwanth Kumar,2,0
30257,Deepak Bhat,Vinutha Gowda,2,0
30260,Deepak Rao,Pooja Rao,2,7
30265,Manjunath Nayak,Ravi Rao,2,5
30270,Prakash Nayak,Yashwanth Naik,2,0
30271,Suresh Desai,Vinutha Nayak,2,0
30273,Chetan Iyengar,Suresh Desai,2,0
30274,Kiran Prasad,Nagaraj Hegde,2,0
30275,Ravi Hegde,Rekha Prasad,2,0
30276,Lakshmi Murthy,Rekha Prasad,2,0
30279,Prakash Reddy,Rekha Shetty,2,3
30281,Joseph Nayak,Shivakumar Reddy,2,0
30288,Mary Reddy,Shivakumar Shetty,2,5
30291,Chetan Kumar,Manjunath Gowda,2,0
30293,Basavaraj Bhat,Manjunath Hegde,2,2
30298,Girish Nayak,Shivakumar Gowda,2,3
30301,Shivakumar Gowda,Yashwanth Hegde,2,3
30302,Basavaraj Nayak,Yashwanth Hegde,2,0
30307,Mary Desai,Nagaraj Hegde,2,0
30309,Manjunath Kulkarni,Prakash Hegde,2,0
30311,Ashwini Desai,Lakshmi Patil,2,0
30312,Deepak Shetty,Fatima Murthy,2,0
30314,Anitha Patil,Ravi Reddy,2,1
30320,Joseph Rao,Yashwanth Hegde,2,0
30327,Joseph Murthy,Nagaraj Murthy,2,0
30333,Imran Rao,Suresh Prasad,2,8
30334,Bhavana Hegde,Pooja Gowda,2,3
30335,Nagaraj Desai,Suresh Gowda,2,0
30341,Basavaraj Iyengar,Fatima Hegde,2,3
30342,Ashwini Rao,Joseph Patil,2,3
30354,Basavaraj Hegde,Prakash Bhat,2,0
30355,Basavaraj Hegde,Bhavana Iyengar,2,0
30359,Joseph Iyengar,Nagaraj Gowda,2,6
30360,Joseph Kumar,Rekha Iyengar,2,2
30363,Basavaraj Bhat,Ravi Gowda,2,2
30365,Kiran Kumar,Rekha Bhat,2,0
30369,Fatima Hegde,Suresh Prasad,2,0
30370,Rekha Bhat,Suresh Patil,2,0
30372,Joseph Prasad,Rekha Bhat,2,0
30377,Basavaraj Hegde,Pooja Gowda,2,3
30379,Pooja Bhat,Rekha Shetty,2,5
30383,Ashwini Gowda,Manjunath Shetty,2,4
30389,Chetan Patil,Deepak Kulkarni,2,4
30390,Ashwini Kulkarni,Prakash Kulkarni,2,7
30394,Basavaraj Shetty,Yashwanth Rao,2,0
30397,Girish Murthy,Nagaraj Naik,2,0
30407,Deepak Hegde,Shivakumar Kulkarni,2,0
30408,Mary Iyengar,Shivakumar Kulkarni,2,0
30410,Bhavana Kulkarni,Fatima Iyengar,2,1
30412,Vinutha Bhat,Yashwanth Patil,2,0
30415,Rekha Gowda,Suresh Gowda,2,0
30418,Vinutha Naik,Vinutha Rao,2,0
30422,Ashwini Kumar,Girish Nayak,2,0
30432,Joseph Murthy,Mary Iyengar,2,0
30437,Mary Nayak,Ravi Desai,2,0
30443,Anitha Reddy,Suresh Naik,2,0
30444,Ashwini Kumar,Prakash Patil,2,0
30445,Manjunath Shetty,Pooja Kumar,2,4
30447,Pooja Rao,Shivakumar Nayak,2,7
30454,Pooja Prasad,Yashwanth Hegde,2,0
30461,Basavaraj Rao,Mary Reddy,2,5
30462,Mary Reddy,Yashwanth Desai,2,5
30463,Anitha Kulkarni,Suresh Nayak,2,0
30467,Kiran Patil,Shivakumar Prasad,2,0
30469,Mary Rao,Suresh Patil,2,0
30472,Basavaraj Bhat,Nagaraj Kumar,2,2
30473,Nagaraj Kumar,Vinutha Shetty,2,0
30475,Basavaraj Bhat,Vinutha Shetty,2,2
30476,Deepak Prasad,Ravi Kumar,2,0
30483,Basavaraj Patil,Rekha Prasad,2,2
30505,Manjunath Gowda,Pooja Desai,2,0
30506,Pooja Desai,Ravi Naik,2,7
30508,Chetan Patil,Yashwanth Nayak,2,4
30514,Pooja Rao,Shivakumar Rao,2,7
30515,Deepak Prasad,Vinutha Reddy,2,0
30520,Basavaraj Patil,Nagaraj Nayak,2,2
30521,Fatima Kulkarni,Shivakumar Gowda,2,3
30529,Fatima Kulkarni,Ravi Rao,2,3
30530,Pooja Naik,Pooja Patil,2,0
30534,Chetan Shetty,Fatima Bhat,2,0
30543,Joseph Reddy,Prakash Reddy,2,2
30547,Ravi Shetty,Vinutha Reddy,2,0
30553,Chetan Bhat,Joseph Kulkarni,2,0
30561,Chetan Kumar,Vinutha Patil,2,2
30564,Anitha Shetty,Kiran Rao,2,0
30567,Chetan Kumar,Prakash Bhat,2,0
30570,Fatima Hegde,Imran Nayak,2,0
30571,Bhavana Shetty,Imran Nayak,2,0
30572,Bhavana Shetty,Lakshmi Kulkarni,2,0
30574,Anitha Naik,Suresh Kulkarni,2,0
30576,Bhavana Rao,Lakshmi Iyengar,2,0
30577,Girish Prasad,Manjunath Gowda,2,0
30578,Ashwini Gowda,Girish Prasad,2,0
30582,Deepak Rao,Joseph Shetty,2,7
30585,Chetan Shetty,Girish Prasad,2,0
30591,Anitha Rao,Mary Shetty,2,4
30604,Ravi Hegde,Yashwanth Nayak,2,0
30607,Girish Reddy,Lakshmi Rao,2,7
30610,Ashwini Naik,Suresh Bhat,2,5
30611,Pooja Rao,Ravi Kulkarni,2,7
30613,Girish Gowda,Pooja Rao,2,6
30625,Bhavana Patil,Chetan Shetty,2,0
30627,Manjunath Reddy,Vinutha Iyengar,2,0
30629,Chetan Bhat,Rekha Murthy,2,7
30632,Lakshmi Desai,Suresh Kulkarni,2,0
30635,Basavaraj Reddy,Kiran Gowda,2,0
30643,Prakash Patil,Ravi Desai,2,0
30645,Chetan Patil,Mary Nayak,2,4
30646,Anitha Kulkarni,Basavaraj Reddy,2,0
30651,Basavaraj Murthy,Fatima Nayak,2,0
30652,Girish Nayak,Manjunath Bhat,2,0
30655,Girish Iyengar,Prakash Reddy,2,0
30657,Mary Reddy,Nagaraj Shetty,2,5
30662,Suresh Patil,Vinutha Nayak,2,0
30663,Manjunath Kulkarni,Suresh Patil,2,0
30666,Suresh Gowda,Vinutha Bhat,2,0
30673,Mary Shetty,Rekha Patil,2,0
30674,Girish Patil,Vinutha Desai,2,0
30683,Imran Kumar,Suresh Prasad,2,0
30685,Pooja Bhat,Shivakumar Prasad,2,5
30689,Chetan Patil,Vinutha Prasad,2,4
30693,Imran Kulkarni,Joseph Kumar,2,2
30695,Fatima Gowda,Imran Kulkarni,2,1
30700,Chetan Bhat,Girish Bhat,2,6
30701,Chetan Bhat,Ravi Kumar,2,0
30702,Suresh Kulkarni,Yashwanth Bhat,2,3
30705,Manjunath Rao,Mary Bhat,2,0
30706,Ashwini Naik,Pooja Murthy,2,5
30712,Anitha Patil,Ashwini Nayak,2,0
30717,Chetan Bhat,Shivakumar Nayak,2,0
30721,Basavaraj Naik,Joseph Prasad,2,0
30722,Prakash Reddy,Suresh Nayak,2,0
30724,Pooja Iyengar,Rekha Murthy,2,5
30726,Bhavana Shetty,Joseph Hegde,2,7
30727,Anitha Shetty,Rekha Patil,2,0
30731,Lakshmi Desai,Pooja Murthy,2,0
30736,Manjunath Prasad,Manjunath Reddy,2,0
30738,Pooja Gowda,Vinutha Iyengar,2,3
30741,Imran Iyengar,Lakshmi Shetty,2,0
30742,Chetan Desai,Pooja Naik,2,0
30746,Joseph Murthy,Joseph Patil,2,3
30747,Deepak Reddy,Lakshmi Gowda,2,0
30749,Imran Reddy,Yashwanth Iyengar,2,7
30751,Basavaraj Bhat,Imran Rao,2,2
30755,Lakshmi Gowda,Yashwanth Hegde,2,0
30758,Joseph Iyengar,Ravi Nayak,2,6
30759,Vinutha Gowda,Vinutha Iyengar,2,0
30762,Bhavana Naik,Suresh Prasad,2,3
30766,Manjunath Desai,Vinutha Kumar,2,8
30771,Kiran Kumar,Nagaraj Gowda,2,0
30775,Manjunath Patil,Vinutha Desai,2,0
30777,Anitha Hegde,Girish Murthy,2,0
30783,Bhavana Bhat,Suresh Nayak,2,0
30786,Rekha Murthy,Vinutha Hegde,2,7
30793,Girish Iyengar,Kiran Nayak,2,0
30794,Girish Iyengar,Rekha Reddy,2,0
30795,Kiran Nayak,Rekha Reddy,2,0
30796,Pooja Shetty,Rekha Patil,2,6
30799,Anitha Murthy,Shivakumar Patil,2,0
30800,Anitha Murthy,Suresh Kulkarni,2,0
30803,Rekha Bhat,Rekha Iyengar,2,4
30808,Nagaraj Rao,Shivakumar Naik,2,5
30809,Basavaraj Hegde,Rekha Iyengar,2,4
30811,Yashwanth Hegde,Yashwanth Rao,2,0
30815,Lakshmi Desai,Pooja Iyengar,2,5
30817,Ashwini Murthy,Vinutha Prasad,2,0
30819,Fatima Iyengar,Kiran Iyengar,2,1
30821,Suresh Shetty,Vinutha Prasad,2,0
30822,Girish Gowda,Prakash Patil,2,6
30826,Basavaraj Patil,Rekha Reddy,2,2
30829,Basavaraj Patil,Deepak Bhat,2,2
30833,Mary Desai,Suresh Nayak,2,0
30837,Pooja Nayak,Vinutha Reddy,2,0
30838,Deepak Prasad,Pooja Naik,2,0
30844,Joseph Prasad,Shivakumar Nayak,2,0
30848,Manjunath Shetty,Shivakumar Prasad,2,4
30857,Mary Kulkarni,Prakash Bhat,2,0
30860,Manjunath Reddy,Prakash Iyengar,2,5
30864,Bhavana Patil,Girish Bhat,2,6
30866,Basavaraj Gowda,Kiran Naik,2,0
30870,Imran Iyengar,Joseph Patil,2,3
30872,Prakash Murthy,Ravi Gowda,2,3
30873,Chetan Bhat,Manjunath Nayak,2,5
30879,Chetan Kulkarni,Ravi Patil,2,0
30882,Girish Hegde,Yashwanth Rao,2,4
30893,Pooja Shetty,Yashwanth Kumar,2,6
30894,Joseph Hegde,Manjunath Bhat,2,7
30895,Joseph Hegde,Yashwanth Nayak,2,7
30898,Bhavana Naik,Shivakumar Naik,2,3
30899,Bhavana Hegde,Rekha Bhat,2,0
30901,Lakshmi Reddy,Pooja Gowda,2,8
30907,Kiran Hegde,Manjunath Rao,2,3
30909,Mary Reddy,Nagaraj Hegde,2,5
30917,Anitha Naik,Imran Reddy,2,0
30922,Mary Naik,Pooja Patil,2,7
30929,Pooja Naik,Yashwanth Desai,2,0
30931,Basavaraj Nayak,Prakash Reddy,2,0
30933,Mary Reddy,Yashwanth Hegde,2,5
30935,Ashwini Kulkarni,Bhavana Nayak,2,2
30937,Rekha Hegde,Shivakumar Prasad,2,0
30946,Fatima Murthy,Kiran Hegde,2,3
30951,Ravi Bhat,Shivakumar Bhat,2,0
30955,Joseph Patil,Suresh Shetty,2,3
30961,Basavaraj Murthy,Lakshmi Kumar,2,4
30966,Basavaraj Murthy,Deepak Hegde,2,0
30967,Anitha Kumar,Imran Kulkarni,2,0
30970,Lakshmi Murthy,Manjunath Reddy,2,0
30973,Ashwini Naik,Mary Prasad,2,5
30974,Anitha Desai,Manjunath Reddy,2,0
30976,Ashwini Gowda,Joseph Kumar,2,2
30983,Joseph Bhat,Pooja Gowda,2,3
30984,Deepak Gowda,Lakshmi Reddy,2,8
30985,Joseph Gowda,Joseph Shetty,2,4
30989,Pooja Gowda,Ravi Naik,2,3
30991,Mary Reddy,Ravi Naik,2,5
30996,Prakash Nayak,Suresh Kumar,2,0
30997,Deepak Prasad,Manjunath Iyengar,2,0
31001,Imran Naik,Mary Shetty,2,0
31008,Deepak Nayak,Girish Desai,2,0
31012,Basavaraj Reddy,Kiran Kulkarni,2,5
31017,Pooja Kulkarni,Vinutha Prasad,2,0
31022,Ravi Kulkarni,Ravi Reddy,2,1
31038,Fatima Rao,Girish Kulkarni,2,5
31042,Manjunath Iyengar,Shivakumar Hegde,2,1
31046,Prakash Shetty,Suresh Nayak,2,0
31048,Deepak Naik,Fatima Kumar,2,0
31052,Bhavana Patil,Ravi Kulkarni,2,0
31061,Bhavana Rao,Joseph Rao,2,0
31067,Bhavana Iyengar,Girish Rao,2,0
31068,Basavaraj Rao,Lakshmi Iyengar,2,0
31069,Basavaraj Rao,Bhavana Iyengar,2,0
31073,Ashwini Kulkarni,Nagaraj Gowda,2,0
31076,Girish Patil,Lakshmi Nayak,2,1
31087,Pooja Hegde,Shivakumar Patil,2,0
31090,Basavaraj Kumar,Ravi Prasad,2,0
31094,Fatima Naik,Vinutha Patil,2,2
31095,Fatima Naik,Joseph Hegde,2,7
31098,Kiran Bhat,Pooja Rao,2,7
31099,Kiran Bhat,Pooja Kulkarni,2,0
31103,Ashwini Desai,Lakshmi Gowda,2,0
31106,Kiran Kumar,Prakash Shetty,2,0
31108,Manjunath Nayak,Rekha Prasad,2,5
31110,Bhavana Reddy,Imran Reddy,2,0
31118,Bhavana Reddy,Nagaraj Nayak,2,0
31120,Kiran Bhat,Shivakumar Shetty,2,8
31121,Bhavana Kulkarni,Deepak Kumar,2,0
31129,Fatima Murthy,Rekha Naik,2,0
31131,Chetan Kulkarni,Prakash Murthy,2,0
31132,Kiran Iyengar,Kiran Shetty,2,0
31133,Joseph Prasad,Suresh Naik,2,0
31139,Basavaraj Kumar,Shivakumar Rao,2,0
31146,Chetan Prasad,Yashwanth Kumar,2,6
31159,Nagaraj Nayak,Suresh Desai,2,0
31165,Anitha Iyengar,Vinutha Iyengar,2,0
31169,Mary Patil,Rekha Desai,2,0
31172,Nagaraj Patil,Suresh Prasad,2,2
31176,Bhavana Desai,Ravi Shetty,2,5
31179,Prakash Rao,Shivakumar Shetty,2,8
31184,Basavaraj Patil,Rekha Kumar,2,2
31185,Ashwini Kulkarni,Ravi Naik,2,7
31187,Pooja Rao,Vinutha Bhat,2,7
31188,Basavaraj Rao,Shivakumar Murthy,2,0
31192,Fatima Murthy,Vinutha Shetty,2,0
31197,Kiran Hegde,Lakshmi Gowda,2,3
31207,Anitha Iyengar,Prakash Iyengar,2,5
31212,Deepak Kulkarni,Girish Patil,2,0
31213,Ashwini Desai,Yashwanth Prasad,2,0
31217,Imran Kumar,Rekha Murthy,2,7
31224,Basavaraj Shetty,Yashwanth Murthy,2,6
31226,Manjunath Hegde,Shivakumar Shetty,2,8
31228,Chetan Patil,Fatima Shetty,2,4
31229,Manjunath Desai,Suresh Shetty,2,8
31233,Mary Rao,Pooja Nayak,2,0
31237,Imran Nayak,Suresh Iyengar,2,0
31239,Lakshmi Hegde,Mary Patil,2,1
31242,Basavaraj Rao,Rekha Naik,2,0
31243,Prakash Hegde,Rekha Naik,2,0
31246,Anitha Iyengar,Imran Kulkarni,2,0
31249,Basavaraj Hegde,Nagaraj Naik,2,0
31250,Joseph Bhat,Nagaraj Naik,2,0
31254,Deepak Desai,Prakash Prasad,2,0
31256,Deepak Desai,Ravi Prasad,2,0
31266,Ashwini Desai,Nagaraj Naik,2,0
31267,Bhavana Prasad,Lakshmi Iyengar,2,3
31268,Lakshmi Iyengar,Vinutha Desai,2,0
31269,Basavaraj Murthy,Pooja Gowda,2,3
31278,Chetan Rao,Fatima Shetty,2,7
31281,Basavaraj Kumar,Kiran Murthy,2,8
31283,Rekha Reddy,Vinutha Patil,2,2
31296,Imran Reddy,Joseph Prasad,2,0
31300,Anitha Patil,Nagaraj Prasad,2,0
31301,Chetan Bhat,Imran Kumar,2,0
31310,Ashwini Reddy,Fatima Iyengar,2,1
31312,Imran Gowda,Nagaraj Hegde,2,0
31313,Ravi Gowda,Suresh Reddy,2,3
31318,Ravi Nayak,Shivakumar Rao,2,1
31319,Manjunath Kumar,Mary Prasad,2,3
31321,Mary Prasad,Pooja Reddy,2,0
31328,Anitha Naik,Basavaraj Shetty,2,0
31331,Manjunath Patil,Vinutha Naik,2,0
31335,Imran Gowda,Mary Naik,2,7
31337,Anitha Patil,Suresh Hegde,2,0
31338,Kiran Hegde,Yashwanth Gowda,2,3
31343,Imran Bhat,Mary Kumar,2,0
31347,Deepak Desai,Vinutha Naik,2,0
31349,Imran Nayak,Vinutha Kulkarni,2,0
31353,Deepak Murthy,Ravi Iyengar,2,0
31356,Basavaraj Murthy,Kiran Naik,2,0
31360,Ashwini Bhat,Suresh Kumar,2,0
31368,Girish Reddy,Kiran Prasad,2,0
31371,Imran Shetty,Prakash Gowda,2,0
31376,Suresh Shetty,Vinutha Reddy,2,0
31377,Anitha Murthy,Ravi Desai,2,0
31378,Mary Shetty,Prakash Kumar,2,0
31382,Lakshmi Bhat,Manjunath Patil,2,0
31383,Deepak Hegde,Lakshmi Bhat,2,0
31384,Imran Prasad,Rekha Bhat,2,0
31385,Anitha Patil,Deepak Bhat,2,0
31388,Manjunath Hegde,Nagaraj Desai,2,0
31392,Mary Bhat,Prakash Prasad,2,0
31397,Manjunath Desai,Nagaraj Rao,2,8
31404,Basavaraj Shetty,Rekha Murthy,2,7
31407,Ashwini Hegde,Basavaraj Shetty,2,0
31411,Imran Iyengar,Shivakumar Hegde,2,1
31412,Deepak Nayak,Shivakumar Hegde,2,1
31415,Kiran Patil,Ravi Kulkarni,2,0
31418,Chetan Shetty,Vinutha Nayak,2,0
31423,Prakash Prasad,Yashwanth Kulkarni,2,0
31432,Basavaraj Prasad,Lakshmi Naik,2,0
31433,Basavaraj Patil,Basavaraj Prasad,2,2
31438,Suresh Gowda,Suresh Patil,2,0
31439,Fatima Gowda,Suresh Patil,2,1
31444,Fatima Hegde,Kiran Iyengar,2,0
31445,Fatima Hegde,Kiran Patil,2,0
31447,Bhavana Nayak,Kiran Reddy,2,2
31450,Manjunath Shetty,Shivakumar Murthy,2,4
31451,Nagaraj Iyengar,Pooja Gowda,2,3
31459,Anitha Desai,Anitha Gowda,2,0
31460,Kiran Bhat,Mary Shetty,2,0
31467,Suresh Murthy,Suresh Naik,2,0
31468,Girish Patil,Suresh Naik,2,0
31469,Ravi Patil,Suresh Reddy,2,0
31473,Anitha Gowda,Mary Rao,2,0
31474,Anitha Gowda,Pooja Nayak,2,0
31476,Kiran Prasad,Manjunath Naik,2,0
31480,Mary Nayak,Vinutha Rao,2,0
31487,Kiran Bhat,Prakash Kulkarni,2,7
31488,Girish Reddy,Mary Desai,2,0
31489,Anitha Desai,Kiran Kulkarni,2,5
31501,Manjunath Iyengar,Mary Reddy,2,5
31504,Ashwini Murthy,Nagaraj Desai,2,0
31508,Basavaraj Rao,Kiran Bhat,2,0
31510,Basavaraj Gowda,Girish Gowda,2,6
31511,Ashwini Gowda,Vinutha Desai,2,0
31521,Chetan Kumar,Mary Kulkarni,2,0
31527,Pooja Patil,Prakash Murthy,2,0
31531,Ravi Patil,Vinutha Iyengar,2,0
31532,Fatima Shetty,Rekha Iyengar,2,7
31533,Joseph Prasad,Yashwanth Patil,2,0
31534,Joseph Prasad,Kiran Kulkarni,2,5
31535,Bhavana Shetty,Suresh Nayak,2,0
31536,Bhavana Shetty,Deepak Kumar,2,0
31538,Deepak Nayak,Nagaraj Patil,2,2
31539,Girish Gowda,Ravi Nayak,2,6
31547,Ashwini Hegde,Lakshmi Kulkarni,2,0
31553,Chetan Murthy,Rekha Nayak,2,8
31554,Joseph Shetty,Ravi Murthy,2,4
31557,Joseph Naik,Manjunath Gowda,2,5
31559,Basavaraj Bhat,Joseph Naik,2,2
31567,Bhavana Gowda,Imran Kulkarni,2,1
31568,Pooja Nayak,Yashwanth Iyengar,2,7
31569,Ashwini Naik,Girish Iyengar,2,5
31572,Kiran Naik,Pooja Murthy,2,0
31578,Ashwini Kumar,Fatima Bhat,2,0
31581,Bhavana Patil,Imran Kulkarni,2,0
31584,Imran Kulkarni,Lakshmi Reddy,2,8
31585,Suresh Rao,Yashwanth Nayak,2,0
31587,Fatima Naik,Nagaraj Gowda,2,0
31588,Lakshmi Reddy,Vinutha Desai,2,8
31591,Suresh Desai,Vinutha Murthy,2,0
31596,Bhavana Rao,Pooja Nayak,2,0
31597,Lakshmi Hegde,Ravi Shetty,2,1
31598,Anitha Murthy,Lakshmi Kulkarni,2,0
31599,Anitha Prasad,Mary Murthy,2,8
31600,Joseph Prasad,Rekha Prasad,2,0
31604,Girish Prasad,Imran Reddy,2,0
31606,Chetan Rao,Yashwanth Reddy,2,5
31612,Ravi Gowda,Suresh Murthy,2,3
31615,Bhavana Hegde,Deepak Gowda,2,0
31617,Bhavana Hegde,Mary Kulkarni,2,0
31619,Deepak Prasad,Mary Naik,2,7
31620,Kiran Kumar,Mary Naik,2,7
31627,Ashwini Reddy,Joseph Shetty,2,4
31628,Kiran Bhat,Suresh Patil,2,0
31629,Deepak Naik,Kiran Bhat,2,0
31630,Manjunath Patil,Rekha Naik,2,0
31640,Prakash Shetty,Suresh Reddy,2,0
31641,Fatima Kumar,Nagaraj Rao,2,0
31656,Nagaraj Reddy,Ravi Naik,2,7
31658,Lakshmi Patil,Ravi Nayak,2,1
31659,Deepak Nayak,Kiran Kulkarni,2,5
31660,Deepak Rao,Prakash Kulkarni,2,7
31662,Fatima Shetty,Joseph Hegde,2,7
31663,Fatima Shetty,Nagaraj Reddy,2,7
31664,Prakash Nayak,Suresh Prasad,2,0
31667,Fatima Bhat,Prakash Reddy,2,0
31668,Girish Bhat,Yashwanth Bhat,2,6
31669,Chetan Bhat,Imran Rao,2,8
31672,Ashwini Murthy,Girish Bhat,2,6
31675,Girish Bhat,Vinutha Patil,2,6
31677,Anitha Prasad,Vinutha Rao,2,0
31683,Chetan Reddy,Nagaraj Bhat,2,1
31687,Lakshmi Prasad,Ravi Bhat,2,0
31692,Girish Nayak,Rekha Murthy,2,7
31695,Ashwini Naik,Nagaraj Bhat,2,5
31696,Ashwini Naik,Mary Iyengar,2,5
31700,Deepak Bhat,Prakash Naik,2,2
31702,Kiran Gowda,Manjunath Iyengar,2,0
31703,Bhavana Prasad,Imran Hegde,2,3
31705,Bhavana Iyengar,Vinutha Prasad,2,0
31707,Mary Gowda,Pooja Iyengar,2,5
31720,Nagaraj Reddy,Vinutha Patil,2,7
31723,Rekha Murthy,Yashwanth Gowda,2,7
31727,Nagaraj Reddy,Yashwanth Iyengar,2,7
31728,Mary Iyengar,Suresh Kulkarni,2,0
31729,Mary Iyengar,Suresh Prasad,2,0
31730,Mary Iyengar,Prakash Nayak,2,0
31733,Basavaraj Kumar,Manjunath Prasad,2,0
31738,Basavaraj Kumar,Lakshmi Desai,2,0
31745,Ashwini Murthy,Basavaraj Naik,2,0
31754,Chetan Naik,Chetan Reddy,2,1
31764,Girish Kulkarni,Imran Gowda,2,5
31765,Girish Kulkarni,Ravi Desai,2,5
31776,Mary Prasad,Suresh Iyengar,2,0
31777,Mary Prasad,Prakash Rao,2,0
31781,Basavaraj Naik,Kiran Naik,2,0
31782,Bhavana Iyengar,Shivakumar Nayak,2,0
31783,Girish Desai,Shivakumar Desai,2,4
31785,Kiran Rao,Yashwanth Nayak,2,0
31788,Anitha Murthy,Bhavana Iyengar,2,0
31790,Bhavana Kulkarni,Manjunath Kulkarni,2,0
31792,Mary Patil,Nagaraj Reddy,2,7
31795,Pooja Shetty,Prakash Gowda,2,6
31797,Ashwini Murthy,Nagaraj Gowda,2,0
31798,Nagaraj Gowda,Prakash Gowda,2,0
31799,Girish Kumar,Imran Desai,2,8
31800,Shivakumar Prasad,Yashwanth Kumar,2,0
31803,Ashwini Hegde,Lakshmi Bhat,2,0
31809,Bhavana Rao,Yashwanth Hegde,2,0
31812,Ashwini Rao,Prakash Patil,2,0
31814,Ashwini Bhat,Yashwanth Rao,2,0
31816,Fatima Murthy,Suresh Rao,2,0
31818,Fatima Murthy,Imran Reddy,2,0
31825,Bhavana Kulkarni,Suresh Shetty,2,0
31826,Pooja Prasad,Prakash Kumar,2,0
31829,Manjunath Shetty,Mary Desai,2,4
31835,Bhavana Nayak,Ravi Desai,2,2
31838,Bhavana Nayak,Yashwanth Nayak,2,2
31850,Ashwini Reddy,Bhavana Bhat,2,0
31859,Bhavana Murthy,Lakshmi Kulkarni,2,0
31865,Imran Kumar,Vinutha Murthy,2,0
31867,Imran Naik,Lakshmi Kumar,2,4
31873,Rekha Iyengar,Shivakumar Naik,2,4
31877,Imran Nayak,Nagaraj Naik,2,0
31880,Suresh Gowda,Suresh Nayak,2,0
31883,Imran Gowda,Joseph Shetty,2,4
31884,Ashwini Prasad,Deepak Prasad,2,0
31885,Anitha Desai,Lakshmi Bhat,2,0
31886,Lakshmi Bhat,Manjunath Kumar,2,3
31894,Mary Gowda,Shivakumar Kulkarni,2,0
31896,Joseph Nayak,Ravi Shetty,2,0
31899,Lakshmi Desai,Ravi Nayak,2,1
31910,Anitha Murthy,Vinutha Reddy,2,0
31920,Kiran Iyengar,Mary Rao,2,0
31924,Girish Reddy,Yashwanth Murthy,2,6
31927,Fatima Hegde,Imran Shetty,2,0
31934,Joseph Desai,Yashwanth Desai,2,0
31942,Kiran Reddy,Suresh Bhat,2,7
31956,Deepak Patil,Manjunath Reddy,2,2
31958,Kiran Desai,Shivakumar Desai,2,4
31963,Joseph Desai,Joseph Rao,2,0
31964,Deepak Patil,Vinutha Bhat,2,2
31972,Girish Nayak,Prakash Kumar,2,0
31975,Bhavana Naik,Yashwanth Kumar,2,3
31977,Basavaraj Hegde,Basavaraj Patil,2,2
31991,Deepak Rao,Pooja Murthy,2,7
31994,Chetan Shetty,Girish Gowda,2,6
31996,Deepak Patil,Nagaraj Kulkarni,2,2
31997,Lakshmi Murthy,Pooja Murthy,2,0
32001,Fatima Rao,Imran Murthy,2,0
32005,Nagaraj Gowda,Ravi Naik,2,7
32013,Deepak Gowda,Prakash Rao,2,0
32028,Joseph Gowda,Pooja Patil,2,0
32043,Shivakumar Reddy,Suresh Reddy,2,0
32051,Deepak Nayak,Girish Reddy,2,0
32057,Lakshmi Iyengar,Ravi Prasad,2,0
32067,Girish Patil,Yashwanth Murthy,2,6
32068,Rekha Murthy,Suresh Patil,2,7
32073,Manjunath Desai,Suresh Rao,2,8
32074,Prakash Prasad,Suresh Hegde,2,0
32079,Lakshmi Patil,Nagaraj Prasad,2,0
32086,Anitha Patil,Kiran Shetty,2,0
32089,Anitha Kumar,Manjunath Murthy,2,0
32094,Manjunath Shetty,Pooja Naik,2,4
32096,Rekha Shetty,Vinutha Prasad,2,3
32102,Bhavana Prasad,Manjunath Hegde,2,3
32103,Girish Desai,Vinutha Kumar,2,0
32110,Basavaraj Kumar,Chetan Reddy,2,1
32111,Chetan Reddy,Prakash Patil,2,1
32112,Basavaraj Kumar,Prakash Patil,2,0
32116,Bhavana Gowda,Shivakumar Reddy,2,1
32118,Ravi Hegde,Ravi Murthy,2,0
32124,Imran Gowda,Manjunath Kumar,2,3
32131,Fatima Gowda,Lakshmi Prasad,2,1
32135,Deepak Kumar,Girish Shetty,2,0
32139,Deepak Bhat,Pooja Rao,2,7
32150,Mary Kumar,Prakash Reddy,2,0
32151,Joseph Reddy,Mary Kumar,2,2
32152,Deepak Hegde,Prakash Hegde,2,0
32154,Bhavana Naik,Mary Bhat,2,3
32157,Pooja Naik,Suresh Kumar,2,0
32161,Prakash Shetty,Vinutha Prasad,2,0
32169,Basavaraj Patil,Fatima Kulkarni,2,2
32170,Fatima Kulkarni,Girish Murthy,2,3
32171,Deepak Shetty,Yashwanth Patil,2,0
32172,Shivakumar Nayak,Yashwanth Patil,2,0
32174,Chetan Kulkarni,Shivakumar Bhat,2,0
32178,Kiran Reddy,Nagaraj Nayak,2,7
32181,Lakshmi Naik,Ravi Naik,2,7
32183,Kiran Desai,Vinutha Prasad,2,0
32199,Anitha Naik,Anitha Patil,2,0
32200,Anitha Kumar,Mary Rao,2,0
32201,Basavaraj Prasad,Shivakumar Kumar,2,0
32210,Basavaraj Patil,Suresh Bhat,2,2
32212,Anitha Rao,Yashwanth Bhat,2,4
32218,Basavaraj Iyengar,Deepak Kumar,2,3
32219,Ashwini Kumar,Rekha Rao,2,0
32220,Lakshmi Hegde,Rekha Rao,2,1
32221,Deepak Bhat,Girish Rao,2,0
32222,Chetan Bhat,Prakash Bhat,2,0
32225,Imran Patil,Manjunath Kumar,2,3
32227,Girish Hegde,Imran Patil,2,4
32233,Nagaraj Hegde,Vinutha Kulkarni,2,0
32234,Vinutha Kulkarni,Yashwanth Desai,2,0
32235,Anitha Kumar,Bhavana Hegde,2,0
32238,Manjunath Naik,Prakash Rao,2,0
32239,Manjunath Naik,Nagaraj Patil,2,2
32240,Basavaraj Prasad,Ravi Shetty,2,0
32243,Ashwini Prasad,Vinutha Naik,2,0
32245,Ashwini Prasad,Imran Naik,2,0
32250,Fatima Patil,Shivakumar Reddy,2,0
32257,Fatima Murthy,Mary Naik,2,7
32259,Ashwini Reddy,Girish Kulkarni,2,5
32262,Imran Shetty,Yashwanth Naik,2,0
32263,Imran Shetty,Yashwanth Patil,2,0
32268,Basavaraj Gowda,Chetan Iyengar,2,0
32276,Kiran Kumar,Suresh Rao,2,0
32278,Bhavana Patil,Vinutha Kumar,2,0
32280,Girish Nayak,Suresh Nayak,2,0
32282,Girish Nayak,Girish Rao,2,0
32283,Basavaraj Prasad,Rekha Murthy,2,7
32286,Girish Gowda,Yashwanth Reddy,2,6
32295,Nagaraj Desai,Pooja Bhat,2,5
32298,Bhavana Desai,Vinutha Shetty,2,5
32307,Anitha Rao,Bhavana Naik,2,4
32314,Girish Prasad,Pooja Desai,2,0
32315,Fatima Iyengar,Girish Prasad,2,1
32316,Girish Prasad,Imran Shetty,2,0
32324,Ashwini Iyengar,Chetan Rao,2,4
32327,Rekha Bhat,Vinutha Shetty,2,0
32332,Manjunath Prasad,Pooja Reddy,2,0
32344,Deepak Kumar,Fatima Gowda,2,1
32353,Basavaraj Iyengar,Joseph Desai,2,3
32356,Deepak Hegde,Deepak Shetty,2,0
32363,Nagaraj Desai,Rekha Shetty,2,3
32370,Ashwini Rao,Shivakumar Rao,2,0
32371,Pooja Bhat,Yashwanth Hegde,2,5
32375,Girish Hegde,Prakash Gowda,2,4
32376,Bhavana Rao,Girish Gowda,2,6
32377,Bhavana Naik,Bhavana Rao,2,3
32384,Chetan Murthy,Prakash Rao,2,0
32393,Kiran Rao,Shivakumar Kulkarni,2,0
32395,Basavaraj Shetty,Vinutha Gowda,2,0
32397,Chetan Shetty,Pooja Rao,2,7
32399,Chetan Shetty,Yashwanth Reddy,2,5
32404,Imran Naik,Suresh Shetty,2,0
32407,Anitha Bhat,Lakshmi Rao,2,7
32409,Imran Patil,Ravi Murthy,2,0
32419,Girish Gowda,Rekha Murthy,2,6
32422,Nagaraj Bhat,Suresh Naik,2,3
32424,Ashwini Iyengar,Fatima Hegde,2,4
32425,Vinutha Iyengar,Vinutha Kulkarni,2,0
32428,Basavaraj Desai,Bhavana Rao,2,0
32435,Imran Reddy,Yashwanth Rao,2,0
32438,Ashwini Shetty,Nagaraj Prasad,2,0
32444,Deepak Desai,Shivakumar Prasad,2,0
32446,Nagaraj Reddy,Prakash Kulkarni,2,7
32449,Ravi Reddy,Vinutha Bhat,2,1
32452,Joseph Nayak,Shivakumar Rao,2,0
32460,Deepak Kulkarni,Suresh Hegde,2,0
32466,Basavaraj Murthy,Girish Nayak,2,0
32467,Ashwini Naik,Girish Nayak,2,5
32473,Anitha Hegde,Kiran Naik,2,0
32480,Girish Gowda,Prakash Desai,2,6
32481,Manjunath Iyengar,Mary Kulkarni,2,0
32485,Ashwini Desai,Vinutha Patil,2,2
32487,Ashwini Desai,Ashwini Reddy,2,0
32494,Manjunath Hegde,Pooja Shetty,2,6
32504,Fatima Murthy,Suresh Iyengar,2,0
32508,Deepak Kulkarni,Imran Patil,2,0
32512,Mary Iyengar,Nagaraj Gowda,2,0
32513,Manjunath Kumar,Nagaraj Gowda,2,3
32514,Shivakumar Kulkarni,Yashwanth Rao,2,0
32516,Kiran Prasad,Ravi Kulkarni,2,0
32521,Lakshmi Naik,Suresh Shetty,2,0
32522,Joseph Kulkarni,Ravi Shetty,2,0
32524,Anitha Shetty,Bhavana Reddy,2,0
32527,Girish Murthy,Joseph Hegde,2,7
32530,Basavaraj Kulkarni,Deepak Bhat,2,0
32533,Kiran Rao,Rekha Gowda,2,0
32536,Imran Hegde,Rekha Reddy,2,0
32537,Girish Hegde,Prakash Bhat,2,4
32540,Deepak Shetty,Yashwanth Kulkarni,2,0
32543,Shivakumar Patil,Shivakumar Prasad,2,0
32558,Bhavana Desai,Pooja Desai,2,5
32560,Chetan Kumar,Chetan Naik,2,0
32565,Mary Naik,Yashwanth Gowda,2,7
32566,Imran Gowda,Yashwanth Rao,2,0
32569,Basavaraj Reddy,Prakash Kumar,2,0
32570,Chetan Hegde,Prakash Kumar,2,0
32571,Deepak Gowda,Pooja Kumar,2,8
32575,Mary Bhat,Nagaraj Gowda,2,0
32578,Ashwini Bhat,Manjunath Hegde,2,0
32588,Anitha Nayak,Basavaraj Shetty,2,0
32592,Vinutha Patil,Yashwanth Bhat,2,2
32593,Bhavana Nayak,Yashwanth Bhat,2,2
32598,Kiran Bhat,Ravi Rao,2,0
32599,Shivakumar Bhat,Yashwanth Desai,2,0
32600,Pooja Murthy,Shivakumar Kumar,2,0
32602,Fatima Rao,Mary Hegde,2,5
32612,Bhavana Bhat,Bhavana Iyengar,2,0
32615,Joseph Kulkarni,Rekha Patil,2,0
32617,Lakshmi Kulkarni,Manjunath Shetty,2,4
32626,Lakshmi Rao,Manjunath Nayak,2,7
32629,Prakash Murthy,Vinutha Reddy,2,0
32635,Girish Nayak,Mary Kumar,2,0
32638,Kiran Shetty,Nagaraj Nayak,2,0
32641,Ashwini Iyengar,Ashwini Shetty,2,4
32655,Girish Rao,Mary Hegde,2,5
32662,Imran Prasad,Rekha Desai,2,0
32673,Ashwini Bhat,Deepak Hegde,2,0
32677,Bhavana Reddy,Prakash Bhat,2,0
32681,Lakshmi Nayak,Prakash Naik,2,1
32686,Basavaraj Hegde,Kiran Reddy,2,7
32689,Manjunath Desai,Mary Nayak,2,8
32690,Fatima Iyengar,Nagaraj Rao,2,1
32691,Fatima Iyengar,Yashwanth Naik,2,1
32692,Nagaraj Kulkarni,Prakash Kumar,2,4
32693,Imran Rao,Rekha Prasad,2,8
32695,Basavaraj Hegde,Imran Rao,2,8
32701,Manjunath Kumar,Suresh Prasad,2,3
32706,Fatima Gowda,Imran Patil,2,1
32708,Manjunath Nayak,Ravi Prasad,2,5
32715,Lakshmi Kulkarni,Pooja Kulkarni,2,0
32725,Bhavana Nayak,Joseph Murthy,2,2
32726,Ashwini Nayak,Mary Iyengar,2,0
32731,Joseph Desai,Manjunath Desai,2,8
32734,Shivakumar Kumar,Shivakumar Reddy,2,0
32741,Chetan Shetty,Nagaraj Naik,2,0
32742,Nagaraj Naik,Vinutha Reddy,2,0
32749,Deepak Kumar,Nagaraj Prasad,2,0
32752,Chetan Naik,Rekha Naik,2,0
32763,Fatima Bhat,Imran Nayak,2,0
32764,Ashwini Bhat,Nagaraj Gowda,2,0
32767,Bhavana Murthy,Manjunath Bhat,2,0
32773,Imran Iyengar,Mary Patil,2,0
32783,Anitha Gowda,Basavaraj Prasad,2,0
32797,Ashwini Shetty,Shivakumar Murthy,2,0
32798,Prakash Bhat,Yashwanth Rao,2,0
32805,Fatima Murthy,Joseph Rao,2,0
32807,Pooja Shetty,Suresh Shetty,2,6
32812,Imran Naik,Nagaraj Kumar,2,0
32818,Mary Reddy,Nagaraj Gowda,2,5
32824,Pooja Bhat,Vinutha Patil,2,5
32825,Nagaraj Reddy,Pooja Bhat,2,7
32827,Girish Desai,Manjunath Hegde,2,0
32832,Bhavana Patil,Suresh Rao,2,0
32836,Nagaraj Kulkarni,Prakash Shetty,2,4
32837,Nagaraj Kulkarni,Ravi Patil,2,4
32839,Fatima Iyengar,Yashwanth Rao,2,1
32840,Mary Desai,Mary Iyengar,2,0
32844,Girish Bhat,Ravi Murthy,2,6
32848,Deepak Bhat,Joseph Desai,2,0
32849,Girish Patil,Manjunath Rao,2,0
32850,Suresh Kulkarni,Suresh Shetty,2,0
32851,Anitha Kulkarni,Basavaraj Kulkarni,2,0
32853,Girish Desai,Suresh Hegde,2,0
32855,Ashwini Bhat,Joseph Prasad,2,0
32856,Ravi Gowda,Vinutha Gowda,2,3
32861,Deepak Kumar,Rekha Hegde,2,0
32866,Basavaraj Prasad,Shivakumar Kulkarni,2,0
32869,Basavaraj Prasad,Girish Bhat,2,6
32871,Girish Bhat,Mary Prasad,2,6
32872,Ravi Prasad,Rekha Bhat,2,0
32873,Girish Iyengar,Prakash Rao,2,0
32874,Girish Patil,Shivakumar Bhat,2,0
32879,Joseph Reddy,Rekha Desai,2,2
32893,Prakash Kumar,Shivakumar Prasad,2,0
32900,Pooja Reddy,Yashwanth Bhat,2,3
32902,Manjunath Murthy,Rekha Gowda,2,0
32906,Fatima Bhat,Imran Reddy,2,0
32908,Lakshmi Kulkarni,Ravi Naik,2,7
32913,Ashwini Bhat,Vinutha Patil,2,2
32920,Deepak Rao,Pooja Bhat,2,7
32924,Kiran Desai,Suresh Nayak,2,0
32944,Suresh Naik,Vinutha Kumar,2,0
32945,Anitha Kumar,Manjunath Rao,2,0
32948,Ashwini Shetty,Vinutha Shetty,2,0
32950,Nagaraj Rao,Shivakumar Nayak,2,0
32957,Lakshmi Murthy,Lakshmi Shetty,2,0
32962,Anitha Reddy,Kiran Patil,2,0
32963,Anitha Reddy,Deepak Patil,2,2
32968,Anitha Bhat,Rekha Murthy,2,7
32975,Rekha Kulkarni,Vinutha Patil,2,2
32976,Imran Patil,Pooja Patil,2,0
32978,Manjunath Shetty,Prakash Gowda,2,4
32983,Chetan Rao,Fatima Rao,2,0
32984,Fatima Rao,Shivakumar Murthy,2,0
32985,Anitha Iyengar,Chetan Rao,2,0
32986,Anitha Iyengar,Shivakumar Murthy,2,0
32988,Prakash Patil,Ravi Hegde,2,0
32997,Suresh Naik,Vinutha Naik,2,0
33008,Nagaraj Gowda,Pooja Reddy,2,0
33016,Anitha Nayak,Manjunath Nayak,2,5
33026,Nagaraj Kulkarni,Nagaraj Patil,2,4
33028,Lakshmi Bhat,Prakash Iyengar,2,5
33029,Chetan Desai,Nagaraj Hegde,2,0
33030,Imran Patil,Pooja Kulkarni,2,0
33036,Pooja Prasad,Shivakumar Rao,2,0
33050,Manjunath Gowda,Mary Rao,2,0
33052,Ashwini Prasad,Nagaraj Kumar,2,0
33055,Chetan Kumar,Nagaraj Bhat,2,3
33056,Anitha Rao,Lakshmi Iyengar,2,4
33063,Girish Iyengar,Rekha Rao,2,0
33067,Chetan Kulkarni,Vinutha Patil,2,2
33071,Kiran Kumar,Kiran Rao,2,0
33078,Chetan Naik,Suresh Patil,2,0
33083,Nagaraj Nayak,Rekha Reddy,2,0
33084,Deepak Iyengar,Mary Naik,2,3
33088,Vinutha Rao,Yashwanth Reddy,2,5
33089,Joseph Gowda,Yashwanth Reddy,2,5
33101,Anitha Shetty,Manjunath Kulkarni,2,0
33114,Prakash Iyengar,Rekha Kulkarni,2,5
33118,Mary Kumar,Vinutha Patil,2,2
33119,Vinutha Iyengar,Vinutha Patil,2,2
33128,Chetan Prasad,Mary Shetty,2,6
33133,Lakshmi Iyengar,Pooja Desai,2,0
33135,Bhavana Bhat,Kiran Nayak,2,0
33137,Nagaraj Prasad,Suresh Shetty,2,0
33139,Basavaraj Nayak,Nagaraj Prasad,2,0
33144,Mary Naik,Prakash Nayak,2,7
33152,Bhavana Murthy,Yashwanth Shetty,2,0
33153,Nagaraj Shetty,Rekha Rao,2,0
33154,Prakash Shetty,Shivakumar Desai,2,4
33158,Kiran Kumar,Nagaraj Kumar,2,0
33160,Mary Patil,Vinutha Patil,2,2
33162,Ashwini Shetty,Deepak Patil,2,2
33164,Bhavana Murthy,Pooja Hegde,2,0
33170,Kiran Naik,Ravi Patil,2,0
33175,Fatima Desai,Yashwanth Shetty,2,0
33180,Bhavana Reddy,Ravi Prasad,2,0
33182,Vinutha Shetty,Yashwanth Hegde,2,0
33183,Mary Shetty,Yashwanth Hegde,2,0
33185,Anitha Naik,Pooja Gowda,2,3
33188,Bhavana Shetty,Shivakumar Nayak,2,0
33192,Mary Bhat,Yashwanth Kumar,2,0
33193,Mary Bhat,Prakash Kumar,2,0
33195,Kiran Gowda,Nagaraj Kulkarni,2,4
33199,Joseph Shetty,Pooja Gowda,2,4
33200,Nagaraj Patil,Pooja Gowda,2,2
33202,Anitha Kumar,Girish Desai,2,0
33206,Lakshmi Desai,Vinutha Nayak,2,0
33210,Ashwini Iyengar,Nagaraj Murthy,2,4
33211,Lakshmi Prasad,Nagaraj Murthy,2,0
33214,Ashwini Iyengar,Joseph Naik,2,4
33215,Joseph Naik,Lakshmi Prasad,2,5
33216,Vinutha Bhat,Yashwanth Reddy,2,5
33218,Joseph Reddy,Shivakumar Iyengar,2,2
33226,Anitha Reddy,Ashwini Nayak,2,0
33227,Anitha Reddy,Bhavana Hegde,2,0
33230,Fatima Naik,Lakshmi Kulkarni,2,0
33233,Nagaraj Iyengar,Prakash Kulkarni,2,7
33236,Basavaraj Patil,Deepak Kulkarni,2,2
33239,Girish Murthy,Mary Hegde,2,5
33240,Nagaraj Kumar,Yashwanth Murthy,2,6
33242,Anitha Shetty,Imran Rao,2,8
33247,Imran Iyengar,Lakshmi Nayak,2,1
33249,Lakshmi Patil,Pooja Gowda,2,3
33253,Fatima Shetty,Suresh Rao,2,7
33270,Chetan Shetty,Imran Kumar,2,0
33277,Chetan Shetty,Girish Shetty,2,0
33278,Lakshmi Kumar,Mary Nayak,2,4
33279,Ashwini Shetty,Lakshmi Kumar,2,4
33282,Basavaraj Bhat,Suresh Gowda,2,2
33283,Basavaraj Rao,Rekha Rao,2,0
33284,Basavaraj Rao,Ravi Naik,2,7
33289,Suresh Kulkarni,Vinutha Patil,2,2
33290,Girish Iyengar,Suresh Reddy,2,0
33296,Mary Gowda,Ravi Murthy,2,0
33297,Suresh Murthy,Suresh Nayak,2,0
33311,Deepak Shetty,Girish Murthy,2,0
33312,Deepak Shetty,Girish Desai,2,0
33313,Girish Desai,Girish Murthy,2,0
33315,Anitha Murthy,Mary Rao,2,0
33330,Chetan Kulkarni,Suresh Shetty,2,0
33333,Ashwini Kulkarni,Yashwanth Gowda,2,0
33341,Kiran Naik,Manjunath Gowda,2,0
33350,Manjunath Bhat,Ravi Patil,2,0
33353,Anitha Naik,Basavaraj Reddy,2,0
33361,Fatima Desai,Vinutha Hegde,2,0
33362,Rekha Gowda,Vinutha Hegde,2,0
33364,Shivakumar Bhat,Suresh Prasad,2,0
33367,Girish Iyengar,Kiran Prasad,2,0
33368,Kiran Gowda,Kiran Prasad,2,0
33369,Girish Bhat,Nagaraj Rao,2,6
33371,Manjunath Patil,Pooja Naik,2,0
33372,Ashwini Nayak,Yashwanth Iyengar,2,7
33377,Ravi Bhat,Rekha Kumar,2,0
33379,Manjunath Kulkarni,Shivakumar Iyengar,2,0
33380,Anitha Patil,Lakshmi Shetty,2,0
33381,Manjunath Desai,Yashwanth Gowda,2,8
33382,Fatima Reddy,Pooja Kumar,2,8
33383,Pooja Kumar,Rekha Bhat,2,8
33386,Kiran Murthy,Ravi Nayak,2,8
33391,Girish Prasad,Joseph Nayak,2,0
33396,Deepak Reddy,Lakshmi Naik,2,0
33407,Deepak Murthy,Rekha Gowda,2,0
33409,Nagaraj Reddy,Ravi Patil,2,7
33410,Anitha Nayak,Rekha Patil,2,0
33412,Chetan Rao,Yashwanth Rao,2,0
33415,Girish Bhat,Mary Gowda,2,6
33416,Ashwini Murthy,Yashwanth Desai,2,0
33420,Joseph Kumar,Suresh Patil,2,2
33422,Imran Patil,Joseph Kumar,2,2
33425,Deepak Naik,Imran Patil,2,0
33427,Mary Kulkarni,Shivakumar Patil,2,0
33439,Bhavana Rao,Mary Reddy,2,5
33442,Deepak Shetty,Kiran Gowda,2,0
33454,Manjunath Hegde,Nagaraj Patil,2,2
33455,Manjunath Kulkarni,Manjunath Kumar,2,3
33456,Anitha Rao,Manjunath Kulkarni,2,4
33464,Deepak Nayak,Nagaraj Reddy,2,7
33475,Lakshmi Nayak,Manjunath Bhat,2,1
33478,Anitha Shetty,Prakash Rao,2,0
33483,Bhavana Shetty,Kiran Iyengar,2,0
33484,Basavaraj Bhat,Rekha Kulkarni,2,2
33486,Kiran Shetty,Suresh Naik,2,0
33491,Fatima Patil,Shivakumar Bhat,2,0
33493,Bhavana Shetty,Pooja Hegde,2,0
33499,Imran Desai,Lakshmi Kumar,2,8
33501,Imran Desai,Pooja Naik,2,8
33503,Mary Rao,Prakash Naik,2,2
33504,Girish Iyengar,Manjunath Patil,2,0
33505,Mary Nayak,Ravi Shetty,2,0
33511,Bhavana Gowda,Rekha Kumar,2,1
33515,Nagaraj Iyengar,Pooja Rao,2,7
33519,Ravi Gowda,Shivakumar Nayak,2,3
33524,Nagaraj Naik,Rekha Nayak,2,8
33526,Imran Murthy,Rekha Nayak,2,8
33535,Manjunath Kulkarni,Suresh Kumar,2,0
33540,Joseph Hegde,Lakshmi Nayak,2,7
33545,Bhavana Gowda,Joseph Desai,2,1
33550,Manjunath Nayak,Vinutha Prasad,2,5
33551,Chetan Kulkarni,Ravi Nayak,2,1
33564,Pooja Naik,Vinutha Patil,2,2
33565,Basavaraj Bhat,Prakash Murthy,2,2
33572,Ashwini Desai,Fatima Gowda,2,1
33574,Ashwini Desai,Nagaraj Iyengar,2,0
33581,Ashwini Gowda,Joseph Kulkarni,2,0
33598,Basavaraj Iyengar,Kiran Kumar,2,3
33599,Ashwini Patil,Lakshmi Bhat,2,0
33602,Bhavana Reddy,Rekha Kumar,2,0
33603,Bhavana Reddy,Rekha Reddy,2,0
33604,Deepak Gowda,Ravi Murthy,2,0
33606,Ashwini Desai,Girish Desai,2,0
33614,Fatima Kulkarni,Prakash Nayak,2,3
33619,Girish Reddy,Vinutha Bhat,2,0
33623,Rekha Desai,Yashwanth Prasad,2,0
33633,Lakshmi Kulkarni,Nagaraj Murthy,2,0
33635,Joseph Reddy,Nagaraj Naik,2,2
33639,Anitha Hegde,Joseph Patil,2,3
33641,Anitha Hegde,Imran Reddy,2,0
33656,Ashwini Iyengar,Yashwanth Gowda,2,4
33664,Kiran Rao,Manjunath Reddy,2,0
33670,Anitha Iyengar,Imran Prasad,2,0
33672,Ashwini Hegde,Rekha Hegde,2,0
33680,Deepak Reddy,Imran Murthy,2,0
33683,Fatima Bhat,Girish Shetty,2,0
33685,Suresh Reddy,Vinutha Reddy,2,0
33695,Ashwini Hegde,Prakash Shetty,2,0
33699,Imran Desai,Shivakumar Kulkarni,2,8
33704,Kiran Iyengar,Nagaraj Murthy,2,0
33714,Girish Patil,Mary Gowda,2,0
33715,Ashwini Nayak,Shivakumar Gowda,2,3
33722,Imran Iyengar,Suresh Patil,2,0
33731,Pooja Prasad,Ravi Gowda,2,3
33735,Fatima Patil,Ravi Gowda,2,3
33739,Fatima Reddy,Manjunath Hegde,2,0
33742,Chetan Prasad,Fatima Reddy,2,6
33743,Shivakumar Kumar,Suresh Patil,2,0
33751,Deepak Gowda,Vinutha Desai,2,0
33755,Shivakumar Desai,Shivakumar Prasad,2,4
33758,Girish Kulkarni,Manjunath Shetty,2,5
33759,Fatima Kumar,Girish Kulkarni,2,5
33769,Bhavana Gowda,Joseph Kulkarni,2,1
33770,Fatima Shetty,Rekha Naik,2,7
33772,Basavaraj Iyengar,Fatima Kulkarni,2,3
33774,Anitha Rao,Joseph Gowda,2,4
33776,Chetan Prasad,Lakshmi Rao,2,6
33777,Ashwini Gowda,Lakshmi Rao,2,7
33780,Prakash Kulkarni,Yashwanth Iyengar,2,7
33782,Lakshmi Nayak,Vinutha Desai,2,1
33812,Joseph Gowda,Kiran Hegde,2,3
33820,Mary Bhat,Prakash Reddy,2,0
33833,Deepak Naik,Pooja Hegde,2,0
33843,Fatima Reddy,Rekha Naik,2,0
33859,Bhavana Iyengar,Fatima Murthy,2,0
33862,Ashwini Rao,Ravi Desai,2,0
33869,Chetan Rao,Kiran Shetty,2,0
33871,Mary Murthy,Rekha Kumar,2,8
33872,Joseph Prasad,Vinutha Murthy,2,0
33875,Manjunath Patil,Ravi Kumar,2,0
33878,Anitha Nayak,Ravi Rao,2,0
33883,Anitha Iyengar,Nagaraj Iyengar,2,0
33888,Ashwini Patil,Kiran Prasad,2,0
33889,Ashwini Patil,Deepak Gowda,2,0
33894,Kiran Kulkarni,Yashwanth Kulkarni,2,5
33899,Chetan Rao,Mary Patil,2,0
33902,Kiran Hegde,Rekha Murthy,2,3
33908,Deepak Desai,Mary Kulkarni,2,0
33909,Deepak Desai,Manjunath Desai,2,8
33918,Fatima Shetty,Manjunath Iyengar,2,7
33921,Deepak Murthy,Suresh Bhat,2,7
33927,Pooja Murthy,Ravi Prasad,2,0
33931,Imran Naik,Rekha Desai,2,0
33932,Lakshmi Kulkarni,Rekha Desai,2,0
33939,Bhavana Prasad,Nagaraj Prasad,2,3
33945,Mary Nayak,Nagaraj Kulkarni,2,4
33947,Ashwini Reddy,Suresh Kulkarni,2,0
33950,Ashwini Kumar,Yashwanth Hegde,2,0
33954,Lakshmi Kumar,Yashwanth Iyengar,2,4
33956,Fatima Reddy,Prakash Kulkarni,2,7
33957,Girish Naik,Vinutha Prasad,2,0
33960,Joseph Reddy,Vinutha Prasad,2,2
33962,Joseph Patil,Kiran Kulkarni,2,3
33969,Fatima Murthy,Rekha Prasad,2,0
33973,Ravi Iyengar,Yashwanth Kumar,2,0
33983,Anitha Murthy,Bhavana Prasad,2,3
33987,Anitha Hegde,Prakash Naik,2,2
34008,Ashwini Prasad,Bhavana Hegde,2,0
34024,Chetan Nayak,Vinutha Hegde,2,0
34027,Deepak Shetty,Ravi Kumar,2,0
34029,Girish Murthy,Ravi Kumar,2,0
34034,Joseph Bhat,Suresh Patil,2,0
34043,Mary Murthy,Pooja Shetty,2,8
34048,Deepak Bhat,Imran Shetty,2,0
34060,Mary Desai,Pooja Kumar,2,8
34064,Basavaraj Reddy,Deepak Kulkarni,2,0
34068,Deepak Shetty,Lakshmi Shetty,2,0
34070,Imran Shetty,Ravi Nayak,2,1
34077,Fatima Nayak,Lakshmi Prasad,2,0
34082,Ashwini Iyengar,Fatima Bhat,2,4
34087,Anitha Rao,Joseph Desai,2,4
34088,Chetan Rao,Suresh Kulkarni,2,0
34093,Imran Hegde,Kiran Reddy,2,7
34102,Joseph Patil,Nagaraj Kumar,2,3
34106,Kiran Reddy,Lakshmi Shetty,2,7
34117,Joseph Prasad,Kiran Iyengar,2,0
34119,Chetan Prasad,Ravi Murthy,2,6
34121,Basavaraj Kulkarni,Yashwanth Naik,2,0
34130,Manjunath Naik,Yashwanth Naik,2,0
34134,Anitha Reddy,Chetan Naik,2,0
34138,Anitha Rao,Pooja Kumar,2,4
34140,Prakash Iyengar,Prakash Kulkarni,2,5
34161,Joseph Iyengar,Ravi Prasad,2,6
34165,Girish Nayak,Shivakumar Kumar,2,0
34167,Imran Naik,Rekha Bhat,2,0
34169,Nagaraj Desai,Rekha Prasad,2,0
34177,Kiran Gowda,Rekha Hegde,2,0
34179,Girish Bhat,Imran Bhat,2,6
34184,Ashwini Kumar,Manjunath Gowda,2,0
34185,Rekha Nayak,Vinutha Kulkarni,2,8
34200,Ashwini Nayak,Vinutha Nayak,2,0
34202,Bhavana Iyengar,Shivakumar Prasad,2,0
34207,Basavaraj Patil,Fatima Hegde,2,2
34214,Girish Patil,Ravi Nayak,2,1
34216,Ashwini Murthy,Imran Rao,2,8
34217,Anitha Kumar,Basavaraj Kumar,2,0
34221,Rekha Patil,Yashwanth Rao,2,0
34225,Kiran Hegde,Lakshmi Prasad,2,3
34233,Bhavana Nayak,Yashwanth Rao,2,2
34237,Bhavana Gowda,Suresh Shetty,2,1
34241,Anitha Bhat,Ashwini Shetty,2,7
34244,Anitha Kumar,Manjunath Reddy,2,0
34256,Imran Murthy,Rekha Prasad,2,0
34257,Manjunath Gowda,Vinutha Patil,2,2
34265,Nagaraj Naik,Pooja Shetty,2,6
34274,Fatima Patil,Joseph Murthy,2,0
34282,Manjunath Iyengar,Mary Nayak,2,0
34283,Chetan Iyengar,Joseph Nayak,2,0
34287,Joseph Kumar,Pooja Reddy,2,2
34291,Girish Rao,Manjunath Nayak,2,5
34296,Prakash Nayak,Shivakumar Patil,2,0
34305,Basavaraj Rao,Joseph Desai,2,0
34306,Lakshmi Nayak,Mary Shetty,2,1
34312,Ashwini Reddy,Manjunath Desai,2,8
34313,Joseph Desai,Rekha Desai,2,0
34320,Kiran Rao,Nagaraj Hegde,2,0
34328,Lakshmi Kumar,Rekha Desai,2,4
34331,Imran Naik,Imran Shetty,2,0
34332,Imran Naik,Joseph Iyengar,2,6
34338,Kiran Reddy,Pooja Rao,2,7
34339,Nagaraj Nayak,Pooja Rao,2,7
34348,Prakash Murthy,Suresh Nayak,2,0
34351,Fatima Murthy,Nagaraj Desai,2,0
34361,Anitha Murthy,Yashwanth Naik,2,0
34371,Deepak Rao,Vinutha Desai,2,7
34378,Lakshmi Desai,Rekha Murthy,2,7
34380,Bhavana Kumar,Vinutha Desai,2,0
34381,Anitha Bhat,Mary Shetty,2,7
34390,Pooja Desai,Suresh Desai,2,0
34391,Kiran Desai,Suresh Desai,2,0
34395,Ashwini Rao,Lakshmi Nayak,2,1
34397,Lakshmi Kumar,Suresh Gowda,2,4
34398,Anitha Hegde,Shivakumar Bhat,2,0
34404,Anitha Hegde,Chetan Kumar,2,0
34406,Ashwini Reddy,Deepak Bhat,2,0
34408,Nagaraj Rao,Ravi Shetty,2,0
34415,Chetan Bhat,Kiran Kulkarni,2,5
34418,Girish Desai,Kiran Nayak,2,0
34420,Nagaraj Rao,Rekha Shetty,2,3
34428,Basavaraj Kumar,Yashwanth Patil,2,0
34432,Deepak Desai,Rekha Shetty,2,3
34433,Nagaraj Shetty,Yashwanth Kumar,2,0
34438,Fatima Nayak,Mary Bhat,2,0
34441,Basavaraj Nayak,Kiran Nayak,2,0
34442,Mary Prasad,Vinutha Shetty,2,0
34471,Imran Bhat,Mary Shetty,2,0
34472,Bhavana Naik,Imran Gowda,2,3
34474,Girish Reddy,Prakash Iyengar,2,5
34479,Nagaraj Patil,Yashwanth Naik,2,2
34491,Joseph Kulkarni,Suresh Patil,2,0
34492,Kiran Iyengar,Manjunath Patil,2,0
34494,Basavaraj Iyengar,Deepak Shetty,2,3
34496,Manjunath Naik,Yashwanth Rao,2,0
34497,Shivakumar Patil,Shivakumar Reddy,2,0
34500,Fatima Shetty,Shivakumar Desai,2,7
34515,Joseph Kumar,Ravi Shetty,2,2
34517,Bhavana Iyengar,Ravi Hegde,2,0
34526,Mary Gowda,Pooja Prasad,2,0
34528,Deepak Rao,Mary Hegde,2,7
34541,Anitha Kumar,Anitha Prasad,2,0
34555,Bhavana Naik,Vinutha Kulkarni,2,3
34565,Bhavana Kumar,Prakash Reddy,2,0
34570,Anitha Prasad,Fatima Bhat,2,0
34571,Anitha Kulkarni,Deepak Kulkarni,2,0
34575,Kiran Nayak,Ravi Naik,2,7
34577,Kiran Bhat,Mary Rao,2,0
34582,Basavaraj Prasad,Shivakumar Rao,2,0
34586,Deepak Reddy,Fatima Gowda,2,1
34587,Nagaraj Bhat,Pooja Patil,2,3
34606,Ashwini Prasad,Nagaraj Kulkarni,2,4
34607,Prakash Nayak,Ravi Gowda,2,3
34612,Ashwini Kumar,Kiran Bhat,2,0
34613,Basavaraj Nayak,Deepak Kumar,2,0
34615,Kiran Naik,Suresh Shetty,2,0
34616,Anitha Kumar,Nagaraj Prasad,2,0
34619,Kiran Desai,Prakash Naik,2,2
34621,Deepak Hegde,Lakshmi Rao,2,7
34622,Ashwini Reddy,Lakshmi Hegde,2,1
34624,Ashwini Reddy,Manjunath Iyengar,2,0
34628,Mary Nayak,Yashwanth Murthy,2,6
34629,Anitha Nayak,Yashwanth Murthy,2,6
34630,Mary Hegde,Suresh Rao,2,5
34637,Fatima Rao,Shivakumar Desai,2,4
34639,Girish Rao,Manjunath Hegde,2,0
34641,Joseph Murthy,Prakash Naik,2,2
34659,Basavaraj Naik,Suresh Hegde,2,0
34663,Lakshmi Shetty,Manjunath Naik,2,0
34664,Bhavana Bhat,Rekha Murthy,2,7
34668,Basavaraj Bhat,Bhavana Naik,2,2
34669,Ashwini Reddy,Imran Bhat,2,0
34674,Chetan Hegde,Joseph Iyengar,2,6
34677,Ashwini Patil,Manjunath Kulkarni,2,0
34685,Mary Bhat,Prakash Hegde,2,0
34689,Deepak Desai,Prakash Hegde,2,0
34703,Kiran Hegde,Ravi Nayak,2,3
34708,Basavaraj Kulkarni,Basavaraj Naik,2,0
34709,Manjunath Shetty,Prakash Desai,2,4
34719,Chetan Desai,Rekha Rao,2,0
34738,Anitha Desai,Nagaraj Gowda,2,0
34745,Joseph Desai,Suresh Murthy,2,0
34748,Manjunath Prasad,Rekha Hegde,2,0
34750,Joseph Iyengar,Manjunath Iyengar,2,6
34751,Joseph Iyengar,Lakshmi Rao,2,6
34763,Manjunath Reddy,Nagaraj Reddy,2,7
34764,Fatima Kumar,Suresh Shetty,2,0
34769,Bhavana Hegde,Prakash Kumar,2,0
34775,Manjunath Desai,Nagaraj Gowda,2,8
34776,Fatima Kumar,Nagaraj Gowda,2,0
34780,Girish Nayak,Manjunath Desai,2,8
34782,Prakash Reddy,Yashwanth Bhat,2,3
34784,Mary Shetty,Pooja Rao,2,7
34788,Basavaraj Kulkarni,Joseph Patil,2,3
34796,Fatima Kulkarni,Suresh Desai,2,3
34804,Ashwini Desai,Girish Gowda,2,6
34814,Ashwini Naik,Bhavana Gowda,2,5
34815,Mary Reddy,Ravi Shetty,2,5
34823,Bhavana Naik,Vinutha Prasad,2,3
34824,Fatima Kulkarni,Imran Desai,2,3
34826,Fatima Kulkarni,Vinutha Prasad,2,3
34829,Bhavana Prasad,Joseph Rao,2,3
34843,Chetan Prasad,Vinutha Prasad,2,6
34844,Basavaraj Prasad,Manjunath Patil,2,0
34848,Girish Bhat,Vinutha Naik,2,6
34850,Basavaraj Kulkarni,Vinutha Naik,2,0
34852,Manjunath Reddy,Shivakumar Nayak,2,0
34855,Nagaraj Bhat,Suresh Kumar,2,3
34856,Deepak Murthy,Fatima Reddy,2,0
34864,Chetan Murthy,Shivakumar Kulkarni,2,0
34882,Lakshmi Kumar,Manjunath Naik,2,4
34884,Fatima Naik,Rekha Bhat,2,0
34893,Shivakumar Iyengar,Vinutha Reddy,2,0
34896,Mary Reddy,Rekha Patil,2,5
34906,Chetan Patil,Mary Kumar,2,4
34915,Pooja Hegde,Pooja Murthy,2,0
34926,Ashwini Kulkarni,Chetan Kulkarni,2,0
34934,Deepak Reddy,Mary Reddy,2,5
34938,Ashwini Reddy,Rekha Gowda,2,0
34939,Basavaraj Naik,Lakshmi Nayak,2,1
34940,Deepak Shetty,Suresh Shetty,2,0
34949,Lakshmi Reddy,Nagaraj Prasad,2,8
34957,Deepak Hegde,Imran Hegde,2,0
34961,Deepak Hegde,Prakash Bhat,2,0
34965,Ashwini Naik,Shivakumar Patil,2,5
34970,Girish Hegde,Vinutha Bhat,2,4
34971,Ashwini Hegde,Chetan Naik,2,0
34976,Lakshmi Reddy,Shivakumar Gowda,2,8
34977,Basavaraj Kumar,Bhavana Iyengar,2,0
34990,Bhavana Rao,Imran Nayak,2,0
34991,Prakash Nayak,Vinutha Rao,2,0
34992,Imran Nayak,Vinutha Rao,2,0
34997,Nagaraj Gowda,Suresh Patil,2,0
34998,Basavaraj Iyengar,Suresh Reddy,2,3
35000,Anitha Nayak,Anitha Reddy,2,0
35009,Girish Shetty,Joseph Nayak,2,0
35013,Bhavana Kulkarni,Lakshmi Murthy,2,0
35015,Lakshmi Desai,Pooja Kulkarni,2,0
35016,Anitha Gowda,Deepak Naik,2,0
35022,Shivakumar Desai,Yashwanth Hegde,2,4
35028,Bhavana Gowda,Ravi Rao,2,1
35034,Bhavana Iyengar,Ravi Shetty,2,0
35035,Mary Hegde,Ravi Shetty,2,5
35036,Prakash Rao,Ravi Shetty,2,0
35042,Kiran Reddy,Yashwanth Rao,2,7
35047,Kiran Murthy,Manjunath Rao,2,8
35049,Ashwini Murthy,Ashwini Prasad,2,0
35053,Imran Prasad,Joseph Gowda,2,0
35061,Mary Desai,Suresh Bhat,2,7
35063,Girish Hegde,Vinutha Desai,2,4
35069,Fatima Murthy,Kiran Nayak,2,0
35080,Bhavana Shetty,Pooja Prasad,2,0
35091,Prakash Rao,Yashwanth Desai,2,0
35094,Joseph Shetty,Mary Desai,2,4
35112,Anitha Patil,Mary Iyengar,2,0
35113,Ashwini Iyengar,Imran Hegde,2,4
35114,Manjunath Patil,Mary Desai,2,0
35122,Anitha Murthy,Rekha Murthy,2,7
35129,Nagaraj Hegde,Rekha Patil,2,0
35138,Joseph Naik,Yashwanth Iyengar,2,5
35144,Ravi Reddy,Rekha Gowda,2,1
35151,Joseph Nayak,Vinutha Rao,2,0
35152,Chetan Prasad,Rekha Desai,2,6
35156,Lakshmi Desai,Prakash Rao,2,0
35158,Prakash Hegde,Vinutha Shetty,2,0
35161,Bhavana Kumar,Rekha Kumar,2,0
35163,Prakash Shetty,Yashwanth Murthy,2,6
35171,Deepak Shetty,Suresh Rao,2,0
35173,Fatima Hegde,Manjunath Rao,2,0
35174,Joseph Shetty,Shivakumar Bhat,2,4
35178,Chetan Rao,Manjunath Patil,2,0
35180,Bhavana Shetty,Lakshmi Bhat,2,0
35197,Girish Desai,Manjunath Reddy,2,0
35198,Girish Desai,Vinutha Iyengar,2,0
35201,Lakshmi Bhat,Pooja Gowda,2,3
35207,Kiran Naik,Lakshmi Desai,2,0
35210,Basavaraj Gowda,Fatima Shetty,2,7
35220,Shivakumar Shetty,Suresh Shetty,2,8
35226,Bhavana Rao,Prakash Iyengar,2,5
35238,Kiran Rao,Ravi Bhat,2,0
35239,Nagaraj Patil,Ravi Bhat,2,2
35242,Chetan Reddy,Yashwanth Gowda,2,1
35244,Kiran Iyengar,Shivakumar Patil,2,0
35257,Ashwini Kumar,Chetan Rao,2,0
35263,Lakshmi Reddy,Vinutha Nayak,2,8
35264,Girish Bhat,Manjunath Gowda,2,6
35265,Shivakumar Desai,Yashwanth Iyengar,2,4
35266,Anitha Kumar,Shivakumar Hegde,2,1
35269,Fatima Patil,Mary Prasad,2,0
35272,Fatima Kulkarni,Manjunath Rao,2,3
35276,Imran Bhat,Joseph Reddy,2,2
35286,Mary Gowda,Pooja Kumar,2,8
35293,Deepak Reddy,Fatima Reddy,2,0
35298,Deepak Kulkarni,Lakshmi Kulkarni,2,0
35302,Lakshmi Patil,Yashwanth Naik,2,0
35307,Ashwini Prasad,Basavaraj Murthy,2,0
35309,Basavaraj Murthy,Manjunath Nayak,2,5
35313,Suresh Murthy,Yashwanth Prasad,2,0
35315,Rekha Gowda,Yashwanth Bhat,2,3
35329,Shivakumar Kumar,Suresh Desai,2,0
35330,Kiran Rao,Nagaraj Kumar,2,0
35331,Prakash Hegde,Prakash Iyengar,2,5
35336,Anitha Gowda,Nagaraj Kumar,2,0
35340,Nagaraj Gowda,Rekha Bhat,2,0
35341,Girish Reddy,Manjunath Patil,2,0
35354,Lakshmi Patil,Yashwanth Hegde,2,0
35357,Chetan Bhat,Manjunath Hegde,2,0
35376,Ashwini Prasad,Pooja Kumar,2,8
35377,Ashwini Kulkarni,Mary Desai,2,0
35389,Joseph Kulkarni,Suresh Nayak,2,0
35391,Lakshmi Desai,Mary Desai,2,0
35398,Anitha Kumar,Basavaraj Shetty,2,0
35401,Bhavana Iyengar,Manjunath Nayak,2,5
35403,Prakash Kumar,Yashwanth Shetty,2,0
35408,Kiran Hegde,Suresh Iyengar,2,3
35413,Anitha Murthy,Manjunath Kulkarni,2,0
35415,Girish Murthy,Imran Kumar,2,0
35417,Fatima Gowda,Ravi Patil,2,1
35418,Girish Reddy,Suresh Bhat,2,7
35420,Lakshmi Patil,Rekha Murthy,2,7
35440,Girish Rao,Imran Desai,2,8
35441,Basavaraj Desai,Fatima Shetty,2,7
35448,Joseph Patil,Manjunath Gowda,2,3
35450,Basavaraj Prasad,Bhavana Iyengar,2,0
35453,Bhavana Bhat,Pooja Shetty,2,6
35466,Imran Naik,Kiran Kumar,2,0
35467,Ashwini Iyengar,Imran Naik,2,4
35482,Bhavana Reddy,Kiran Nayak,2,0
35484,Basavaraj Bhat,Mary Bhat,2,2
35489,Nagaraj Prasad,Rekha Patil,2,0
35491,Ashwini Prasad,Yashwanth Murthy,2,6
35495,Anitha Rao,Manjunath Bhat,2,4
35499,Fatima Hegde,Vinutha Gowda,2,0
35507,Lakshmi Nayak,Pooja Bhat,2,1
35512,Anitha Kumar,Suresh Iyengar,2,0
35514,Pooja Nayak,Suresh Iyengar,2,0
35515,Manjunath Reddy,Vinutha Murthy,2,0
35516,Nagaraj Naik,Ravi Iyengar,2,0
35542,Deepak Reddy,Suresh Patil,2,0
35548,Bhavana Murthy,Deepak Hegde,2,0
35550,Girish Bhat,Prakash Reddy,2,6
35551,Imran Reddy,Nagaraj Patil,2,2
35553,Pooja Rao,Vinutha Gowda,2,7
35555,Kiran Nayak,Pooja Rao,2,7
35559,Nagaraj Murthy,Ravi Murthy,2,0
35565,Mary Shetty,Suresh Kulkarni,2,0
35573,Anitha Bhat,Lakshmi Prasad,2,7
35574,Deepak Naik,Imran Bhat,2,0
35589,Girish Rao,Yashwanth Reddy,2,5
35599,Basavaraj Murthy,Deepak Murthy,2,0
35604,Basavaraj Iyengar,Kiran Gowda,2,3
35605,Basavaraj Naik,Girish Hegde,2,4
35613,Lakshmi Bhat,Rekha Bhat,2,0
35617,Lakshmi Patil,Prakash Iyengar,2,5
35626,Basavaraj Bhat,Basavaraj Patil,2,2
35631,Chetan Nayak,Suresh Iyengar,2,0
35632,Ashwini Hegde,Manjunath Rao,2,0
35639,Nagaraj Murthy,Rekha Bhat,2,0
35643,Kiran Nayak,Manjunath Kulkarni,2,0
35655,Lakshmi Iyengar,Manjunath Nayak,2,5
35656,Ravi Gowda,Suresh Naik,2,3
35665,Kiran Murthy,Lakshmi Bhat,2,8
35666,Nagaraj Reddy,Ravi Kumar,2,7
35671,Imran Iyengar,Kiran Reddy,2,7
35672,Ravi Hegde,Shivakumar Naik,2,5
35675,Bhavana Patil,Rekha Rao,2,0
35686,Basavaraj Prasad,Imran Prasad,2,0
35698,Ashwini Patil,Shivakumar Shetty,2,8
35701,Deepak Nayak,Lakshmi Bhat,2,0
35708,Kiran Rao,Yashwanth Patil,2,0
35723,Chetan Rao,Imran Gowda,2,0
35728,Imran Murthy,Lakshmi Gowda,2,0
35739,Anitha Kulkarni,Bhavana Kulkarni,2,0
35741,Manjunath Nayak,Prakash Prasad,2,5
35751,Basavaraj Naik,Ravi Patil,2,0
35755,Prakash Kumar,Yashwanth Patil,2,0
35758,Deepak Prasad,Lakshmi Hegde,2,1
35763,Basavaraj Kumar,Nagaraj Iyengar,2,0
35770,Lakshmi Desai,Mary Hegde,2,5
35785,Ashwini Iyengar,Bhavana Murthy,2,4
35809,Nagaraj Gowda,Suresh Bhat,2,7
35815,Imran Reddy,Mary Nayak,2,0
35841,Prakash Gowda,Prakash Nayak,2,0
35842,Prakash Nayak,Suresh Nayak,2,0
35848,Fatima Rao,Manjunath Shetty,2,4
35875,Manjunath Hegde,Yashwanth Kumar,2,0
35881,Ashwini Hegde,Manjunath Iyengar,2,0
35884,Anitha Iyengar,Lakshmi Murthy,2,0
35887,Vinutha Desai,Yashwanth Shetty,2,0
35889,Chetan Reddy,Joseph Gowda,2,1
35898,Basavaraj Nayak,Yashwanth Shetty,2,0
35903,Imran Murthy,Imran Naik,2,0
35906,Kiran Naik,Rekha Rao,2,0
35925,Imran Murthy,Manjunath Murthy,2,0
35933,Basavaraj Reddy,Fatima Murthy,2,0
35943,Kiran Nayak,Ravi Patil,2,0
35962,Ashwini Nayak,Girish Patil,2,0
35972,Basavaraj Nayak,Rekha Patil,2,0
35985,Fatima Reddy,Suresh Desai,2,0
35990,Pooja Hegde,Yashwanth Gowda,2,0
35992,Ashwini Hegde,Mary Kulkarni,2,0
36002,Joseph Desai,Ravi Gowda,2,3
36007,Kiran Desai,Mary Shetty,2,0
36011,Bhavana Patil,Rekha Iyengar,2,4
36019,Nagaraj Gowda,Prakash Kumar,2,0
36029,Anitha Prasad,Lakshmi Reddy,2,8
36035,Imran Kulkarni,Pooja Gowda,2,3
36043,Ashwini Hegde,Pooja Patil,2,0
36049,Mary Prasad,Yashwanth Bhat,2,3
36054,Yashwanth Nayak,Yashwanth Shetty,2,0
36060,Imran Naik,Rekha Naik,2,0
36063,Bhavana Bhat,Kiran Desai,2,0
36064,Joseph Reddy,Lakshmi Hegde,2,2
36065,Fatima Reddy,Prakash Gowda,2,0
36071,Kiran Kumar,Mary Kulkarni,2,0
36073,Anitha Prasad,Girish Patil,2,0
36074,Anitha Naik,Rekha Rao,2,0
36084,Kiran Prasad,Yashwanth Reddy,2,5
36090,Girish Gowda,Suresh Murthy,2,6
36100,Shivakumar Patil,Suresh Shetty,2,0
36102,Deepak Gowda,Mary Desai,2,0
36120,Girish Iyengar,Pooja Nayak,2,0
36122,Lakshmi Rao,Manjunath Rao,2,7
36127,Imran Reddy,Pooja Naik,2,0
36128,Manjunath Nayak,Shivakumar Murthy,2,5
36135,Ashwini Reddy,Basavaraj Shetty,2,0
36136,Deepak Nayak,Pooja Rao,2,7
36139,Mary Prasad,Yashwanth Reddy,2,5
36145,Bhavana Rao,Suresh Patil,2,0
36150,Pooja Iyengar,Rekha Prasad,2,5
36160,Chetan Rao,Yashwanth Bhat,2,3
36161,Pooja Murthy,Shivakumar Naik,2,5
36162,Pooja Bhat,Pooja Murthy,2,5
36164,Basavaraj Desai,Prakash Shetty,2,0
36168,Rekha Nayak,Shivakumar Hegde,2,8
36181,Mary Patil,Pooja Gowda,2,3
36187,Ashwini Nayak,Suresh Iyengar,2,0
36189,Kiran Nayak,Yashwanth Patil,2,0
36191,Manjunath Nayak,Vinutha Nayak,2,5
36193,Basavaraj Nayak,Yashwanth Prasad,2,0
36200,Anitha Kulkarni,Shivakumar Patil,2,0
36204,Pooja Nayak,Prakash Patil,2,0
36215,Anitha Kulkarni,Vinutha Shetty,2,0
36216,Basavaraj Naik,Rekha Rao,2,0
36220,Chetan Nayak,Mary Naik,2,7
36239,Girish Murthy,Suresh Patil,2,0
36256,Chetan Naik,Yashwanth Murthy,2,6
36258,Girish Iyengar,Ravi Patil,2,0
36261,Pooja Bhat,Ravi Patil,2,5
36267,Mary Gowda,Suresh Desai,2,0
36269,Ashwini Nayak,Manjunath Rao,2,0
36272,Ashwini Reddy,Kiran Hegde,2,3
36278,Chetan Rao,Nagaraj Iyengar,2,0
36283,Mary Iyengar,Nagaraj Nayak,2,0
36296,Joseph Bhat,Yashwanth Gowda,2,0
36303,Joseph Rao,Ravi Reddy,2,1
36305,Anitha Patil,Shivakumar Reddy,2,0
36306,Ashwini Prasad,Kiran Bhat,2,0
36307,Fatima Prasad,Pooja Kumar,2,8
36309,Joseph Nayak,Vinutha Kumar,2,0
36313,Deepak Bhat,Kiran Hegde,2,3
36315,Fatima Rao,Prakash Shetty,2,0
36323,Chetan Prasad,Suresh Hegde,2,6
36328,Girish Iyengar,Manjunath Nayak,2,5
36331,Ashwini Naik,Imran Hegde,2,5
36345,Fatima Kulkarni,Joseph Desai,2,3
36354,Ravi Shetty,Vinutha Bhat,2,0
36355,Bhavana Naik,Vinutha Bhat,2,3
36374,Manjunath Hegde,Ravi Patil,2,0
36390,Chetan Naik,Kiran Murthy,2,8
36392,Deepak Murthy,Shivakumar Nayak,2,0
36396,Pooja Reddy,Suresh Hegde,2,0
36405,Basavaraj Nayak,Yashwanth Patil,2,0
36407,Basavaraj Patil,Yashwanth Patil,2,2
36411,Imran Naik,Suresh Bhat,2,7
36412,Fatima Bhat,Suresh Bhat,2,7
36416,Deepak Rao,Imran Kumar,2,7
36447,Anitha Gowda,Lakshmi Patil,2,0
36450,Ravi Rao,Suresh Reddy,2,0
36455,Anitha Prasad,Shivakumar Shetty,2,8
36462,Joseph Iyengar,Shivakumar Hegde,2,6
36463,Manjunath Iyengar,Pooja Nayak,2,0
36474,Basavaraj Rao,Ravi Shetty,2,0
36506,Kiran Patil,Vinutha Hegde,2,0
36508,Chetan Bhat,Prakash Rao,2,0
36535,Prakash Bhat,Vinutha Reddy,2,0
36541,Suresh Gowda,Yashwanth Nayak,2,0
36557,Chetan Kumar,Vinutha Rao,2,0
36558,Imran Iyengar,Shivakumar Kulkarni,2,0
36563,Imran Prasad,Kiran Murthy,2,8
36568,Kiran Desai,Rekha Rao,2,0
36569,Nagaraj Bhat,Rekha Rao,2,3
36584,Mary Gowda,Ravi Gowda,2,3
36597,Manjunath Patil,Rekha Rao,2,0
36600,Anitha Hegde,Manjunath Reddy,2,0
36609,Lakshmi Naik,Vinutha Rao,2,0
36616,Bhavana Gowda,Fatima Patil,2,1
36629,Imran Reddy,Shivakumar Prasad,2,0
36632,Prakash Shetty,Vinutha Reddy,2,0
36638,Girish Rao,Mary Murthy,2,8
36642,Joseph Kumar,Nagaraj Patil,2,2
36653,Manjunath Gowda,Rekha Rao,2,0
36654,Rekha Desai,Yashwanth Reddy,2,5
36658,Girish Desai,Vinutha Murthy,2,0
36667,Ashwini Murthy,Bhavana Gowda,2,1
36669,Mary Iyengar,Ravi Hegde,2,0
36684,Nagaraj Shetty,Suresh Desai,2,0
36690,Chetan Prasad,Pooja Desai,2,6
36696,Fatima Prasad,Rekha Kumar,2,0
36713,Deepak Bhat,Lakshmi Hegde,2,1
36715,Pooja Shetty,Rekha Rao,2,6
36725,Chetan Nayak,Suresh Kulkarni,2,0
36734,Prakash Nayak,Vinutha Patil,2,2
36736,Lakshmi Desai,Rekha Bhat,2,0
36737,Bhavana Iyengar,Lakshmi Desai,2,0
36752,Basavaraj Prasad,Rekha Shetty,2,3
36759,Chetan Prasad,Joseph Kulkarni,2,6
36761,Shivakumar Shetty,Suresh Bhat,2,8
36762,Deepak Hegde,Girish Shetty,2,0
36763,Deepak Hegde,Ravi Bhat,2,0
36797,Bhavana Hegde,Pooja Bhat,2,5
36799,Bhavana Hegde,Prakash Patil,2,0
36802,Nagaraj Patil,Rekha Rao,2,2
36807,Deepak Kumar,Vinutha Prasad,2,0
36808,Deepak Kumar,Rekha Nayak,2,8
36831,Ashwini Rao,Rekha Kumar,2,0
36834,Deepak Kulkarni,Pooja Desai,2,0
36849,Ravi Naik,Rekha Kumar,2,7
36862,Kiran Murthy,Kiran Nayak,2,8
36865,Deepak Rao,Rekha Kumar,2,7
36866,Bhavana Rao,Yashwanth Patil,2,0
36872,Manjunath Gowda,Shivakumar Bhat,2,0
36873,Ashwini Prasad,Manjunath Kulkarni,2,0
36883,Deepak Bhat,Shivakumar Hegde,2,1
36899,Ravi Patil,Rekha Murthy,2,7
36903,Deepak Desai,Nagaraj Prasad,2,0
36914,Mary Kumar,Ravi Patil,2,0
36916,Prakash Reddy,Yashwanth Rao,2,0
36929,Shivakumar Kulkarni,Shivakumar Naik,2,5
36938,Joseph Patil,Lakshmi Rao,2,3
36948,Basavaraj Rao,Kiran Desai,2,0
36952,Mary Murthy,Pooja Naik,2,8
36957,Imran Shetty,Kiran Rao,2,0
36959,Joseph Nayak,Ravi Nayak,2,1
36960,Deepak Nayak,Ravi Nayak,2,1
36970,Anitha Bhat,Shivakumar Hegde,2,7
36972,Anitha Reddy,Prakash Patil,2,0
36989,Deepak Naik,Shivakumar Desai,2,4
36996,Nagaraj Kulkarni,Rekha Reddy,2,4
37020,Ravi Nayak,Suresh Shetty,2,1
37032,Joseph Desai,Mary Nayak,2,0
37035,Rekha Shetty,Suresh Nayak,2,3
37051,Imran Patil,Kiran Murthy,2,8
37061,Mary Shetty,Pooja Kumar,2,8
37069,Girish Iyengar,Girish Kulkarni,2,5
37080,Mary Reddy,Vinutha Bhat,2,5
37084,Manjunath Prasad,Vinutha Desai,2,0
37091,Fatima Rao,Imran Rao,2,8
37095,Ravi Murthy,Suresh Rao,2,0
37103,Imran Reddy,Shivakumar Patil,2,0
37104,Suresh Desai,Vinutha Prasad,2,0
37108,Ashwini Patil,Girish Gowda,2,6
37119,Girish Shetty,Pooja Patil,2,0
37121,Pooja Patil,Suresh Nayak,2,0
37139,Lakshmi Murthy,Suresh Desai,2,0
37159,Basavaraj Desai,Imran Kulkarni,2,0
37176,Basavaraj Patil,Kiran Desai,2,2
37178,Joseph Kumar,Yashwanth Kulkarni,2,2
37184,Anitha Iyengar,Mary Desai,2,0
37197,Chetan Naik,Kiran Hegde,2,3
37208,Fatima Patil,Lakshmi Iyengar,2,0
37221,Basavaraj Prasad,Prakash Kulkarni,2,7
37233,Basavaraj Iyengar,Pooja Kulkarni,2,3
37240,Fatima Naik,Rekha Murthy,2,7
37243,Lakshmi Kumar,Mary Kulkarni,2,4
37250,Imran Hegde,Yashwanth Kulkarni,2,0
37253,Rekha Kumar,Suresh Desai,2,0
37262,Chetan Reddy,Kiran Iyengar,2,1
37263,Kiran Iyengar,Suresh Prasad,2,0
37269,Fatima Murthy,Suresh Nayak,2,0
37272,Mary Kumar,Vinutha Prasad,2,0
37275,Ashwini Shetty,Suresh Reddy,2,0
37293,Kiran Desai,Yashwanth Hegde,2,0
37294,Deepak Prasad,Shivakumar Prasad,2,0
37301,Prakash Naik,Ravi Nayak,2,2
37303,Ravi Shetty,Yashwanth Prasad,2,0
37334,Prakash Bhat,Ravi Naik,2,7
37359,Prakash Nayak,Shivakumar Shetty,2,8
37370,Bhavana Prasad,Girish Iyengar,2,3
37371,Fatima Patil,Ravi Nayak,2,1
37372,Basavaraj Gowda,Basavaraj Murthy,2,0
37391,Mary Patil,Rekha Gowda,2,0
37422,Basavaraj Iyengar,Shivakumar Kulkarni,2,3
37423,Kiran Naik,Pooja Kulkarni,2,0
37425,Prakash Kumar,Shivakumar Iyengar,2,0
37443,Deepak Gowda,Suresh Patil,2,0
37456,Vinutha Kulkarni,Yashwanth Prasad,2,0
37460,Bhavana Iyengar,Girish Murthy,2,0
37468,Pooja Kumar,Suresh Bhat,2,8
37474,Deepak Reddy,Nagaraj Rao,2,0
37483,Joseph Desai,Yashwanth Nayak,2,0
37486,Joseph Iyengar,Shivakumar Reddy,2,6
37511,Nagaraj Iyengar,Rekha Nayak,2,8
37512,Deepak Reddy,Rekha Nayak,2,8
37514,Deepak Kumar,Mary Reddy,2,5
37538,Deepak Kumar,Vinutha Gowda,2,0
37540,Prakash Nayak,Rekha Rao,2,0
37543,Chetan Kumar,Vinutha Kulkarni,2,0
37554,Bhavana Kumar,Suresh Desai,2,0
37566,Ashwini Desai,Girish Murthy,2,0
37568,Fatima Kumar,Joseph Murthy,2,0
37575,Girish Desai,Imran Kumar,2,0
37580,Imran Hegde,Rekha Murthy,2,7
37582,Chetan Iyengar,Deepak Nayak,2,0
37583,Deepak Nayak,Joseph Prasad,2,0
37590,Manjunath Prasad,Ravi Shetty,2,0
37595,Ashwini Prasad,Suresh Bhat,2,7
37601,Deepak Rao,Vinutha Naik,2,7
37606,Joseph Reddy,Nagaraj Iyengar,2,2
37615,Basavaraj Shetty,Chetan Nayak,2,0
37628,Rekha Gowda,Yashwanth Desai,2,0
37640,Joseph Iyengar,Yashwanth Shetty,2,6
37645,Vinutha Naik,Yashwanth Iyengar,2,7
37649,Kiran Reddy,Yashwanth Nayak,2,7
37657,Chetan Prasad,Yashwanth Iyengar,2,6
37666,Deepak Hegde,Rekha Naik,2,0
37683,Basavaraj Nayak,Rekha Kulkarni,2,0
37692,Shivakumar Patil,Vinutha Shetty,2,0
37701,Basavaraj Shetty,Prakash Hegde,2,0
37727,Basavaraj Desai,Prakash Naik,2,2
37729,Prakash Naik,Yashwanth Patil,2,2
37731,Manjunath Nayak,Suresh Prasad,2,5
37732,Girish Patil,Manjunath Nayak,2,5
37741,Bhavana Patil,Deepak Reddy,2,0
37746,Pooja Iyengar,Rekha Gowda,2,5
37748,Imran Kumar,Suresh Kumar,2,0
37750,Ashwini Gowda,Joseph Prasad,2,0
37772,Bhavana Gowda,Manjunath Iyengar,2,1
37776,Suresh Nayak,Vinutha Hegde,2,0
37781,Girish Prasad,Joseph Hegde,2,7
37790,Ashwini Prasad,Pooja Bhat,2,5
37791,Pooja Bhat,Shivakumar Gowda,2,5
37796,Ashwini Hegde,Ashwini Iyengar,2,4
37798,Basavaraj Nayak,Kiran Hegde,2,3
37800,Ashwini Hegde,Basavaraj Reddy,2,0
37802,Girish Shetty,Pooja Hegde,2,0
37804,Deepak Murthy,Fatima Hegde,2,0
37806,Shivakumar Nayak,Vinutha Nayak,2,0
37821,Fatima Bhat,Kiran Patil,2,0
37836,Deepak Desai,Deepak Reddy,2,0
37840,Deepak Reddy,Nagaraj Prasad,2,0
37843,Anitha Bhat,Lakshmi Reddy,2,7
37903,Kiran Kumar,Yashwanth Patil,2,0
37919,Fatima Reddy,Manjunath Nayak,2,5
37941,Anitha Murthy,Yashwanth Murthy,2,6
37957,Chetan Shetty,Lakshmi Hegde,2,1
37958,Ravi Kumar,Suresh Bhat,2,7
37960,Prakash Gowda,Yashwanth Shetty,2,0
37963,Chetan Bhat,Yashwanth Gowda,2,0
37984,Kiran Iyengar,Pooja Kumar,2,8
37987,Pooja Kumar,Shivakumar Reddy,2,8
37990,Imran Gowda,Rekha Hegde,2,0
38009,Lakshmi Naik,Mary Murthy,2,8
38026,Nagaraj Rao,Pooja Kulkarni,2,0
38036,Bhavana Rao,Fatima Prasad,2,0
38045,Lakshmi Gowda,Vinutha Rao,2,0
38053,Mary Murthy,Shivakumar Kulkarni,2,8
38062,Chetan Rao,Imran Patil,2,0
38064,Pooja Kulkarni,Shivakumar Murthy,2,0
38067,Deepak Hegde,Kiran Iyengar,2,0
38082,Bhavana Naik,Kiran Hegde,2,3
38086,Basavaraj Patil,Ravi Rao,2,2
38096,Basavaraj Prasad,Lakshmi Bhat,2,0
38117,Bhavana Rao,Pooja Gowda,2,3
38134,Deepak Shetty,Girish Naik,2,0
38161,Manjunath Naik,Prakash Kulkarni,2,7
38169,Bhavana Murthy,Nagaraj Naik,2,0
38194,Joseph Kumar,Shivakumar Patil,2,2
38206,Fatima Desai,Shivakumar Murthy,2,0
38214,Pooja Naik,Prakash Nayak,2,0
38219,Joseph Prasad,Nagaraj Naik,2,0
38242,Chetan Murthy,Kiran Murthy,2,8
38243,Rekha Gowda,Rekha Rao,2,0
38246,Pooja Patil,Yashwanth Prasad,2,0
38260,Lakshmi Kulkarni,Mary Rao,2,0
38262,Fatima Iyengar,Manjunath Naik,2,1
38270,Basavaraj Gowda,Joseph Prasad,2,0
38273,Chetan Rao,Ravi Rao,2,0
38294,Prakash Naik,Yashwanth Bhat,2,2
38299,Imran Hegde,Lakshmi Hegde,2,1
38309,Chetan Desai,Imran Reddy,2,0
38316,Deepak Prasad,Rekha Patil,2,0
38365,Chetan Kulkarni,Vinutha Iyengar,2,0
38375,Ashwini Hegde,Rekha Reddy,2,0
38388,Pooja Prasad,Ravi Patil,2,0
38397,Basavaraj Patil,Imran Rao,2,2
38398,Anitha Nayak,Kiran Kumar,2,0
38408,Suresh Prasad,Yashwanth Hegde,2,0
38410,Imran Iyengar,Lakshmi Hegde,2,1
38413,Nagaraj Prasad,Shivakumar Nayak,2,0
38414,Kiran Shetty,Mary Nayak,2,0
38436,Kiran Iyengar,Prakash Kumar,2,0
38439,Deepak Desai,Manjunath Reddy,2,0
38456,Ashwini Prasad,Deepak Gowda,2,0
38460,Joseph Gowda,Vinutha Desai,2,0
38501,Manjunath Rao,Shivakumar Kulkarni,2,0
38515,Suresh Hegde,Suresh Shetty,2,0
38517,Mary Hegde,Rekha Kumar,2,5
38519,Deepak Nayak,Manjunath Gowda,2,0
38535,Prakash Murthy,Yashwanth Gowda,2,0
38540,Imran Kumar,Lakshmi Shetty,2,0
38551,Deepak Iyengar,Yashwanth Bhat,2,3
38567,Joseph Naik,Prakash Naik,2,5
38576,Lakshmi Bhat,Nagaraj Gowda,2,0
38596,Kiran Iyengar,Mary Bhat,2,0
38599,Girish Patil,Lakshmi Desai,2,0
38600,Kiran Desai,Rekha Gowda,2,0
38678,Manjunath Desai,Shivakumar Rao,2,8
38696,Imran Prasad,Manjunath Kulkarni,2,0
38697,Imran Nayak,Manjunath Kulkarni,2,0
38795,Deepak Gowda,Deepak Rao,2,7
38796,Deepak Hegde,Ravi Shetty,2,0
38808,Deepak Gowda,Rekha Nayak,2,8
38809,Suresh Hegde,Vinutha Shetty,2,0
38823,Kiran Prasad,Mary Hegde,2,5
38833,Kiran Patil,Mary Desai,2,0
38834,Anitha Prasad,Kiran Patil,2,0
38836,Girish Patil,Manjunath Iyengar,2,0
38855,Imran Hegde,Suresh Kumar,2,0
38875,Mary Murthy,Vinutha Iyengar,2,8
38883,Rekha Hegde,Shivakumar Kulkarni,2,0
38886,Bhavana Murthy,Suresh Prasad,2,0
38898,Ashwini Gowda,Fatima Kumar,2,0
38924,Ashwini Gowda,Manjunath Iyengar,2,0
38928,Deepak Kulkarni,Ravi Patil,2,0
38935,Basavaraj Bhat,Imran Shetty,2,2
38936,Girish Shetty,Imran Shetty,2,0
38945,Mary Hegde,Shivakumar Patil,2,5
38959,Lakshmi Kumar,Manjunath Nayak,2,4
38986,Deepak Naik,Kiran Prasad,2,0
39021,Mary Nayak,Ravi Rao,2,0
39056,Joseph Bhat,Kiran Gowda,2,0
39083,Anitha Kumar,Deepak Naik,2,0
39161,Manjunath Bhat,Yashwanth Shetty,2,0
39219,Deepak Desai,Yashwanth Desai,2,0
39220,Deepak Desai,Ravi Patil,2,0
39260,Anitha Nayak,Prakash Desai,2,0
39276,Ravi Iyengar,Ravi Rao,2,0
39280,Mary Gowda,Suresh Naik,2,0
39284,Bhavana Iyengar,Nagaraj Prasad,2,0
39300,Chetan Rao,Yashwanth Murthy,2,6
39326,Imran Iyengar,Shivakumar Shetty,2,8
39345,Vinutha Iyengar,Yashwanth Nayak,2,0
39373,Basavaraj Rao,Lakshmi Rao,2,7
39386,Anitha Desai,Joseph Kulkarni,2,0
39480,Prakash Desai,Prakash Shetty,2,0
39630,Mary Naik,Suresh Prasad,2,7
39756,Basavaraj Desai,Nagaraj Rao,2,0
5,Girish Kumar,Yashwanth Gowda,1,0
6,Suresh Shetty,Yashwanth Gowda,1,0
8,Manjunath Kumar,Prakash Shetty,1,3
16,Imran Shetty,Nagaraj Rao,1,0
18,Joseph Murthy,Joseph Nayak,1,0
28,Fatima Rao,Rekha Gowda,1,0
35,Imran Murthy,Vinutha Kulkarni,1,0
36,Prakash Murthy,Vinutha Kulkarni,1,0
37,Vinutha Kulkarni,Yashwanth Hegde,1,0
38,Imran Murthy,Prakash Murthy,1,0
40,Prakash Murthy,Yashwanth Hegde,1,0
41,Bhavana Gowda,Pooja Kumar,1,1
43,Nagaraj Nayak,Pooja Kumar,1,8
55,Shivakumar Rao,Vinutha Prasad,1,0
62,Mary Hegde,Suresh Prasad,1,5
66,Bhavana Bhat,Mary Hegde,1,5
70,Pooja Kumar,Yashwanth Hegde,1,8
72,Bhavana Bhat,Manjunath Shetty,1,4
73,Bhavana Bhat,Rekha Iyengar,1,4
76,Chetan Rao,Joseph Patil,1,3
92,Ashwini Kumar,Suresh Patil,1,0
98,Mary Reddy,Suresh Gowda,1,5
101,Nagaraj Desai,Suresh Shetty,1,0
104,Imran Shetty,Vinutha Prasad,1,0
105,Bhavana Shetty,Imran Shetty,1,0
118,Basavaraj Desai,Prakash Kulkarni,1,7
121,Deepak Prasad,Prakash Bhat,1,0
124,Pooja Hegde,Shivakumar Kumar,1,0
129,Shivakumar Murthy,Shivakumar Rao,1,0
131,Bhavana Prasad,Lakshmi Gowda,1,3
132,Joseph Nayak,Lakshmi Gowda,1,0
134,Deepak Kumar,Nagaraj Bhat,1,3
135,Shivakumar Shetty,Suresh Patil,1,8
143,Anitha Reddy,Chetan Iyengar,1,0
154,Deepak Nayak,Shivakumar Iyengar,1,0
155,Kiran Reddy,Shivakumar Iyengar,1,7
156,Deepak Nayak,Kiran Reddy,1,7
162,Kiran Desai,Mary Iyengar,1,0
165,Chetan Kumar,Pooja Kulkarni,1,0
167,Bhavana Patil,Yashwanth Rao,1,0
169,Bhavana Patil,Pooja Patil,1,0
171,Basavaraj Hegde,Shivakumar Hegde,1,1
180,Ashwini Hegde,Chetan Prasad,1,6
181,Chetan Prasad,Nagaraj Gowda,1,6
189,Joseph Gowda,Lakshmi Kumar,1,4
196,Girish Bhat,Girish Rao,1,6
209,Deepak Kumar,Ravi Reddy,1,1
210,Imran Murthy,Lakshmi Reddy,1,8
215,Fatima Bhat,Yashwanth Gowda,1,0
216,Joseph Rao,Yashwanth Rao,1,0
217,Joseph Rao,Mary Reddy,1,5
218,Anitha Kumar,Joseph Rao,1,0
221,Fatima Kulkarni,Pooja Nayak,1,3
223,Anitha Patil,Prakash Naik,1,2
224,Anitha Patil,Basavaraj Shetty,1,0
229,Mary Gowda,Pooja Nayak,1,0
233,Bhavana Murthy,Lakshmi Iyengar,1,0
237,Fatima Gowda,Manjunath Reddy,1,1
239,Pooja Bhat,Vinutha Iyengar,1,5
245,Manjunath Iyengar,Nagaraj Reddy,1,7
250,Anitha Desai,Fatima Reddy,1,0
252,Basavaraj Shetty,Mary Kulkarni,1,0
257,Bhavana Kulkarni,Kiran Hegde,1,3
259,Bhavana Kulkarni,Mary Shetty,1,0
260,Nagaraj Reddy,Yashwanth Desai,1,7
263,Ravi Murthy,Yashwanth Hegde,1,0
268,Nagaraj Patil,Yashwanth Kumar,1,2
269,Chetan Kulkarni,Vinutha Naik,1,0
273,Chetan Patil,Vinutha Nayak,1,4
274,Ravi Hegde,Vinutha Nayak,1,0
275,Chetan Patil,Ravi Hegde,1,4
278,Manjunath Shetty,Ravi Bhat,1,4
283,Girish Patil,Lakshmi Gowda,1,0
287,Girish Murthy,Yashwanth Iyengar,1,7
288,Fatima Desai,Girish Hegde,1,4
290,Chetan Iyengar,Fatima Desai,1,0
294,Deepak Kumar,Fatima Desai,1,0
296,Basavaraj Hegde,Manjunath Nayak,1,5
297,Basavaraj Nayak,Manjunath Nayak,1,5
299,Basavaraj Nayak,Mary Reddy,1,5
303,Mary Kumar,Nagaraj Kulkarni,1,4
307,Girish Bhat,Suresh Hegde,1,6
313,Bhavana Murthy,Shivakumar Hegde,1,1
318,Anitha Rao,Kiran Prasad,1,4
321,Basavaraj Prasad,Bhavana Kulkarni,1,0
322,Anitha Hegde,Ashwini Rao,1,0
323,Basavaraj Gowda,Fatima Bhat,1,0
324,Fatima Bhat,Lakshmi Prasad,1,0
326,Ashwini Hegde,Prakash Rao,1,0
329,Ravi Reddy,Yashwanth Shetty,1,1
333,Mary Kumar,Ravi Gowda,1,3
336,Girish Naik,Prakash Gowda,1,0
343,Deepak Nayak,Mary Iyengar,1,0
347,Mary Shetty,Rekha Naik,1,0
353,Anitha Kumar,Basavaraj Patil,1,2
355,Chetan Patil,Suresh Kumar,1,4
357,Anitha Prasad,Chetan Patil,1,4
361,Basavaraj Patil,Chetan Hegde,1,2
362,Basavaraj Reddy,Yashwanth Iyengar,1,7
366,Basavaraj Hegde,Deepak Hegde,1,0
382,Ashwini Reddy,Manjunath Kumar,1,3
383,Fatima Iyengar,Vinutha Kulkarni,1,1
398,Manjunath Patil,Yashwanth Gowda,1,0
400,Ashwini Nayak,Lakshmi Murthy,1,0
401,Ashwini Nayak,Prakash Kulkarni,1,7
402,Fatima Bhat,Suresh Gowda,1,0
404,Pooja Prasad,Ravi Prasad,1,0
411,Joseph Desai,Yashwanth Gowda,1,0
415,Joseph Desai,Rekha Nayak,1,8
420,Chetan Rao,Fatima Bhat,1,0
421,Fatima Bhat,Lakshmi Kumar,1,4
422,Fatima Bhat,Suresh Murthy,1,0
426,Chetan Rao,Lakshmi Kumar,1,4
440,Lakshmi Patil,Manjunath Bhat,1,0
441,Lakshmi Kumar,Manjunath Bhat,1,4
445,Joseph Naik,Prakash Reddy,1,5
447,Fatima Shetty,Joseph Naik,1,7
451,Anitha Hegde,Girish Kulkarni,1,5
453,Anitha Hegde,Joseph Hegde,1,7
455,Manjunath Patil,Rekha Nayak,1,8
463,Joseph Murthy,Prakash Prasad,1,0
465,Mary Kulkarni,Nagaraj Reddy,1,7
467,Nagaraj Reddy,Vinutha Bhat,1,7
469,Deepak Patil,Mary Hegde,1,2
470,Shivakumar Desai,Yashwanth Kumar,1,4
471,Prakash Iyengar,Suresh Murthy,1,5
476,Bhavana Reddy,Prakash Patil,1,0
484,Bhavana Naik,Nagaraj Patil,1,3
485,Bhavana Iyengar,Bhavana Naik,1,3
489,Nagaraj Patil,Ravi Desai,1,2
492,Bhavana Iyengar,Manjunath Kulkarni,1,0
497,Kiran Kulkarni,Nagaraj Shetty,1,5
499,Anitha Kumar,Nagaraj Shetty,1,0
503,Nagaraj Hegde,Nagaraj Kumar,1,0
508,Imran Gowda,Joseph Naik,1,5
509,Fatima Gowda,Joseph Naik,1,1
510,Deepak Desai,Imran Hegde,1,0
511,Ashwini Reddy,Girish Reddy,1,0
513,Joseph Prasad,Lakshmi Naik,1,0
517,Fatima Nayak,Girish Iyengar,1,0
521,Girish Shetty,Imran Desai,1,8
531,Manjunath Nayak,Shivakumar Hegde,1,5
532,Deepak Patil,Girish Shetty,1,2
533,Ashwini Bhat,Girish Shetty,1,0
534,Basavaraj Prasad,Girish Shetty,1,0
537,Basavaraj Prasad,Deepak Patil,1,2
538,Deepak Patil,Mary Shetty,1,2
539,Ashwini Bhat,Basavaraj Prasad,1,0
541,Basavaraj Prasad,Mary Shetty,1,0
544,Ravi Kulkarni,Vinutha Iyengar,1,0
547,Girish Shetty,Prakash Murthy,1,0
551,Ashwini Rao,Deepak Prasad,1,0
552,Ashwini Rao,Manjunath Gowda,1,0
553,Deepak Prasad,Manjunath Gowda,1,0
564,Imran Patil,Vinutha Reddy,1,0
565,Imran Patil,Ravi Desai,1,0
566,Ravi Desai,Vinutha Reddy,1,0
570,Manjunath Kumar,Prakash Bhat,1,3
571,Prakash Bhat,Ravi Prasad,1,0
572,Nagaraj Hegde,Shivakumar Patil,1,0
574,Nagaraj Hegde,Prakash Prasad,1,0
575,Pooja Hegde,Prakash Prasad,1,0
576,Deepak Kulkarni,Prakash Prasad,1,0
578,Rekha Rao,Suresh Prasad,1,0
581,Basavaraj Kumar,Chetan Prasad,1,6
582,Chetan Prasad,Fatima Patil,1,6
584,Ashwini Hegde,Suresh Murthy,1,0
586,Ashwini Hegde,Basavaraj Rao,1,0
590,Girish Prasad,Joseph Shetty,1,4
599,Anitha Desai,Fatima Kulkarni,1,3
601,Anitha Desai,Deepak Desai,1,0
603,Anitha Kulkarni,Imran Desai,1,8
604,Imran Desai,Ravi Nayak,1,8
605,Deepak Patil,Joseph Prasad,1,2
608,Mary Gowda,Mary Patil,1,0
613,Bhavana Murthy,Fatima Nayak,1,0
616,Anitha Nayak,Prakash Reddy,1,0
617,Joseph Naik,Ravi Desai,1,5
623,Suresh Prasad,Vinutha Reddy,1,0
624,Suresh Prasad,Vinutha Iyengar,1,0
630,Deepak Reddy,Vinutha Reddy,1,0
635,Girish Nayak,Rekha Kulkarni,1,0
639,Suresh Prasad,Vinutha Murthy,1,0
641,Ravi Kulkarni,Shivakumar Desai,1,4
655,Anitha Kumar,Chetan Gowda,1,0
658,Kiran Naik,Manjunath Hegde,1,0
659,Basavaraj Shetty,Rekha Prasad,1,0
667,Joseph Nayak,Nagaraj Murthy,1,0
670,Lakshmi Prasad,Prakash Kulkarni,1,7
672,Deepak Iyengar,Ravi Kulkarni,1,3
673,Ravi Kulkarni,Suresh Murthy,1,0
679,Shivakumar Naik,Suresh Kumar,1,5
684,Ashwini Gowda,Ashwini Murthy,1,0
687,Nagaraj Kumar,Vinutha Desai,1,0
688,Mary Desai,Vinutha Desai,1,0
693,Vinutha Rao,Yashwanth Nayak,1,0
699,Basavaraj Rao,Kiran Kumar,1,0
700,Basavaraj Gowda,Ravi Gowda,1,3
704,Basavaraj Rao,Ravi Gowda,1,3
706,Anitha Nayak,Ravi Reddy,1,1
707,Basavaraj Murthy,Kiran Prasad,1,0
709,Basavaraj Murthy,Prakash Bhat,1,0
712,Joseph Desai,Manjunath Kulkarni,1,0
718,Chetan Kulkarni,Nagaraj Iyengar,1,0
723,Imran Gowda,Ravi Bhat,1,0
725,Bhavana Nayak,Ravi Bhat,1,2
727,Fatima Reddy,Pooja Rao,1,7
743,Anitha Gowda,Anitha Prasad,1,0
746,Anitha Nayak,Lakshmi Kulkarni,1,0
747,Anitha Nayak,Yashwanth Kulkarni,1,0
751,Anitha Kulkarni,Girish Murthy,1,0
753,Prakash Gowda,Shivakumar Kulkarni,1,0
755,Kiran Shetty,Prakash Desai,1,0
759,Kiran Desai,Lakshmi Naik,1,0
760,Lakshmi Naik,Rekha Reddy,1,0
762,Kiran Desai,Manjunath Nayak,1,5
767,Ashwini Patil,Lakshmi Rao,1,7
770,Deepak Desai,Nagaraj Kulkarni,1,4
774,Anitha Bhat,Imran Gowda,1,7
776,Anitha Bhat,Vinutha Murthy,1,7
781,Manjunath Iyengar,Prakash Patil,1,0
787,Manjunath Iyengar,Yashwanth Patil,1,0
791,Fatima Desai,Lakshmi Iyengar,1,0
792,Girish Reddy,Lakshmi Iyengar,1,0
793,Fatima Desai,Girish Reddy,1,0
797,Imran Iyengar,Pooja Patil,1,0
800,Fatima Iyengar,Imran Murthy,1,1
805,Basavaraj Patil,Shivakumar Kulkarni,1,2
812,Ashwini Rao,Rekha Patil,1,0
817,Imran Hegde,Prakash Prasad,1,0
819,Imran Hegde,Prakash Desai,1,0
822,Imran Bhat,Vinutha Kumar,1,0
823,Deepak Prasad,Imran Bhat,1,0
836,Girish Patil,Suresh Hegde,1,0
838,Kiran Kulkarni,Pooja Desai,1,5
842,Basavaraj Gowda,Chetan Bhat,1,0
844,Anitha Reddy,Basavaraj Gowda,1,0
847,Imran Nayak,Vinutha Shetty,1,0
851,Girish Kumar,Kiran Gowda,1,0
854,Lakshmi Gowda,Suresh Gowda,1,0
855,Basavaraj Kumar,Suresh Gowda,1,0
857,Deepak Murthy,Rekha Naik,1,0
858,Deepak Murthy,Nagaraj Naik,1,0
860,Imran Gowda,Prakash Nayak,1,0
871,Ashwini Gowda,Lakshmi Kumar,1,4
883,Joseph Rao,Ravi Iyengar,1,0
886,Mary Murthy,Nagaraj Iyengar,1,8
887,Joseph Patil,Shivakumar Naik,1,3
895,Ashwini Patil,Chetan Iyengar,1,0
898,Manjunath Reddy,Rekha Kulkarni,1,0
899,Pooja Prasad,Rekha Kulkarni,1,0
901,Nagaraj Kumar,Pooja Prasad,1,0
904,Manjunath Desai,Rekha Desai,1,8
906,Rekha Desai,Suresh Hegde,1,0
909,Prakash Patil,Suresh Hegde,1,0
912,Anitha Kumar,Manjunath Kulkarni,1,0
913,Ashwini Kulkarni,Imran Patil,1,0
917,Girish Nayak,Yashwanth Murthy,1,6
919,Deepak Prasad,Yashwanth Murthy,1,6
922,Bhavana Nayak,Joseph Naik,1,2
924,Joseph Naik,Mary Naik,1,5
928,Mary Patil,Rekha Kulkarni,1,0
929,Girish Bhat,Lakshmi Kumar,1,6
930,Imran Gowda,Lakshmi Kumar,1,4
933,Deepak Hegde,Nagaraj Prasad,1,0
935,Anitha Gowda,Nagaraj Prasad,1,0
936,Deepak Hegde,Kiran Bhat,1,0
947,Pooja Rao,Rekha Iyengar,1,7
950,Girish Kulkarni,Girish Patil,1,5
957,Nagaraj Prasad,Prakash Kumar,1,0
959,Prakash Naik,Ravi Prasad,1,2
962,Fatima Prasad,Shivakumar Bhat,1,0
971,Anitha Nayak,Basavaraj Desai,1,0
973,Anitha Kumar,Nagaraj Iyengar,1,0
975,Nagaraj Iyengar,Nagaraj Patil,1,2
976,Basavaraj Patil,Kiran Kulkarni,1,2
980,Mary Murthy,Pooja Nayak,1,8
988,Ashwini Gowda,Vinutha Hegde,1,0
989,Prakash Bhat,Vinutha Hegde,1,0
991,Deepak Bhat,Prakash Bhat,1,0
992,Deepak Bhat,Suresh Kulkarni,1,0
993,Deepak Shetty,Girish Rao,1,0
994,Deepak Shetty,Suresh Desai,1,0
998,Bhavana Naik,Lakshmi Prasad,1,3
1002,Imran Iyengar,Nagaraj Naik,1,0
1003,Girish Murthy,Ravi Nayak,1,1
1007,Girish Rao,Nagaraj Iyengar,1,0
1011,Nagaraj Iyengar,Yashwanth Desai,1,0
1014,Rekha Nayak,Shivakumar Gowda,1,8
1015,Imran Nayak,Shivakumar Gowda,1,3
1017,Mary Bhat,Ravi Hegde,1,0
1018,Basavaraj Reddy,Yashwanth Gowda,1,0
1021,Pooja Kulkarni,Rekha Prasad,1,0
1022,Basavaraj Patil,Suresh Rao,1,2
1025,Prakash Naik,Rekha Naik,1,2
1027,Kiran Shetty,Yashwanth Prasad,1,0
1028,Joseph Iyengar,Kiran Shetty,1,6
1030,Ashwini Bhat,Manjunath Patil,1,0
1031,Ashwini Bhat,Manjunath Rao,1,0
1034,Basavaraj Shetty,Chetan Patil,1,4
1035,Basavaraj Shetty,Nagaraj Nayak,1,0
1036,Chetan Patil,Nagaraj Nayak,1,4
1046,Anitha Iyengar,Anitha Murthy,1,0
1048,Anitha Iyengar,Manjunath Naik,1,0
1054,Girish Iyengar,Lakshmi Kulkarni,1,0
1056,Manjunath Murthy,Prakash Kumar,1,0
1060,Nagaraj Murthy,Pooja Kumar,1,8
1068,Basavaraj Desai,Bhavana Murthy,1,0
1072,Chetan Reddy,Deepak Iyengar,1,1
1073,Deepak Iyengar,Pooja Kulkarni,1,3
1076,Ashwini Shetty,Imran Desai,1,8
1081,Ashwini Nayak,Imran Gowda,1,0
1083,Pooja Murthy,Ravi Naik,1,7
1086,Bhavana Iyengar,Chetan Gowda,1,0
1090,Manjunath Iyengar,Manjunath Nayak,1,5
1091,Deepak Shetty,Manjunath Iyengar,1,0
1092,Deepak Shetty,Manjunath Nayak,1,5
1093,Joseph Naik,Suresh Gowda,1,5
1094,Basavaraj Rao,Joseph Naik,1,5
1095,Basavaraj Rao,Suresh Gowda,1,0
1099,Basavaraj Kumar,Ravi Rao,1,0
1100,Kiran Iyengar,Ravi Rao,1,0
1102,Ravi Hegde,Vinutha Kulkarni,1,0
1103,Anitha Naik,Fatima Prasad,1,0
1107,Nagaraj Nayak,Prakash Shetty,1,0
1110,Chetan Bhat,Pooja Desai,1,0
1113,Chetan Bhat,Manjunath Bhat,1,0
1114,Basavaraj Kulkarni,Manjunath Bhat,1,0
1121,Deepak Gowda,Suresh Bhat,1,7
1126,Prakash Naik,Vinutha Nayak,1,2
1128,Kiran Kulkarni,Suresh Reddy,1,5
1129,Joseph Shetty,Suresh Reddy,1,4
1130,Basavaraj Kumar,Vinutha Murthy,1,0
1132,Basavaraj Naik,Chetan Bhat,1,0
1133,Basavaraj Naik,Vinutha Prasad,1,0
1135,Chetan Prasad,Suresh Kulkarni,1,6
1136,Lakshmi Kulkarni,Suresh Kulkarni,1,0
1138,Basavaraj Naik,Chetan Murthy,1,0
1140,Deepak Reddy,Prakash Gowda,1,0
1143,Pooja Murthy,Suresh Hegde,1,0
1144,Anitha Desai,Ashwini Reddy,1,0
1148,Kiran Kulkarni,Prakash Kumar,1,5
1150,Chetan Murthy,Rekha Reddy,1,0
1151,Chetan Murthy,Rekha Desai,1,0
1155,Fatima Prasad,Imran Naik,1,0
1156,Anitha Reddy,Imran Naik,1,0
1157,Kiran Reddy,Suresh Nayak,1,7
1159,Ashwini Hegde,Deepak Murthy,1,0
1161,Anitha Kulkarni,Ashwini Hegde,1,0
1162,Anitha Kulkarni,Shivakumar Nayak,1,0
1164,Chetan Shetty,Prakash Naik,1,2
1166,Shivakumar Naik,Yashwanth Desai,1,5
1172,Imran Hegde,Nagaraj Desai,1,0
1173,Nagaraj Bhat,Nagaraj Kumar,1,3
1174,Mary Gowda,Nagaraj Bhat,1,3
1175,Mary Gowda,Nagaraj Kumar,1,0
1179,Girish Rao,Shivakumar Kumar,1,0
1186,Joseph Gowda,Pooja Prasad,1,0
1187,Ashwini Shetty,Joseph Gowda,1,0
1189,Ashwini Shetty,Pooja Prasad,1,0
1193,Deepak Kulkarni,Ravi Naik,1,7
1201,Ravi Shetty,Suresh Rao,1,0
1202,Kiran Kumar,Shivakumar Desai,1,4
1206,Pooja Hegde,Shivakumar Prasad,1,0
1208,Lakshmi Nayak,Vinutha Kumar,1,1
1209,Lakshmi Nayak,Pooja Hegde,1,1
1211,Chetan Gowda,Pooja Hegde,1,0
1212,Pooja Hegde,Vinutha Kumar,1,0
1213,Basavaraj Hegde,Vinutha Murthy,1,0
1218,Mary Patil,Vinutha Bhat,1,0
1219,Lakshmi Kumar,Vinutha Bhat,1,4
1224,Lakshmi Kumar,Rekha Murthy,1,4
1233,Anitha Iyengar,Kiran Desai,1,0
1235,Joseph Nayak,Nagaraj Rao,1,0
1244,Vinutha Nayak,Yashwanth Iyengar,1,7
1245,Anitha Hegde,Vinutha Nayak,1,0
1246,Anitha Hegde,Yashwanth Iyengar,1,7
1247,Fatima Shetty,Kiran Shetty,1,7
1252,Kiran Shetty,Vinutha Murthy,1,0
1254,Imran Reddy,Vinutha Murthy,1,0
1255,Bhavana Desai,Imran Reddy,1,5
1257,Anitha Reddy,Imran Kulkarni,1,0
1265,Anitha Naik,Mary Murthy,1,8
1269,Chetan Reddy,Ravi Naik,1,1
1271,Chetan Reddy,Fatima Nayak,1,1
1272,Pooja Kumar,Suresh Gowda,1,8
1274,Chetan Desai,Rekha Iyengar,1,4
1276,Nagaraj Iyengar,Shivakumar Kulkarni,1,0
1277,Ashwini Shetty,Shivakumar Shetty,1,8
1278,Ashwini Shetty,Yashwanth Kulkarni,1,0
1280,Mary Prasad,Prakash Kumar,1,0
1284,Joseph Murthy,Nagaraj Shetty,1,0
1287,Mary Prasad,Yashwanth Kumar,1,0
1291,Chetan Shetty,Prakash Shetty,1,0
1300,Chetan Bhat,Lakshmi Iyengar,1,0
1301,Suresh Kumar,Suresh Rao,1,0
1302,Kiran Nayak,Pooja Reddy,1,0
1303,Mary Desai,Prakash Naik,1,2
1307,Deepak Desai,Nagaraj Rao,1,0
1309,Bhavana Kumar,Deepak Desai,1,0
1311,Deepak Desai,Prakash Gowda,1,0
1312,Bhavana Gowda,Manjunath Reddy,1,1
1316,Kiran Iyengar,Vinutha Patil,1,2
1317,Kiran Iyengar,Shivakumar Iyengar,1,0
1318,Shivakumar Iyengar,Vinutha Patil,1,2
1321,Anitha Rao,Suresh Naik,1,4
1323,Ravi Iyengar,Shivakumar Naik,1,5
1328,Basavaraj Desai,Nagaraj Patil,1,2
1333,Chetan Nayak,Vinutha Prasad,1,0
1335,Bhavana Nayak,Manjunath Nayak,1,2
1336,Basavaraj Rao,Rekha Nayak,1,8
1341,Kiran Bhat,Shivakumar Hegde,1,1
1342,Basavaraj Naik,Yashwanth Kumar,1,0
1346,Manjunath Nayak,Suresh Naik,1,5
1348,Shivakumar Rao,Suresh Shetty,1,0
1350,Suresh Nayak,Suresh Shetty,1,0
1353,Pooja Kulkarni,Suresh Nayak,1,0
1355,Ashwini Murthy,Chetan Reddy,1,1
1357,Girish Kumar,Suresh Patil,1,0
1361,Fatima Kulkarni,Manjunath Murthy,1,3
1363,Fatima Gowda,Manjunath Murthy,1,1
1366,Deepak Nayak,Lakshmi Desai,1,0
1369,Manjunath Kulkarni,Nagaraj Hegde,1,0
1375,Girish Naik,Mary Prasad,1,0
1376,Girish Kulkarni,Girish Naik,1,5
1378,Girish Naik,Joseph Kulkarni,1,0
1389,Mary Iyengar,Rekha Kulkarni,1,0
1392,Joseph Murthy,Rekha Hegde,1,0
1395,Ravi Iyengar,Shivakumar Nayak,1,0
1399,Manjunath Patil,Nagaraj Hegde,1,0
1408,Bhavana Desai,Suresh Patil,1,5
1410,Fatima Hegde,Suresh Kumar,1,0
1415,Chetan Naik,Manjunath Kumar,1,3
1418,Fatima Gowda,Pooja Prasad,1,1
1420,Fatima Gowda,Imran Reddy,1,1
1428,Bhavana Nayak,Imran Rao,1,2
1433,Kiran Shetty,Lakshmi Desai,1,0
1436,Imran Rao,Mary Prasad,1,8
1437,Mary Hegde,Mary Prasad,1,5
1445,Girish Rao,Pooja Hegde,1,0
1448,Fatima Prasad,Prakash Bhat,1,0
1449,Ravi Reddy,Shivakumar Gowda,1,1
1452,Chetan Hegde,Joseph Gowda,1,0
1461,Lakshmi Kulkarni,Nagaraj Reddy,1,7
1462,Imran Desai,Nagaraj Reddy,1,8
1463,Mary Murthy,Prakash Prasad,1,8
1464,Deepak Hegde,Fatima Hegde,1,0
1471,Girish Shetty,Prakash Naik,1,2
1472,Chetan Desai,Chetan Prasad,1,6
1476,Lakshmi Hegde,Nagaraj Reddy,1,1
1478,Prakash Hegde,Ravi Kumar,1,0
1484,Fatima Naik,Kiran Prasad,1,0
1487,Chetan Reddy,Lakshmi Kumar,1,1
1488,Joseph Patil,Pooja Kumar,1,3
1496,Girish Shetty,Lakshmi Iyengar,1,0
1499,Lakshmi Patil,Yashwanth Murthy,1,6
1500,Fatima Reddy,Yashwanth Shetty,1,0
1501,Fatima Reddy,Kiran Patil,1,0
1502,Kiran Patil,Yashwanth Shetty,1,0
1505,Bhavana Hegde,Pooja Naik,1,0
1506,Pooja Naik,Rekha Reddy,1,0
1512,Girish Reddy,Suresh Desai,1,0
1513,Fatima Gowda,Pooja Reddy,1,1
1514,Fatima Gowda,Manjunath Bhat,1,1
1515,Manjunath Bhat,Pooja Reddy,1,0
1519,Anitha Iyengar,Mary Naik,1,7
1520,Anitha Iyengar,Joseph Patil,1,3
1521,Joseph Patil,Mary Naik,1,3
1524,Basavaraj Kulkarni,Imran Reddy,1,0
1525,Basavaraj Kulkarni,Girish Rao,1,0
1530,Basavaraj Naik,Mary Desai,1,0
1533,Joseph Prasad,Manjunath Desai,1,8
1534,Deepak Hegde,Nagaraj Gowda,1,0
1539,Pooja Shetty,Vinutha Shetty,1,6
1540,Joseph Kulkarni,Suresh Shetty,1,0
1541,Mary Gowda,Suresh Shetty,1,0
1543,Joseph Kulkarni,Mary Gowda,1,0
1546,Chetan Gowda,Nagaraj Nayak,1,0
1555,Anitha Hegde,Fatima Patil,1,0
1557,Bhavana Murthy,Joseph Desai,1,0
1559,Basavaraj Murthy,Bhavana Murthy,1,0
1565,Pooja Bhat,Ravi Hegde,1,5
1566,Ravi Hegde,Yashwanth Rao,1,0
1568,Anitha Rao,Manjunath Naik,1,4
1574,Deepak Naik,Imran Reddy,1,0
1580,Bhavana Nayak,Nagaraj Rao,1,2
1581,Prakash Naik,Yashwanth Rao,1,2
1582,Anitha Kulkarni,Nagaraj Hegde,1,0
1585,Bhavana Kulkarni,Nagaraj Kumar,1,0
1586,Chetan Kumar,Lakshmi Gowda,1,0
1589,Basavaraj Naik,Shivakumar Patil,1,0
1591,Joseph Hegde,Suresh Desai,1,7
1592,Girish Kumar,Suresh Desai,1,0
1599,Anitha Gowda,Anitha Murthy,1,0
1600,Shivakumar Iyengar,Suresh Gowda,1,0
1604,Imran Desai,Suresh Gowda,1,8
1606,Fatima Iyengar,Suresh Gowda,1,1
1610,Basavaraj Prasad,Lakshmi Prasad,1,0
1611,Lakshmi Iyengar,Lakshmi Prasad,1,0
1612,Basavaraj Prasad,Lakshmi Iyengar,1,0
1613,Kiran Patil,Yashwanth Desai,1,0
1617,Anitha Reddy,Prakash Shetty,1,0
1618,Girish Gowda,Suresh Reddy,1,6
1619,Girish Gowda,Imran Desai,1,6
1622,Mary Naik,Pooja Rao,1,7
1633,Anitha Iyengar,Deepak Iyengar,1,3
1636,Bhavana Iyengar,Joseph Naik,1,5
1637,Joseph Naik,Prakash Murthy,1,5
1640,Prakash Bhat,Rekha Shetty,1,3
1646,Mary Nayak,Rekha Hegde,1,0
1648,Basavaraj Rao,Pooja Kumar,1,8
1653,Joseph Rao,Ravi Hegde,1,0
1655,Mary Kumar,Ravi Hegde,1,0
1658,Joseph Rao,Mary Kumar,1,0
1659,Joseph Rao,Mary Nayak,1,0
1661,Ashwini Kulkarni,Mary Nayak,1,0
1662,Mary Kumar,Mary Nayak,1,0
1663,Ashwini Shetty,Prakash Naik,1,2
1668,Deepak Kumar,Joseph Patil,1,3
1669,Fatima Hegde,Rekha Patil,1,0
1671,Kiran Murthy,Manjunath Shetty,1,8
1672,Manjunath Iyengar,Manjunath Shetty,1,4
1674,Rekha Bhat,Yashwanth Naik,1,0
1675,Imran Kulkarni,Rekha Bhat,1,0
1676,Imran Kulkarni,Yashwanth Naik,1,0
1683,Chetan Iyengar,Lakshmi Desai,1,0
1686,Girish Kumar,Rekha Desai,1,0
1687,Girish Prasad,Rekha Desai,1,0
1688,Manjunath Kulkarni,Rekha Desai,1,0
1689,Prakash Nayak,Rekha Desai,1,0
1691,Girish Kumar,Manjunath Kulkarni,1,0
1692,Girish Kumar,Prakash Nayak,1,0
1696,Mary Shetty,Vinutha Gowda,1,0
1699,Bhavana Nayak,Joseph Prasad,1,2
1701,Bhavana Kulkarni,Joseph Gowda,1,0
1711,Bhavana Naik,Bhavana Reddy,1,3
1722,Ashwini Rao,Lakshmi Kulkarni,1,0
1723,Bhavana Hegde,Joseph Nayak,1,0
1725,Bhavana Hegde,Shivakumar Desai,1,4
1731,Basavaraj Reddy,Shivakumar Kumar,1,0
1739,Girish Rao,Prakash Hegde,1,0
1742,Joseph Kulkarni,Mary Kulkarni,1,0
1748,Girish Naik,Pooja Rao,1,7
1749,Vinutha Hegde,Vinutha Patil,1,2
1752,Pooja Shetty,Yashwanth Shetty,1,6
1754,Joseph Nayak,Yashwanth Shetty,1,0
1759,Anitha Kulkarni,Joseph Shetty,1,4
1762,Anitha Kulkarni,Lakshmi Iyengar,1,0
1780,Chetan Hegde,Kiran Shetty,1,0
1789,Bhavana Bhat,Rekha Naik,1,0
1790,Chetan Patil,Shivakumar Prasad,1,4
1794,Chetan Patil,Rekha Nayak,1,4
1795,Chetan Patil,Lakshmi Bhat,1,4
1801,Chetan Shetty,Manjunath Desai,1,8
1803,Chetan Shetty,Rekha Iyengar,1,4
1805,Manjunath Desai,Rekha Iyengar,1,8
1813,Ashwini Nayak,Pooja Iyengar,1,5
1822,Girish Prasad,Mary Hegde,1,5
1824,Basavaraj Kulkarni,Lakshmi Gowda,1,0
1825,Basavaraj Kulkarni,Joseph Kulkarni,1,0
1826,Basavaraj Kulkarni,Basavaraj Nayak,1,0
1829,Basavaraj Nayak,Lakshmi Gowda,1,0
1830,Fatima Bhat,Lakshmi Gowda,1,0
1831,Basavaraj Nayak,Joseph Kulkarni,1,0
1837,Nagaraj Rao,Vinutha Kumar,1,0
1838,Ashwini Iyengar,Suresh Kumar,1,4
1839,Joseph Desai,Kiran Patil,1,0
1841,Ravi Desai,Ravi Gowda,1,3
1847,Fatima Hegde,Ravi Desai,1,0
1858,Deepak Patil,Fatima Murthy,1,2
1860,Basavaraj Kumar,Fatima Murthy,1,0
1862,Basavaraj Kumar,Deepak Patil,1,2
1864,Imran Bhat,Pooja Hegde,1,0
1865,Chetan Naik,Pooja Hegde,1,0
1868,Prakash Shetty,Yashwanth Reddy,1,5
1870,Ashwini Gowda,Shivakumar Kulkarni,1,0
1871,Ashwini Gowda,Mary Nayak,1,0
1872,Mary Nayak,Shivakumar Kulkarni,1,0
1875,Girish Kumar,Imran Iyengar,1,0
1880,Bhavana Shetty,Lakshmi Desai,1,0
1881,Lakshmi Desai,Vinutha Murthy,1,0
1882,Imran Desai,Rekha Patil,1,8
1885,Joseph Gowda,Mary Kumar,1,0
1886,Joseph Rao,Mary Kulkarni,1,0
1887,Chetan Desai,Ravi Shetty,1,0
1894,Anitha Murthy,Ravi Patil,1,0
1896,Anitha Murthy,Lakshmi Iyengar,1,0
1899,Lakshmi Iyengar,Ravi Hegde,1,0
1901,Imran Gowda,Mary Rao,1,0
1902,Mary Rao,Yashwanth Kulkarni,1,0
1906,Chetan Naik,Yashwanth Kulkarni,1,0
1908,Joseph Kumar,Ravi Desai,1,2
1910,Chetan Hegde,Nagaraj Desai,1,0
1917,Chetan Rao,Prakash Prasad,1,0
1918,Deepak Rao,Rekha Hegde,1,7
1919,Mary Patil,Rekha Hegde,1,0
1923,Anitha Kulkarni,Vinutha Bhat,1,0
1927,Imran Gowda,Joseph Hegde,1,7
1933,Mary Hegde,Suresh Naik,1,5
1934,Manjunath Prasad,Yashwanth Bhat,1,3
1935,Bhavana Naik,Ravi Reddy,1,3
1938,Imran Murthy,Rekha Desai,1,0
1939,Joseph Gowda,Joseph Nayak,1,0
1941,Kiran Bhat,Manjunath Gowda,1,0
1946,Ashwini Kulkarni,Basavaraj Bhat,1,2
1948,Chetan Naik,Deepak Gowda,1,0
1951,Basavaraj Bhat,Chetan Naik,1,2
1955,Prakash Kulkarni,Ravi Murthy,1,7
1961,Chetan Desai,Joseph Reddy,1,2
1963,Chetan Desai,Mary Reddy,1,5
1964,Kiran Rao,Prakash Bhat,1,0
1965,Mary Iyengar,Nagaraj Prasad,1,0
1968,Fatima Kulkarni,Manjunath Shetty,1,3
1971,Rekha Rao,Yashwanth Rao,1,0
1972,Anitha Reddy,Suresh Iyengar,1,0
1974,Anitha Reddy,Ravi Gowda,1,3
1976,Deepak Desai,Kiran Murthy,1,8
1977,Basavaraj Hegde,Mary Hegde,1,5
1982,Chetan Desai,Pooja Prasad,1,0
1984,Bhavana Hegde,Vinutha Naik,1,0
1986,Lakshmi Naik,Shivakumar Gowda,1,3
1993,Girish Prasad,Mary Prasad,1,0
1994,Kiran Bhat,Mary Prasad,1,0
1996,Girish Prasad,Kiran Bhat,1,0
1999,Deepak Nayak,Lakshmi Prasad,1,0
2002,Fatima Patil,Mary Rao,1,0
2003,Mary Rao,Rekha Nayak,1,8
2005,Bhavana Naik,Prakash Kumar,1,3
2010,Pooja Hegde,Ravi Rao,1,0
2022,Joseph Prasad,Kiran Shetty,1,0
2030,Anitha Shetty,Deepak Iyengar,1,3
2033,Ashwini Gowda,Bhavana Kumar,1,0
2036,Nagaraj Kulkarni,Suresh Patil,1,4
2037,Chetan Reddy,Pooja Hegde,1,1
2044,Manjunath Patil,Nagaraj Patil,1,2
2046,Deepak Murthy,Pooja Murthy,1,0
2055,Kiran Patil,Lakshmi Murthy,1,0
2058,Imran Murthy,Vinutha Kumar,1,0
2059,Lakshmi Patil,Ravi Patil,1,0
2060,Lakshmi Patil,Manjunath Gowda,1,0
2067,Bhavana Reddy,Prakash Kumar,1,0
2073,Fatima Hegde,Suresh Bhat,1,7
2074,Joseph Gowda,Suresh Bhat,1,7
2078,Joseph Prasad,Suresh Nayak,1,0
2079,Fatima Hegde,Joseph Gowda,1,0
2080,Fatima Hegde,Joseph Prasad,1,0
2082,Chetan Hegde,Deepak Iyengar,1,3
2085,Chetan Hegde,Manjunath Naik,1,0
2087,Manjunath Naik,Prakash Patil,1,0
2089,Ashwini Nayak,Mary Patil,1,0
2090,Ashwini Nayak,Manjunath Kumar,1,3
2091,Manjunath Kumar,Mary Patil,1,3
2095,Fatima Bhat,Joseph Patil,1,3
2097,Ravi Prasad,Yashwanth Shetty,1,0
2104,Nagaraj Desai,Rekha Kulkarni,1,0
2106,Fatima Bhat,Mary Bhat,1,0
2109,Suresh Naik,Vinutha Rao,1,0
2136,Anitha Rao,Kiran Iyengar,1,4
2139,Anitha Rao,Ravi Kumar,1,4
2141,Anitha Rao,Shivakumar Shetty,1,4
2143,Anitha Rao,Kiran Kulkarni,1,4
2145,Manjunath Bhat,Nagaraj Gowda,1,0
2146,Joseph Murthy,Manjunath Bhat,1,0
2147,Bhavana Shetty,Kiran Rao,1,0
2149,Nagaraj Iyengar,Nagaraj Reddy,1,7
2157,Fatima Hegde,Manjunath Nayak,1,5
2160,Bhavana Desai,Rekha Reddy,1,5
2163,Bhavana Desai,Mary Naik,1,5
2166,Mary Naik,Rekha Reddy,1,7
2168,Anitha Desai,Mary Naik,1,7
2170,Anitha Kumar,Shivakumar Gowda,1,3
2172,Joseph Kumar,Lakshmi Rao,1,2
2176,Prakash Iyengar,Yashwanth Hegde,1,5
2177,Lakshmi Desai,Yashwanth Hegde,1,0
2179,Imran Patil,Lakshmi Patil,1,0
2180,Lakshmi Patil,Shivakumar Shetty,1,8
2182,Prakash Kumar,Rekha Shetty,1,3
2185,Shivakumar Kumar,Shivakumar Nayak,1,0
2186,Lakshmi Nayak,Mary Iyengar,1,1
2192,Deepak Patil,Mary Kulkarni,1,2
2194,Mary Kulkarni,Yashwanth Bhat,1,3
2196,Deepak Patil,Yashwanth Bhat,1,2
2198,Anitha Patil,Chetan Gowda,1,0
2202,Anitha Patil,Vinutha Reddy,1,0
2204,Ashwini Nayak,Rekha Naik,1,0
2205,Girish Shetty,Shivakumar Desai,1,4
2209,Ravi Desai,Rekha Nayak,1,8
2211,Anitha Kumar,Rekha Nayak,1,8
2213,Girish Murthy,Manjunath Hegde,1,0
2214,Manjunath Hegde,Mary Bhat,1,0
2222,Nagaraj Naik,Suresh Patil,1,0
2223,Mary Patil,Suresh Patil,1,0
2224,Mary Prasad,Yashwanth Shetty,1,0
2226,Mary Patil,Mary Prasad,1,0
2227,Nagaraj Naik,Yashwanth Shetty,1,0
2228,Mary Patil,Yashwanth Shetty,1,0
2229,Mary Patil,Nagaraj Naik,1,0
2230,Pooja Gowda,Pooja Reddy,1,3
2231,Imran Kulkarni,Ravi Rao,1,0
2232,Imran Kulkarni,Nagaraj Murthy,1,0
2233,Nagaraj Murthy,Ravi Rao,1,0
2235,Bhavana Iyengar,Bhavana Kumar,1,0
2238,Manjunath Bhat,Vinutha Reddy,1,0
2240,Manjunath Gowda,Nagaraj Shetty,1,0
2244,Bhavana Desai,Nagaraj Shetty,1,5
2246,Bhavana Gowda,Pooja Kulkarni,1,1
2253,Ashwini Hegde,Mary Patil,1,0
2254,Mary Patil,Rekha Naik,1,0
2255,Ashwini Hegde,Rekha Naik,1,0
2257,Kiran Desai,Shivakumar Prasad,1,0
2264,Ravi Bhat,Shivakumar Prasad,1,0
2268,Basavaraj Shetty,Rekha Desai,1,0
2273,Bhavana Reddy,Mary Shetty,1,0
2274,Bhavana Reddy,Chetan Hegde,1,0
2275,Chetan Hegde,Mary Shetty,1,0
2285,Nagaraj Hegde,Yashwanth Prasad,1,0
2286,Lakshmi Rao,Nagaraj Hegde,1,7
2291,Fatima Patil,Shivakumar Shetty,1,8
2297,Suresh Naik,Vinutha Bhat,1,0
2299,Ashwini Bhat,Ashwini Rao,1,0
2300,Manjunath Kulkarni,Nagaraj Nayak,1,0
2305,Deepak Hegde,Yashwanth Nayak,1,0
2317,Lakshmi Gowda,Nagaraj Hegde,1,0
2319,Anitha Iyengar,Pooja Rao,1,7
2322,Bhavana Reddy,Nagaraj Desai,1,0
2326,Anitha Patil,Mary Reddy,1,5
2329,Anitha Murthy,Shivakumar Naik,1,5
2330,Anitha Murthy,Girish Kulkarni,1,5
2339,Basavaraj Rao,Rekha Shetty,1,3
2340,Rekha Shetty,Suresh Desai,1,3
2341,Basavaraj Rao,Suresh Desai,1,0
2343,Chetan Prasad,Prakash Hegde,1,6
2345,Anitha Prasad,Girish Shetty,1,0
2349,Nagaraj Nayak,Prakash Patil,1,0
2352,Manjunath Gowda,Prakash Patil,1,0
2353,Girish Reddy,Manjunath Gowda,1,0
2354,Nagaraj Kumar,Prakash Patil,1,0
2356,Girish Reddy,Prakash Patil,1,0
2366,Anitha Murthy,Vinutha Rao,1,0
2368,Joseph Reddy,Vinutha Naik,1,2
2370,Mary Nayak,Rekha Patil,1,0
2371,Girish Patil,Shivakumar Desai,1,4
2372,Lakshmi Shetty,Mary Gowda,1,0
2375,Kiran Desai,Kiran Rao,1,0
2376,Lakshmi Reddy,Manjunath Patil,1,8
2379,Ravi Prasad,Vinutha Hegde,1,0
2380,Ravi Desai,Vinutha Hegde,1,0
2383,Deepak Nayak,Ravi Prasad,1,0
2385,Deepak Gowda,Lakshmi Gowda,1,0
2387,Prakash Desai,Ravi Rao,1,0
2395,Girish Shetty,Nagaraj Rao,1,0
2397,Girish Shetty,Vinutha Kulkarni,1,0
2410,Chetan Bhat,Lakshmi Rao,1,7
2417,Mary Bhat,Shivakumar Prasad,1,0
2418,Mary Bhat,Suresh Bhat,1,7
2421,Imran Hegde,Mary Rao,1,0
2424,Anitha Nayak,Imran Hegde,1,0
2427,Imran Hegde,Manjunath Prasad,1,0
2434,Joseph Hegde,Ravi Kumar,1,7
2435,Ravi Kumar,Suresh Reddy,1,0
2436,Imran Hegde,Kiran Shetty,1,0
2440,Lakshmi Kulkarni,Rekha Prasad,1,0
2441,Ashwini Rao,Mary Kumar,1,0
2442,Fatima Kulkarni,Mary Kumar,1,3
2443,Ashwini Rao,Fatima Kulkarni,1,3
2444,Anitha Prasad,Shivakumar Kumar,1,0
2447,Manjunath Nayak,Ravi Hegde,1,5
2450,Basavaraj Prasad,Nagaraj Rao,1,0
2451,Lakshmi Naik,Vinutha Prasad,1,0
2452,Basavaraj Murthy,Vinutha Prasad,1,0
2457,Ashwini Iyengar,Chetan Hegde,1,4
2458,Chetan Hegde,Deepak Nayak,1,0
2459,Ashwini Iyengar,Yashwanth Hegde,1,4
2460,Deepak Nayak,Yashwanth Hegde,1,0
2463,Prakash Iyengar,Rekha Shetty,1,5
2465,Ashwini Naik,Vinutha Desai,1,5
2466,Ashwini Naik,Deepak Kulkarni,1,5
2475,Basavaraj Kumar,Joseph Rao,1,0
2478,Fatima Nayak,Vinutha Reddy,1,0
2482,Joseph Naik,Vinutha Shetty,1,5
2485,Mary Rao,Rekha Bhat,1,0
2487,Mary Rao,Shivakumar Kumar,1,0
2493,Deepak Gowda,Rekha Shetty,1,3
2494,Rekha Shetty,Vinutha Kumar,1,3
2497,Manjunath Iyengar,Yashwanth Nayak,1,0
2499,Bhavana Rao,Lakshmi Rao,1,7
2502,Ashwini Desai,Chetan Reddy,1,1
2509,Ashwini Gowda,Pooja Desai,1,0
2512,Kiran Desai,Manjunath Reddy,1,0
2514,Kiran Kumar,Rekha Desai,1,0
2529,Lakshmi Rao,Ravi Desai,1,7
2531,Ravi Desai,Yashwanth Kulkarni,1,0
2532,Basavaraj Patil,Ravi Desai,1,2
2536,Deepak Gowda,Girish Kulkarni,1,5
2538,Imran Hegde,Manjunath Murthy,1,0
2541,Deepak Patil,Manjunath Patil,1,2
2544,Ashwini Rao,Rekha Prasad,1,0
2548,Prakash Hegde,Shivakumar Naik,1,5
2551,Anitha Kulkarni,Kiran Iyengar,1,0
2552,Anitha Kulkarni,Imran Hegde,1,0
2554,Kiran Reddy,Manjunath Desai,1,7
2564,Ashwini Kulkarni,Chetan Nayak,1,0
2567,Kiran Prasad,Ravi Prasad,1,0
2568,Anitha Naik,Kiran Prasad,1,0
2571,Anitha Naik,Ravi Prasad,1,0
2572,Basavaraj Prasad,Shivakumar Desai,1,4
2575,Bhavana Murthy,Chetan Hegde,1,0
2586,Shivakumar Prasad,Suresh Iyengar,1,0
2590,Bhavana Gowda,Deepak Murthy,1,1
2596,Deepak Desai,Imran Reddy,1,0
2597,Fatima Murthy,Suresh Hegde,1,0
2598,Fatima Murthy,Shivakumar Iyengar,1,0
2599,Fatima Murthy,Joseph Murthy,1,0
2608,Imran Prasad,Pooja Shetty,1,6
2610,Imran Prasad,Suresh Prasad,1,0
2611,Anitha Shetty,Lakshmi Kulkarni,1,0
2613,Lakshmi Kulkarni,Prakash Hegde,1,0
2614,Chetan Prasad,Mary Kumar,1,6
2615,Anitha Murthy,Prakash Naik,1,2
2616,Anitha Murthy,Joseph Rao,1,0
2617,Joseph Rao,Prakash Naik,1,2
2618,Girish Desai,Kiran Rao,1,0
2620,Girish Desai,Ravi Murthy,1,0
2623,Kiran Rao,Ravi Murthy,1,0
2624,Kiran Rao,Prakash Reddy,1,0
2630,Lakshmi Patil,Lakshmi Reddy,1,8
2631,Manjunath Naik,Pooja Shetty,1,6
2632,Manjunath Naik,Vinutha Reddy,1,0
2634,Nagaraj Desai,Prakash Hegde,1,0
2636,Prakash Hegde,Yashwanth Naik,1,0
2638,Basavaraj Patil,Chetan Rao,1,2
2640,Chetan Rao,Nagaraj Desai,1,0
2641,Nagaraj Desai,Yashwanth Naik,1,0
2642,Chetan Rao,Yashwanth Naik,1,0
2643,Anitha Murthy,Mary Prasad,1,0
2648,Bhavana Murthy,Rekha Rao,1,0
2653,Basavaraj Reddy,Nagaraj Gowda,1,0
2654,Anitha Kumar,Nagaraj Gowda,1,0
2656,Joseph Bhat,Mary Kumar,1,0
2658,Girish Bhat,Joseph Bhat,1,6
2659,Joseph Bhat,Yashwanth Iyengar,1,7
2660,Mary Kumar,Vinutha Kumar,1,0
2661,Mary Kumar,Yashwanth Iyengar,1,7
2665,Deepak Shetty,Manjunath Kulkarni,1,0
2666,Pooja Iyengar,Yashwanth Prasad,1,5
2668,Yashwanth Bhat,Yashwanth Prasad,1,3
2669,Fatima Murthy,Girish Naik,1,0
2670,Girish Naik,Yashwanth Desai,1,0
2671,Fatima Murthy,Yashwanth Desai,1,0
2676,Nagaraj Murthy,Shivakumar Prasad,1,0
2678,Lakshmi Kulkarni,Manjunath Patil,1,0
2681,Chetan Desai,Pooja Kumar,1,8
2684,Ashwini Naik,Shivakumar Gowda,1,5
2691,Vinutha Iyengar,Yashwanth Kumar,1,0
2701,Mary Hegde,Yashwanth Murthy,1,5
2703,Rekha Hegde,Yashwanth Murthy,1,6
2706,Kiran Nayak,Nagaraj Naik,1,0
2708,Kiran Nayak,Manjunath Naik,1,0
2710,Deepak Rao,Manjunath Kulkarni,1,7