VictimMasterID,CaseMasterID,VictimName,AgeYear,Gender
1,1,Shivakumar Kumar,13,F
2,3,Ravi Iyengar,29,F
5,7,Ravi Rao,55,F
7,9,Nagaraj Kulkarni,27,M
9,11,Manjunath Nayak,53,F
12,13,Imran Bhat,48,M
13,15,Lakshmi Shetty,30,F
15,19,Imran Hegde,10,F
17,23,Joseph Rao,39,F
20,25,Fatima Kumar,54,M
21,27,Ashwini Prasad,47,F
22,27,Vinutha Bhat,39,M
25,31,Bhavana Desai,74,F
26,33,Anitha Shetty,26,M
29,37,Nagaraj Desai,18,F
32,39,Girish Naik,24,M
37,45,Kiran Kumar,42,F
39,47,Pooja Hegde,19,M
40,47,Basavaraj Shetty,7,F
43,51,Mary Murthy,69,M
45,53,Prakash Shetty,70,F
48,57,Basavaraj Naik,51,F
50,59,Mary Gowda,60,M
54,63,Ashwini Prasad,65,M
57,67,Nagaraj Bhat,5,M
58,69,Imran Shetty,58,F
59,69,Basavaraj Hegde,34,F
63,73,Vinutha Naik,69,M
64,73,Basavaraj Reddy,33,M
67,77,Mary Murthy,40,F
69,79,Yashwanth Bhat,70,F
71,81,Chetan Prasad,18,M
72,81,Ashwini Kumar,16,M
74,85,Pooja Prasad,40,M
75,85,Deepak Hegde,11,F
77,87,Suresh Desai,67,F
79,89,Basavaraj Kumar,5,M
83,93,Vinutha Kulkarni,26,F
86,99,Imran Nayak,48,M
89,103,Basavaraj Naik,70,F
90,103,Manjunath Rao,54,F
92,105,Ashwini Gowda,14,F
95,109,Yashwanth Rao,31,M
96,111,Nagaraj Reddy,14,M
99,115,Chetan Patil,8,F
100,115,Shivakumar Reddy,51,M
101,117,Joseph Kulkarni,48,F
104,121,Anitha Kulkarni,59,M
106,123,Imran Reddy,56,M
107,123,Rekha Reddy,11,F
108,125,Bhavana Hegde,64,F
109,127,Girish Bhat,58,F
113,131,Vinutha Naik,34,M
114,131,Joseph Prasad,53,F
116,133,Manjunath Murthy,62,F
119,137,Yashwanth Gowda,41,M
122,139,Anitha Prasad,35,M
126,143,Imran Reddy,61,F
127,145,Manjunath Bhat,60,M
128,145,Yashwanth Nayak,72,F
129,149,Lakshmi Kumar,44,F
132,153,Rekha Bhat,36,F
134,155,Ashwini Rao,15,M
136,157,Yashwanth Desai,15,F
137,157,Shivakumar Shetty,34,F
140,161,Kiran Prasad,39,F
141,163,Ravi Reddy,27,F
142,163,Pooja Patil,59,F
146,167,Chetan Rao,12,F
147,167,Girish Prasad,37,M
151,171,Anitha Desai,70,M
152,171,Bhavana Bhat,64,F
155,175,Anitha Kulkarni,72,M
156,175,Basavaraj Murthy,8,F
158,179,Suresh Iyengar,25,F
159,179,Chetan Bhat,38,M
160,183,Shivakumar Patil,36,M
161,183,Shivakumar Bhat,8,M
162,185,Imran Reddy,60,M
163,185,Vinutha Bhat,69,M
166,191,Ravi Naik,7,F
169,193,Manjunath Bhat,54,F
170,195,Mary Nayak,25,M
171,197,Basavaraj Patil,5,F
174,201,Prakash Reddy,46,F
178,205,Kiran Prasad,20,F
185,211,Yashwanth Prasad,22,M
187,215,Yashwanth Naik,71,M
188,215,Chetan Reddy,52,M
189,217,Anitha Rao,47,F
191,219,Lakshmi Kulkarni,8,F
193,221,Kiran Naik,59,F
197,227,Vinutha Nayak,59,F
198,227,Rekha Rao,54,M
200,229,Yashwanth Prasad,36,F
202,231,Suresh Reddy,58,F
204,233,Rekha Hegde,70,M
206,239,Yashwanth Kulkarni,16,M
207,239,Basavaraj Bhat,8,M
208,241,Anitha Reddy,29,M
209,243,Ashwini Gowda,22,F
212,251,Shivakumar Desai,50,F
214,253,Lakshmi Kumar,25,F
215,255,Chetan Iyengar,23,F
218,259,Lakshmi Patil,24,F
219,263,Prakash Kulkarni,13,F
222,265,Manjunath Desai,62,F
229,275,Yashwanth Hegde,56,M
230,275,Ravi Rao,57,M
232,277,Manjunath Kulkarni,39,F
233,277,Nagaraj Gowda,28,F
235,281,Vinutha Patil,35,F
237,283,Bhavana Murthy,60,F
239,285,Bhavana Iyengar,37,F
242,287,Suresh Kumar,42,F
244,293,Yashwanth Nayak,49,F
245,293,Rekha Desai,48,F
247,295,Chetan Hegde,39,F
248,295,Kiran Kumar,19,M
250,297,Ashwini Shetty,10,M
251,299,Prakash Naik,54,M
252,301,Lakshmi Rao,8,F
253,303,Shivakumar Hegde,55,F
255,307,Kiran Shetty,66,M
256,309,Chetan Bhat,47,F
257,309,Bhavana Desai,60,M
258,311,Kiran Hegde,14,M
259,311,Fatima Reddy,64,F
260,313,Lakshmi Kumar,29,F
262,315,Girish Patil,45,F
264,317,Rekha Nayak,21,F
265,317,Girish Rao,19,F
266,319,Rekha Desai,66,F
267,321,Yashwanth Prasad,74,F
269,327,Mary Iyengar,25,F
272,331,Pooja Naik,20,M
274,333,Imran Iyengar,15,F
275,333,Shivakumar Iyengar,39,F
278,335,Shivakumar Kulkarni,40,M
281,337,Chetan Shetty,35,M
282,337,Basavaraj Bhat,34,M
283,339,Fatima Prasad,49,F
286,343,Girish Kumar,31,F
287,343,Ashwini Iyengar,10,F
289,345,Nagaraj Murthy,58,F
291,349,Basavaraj Kumar,54,F
293,351,Nagaraj Rao,62,M
295,353,Lakshmi Gowda,39,F
299,361,Joseph Murthy,13,F
301,363,Anitha Rao,60,F
302,363,Bhavana Kulkarni,75,F
305,369,Anitha Kumar,69,M
306,369,Manjunath Kumar,16,F
308,373,Anitha Rao,47,M
310,375,Prakash Naik,54,F
312,377,Basavaraj Kulkarni,69,F
313,377,Joseph Nayak,23,M
315,379,Pooja Kumar,71,M
316,379,Manjunath Patil,10,M
318,383,Suresh Naik,37,M
320,387,Bhavana Shetty,68,F
321,387,Shivakumar Kulkarni,57,M
323,389,Bhavana Iyengar,34,F
325,391,Anitha Murthy,53,F
326,393,Shivakumar Murthy,60,F
328,395,Fatima Kumar,61,M
331,399,Deepak Naik,58,F
333,401,Imran Patil,71,M
334,401,Fatima Nayak,44,F
338,409,Kiran Prasad,74,M
339,411,Suresh Kulkarni,62,M
341,413,Shivakumar Bhat,29,M
344,417,Nagaraj Kumar,42,M
346,419,Girish Kulkarni,66,F
348,421,Shivakumar Kumar,60,M
349,423,Anitha Murthy,35,F
350,423,Ashwini Kumar,31,F
351,425,Ravi Bhat,58,M
355,431,Lakshmi Prasad,9,M
357,433,Fatima Desai,55,M
358,435,Mary Iyengar,53,F
361,437,Bhavana Nayak,38,M
362,439,Manjunath Reddy,43,M
363,439,Mary Desai,17,M
366,441,Bhavana Desai,29,F
367,443,Mary Iyengar,17,M
368,443,Kiran Murthy,55,M
370,445,Yashwanth Kulkarni,38,M
371,451,Joseph Murthy,27,F
372,453,Rekha Rao,55,F
375,457,Anitha Gowda,24,F
376,459,Shivakumar Kumar,30,F
377,461,Chetan Desai,39,M
382,467,Rekha Nayak,67,F
383,469,Manjunath Kumar,61,F
384,469,Basavaraj Naik,31,M
386,475,Anitha Rao,72,F
387,475,Kiran Bhat,7,F
389,477,Imran Patil,72,M
391,479,Bhavana Rao,29,F
392,479,Girish Hegde,45,F
395,487,Pooja Bhat,74,M
396,487,Prakash Nayak,65,M
400,491,Pooja Kumar,12,F
401,491,Mary Kulkarni,26,F
402,493,Fatima Desai,11,F
404,495,Anitha Nayak,34,M
408,499,Ashwini Murthy,63,F
409,501,Rekha Rao,63,F
410,501,Joseph Patil,62,F
414,509,Imran Kumar,57,F
416,511,Rekha Rao,24,M
417,511,Mary Murthy,32,F
420,515,Vinutha Gowda,47,F
421,521,Vinutha Hegde,62,F
424,525,Suresh Nayak,28,F
426,529,Mary Bhat,60,M
427,533,Anitha Naik,57,F
428,535,Chetan Gowda,63,F
430,537,Fatima Murthy,23,F
431,537,Chetan Naik,7,M
433,539,Manjunath Rao,49,M
437,551,Chetan Patil,74,M
438,553,Deepak Nayak,9,M
440,555,Basavaraj Hegde,54,F
442,557,Shivakumar Gowda,28,M
443,557,Imran Desai,20,F
445,559,Basavaraj Kulkarni,51,M
450,565,Vinutha Kumar,70,F
451,565,Kiran Desai,14,F
452,567,Anitha Murthy,48,M
454,569,Prakash Desai,58,M
458,573,Basavaraj Shetty,7,M
461,577,Nagaraj Gowda,57,F
464,581,Fatima Prasad,48,F
466,583,Basavaraj Kumar,29,F
467,585,Pooja Iyengar,14,M
471,591,Imran Bhat,62,M
473,593,Joseph Reddy,37,M
474,595,Bhavana Bhat,53,F
478,601,Yashwanth Reddy,43,F
480,603,Nagaraj Reddy,19,M
482,605,Pooja Kumar,20,F
484,607,Bhavana Iyengar,49,M
486,609,Ravi Prasad,68,F
487,609,Chetan Nayak,73,M
490,611,Vinutha Naik,50,F
491,611,Mary Patil,72,M
493,613,Suresh Desai,5,F
495,615,Nagaraj Naik,60,M
497,617,Yashwanth Desai,42,M
498,617,Shivakumar Gowda,32,F
501,621,Suresh Gowda,70,M
504,625,Vinutha Murthy,16,M
505,627,Girish Rao,62,M
507,631,Joseph Kumar,7,F
509,633,Rekha Prasad,29,F
511,635,Joseph Patil,16,M
512,635,Basavaraj Gowda,25,F
514,637,Lakshmi Hegde,72,F
516,639,Prakash Kulkarni,43,M
518,641,Basavaraj Reddy,54,M
519,643,Kiran Patil,74,F
520,645,Ashwini Shetty,27,M
521,645,Joseph Gowda,69,F
523,647,Fatima Kumar,5,F
525,651,Rekha Kumar,7,F
528,655,Girish Naik,66,F
531,659,Nagaraj Patil,35,M
533,661,Rekha Rao,16,M
535,663,Kiran Gowda,12,M
537,665,Girish Kulkarni,72,M
538,665,Lakshmi Bhat,52,F
541,669,Chetan Desai,74,F
543,671,Ashwini Kulkarni,36,M
544,673,Rekha Hegde,21,F
545,677,Bhavana Rao,64,F
547,679,Ravi Prasad,16,M
550,683,Ashwini Desai,26,M
551,683,Chetan Hegde,62,M
554,687,Mary Gowda,45,F
555,687,Manjunath Hegde,65,M
558,691,Yashwanth Prasad,30,M
561,693,Lakshmi Rao,55,M
563,695,Fatima Murthy,19,M
564,697,Vinutha Iyengar,22,F
566,699,Prakash Rao,52,F
567,701,Girish Shetty,73,M
568,703,Lakshmi Nayak,24,M
570,705,Anitha Nayak,43,F
571,707,Yashwanth Nayak,11,F
573,709,Bhavana Bhat,71,F
574,709,Nagaraj Reddy,61,M
577,711,Joseph Gowda,37,M
580,713,Ashwini Hegde,45,F
581,713,Vinutha Prasad,42,M
582,715,Manjunath Murthy,48,F
584,719,Vinutha Hegde,16,F
589,725,Mary Nayak,11,F
592,729,Vinutha Patil,36,F
595,731,Vinutha Iyengar,40,F
596,731,Ashwini Kumar,30,M
598,733,Chetan Gowda,8,M
601,739,Imran Rao,8,M
602,739,Ravi Kumar,39,F
605,741,Ravi Naik,69,M
607,743,Ashwini Hegde,54,M
609,747,Rekha Nayak,34,M
611,749,Mary Gowda,15,M
612,749,Yashwanth Reddy,6,F
614,753,Prakash Gowda,18,F
617,755,Joseph Hegde,40,F
619,763,Anitha Iyengar,40,M
622,767,Anitha Rao,55,M
624,769,Mary Hegde,55,F
626,773,Anitha Kulkarni,8,F
628,779,Manjunath Kulkarni,15,M
629,779,Girish Prasad,43,F
631,781,Basavaraj Prasad,40,F
633,783,Pooja Rao,65,F
634,787,Kiran Kulkarni,25,F
636,789,Basavaraj Patil,7,M
637,789,Mary Kulkarni,49,M
639,791,Ashwini Hegde,24,F
642,793,Suresh Patil,71,F
643,793,Manjunath Rao,73,F
644,795,Vinutha Kumar,56,F
646,799,Imran Iyengar,44,F
647,801,Pooja Shetty,74,M
650,803,Suresh Kulkarni,13,M
651,803,Suresh Kumar,64,M
653,807,Basavaraj Patil,24,M
654,807,Bhavana Nayak,24,M
656,809,Mary Patil,5,M
657,809,Shivakumar Murthy,42,M
658,811,Vinutha Rao,67,M
660,813,Kiran Murthy,24,F
661,813,Ashwini Desai,34,M
663,815,Suresh Shetty,72,M
665,817,Anitha Prasad,66,M
666,817,Imran Shetty,42,F
668,819,Manjunath Rao,45,M
669,821,Ravi Iyengar,54,M
670,821,Rekha Reddy,10,F
671,823,Joseph Hegde,32,F
676,831,Anitha Hegde,43,M
678,833,Yashwanth Prasad,18,M
681,835,Girish Naik,74,M
683,839,Chetan Prasad,37,F
685,841,Prakash Hegde,34,F
686,841,Deepak Desai,15,F
689,843,Mary Kumar,24,M
690,847,Prakash Prasad,9,F
691,847,Bhavana Gowda,43,F
692,849,Kiran Bhat,65,M
693,849,Yashwanth Gowda,50,M
694,853,Kiran Rao,58,F
696,857,Kiran Patil,65,M
698,859,Ravi Rao,24,M
699,861,Vinutha Reddy,57,F
701,863,Suresh Shetty,8,M
702,863,Yashwanth Kulkarni,40,F
703,867,Girish Gowda,5,M
704,869,Girish Prasad,8,F
705,871,Mary Shetty,25,M
706,873,Bhavana Murthy,51,F
714,881,Fatima Kumar,33,M
715,881,Fatima Bhat,13,M
717,883,Joseph Murthy,50,M
718,883,Shivakumar Patil,49,F
720,885,Bhavana Rao,73,M
722,887,Fatima Hegde,71,M
724,889,Basavaraj Hegde,66,M
726,891,Imran Prasad,12,M
727,891,Suresh Gowda,19,M
729,895,Joseph Iyengar,67,F
730,895,Deepak Kulkarni,29,M
733,899,Rekha Shetty,38,M
736,901,Kiran Nayak,70,F
738,903,Basavaraj Rao,34,F
740,907,Fatima Bhat,72,M
743,911,Shivakumar Kumar,7,M
744,911,Suresh Kumar,14,F
745,913,Deepak Hegde,57,F
748,915,Fatima Kumar,73,M
751,917,Mary Kulkarni,36,M
753,919,Deepak Bhat,24,M
757,927,Ashwini Iyengar,49,M
760,931,Prakash Bhat,47,M
761,933,Prakash Rao,66,F
762,933,Ashwini Kumar,49,M
763,935,Chetan Prasad,59,F
765,937,Deepak Gowda,65,F
766,937,Girish Murthy,30,M
768,939,Nagaraj Gowda,27,M
769,941,Girish Kumar,49,M
770,941,Nagaraj Desai,52,M
773,945,Mary Hegde,46,F
775,949,Fatima Patil,67,F
777,953,Lakshmi Kulkarni,22,F
781,957,Deepak Patil,60,F
783,959,Imran Shetty,75,F
784,959,Ashwini Nayak,61,F
788,963,Imran Kulkarni,20,F
789,965,Mary Murthy,24,M
791,967,Basavaraj Patil,70,M
792,967,Yashwanth Reddy,20,M
796,971,Pooja Kulkarni,54,F
799,973,Yashwanth Murthy,19,F
801,975,Vinutha Naik,47,F
802,977,Joseph Kulkarni,41,F
806,981,Nagaraj Kumar,19,F
808,983,Kiran Kumar,73,M
809,985,Fatima Kumar,69,F
810,985,Girish Hegde,57,M
811,987,Lakshmi Desai,31,M
813,989,Ravi Patil,38,M
815,991,Lakshmi Nayak,36,F
817,993,Suresh Kumar,75,M
819,1001,Deepak Desai,52,M
823,1007,Ravi Iyengar,59,F
825,1011,Bhavana Naik,64,M
827,1013,Mary Kumar,26,F
828,1013,Pooja Prasad,56,M
830,1015,Kiran Gowda,24,M
832,1017,Suresh Hegde,71,F
833,1017,Mary Kulkarni,61,M
838,1027,Fatima Bhat,24,F
839,1029,Nagaraj Gowda,71,F
840,1029,Mary Rao,12,F
843,1031,Ashwini Bhat,63,F
847,1035,Shivakumar Reddy,43,F
848,1035,Lakshmi Desai,15,M
850,1037,Ashwini Rao,10,F
852,1041,Fatima Nayak,20,F
853,1045,Kiran Kulkarni,29,M
854,1045,Yashwanth Hegde,8,M
856,1047,Lakshmi Patil,43,M
858,1049,Suresh Rao,62,M
860,1051,Kiran Prasad,35,F
862,1053,Kiran Prasad,39,M
864,1055,Nagaraj Hegde,39,M
865,1055,Girish Naik,73,F
867,1057,Prakash Gowda,34,F
869,1059,Yashwanth Desai,32,M
871,1061,Shivakumar Nayak,29,F
872,1061,Ravi Prasad,9,F
873,1063,Rekha Kulkarni,24,F
874,1063,Girish Prasad,5,M
876,1065,Kiran Gowda,62,M
878,1067,Prakash Desai,67,M
879,1067,Ashwini Rao,26,M
880,1069,Girish Hegde,23,F
883,1073,Deepak Iyengar,10,M
884,1073,Pooja Hegde,66,F
885,1075,Mary Murthy,11,F
886,1075,Pooja Reddy,73,M
887,1077,Pooja Desai,61,M
889,1079,Prakash Prasad,16,M
890,1081,Nagaraj Kumar,35,F
891,1081,Girish Kulkarni,61,F
892,1085,Imran Rao,45,M
894,1087,Rekha Prasad,36,F
896,1089,Mary Nayak,41,F
898,1091,Vinutha Desai,58,M
899,1093,Lakshmi Reddy,12,F
900,1093,Shivakumar Kulkarni,52,M
903,1095,Manjunath Prasad,49,M
904,1095,Imran Gowda,8,M
906,1097,Basavaraj Nayak,67,F
907,1099,Imran Nayak,48,M
908,1099,Anitha Naik,63,M
910,1103,Anitha Kulkarni,55,F
913,1107,Joseph Murthy,35,M
914,1107,Manjunath Nayak,8,M
917,1111,Ravi Shetty,53,M
918,1113,Yashwanth Kulkarni,72,F
919,1113,Anitha Gowda,36,M
921,1115,Shivakumar Kulkarni,54,F
923,1119,Vinutha Kumar,51,F
924,1119,Chetan Desai,39,F
925,1121,Nagaraj Shetty,63,M
927,1123,Basavaraj Desai,45,M
930,1125,Shivakumar Patil,9,M
932,1129,Nagaraj Kumar,18,M
933,1129,Bhavana Desai,40,M
936,1133,Suresh Murthy,75,M
938,1137,Vinutha Iyengar,13,F
940,1143,Basavaraj Shetty,70,F
945,1149,Lakshmi Bhat,13,M
947,1151,Prakash Kumar,12,F
948,1151,Chetan Shetty,39,M
950,1153,Chetan Bhat,64,F
951,1153,Fatima Desai,51,M
957,1159,Imran Kulkarni,26,F
958,1161,Joseph Nayak,63,F
960,1165,Suresh Nayak,52,F
962,1167,Nagaraj Shetty,58,F
963,1167,Pooja Shetty,67,M
964,1169,Basavaraj Murthy,14,F
966,1171,Anitha Iyengar,37,F
968,1173,Deepak Naik,62,M
971,1175,Ravi Iyengar,59,F
975,1179,Ravi Shetty,25,M
976,1181,Bhavana Iyengar,14,F
977,1183,Deepak Bhat,63,F
979,1185,Ravi Shetty,14,M
983,1191,Prakash Kumar,59,F
988,1197,Yashwanth Reddy,40,F
989,1199,Mary Iyengar,34,M
991,1201,Chetan Prasad,17,F
992,1205,Joseph Naik,5,F
994,1207,Rekha Desai,47,F
996,1211,Yashwanth Kumar,16,F
997,1211,Girish Kumar,18,F
998,1213,Ravi Gowda,54,F
1000,1215,Lakshmi Patil,9,F
1001,1215,Lakshmi Bhat,63,M
1003,1217,Pooja Nayak,27,F
1005,1219,Lakshmi Kumar,29,F
1006,1221,Ravi Shetty,34,M
1008,1223,Joseph Hegde,68,F
1009,1225,Rekha Gowda,67,M
1015,1235,Anitha Gowda,75,M
1020,1243,Joseph Hegde,50,M
1021,1243,Shivakumar Reddy,47,M
1025,1247,Nagaraj Gowda,15,M
1026,1247,Imran Kumar,26,M
1028,1249,Ravi Kumar,64,M
1030,1255,Ravi Patil,55,F
1031,1255,Kiran Hegde,56,M
1033,1257,Chetan Hegde,65,M
1035,1259,Bhavana Rao,52,F
1037,1263,Fatima Hegde,50,M
1041,1267,Manjunath Nayak,62,M
1042,1269,Ashwini Desai,55,F
1043,1271,Ashwini Reddy,5,M
1045,1273,Manjunath Naik,41,F
1046,1273,Mary Rao,23,F
1049,1275,Deepak Patil,35,F
1050,1275,Manjunath Iyengar,14,M
1054,1279,Rekha Kumar,22,M
1056,1281,Mary Patil,42,M
1060,1285,Anitha Iyengar,25,F
1062,1287,Shivakumar Kulkarni,52,M
1064,1289,Shivakumar Reddy,13,F
1068,1295,Shivakumar Naik,12,F
1069,1295,Mary Nayak,74,M
1073,1299,Fatima Rao,18,F
1074,1301,Rekha Gowda,36,F
1077,1303,Fatima Rao,47,M
1079,1305,Bhavana Kulkarni,16,F
1085,1313,Rekha Gowda,67,M
1087,1315,Suresh Prasad,12,M
1089,1317,Ashwini Rao,73,M
1091,1321,Fatima Iyengar,13,F
1093,1323,Lakshmi Iyengar,32,F
1094,1323,Joseph Iyengar,9,F
1095,1325,Ashwini Murthy,22,M
1098,1329,Vinutha Nayak,12,M
1099,1329,Shivakumar Patil,19,M
1100,1333,Lakshmi Bhat,5,F
1103,1337,Manjunath Bhat,75,F
1104,1339,Pooja Iyengar,71,M
1105,1339,Basavaraj Iyengar,11,F
1107,1341,Girish Bhat,70,F
1108,1341,Lakshmi Kulkarni,18,M
1110,1343,Kiran Gowda,19,F
1116,1353,Vinutha Kumar,7,F
1117,1357,Imran Bhat,39,F
1119,1363,Yashwanth Hegde,5,F
1120,1363,Chetan Rao,48,F
1123,1367,Shivakumar Reddy,54,M
1124,1369,Nagaraj Iyengar,71,F
1125,1369,Suresh Shetty,65,M
1127,1373,Girish Rao,15,F
1130,1377,Chetan Murthy,55,F
1131,1377,Ravi Naik,71,F
1134,1381,Mary Desai,66,F
1135,1383,Bhavana Murthy,37,F
1136,1383,Joseph Murthy,19,F
1138,1385,Vinutha Hegde,52,M
1142,1389,Suresh Prasad,58,M
1143,1389,Vinutha Desai,19,F
1144,1391,Basavaraj Naik,72,F
1147,1393,Shivakumar Desai,31,M
1149,1395,Anitha Prasad,25,M
1150,1395,Ravi Kulkarni,21,F
1151,1397,Deepak Prasad,54,M
1152,1399,Shivakumar Bhat,67,M
1154,1401,Mary Murthy,13,F
1155,1401,Vinutha Prasad,6,M
1158,1403,Mary Iyengar,27,F
1163,1407,Yashwanth Naik,60,M
1165,1409,Deepak Patil,23,F
1166,1411,Fatima Patil,62,M
1167,1413,Lakshmi Desai,40,F
1169,1415,Mary Gowda,68,F
1170,1419,Ravi Prasad,38,M
1172,1421,Rekha Nayak,63,F
1174,1423,Imran Murthy,68,F
1175,1425,Deepak Desai,10,M
1177,1427,Lakshmi Patil,61,F
1179,1429,Kiran Rao,27,M
1182,1431,Fatima Kulkarni,57,M
1183,1433,Deepak Prasad,48,M
1186,1435,Shivakumar Rao,59,F
1188,1437,Mary Reddy,62,F
1189,1439,Prakash Patil,23,F
1191,1441,Bhavana Murthy,6,F
1192,1443,Rekha Nayak,45,F
1193,1443,Pooja Desai,43,F
1195,1445,Fatima Kumar,14,M
1196,1445,Imran Kulkarni,73,F
1198,1447,Nagaraj Kulkarni,14,F
1200,1449,Vinutha Bhat,44,F
1201,1453,Pooja Shetty,23,M
1202,1453,Nagaraj Hegde,68,F
1205,1455,Bhavana Murthy,26,F
1210,1465,Rekha Shetty,66,M
1214,1469,Girish Murthy,57,M
1216,1471,Lakshmi Hegde,43,F
1217,1471,Rekha Bhat,75,M
1220,1475,Bhavana Gowda,62,F
1222,1477,Nagaraj Bhat,63,M
1225,1479,Kiran Bhat,61,M
1226,1479,Imran Shetty,75,M
1227,1481,Deepak Kumar,32,F
1228,1483,Pooja Nayak,40,M
1229,1483,Prakash Prasad,5,M
1230,1485,Pooja Patil,74,F
1231,1487,Bhavana Iyengar,26,M
1232,1491,Nagaraj Gowda,26,F
1233,1491,Ravi Kumar,46,M
1234,1493,Yashwanth Desai,8,M
1236,1497,Deepak Bhat,65,F
1237,1497,Nagaraj Reddy,16,F
1241,1507,Fatima Nayak,37,M
1243,1511,Chetan Gowda,34,M
1244,1513,Deepak Murthy,18,M
1246,1515,Girish Kumar,46,F
1247,1515,Girish Bhat,40,F
1249,1519,Deepak Nayak,32,M
1250,1519,Ravi Gowda,63,M
1254,1525,Suresh Nayak,35,M
1257,1527,Girish Shetty,25,M
1259,1529,Joseph Kumar,52,F
1261,1531,Anitha Kulkarni,18,F
1262,1531,Mary Shetty,62,F
1264,1533,Chetan Hegde,66,F
1266,1537,Suresh Nayak,34,M
1267,1537,Pooja Shetty,66,M
1269,1539,Anitha Murthy,27,M
1270,1539,Bhavana Bhat,72,F
1271,1541,Nagaraj Desai,9,F
1272,1541,Fatima Naik,72,M
1274,1543,Rekha Iyengar,68,F
1276,1551,Fatima Hegde,28,F
1277,1551,Mary Gowda,33,F
1279,1553,Imran Gowda,39,M
1281,1555,Fatima Naik,51,M
1283,1557,Basavaraj Prasad,58,F
1284,1557,Nagaraj Patil,33,F
1286,1559,Basavaraj Reddy,10,M
1287,1559,Kiran Nayak,63,F
1292,1575,Chetan Hegde,10,F
1295,1579,Deepak Rao,27,M
1297,1581,Kiran Nayak,34,F
1299,1583,Girish Gowda,7,F
1300,1583,Nagaraj Kumar,7,M
1302,1585,Fatima Kumar,12,F
1305,1589,Suresh Naik,70,F
1307,1591,Girish Reddy,33,F
1314,1599,Manjunath Rao,72,F
1316,1601,Chetan Desai,50,F
1320,1609,Mary Shetty,46,F
1327,1617,Mary Kumar,33,M
1328,1619,Lakshmi Nayak,74,F
1332,1623,Kiran Rao,70,F
1333,1623,Ashwini Iyengar,75,M
1335,1625,Pooja Desai,47,M
1341,1635,Mary Iyengar,27,M
1342,1635,Kiran Bhat,23,M
1344,1637,Prakash Nayak,40,M
1345,1637,Fatima Prasad,73,F
1348,1641,Pooja Hegde,18,F
1351,1643,Suresh Kumar,5,F
1353,1647,Yashwanth Desai,59,M
1354,1649,Joseph Kulkarni,62,F
1355,1649,Deepak Naik,74,F
1357,1651,Yashwanth Hegde,55,M
1358,1651,Ravi Reddy,23,F
1359,1653,Joseph Shetty,14,F
1361,1655,Ravi Rao,42,M
1362,1657,Joseph Patil,8,F
1363,1657,Suresh Prasad,20,F
1365,1659,Prakash Kumar,38,F
1367,1661,Lakshmi Murthy,74,F
1368,1661,Ravi Bhat,70,F
1370,1663,Bhavana Murthy,12,M
1372,1665,Ashwini Kulkarni,57,F
1373,1669,Suresh Hegde,47,M
1374,1669,Shivakumar Gowda,32,M
1375,1671,Suresh Desai,33,F
1377,1673,Girish Rao,67,M
1378,1673,Pooja Murthy,73,F
1379,1675,Chetan Patil,32,M
1383,1683,Suresh Naik,59,M
1386,1685,Joseph Kumar,66,F
1387,1687,Lakshmi Naik,35,F
1388,1689,Nagaraj Gowda,48,F
1389,1691,Prakash Rao,22,F
1391,1693,Manjunath Kulkarni,41,M
1393,1697,Bhavana Gowda,40,F
1395,1699,Yashwanth Shetty,5,M
1397,1701,Kiran Hegde,20,F
1398,1701,Ashwini Kumar,6,M
1399,1707,Shivakumar Reddy,28,M
1402,1711,Bhavana Kumar,43,F
1404,1713,Chetan Naik,27,M
1405,1715,Vinutha Naik,52,F
1408,1717,Girish Desai,54,F
1409,1719,Lakshmi Murthy,14,F
1412,1727,Yashwanth Kulkarni,7,M
1414,1729,Vinutha Hegde,18,F
1416,1733,Kiran Nayak,27,M
1422,1741,Pooja Nayak,13,M
1424,1743,Kiran Murthy,73,F
1426,1745,Suresh Iyengar,6,M
1427,1745,Vinutha Hegde,70,F
1429,1747,Prakash Shetty,10,M
1430,1747,Basavaraj Kumar,37,F
1433,1751,Ashwini Naik,41,F
1436,1755,Ashwini Hegde,75,F
1437,1757,Suresh Desai,58,M
1440,1759,Basavaraj Bhat,72,M
1442,1767,Pooja Prasad,7,M
1445,1769,Fatima Kumar,9,M
1446,1771,Nagaraj Gowda,41,F
1448,1775,Joseph Bhat,15,F
1450,1783,Prakash Hegde,13,F
1453,1787,Manjunath Naik,37,M
1454,1789,Yashwanth Shetty,5,F
1456,1791,Basavaraj Prasad,69,F
1457,1793,Manjunath Kumar,11,F
1458,1795,Lakshmi Patil,41,F
1461,1797,Fatima Murthy,47,F
1462,1799,Bhavana Gowda,61,M
1463,1801,Yashwanth Patil,20,M
1465,1803,Shivakumar Patil,69,F
1467,1805,Prakash Hegde,23,F
1468,1807,Chetan Shetty,14,M
1470,1809,Manjunath Desai,70,M
1471,1811,Shivakumar Kulkarni,42,M
1474,1819,Rekha Hegde,28,M
1478,1823,Pooja Kumar,70,M
1480,1825,Nagaraj Desai,54,M
1481,1829,Fatima Desai,67,F
1484,1833,Chetan Shetty,53,M
1486,1835,Deepak Shetty,15,F
1490,1841,Rekha Kulkarni,75,M
1491,1843,Imran Naik,16,F
1494,1849,Anitha Reddy,38,M
1495,1849,Nagaraj Desai,10,M
1497,1851,Ravi Rao,13,M
1500,1857,Vinutha Shetty,32,F
1502,1859,Nagaraj Iyengar,20,M
1504,1861,Prakash Reddy,44,M
1506,1863,Imran Murthy,22,F
1510,1869,Nagaraj Iyengar,66,F
1512,1871,Vinutha Kumar,39,M
1514,1873,Suresh Iyengar,49,M
1520,1885,Pooja Gowda,31,M
1522,1887,Yashwanth Naik,69,M
1526,1891,Yashwanth Hegde,40,F
1528,1893,Anitha Murthy,47,M
1531,1897,Mary Kulkarni,42,F
1533,1899,Bhavana Shetty,48,M
1537,1903,Basavaraj Shetty,31,F
1540,1905,Suresh Prasad,39,M
1541,1905,Girish Murthy,15,M
1544,1907,Ravi Murthy,35,F
1546,1909,Rekha Reddy,27,F
1550,1913,Yashwanth Prasad,70,M
1553,1917,Chetan Nayak,45,M
1556,1921,Yashwanth Bhat,13,F
1558,1923,Girish Gowda,29,F
1559,1923,Basavaraj Kumar,20,M
1561,1925,Suresh Rao,29,F
1562,1927,Kiran Hegde,26,F
1564,1931,Fatima Bhat,69,F
1567,1933,Kiran Naik,8,F
1568,1933,Fatima Rao,43,F
1569,1935,Prakash Kumar,74,M
1574,1941,Pooja Nayak,54,F
1576,1943,Yashwanth Hegde,43,F
1577,1943,Rekha Gowda,25,F
1579,1945,Yashwanth Desai,40,F
1580,1947,Nagaraj Bhat,12,F
1582,1949,Kiran Desai,12,F
1585,1951,Fatima Desai,48,F
1587,1953,Mary Naik,7,M
1588,1955,Mary Prasad,74,M
1590,1957,Anitha Desai,25,F
1591,1957,Suresh Murthy,21,F
1592,1959,Ravi Nayak,15,M
1593,1959,Rekha Naik,35,F
1597,1965,Yashwanth Gowda,53,F
1600,1967,Pooja Bhat,63,M
1603,1971,Ashwini Murthy,61,F
1604,1971,Joseph Prasad,35,F
1607,1977,Ravi Murthy,21,F
1610,1979,Deepak Prasad,20,M
1611,1979,Lakshmi Murthy,21,M
1614,1983,Pooja Prasad,70,M
1619,1987,Nagaraj Prasad,64,M
1621,1989,Nagaraj Naik,74,F
1623,1991,Girish Reddy,44,F
1625,1993,Fatima Murthy,38,F
1629,1997,Basavaraj Patil,63,F
1631,1999,Mary Rao,73,M
1633,2003,Pooja Shetty,58,F
1636,2005,Imran Prasad,38,M
1637,2007,Ashwini Bhat,14,F
1638,2009,Yashwanth Kumar,8,F
1639,2009,Suresh Naik,10,F
1642,2013,Yashwanth Naik,26,M
1644,2015,Joseph Naik,6,M
1645,2017,Mary Bhat,34,F
1648,2021,Lakshmi Patil,45,F
1652,2025,Ashwini Nayak,70,M
1654,2027,Basavaraj Desai,34,M
1655,2029,Bhavana Bhat,65,F
1656,2031,Mary Desai,6,M
1657,2031,Deepak Rao,28,M
1658,2035,Basavaraj Kumar,12,F
1660,2037,Joseph Murthy,45,M
1663,2039,Yashwanth Patil,43,F
1665,2041,Lakshmi Hegde,32,F
1668,2043,Chetan Hegde,47,M
1669,2047,Mary Shetty,40,F
1670,2049,Yashwanth Murthy,49,M
1671,2049,Anitha Murthy,56,M
1676,2059,Bhavana Naik,40,F
1678,2061,Kiran Murthy,38,F
1679,2063,Anitha Hegde,46,F
1680,2067,Pooja Prasad,8,M
1684,2071,Girish Bhat,52,F
1686,2075,Basavaraj Hegde,27,M
1688,2077,Fatima Iyengar,27,M
1689,2077,Anitha Hegde,41,M
1691,2079,Nagaraj Kulkarni,42,F
1693,2081,Basavaraj Naik,49,F
1695,2083,Ravi Prasad,56,M
1696,2085,Rekha Hegde,16,M
1697,2087,Fatima Shetty,6,M
1699,2089,Anitha Bhat,33,M
1700,2091,Ravi Nayak,28,F
1701,2091,Joseph Kulkarni,73,M
1704,2095,Mary Bhat,42,F
1706,2097,Bhavana Nayak,22,F
1709,2099,Yashwanth Bhat,31,M
1711,2101,Prakash Shetty,37,F
1714,2109,Yashwanth Reddy,18,M
1719,2117,Vinutha Shetty,58,F
1720,2117,Rekha Nayak,62,F
1723,2121,Lakshmi Naik,64,M
1724,2123,Joseph Bhat,19,F
1725,2123,Ravi Desai,20,F
1727,2131,Nagaraj Prasad,17,F
1728,2131,Mary Kulkarni,43,M
1730,2133,Manjunath Nayak,33,M
1731,2135,Shivakumar Bhat,19,F
1733,2139,Anitha Prasad,73,F
1735,2141,Imran Shetty,51,F
1736,2143,Rekha Iyengar,5,F
1737,2143,Vinutha Bhat,28,M
1738,2145,Joseph Patil,30,F
1741,2147,Shivakumar Prasad,12,F
1744,2153,Chetan Gowda,19,M
1747,2155,Chetan Patil,20,F
1749,2157,Deepak Nayak,21,M
1753,2165,Yashwanth Murthy,70,F
1755,2167,Kiran Patil,56,M
1756,2169,Manjunath Shetty,52,F
1758,2171,Deepak Kulkarni,29,F
1760,2173,Bhavana Desai,9,M
1764,2177,Basavaraj Nayak,9,F
1765,2179,Prakash Desai,18,F
1766,2181,Fatima Patil,19,F
1767,2183,Imran Prasad,44,M
1770,2185,Vinutha Reddy,34,F
1771,2187,Joseph Desai,52,M
1773,2191,Mary Murthy,56,F
1776,2197,Pooja Kumar,61,M
1778,2201,Ravi Desai,56,F
1782,2209,Ravi Desai,13,F
1783,2209,Imran Prasad,73,M
1785,2215,Kiran Reddy,64,M
1787,2219,Suresh Kumar,8,M
1789,2221,Bhavana Gowda,52,M
1790,2223,Manjunath Reddy,31,M
1792,2225,Shivakumar Prasad,19,F
1795,2227,Fatima Iyengar,45,F
1797,2229,Pooja Nayak,17,M
1799,2233,Ashwini Prasad,7,M
1802,2235,Vinutha Gowda,73,M
1803,2235,Imran Desai,49,F
1805,2239,Mary Hegde,25,F
1806,2239,Yashwanth Kumar,49,F
1807,2241,Joseph Kumar,24,M
1809,2243,Mary Reddy,28,F
1810,2247,Rekha Kumar,45,M
1812,2251,Shivakumar Iyengar,33,F
1813,2253,Bhavana Desai,39,M
1814,2257,Girish Gowda,6,F
1815,2257,Manjunath Rao,12,F
1816,2261,Prakash Prasad,21,M
1818,2263,Lakshmi Kulkarni,41,F
1821,2267,Ravi Hegde,38,M
1823,2269,Girish Naik,10,M
1826,2275,Shivakumar Bhat,40,F
1828,2277,Suresh Gowda,24,F
1829,2277,Girish Reddy,27,F
1831,2279,Deepak Reddy,30,F
1833,2281,Manjunath Iyengar,13,M
1836,2283,Shivakumar Nayak,71,F
1837,2283,Imran Naik,10,F
1838,2285,Kiran Shetty,73,M
1839,2285,Vinutha Desai,24,F
1841,2287,Manjunath Patil,73,M
1843,2289,Bhavana Nayak,44,F
1844,2293,Joseph Iyengar,48,M
1847,2295,Manjunath Gowda,69,M
1849,2297,Fatima Rao,29,F
1850,2299,Rekha Bhat,8,F
1851,2299,Nagaraj Murthy,64,M
1853,2301,Chetan Bhat,37,F
1854,2303,Ashwini Nayak,73,F
1856,2305,Mary Shetty,24,M
1857,2305,Suresh Kumar,65,F
1858,2307,Chetan Nayak,27,F
1860,2309,Chetan Iyengar,72,F
1864,2317,Girish Shetty,22,M
1865,2317,Shivakumar Rao,65,M
1867,2319,Shivakumar Kulkarni,28,M
1870,2323,Pooja Patil,18,M
1871,2323,Rekha Gowda,40,F
1872,2325,Shivakumar Naik,5,M
1877,2329,Imran Bhat,24,F
1878,2331,Kiran Reddy,59,M
1882,2339,Mary Nayak,9,F
1883,2341,Fatima Naik,38,M
1885,2345,Rekha Reddy,59,F
1886,2345,Basavaraj Shetty,45,F
1888,2347,Ashwini Rao,62,M
1890,2349,Chetan Reddy,73,M
1892,2355,Bhavana Hegde,50,M
1895,2357,Basavaraj Bhat,61,F
1898,2363,Basavaraj Reddy,59,M
1899,2363,Vinutha Kumar,19,F
1903,2367,Basavaraj Reddy,7,M
1904,2367,Joseph Kulkarni,57,F
1908,2375,Imran Desai,6,M
1909,2377,Imran Desai,42,M
1911,2379,Nagaraj Kumar,14,F
1912,2379,Manjunath Hegde,33,M
1914,2381,Mary Rao,49,F
1915,2381,Kiran Patil,37,M
1920,2387,Lakshmi Kulkarni,74,F
1921,2387,Basavaraj Prasad,31,F
1922,2389,Lakshmi Kulkarni,7,F
1923,2391,Manjunath Reddy,39,M
1926,2393,Basavaraj Desai,27,M
1927,2393,Imran Naik,39,F
1928,2395,Lakshmi Iyengar,46,F
1931,2401,Vinutha Desai,22,M
1933,2403,Deepak Patil,7,F
1935,2405,Prakash Bhat,20,M
1937,2407,Girish Patil,45,F
1939,2409,Pooja Hegde,19,F
1940,2409,Lakshmi Reddy,53,F
1941,2411,Nagaraj Reddy,17,M
1942,2413,Girish Desai,63,M
1944,2415,Shivakumar Prasad,7,M
1945,2419,Joseph Kulkarni,68,F
1947,2421,Kiran Nayak,44,F
1952,2429,Pooja Nayak,5,F
1956,2433,Basavaraj Shetty,17,F
1959,2435,Vinutha Bhat,44,M
1960,2437,Fatima Patil,42,M
1962,2441,Prakash Desai,66,F
1964,2443,Basavaraj Iyengar,24,F
1965,2447,Ashwini Bhat,10,F
1968,2449,Ravi Shetty,68,M
1969,2451,Girish Gowda,26,F
1970,2451,Imran Gowda,51,M
1972,2453,Vinutha Bhat,41,F
1975,2455,Suresh Prasad,45,F
1976,2455,Ashwini Rao,14,F
1979,2459,Kiran Hegde,27,M
1980,2459,Girish Rao,59,M
1983,2465,Nagaraj Reddy,16,F
1985,2467,Ravi Murthy,61,M
1986,2467,Joseph Rao,6,M
1989,2469,Yashwanth Rao,61,F
1990,2471,Fatima Bhat,59,M
1991,2471,Mary Desai,24,M
1993,2473,Basavaraj Gowda,41,M
1996,2475,Anitha Kumar,74,M
1998,2477,Basavaraj Kulkarni,16,M
2001,2481,Shivakumar Kulkarni,15,M
2006,2489,Pooja Iyengar,61,M
2009,2493,Rekha Hegde,60,F
2011,2495,Ashwini Reddy,66,M
2013,2499,Fatima Gowda,56,M
2016,2503,Rekha Desai,70,M
2017,2507,Imran Bhat,33,M
2018,2509,Joseph Bhat,38,M
2020,2511,Vinutha Naik,16,F
2021,2513,Deepak Patil,53,M
2024,2515,Fatima Bhat,24,M
2025,2517,Fatima Hegde,70,M
2028,2519,Vinutha Iyengar,34,F
2031,2523,Rekha Naik,71,F
2033,2527,Prakash Rao,26,M
2035,2529,Imran Shetty,50,F
2037,2531,Ashwini Shetty,59,M
2038,2533,Prakash Rao,48,F
2039,2533,Vinutha Gowda,23,F
2041,2535,Mary Prasad,55,F
2043,2537,Ashwini Prasad,35,F
2044,2537,Yashwanth Nayak,22,M
2045,2539,Ravi Nayak,74,M
2047,2541,Shivakumar Murthy,34,M
2049,2543,Vinutha Hegde,44,M
2052,2545,Ravi Iyengar,21,M
2053,2547,Prakash Kumar,53,M
2055,2549,Kiran Prasad,14,M
2057,2553,Ravi Prasad,11,F
2058,2555,Ashwini Iyengar,44,F
2059,2557,Shivakumar Iyengar,57,M
2061,2559,Imran Iyengar,46,F
2062,2559,Ashwini Kulkarni,75,F
2064,2565,Prakash Bhat,31,F
2065,2569,Chetan Nayak,45,M
2070,2573,Lakshmi Hegde,48,F
2071,2573,Deepak Murthy,8,F
2075,2577,Chetan Naik,25,M
2076,2577,Suresh Hegde,67,M
2078,2579,Shivakumar Bhat,16,F
2079,2579,Joseph Prasad,66,M
2082,2583,Yashwanth Gowda,58,M
2085,2589,Chetan Reddy,29,M
2087,2591,Shivakumar Iyengar,69,F
2089,2593,Prakash Prasad,64,F
2090,2593,Suresh Kulkarni,56,M
2092,2595,Mary Kulkarni,13,M
2093,2597,Deepak Reddy,75,M
2094,2597,Chetan Prasad,11,M
2096,2599,Nagaraj Patil,31,M
2097,2599,Bhavana Hegde,54,F
2100,2601,Prakash Reddy,66,M
2101,2603,Pooja Murthy,10,M
2102,2603,Ashwini Hegde,21,M
2104,2605,Lakshmi Nayak,24,M
2106,2607,Basavaraj Hegde,31,M
2108,2609,Fatima Nayak,73,M
2112,2615,Pooja Nayak,9,M
2113,2615,Basavaraj Kumar,36,M
2114,2617,Imran Prasad,69,F
2115,2619,Prakash Iyengar,19,M
2118,2621,Anitha Shetty,21,F
2121,2623,Basavaraj Reddy,34,F
2125,2629,Kiran Reddy,17,M
2126,2631,Joseph Iyengar,43,F
2127,2633,Girish Prasad,31,F
2129,2637,Fatima Kumar,15,M
2131,2639,Lakshmi Prasad,54,M
2133,2641,Prakash Reddy,72,F
2135,2645,Suresh Kulkarni,56,F
2136,2645,Lakshmi Desai,12,F
2139,2649,Basavaraj Hegde,46,M
2140,2651,Manjunath Nayak,39,F
2143,2655,Mary Desai,75,F
2146,2657,Ashwini Shetty,39,F
2149,2661,Manjunath Iyengar,26,F
2151,2663,Girish Bhat,63,F
2152,2663,Mary Gowda,70,F
2154,2665,Anitha Murthy,29,F
2156,2667,Suresh Rao,13,F
2158,2669,Prakash Kumar,63,F
2159,2671,Bhavana Reddy,75,M
2160,2671,Vinutha Naik,10,F
2163,2673,Bhavana Gowda,61,F
2168,2679,Yashwanth Patil,6,M
2169,2683,Rekha Naik,63,M
2171,2685,Yashwanth Gowda,6,F
2172,2687,Girish Shetty,32,F
2174,2689,Pooja Bhat,55,M
2175,2689,Rekha Desai,74,F
2176,2691,Bhavana Shetty,49,M
2177,2693,Basavaraj Reddy,66,M
2181,2703,Suresh Kulkarni,30,F
2183,2705,Yashwanth Iyengar,70,M
2185,2709,Yashwanth Reddy,63,F
2188,2713,Vinutha Kulkarni,16,F
2190,2717,Kiran Rao,17,F
2194,2721,Imran Iyengar,54,F
2197,2725,Chetan Shetty,50,M
2199,2727,Yashwanth Gowda,48,M
2200,2727,Girish Bhat,7,F
2202,2729,Basavaraj Nayak,34,F
2203,2729,Ashwini Shetty,29,M
2207,2733,Joseph Reddy,53,M
2209,2735,Rekha Kulkarni,65,F
2212,2737,Mary Shetty,56,F
2215,2739,Chetan Murthy,11,M
2218,2741,Manjunath Shetty,20,M
2219,2741,Joseph Bhat,17,M
2221,2743,Pooja Murthy,16,M
2222,2745,Ravi Gowda,20,F
2225,2747,Prakash Reddy,52,M
2227,2749,Mary Reddy,5,M
2228,2751,Mary Nayak,54,M
2230,2753,Kiran Rao,61,M
2232,2755,Kiran Kulkarni,37,F
2235,2761,Vinutha Kulkarni,54,M
2236,2761,Prakash Iyengar,53,F
2238,2763,Ravi Kumar,36,F
2239,2767,Vinutha Desai,14,M
2245,2775,Suresh Desai,28,F
2249,2779,Manjunath Shetty,65,F
2250,2781,Manjunath Prasad,23,F
2252,2783,Manjunath Rao,15,M
2254,2787,Shivakumar Rao,30,F
2258,2793,Deepak Nayak,13,M
2260,2799,Nagaraj Kumar,62,M
2262,2801,Deepak Murthy,6,F
2264,2803,Rekha Kumar,12,F
2265,2805,Rekha Kumar,60,F
2267,2809,Anitha Reddy,38,M
2269,2811,Vinutha Kumar,70,M
2270,2813,Kiran Bhat,21,F
2272,2815,Prakash Prasad,23,F
2273,2815,Deepak Nayak,56,M
2275,2817,Nagaraj Naik,35,F
2276,2817,Deepak Murthy,34,M
2279,2819,Ravi Nayak,53,M
2280,2821,Prakash Desai,68,M
2281,2825,Joseph Shetty,70,M
2282,2825,Yashwanth Shetty,8,F
2283,2827,Ashwini Naik,50,M
2285,2829,Mary Kulkarni,25,F
2286,2831,Basavaraj Nayak,64,F
2287,2833,Manjunath Iyengar,56,M
2288,2833,Yashwanth Naik,70,M
2292,2841,Manjunath Murthy,37,M
2295,2847,Basavaraj Shetty,73,M
2296,2847,Rekha Rao,21,F
2297,2849,Kiran Kulkarni,62,M
2298,2849,Mary Hegde,42,F
2302,2853,Suresh Naik,28,F
2303,2853,Kiran Kumar,61,F
2308,2861,Mary Shetty,60,F
2309,2863,Lakshmi Murthy,18,F
2310,2863,Pooja Gowda,51,M
2311,2865,Deepak Desai,44,M
2313,2867,Manjunath Desai,6,M
2317,2871,Vinutha Iyengar,58,M
2319,2873,Rekha Naik,10,M
2320,2873,Mary Iyengar,55,M
2323,2881,Prakash Nayak,46,M
2324,2883,Lakshmi Iyengar,28,F
2326,2885,Deepak Naik,14,F
2327,2885,Kiran Iyengar,37,F
2330,2887,Bhavana Reddy,73,F
2333,2891,Anitha Murthy,16,M
2334,2893,Vinutha Bhat,16,M
2335,2895,Chetan Kulkarni,12,F
2337,2897,Basavaraj Iyengar,9,M
2340,2903,Ravi Kumar,17,M
2342,2905,Vinutha Naik,45,M
2345,2909,Nagaraj Desai,49,M
2346,2911,Joseph Prasad,28,F
2349,2915,Anitha Gowda,9,M
2351,2917,Anitha Reddy,54,F
2354,2919,Manjunath Iyengar,35,M
2355,2921,Shivakumar Hegde,18,F
2357,2923,Pooja Prasad,33,F
2358,2923,Chetan Kulkarni,31,F
2360,2925,Prakash Kulkarni,40,M
2363,2929,Imran Gowda,47,M
2365,2931,Joseph Nayak,7,M
2368,2933,Pooja Rao,24,M
2369,2935,Basavaraj Rao,32,F
2371,2939,Lakshmi Gowda,17,F
2372,2941,Suresh Nayak,74,F
2376,2945,Girish Hegde,45,F
2378,2949,Nagaraj Bhat,7,M
2379,2951,Nagaraj Gowda,62,F
2381,2953,Bhavana Iyengar,26,F
2384,2955,Basavaraj Iyengar,60,F
2385,2957,Nagaraj Naik,54,F
2386,2957,Chetan Kumar,22,F
2387,2959,Mary Nayak,51,M
2388,2959,Basavaraj Naik,10,M
2390,2961,Deepak Kulkarni,58,M
2395,2967,Chetan Murthy,58,F
2397,2969,Vinutha Naik,27,M
2398,2971,Suresh Murthy,24,M
2399,2971,Nagaraj Shetty,39,F
2400,2973,Shivakumar Kumar,75,M
2402,2975,Mary Kumar,16,F
2404,2977,Mary Nayak,65,F
2406,2979,Manjunath Desai,57,F
2407,2979,Ashwini Gowda,17,F
2409,2981,Anitha Nayak,27,F
2412,2983,Chetan Gowda,45,F
2413,2983,Pooja Kulkarni,62,F
2414,2985,Fatima Kumar,46,M
2415,2985,Yashwanth Iyengar,26,F
2418,2987,Prakash Gowda,45,F
2419,2987,Mary Kumar,43,M
2423,2993,Anitha Gowda,33,M
2427,2999,Fatima Kumar,41,M
2429,3005,Lakshmi Iyengar,20,F
2430,3007,Imran Kumar,21,F
2431,3011,Pooja Reddy,10,F
2432,3011,Fatima Naik,7,M
2433,3013,Kiran Prasad,17,F
2434,3015,Bhavana Rao,56,M
2435,3017,Imran Prasad,29,M
2437,3019,Kiran Murthy,20,F
2438,3019,Joseph Nayak,18,F
2439,3021,Yashwanth Nayak,22,M
2442,3025,Suresh Desai,73,M
2445,3029,Nagaraj Desai,42,M
2446,3029,Girish Gowda,47,M
2448,3031,Ravi Gowda,37,M
2450,3033,Shivakumar Prasad,75,F
2451,3033,Suresh Prasad,51,M
2453,3035,Vinutha Reddy,56,F
2455,3039,Chetan Iyengar,71,M
2457,3041,Anitha Rao,73,M
2459,3043,Imran Kulkarni,33,F
2461,3045,Kiran Iyengar,67,F
2463,3047,Rekha Prasad,53,F
2465,3049,Chetan Kumar,49,M
2468,3053,Shivakumar Bhat,72,F
2469,3055,Yashwanth Bhat,29,F
2470,3055,Bhavana Hegde,52,F
2471,3057,Suresh Rao,70,F
2472,3057,Joseph Murthy,63,M
2474,3061,Prakash Nayak,25,M
2477,3065,Prakash Kumar,44,M
2478,3067,Shivakumar Iyengar,12,M
2480,3069,Prakash Patil,9,M
2482,3071,Yashwanth Kulkarni,9,F
2486,3075,Rekha Desai,28,M
2488,3077,Pooja Kumar,9,F
2489,3077,Fatima Desai,9,F
2491,3079,Bhavana Shetty,38,M
2492,3079,Suresh Hegde,9,M
2493,3081,Ravi Prasad,35,M
2496,3085,Bhavana Nayak,11,F
2498,3089,Suresh Bhat,18,F
2499,3089,Bhavana Nayak,74,F
2500,3091,Vinutha Naik,38,F
2501,3091,Nagaraj Shetty,75,M
2503,3095,Nagaraj Kulkarni,50,M
2504,3095,Mary Prasad,14,F
2506,3097,Imran Bhat,26,F
2507,3097,Fatima Prasad,41,F
2508,3099,Basavaraj Naik,13,M
2510,3103,Vinutha Bhat,40,F
2511,3103,Joseph Kumar,53,F
2514,3105,Shivakumar Prasad,49,M
2515,3107,Lakshmi Bhat,57,M
2520,3113,Anitha Murthy,62,F
2521,3113,Anitha Iyengar,54,M
2524,3117,Deepak Desai,71,M
2527,3121,Suresh Prasad,42,M
2528,3123,Shivakumar Hegde,62,M
2530,3125,Ravi Rao,58,F
2531,3125,Fatima Gowda,42,F
2538,3135,Prakash Rao,13,M
2540,3137,Pooja Kulkarni,47,M
2545,3145,Pooja Gowda,56,M
2546,3147,Nagaraj Nayak,75,F
2548,3149,Anitha Shetty,53,F
2549,3151,Kiran Reddy,43,M
2552,3155,Rekha Patil,65,M
2553,3155,Mary Prasad,6,M
2555,3157,Yashwanth Naik,73,F
2557,3161,Prakash Prasad,58,M
2558,3163,Pooja Bhat,47,F
2560,3165,Ashwini Kulkarni,13,M
2562,3169,Bhavana Murthy,17,F
2569,3177,Suresh Nayak,31,F
2570,3179,Lakshmi Reddy,19,F
2571,3179,Shivakumar Shetty,42,F
2574,3181,Basavaraj Iyengar,60,M
2576,3183,Ashwini Bhat,55,M
2577,3183,Bhavana Iyengar,70,F
2581,3191,Ravi Bhat,51,M
2582,3191,Rekha Bhat,45,F
2585,3195,Joseph Iyengar,69,F
2588,3199,Vinutha Rao,9,F
2590,3201,Lakshmi Kulkarni,27,M
2593,3205,Mary Kumar,31,M
2594,3205,Deepak Iyengar,68,M
2597,3209,Manjunath Bhat,15,F
2598,3211,Basavaraj Iyengar,9,M
2602,3217,Manjunath Nayak,10,F
2604,3223,Pooja Reddy,28,F
2605,3223,Anitha Iyengar,27,F
2607,3225,Nagaraj Kumar,64,M
2609,3227,Yashwanth Patil,75,M
2610,3227,Ashwini Murthy,57,F
2613,3231,Deepak Bhat,32,F
2614,3233,Rekha Shetty,6,F
2616,3235,Joseph Gowda,47,M
2617,3235,Nagaraj Hegde,47,M
2620,3237,Anitha Naik,37,F
2621,3239,Vinutha Prasad,28,F
2622,3241,Ashwini Rao,68,F
2623,3241,Anitha Nayak,16,F
2625,3243,Girish Desai,10,F
2630,3253,Basavaraj Shetty,59,F
2631,3255,Nagaraj Prasad,67,M
2632,3255,Prakash Desai,33,M
2636,3259,Deepak Hegde,61,F
2637,3259,Manjunath Rao,73,M
2640,3261,Deepak Kulkarni,47,F
2643,3263,Kiran Naik,23,M
2644,3265,Girish Hegde,74,F
2645,3267,Yashwanth Naik,18,M
2648,3273,Yashwanth Patil,43,M
2650,3275,Kiran Reddy,26,F
2655,3279,Ravi Reddy,11,F
2656,3281,Anitha Iyengar,10,F
2658,3283,Joseph Kulkarni,46,F
2659,3283,Shivakumar Murthy,49,M
2662,3285,Deepak Bhat,15,F
2663,3287,Joseph Iyengar,24,F
2666,3291,Prakash Prasad,12,M
2668,3293,Yashwanth Kulkarni,43,F
2669,3295,Prakash Reddy,38,F
2672,3297,Girish Kulkarni,43,F
2674,3299,Anitha Bhat,50,M
2676,3301,Yashwanth Gowda,13,M
2678,3303,Shivakumar Shetty,59,M
2680,3305,Ashwini Hegde,69,M
2685,3311,Joseph Prasad,8,M
2686,3313,Anitha Prasad,43,M
2688,3315,Prakash Patil,70,M
2689,3317,Nagaraj Rao,49,F
2690,3319,Nagaraj Murthy,7,M
2691,3319,Anitha Reddy,49,M
2693,3323,Mary Naik,48,F
2694,3325,Basavaraj Reddy,55,F
2695,3325,Yashwanth Reddy,30,M
2700,3329,Fatima Iyengar,6,M
2701,3329,Suresh Rao,6,M
2703,3331,Nagaraj Reddy,75,F
2706,3333,Prakash Kumar,69,F
2708,3335,Joseph Shetty,26,F
2710,3337,Mary Shetty,43,M
2713,3339,Manjunath Rao,71,F
2714,3339,Suresh Iyengar,22,M
2716,3341,Lakshmi Reddy,50,F
2720,3347,Rekha Murthy,75,M
2722,3351,Fatima Hegde,66,F
2724,3353,Kiran Reddy,59,F
2725,3353,Ravi Naik,59,M
2727,3355,Rekha Shetty,57,M
2728,3357,Vinutha Kulkarni,34,F
2730,3359,Lakshmi Reddy,34,M
2731,3361,Chetan Rao,62,F
2732,3361,Chetan Iyengar,63,M
2734,3363,Chetan Iyengar,53,M
2739,3367,Imran Naik,73,F
2742,3373,Joseph Shetty,45,M
2743,3375,Prakash Shetty,55,M
2746,3379,Ashwini Hegde,41,M
2749,3381,Vinutha Shetty,12,M
2750,3381,Ravi Hegde,60,M
2752,3383,Ashwini Iyengar,17,F
2756,3389,Basavaraj Reddy,66,F
2759,3391,Basavaraj Rao,26,M
2765,3401,Girish Kulkarni,22,M
2768,3403,Ashwini Iyengar,13,F
2771,3407,Yashwanth Reddy,62,F
2772,3409,Basavaraj Kulkarni,32,F
2773,3409,Chetan Desai,58,M
2774,3411,Yashwanth Shetty,55,M
2778,3417,Yashwanth Naik,40,M
2781,3421,Suresh Nayak,58,M
2783,3425,Bhavana Hegde,68,F
2786,3429,Lakshmi Hegde,50,F
2787,3429,Imran Desai,69,F
2789,3433,Imran Iyengar,10,F
2790,3435,Mary Patil,7,F
2791,3437,Anitha Murthy,62,M
2792,3437,Basavaraj Nayak,51,M
2794,3439,Anitha Naik,60,M
2797,3441,Girish Iyengar,40,F
2798,3443,Suresh Nayak,62,F
2799,3445,Bhavana Rao,16,F
2800,3445,Ashwini Prasad,20,M
2801,3447,Ravi Murthy,27,M
2803,3449,Ashwini Hegde,40,F
2805,3451,Kiran Hegde,18,F
2808,3457,Chetan Patil,28,M
2810,3459,Manjunath Iyengar,53,F
2811,3459,Pooja Kulkarni,18,M
2814,3461,Pooja Prasad,65,M
2815,3463,Basavaraj Iyengar,33,F
2819,3469,Kiran Iyengar,42,F
2820,3471,Shivakumar Hegde,58,M
2824,3475,Chetan Shetty,33,F
2825,3475,Deepak Gowda,20,F
2829,3479,Basavaraj Bhat,27,M
2832,3483,Pooja Murthy,6,M
2833,3483,Bhavana Nayak,16,M
2835,3485,Nagaraj Naik,15,F
2836,3485,Basavaraj Nayak,34,M
2839,3489,Ashwini Bhat,65,M
2840,3489,Bhavana Shetty,42,M
2842,3493,Imran Hegde,11,M
2847,3499,Nagaraj Shetty,37,F
2851,3503,Ravi Kumar,52,M
2852,3505,Deepak Rao,75,F
2855,3507,Kiran Rao,71,M
2857,3509,Bhavana Naik,64,M
2858,3509,Manjunath Naik,53,M
2861,3513,Manjunath Hegde,31,M
2862,3515,Mary Reddy,22,M
2863,3517,Ashwini Patil,60,F
2864,3517,Nagaraj Rao,31,M
2865,3521,Imran Bhat,57,M
2867,3523,Basavaraj Naik,64,F
2868,3523,Lakshmi Rao,7,M
2869,3525,Girish Naik,31,F
2870,3525,Mary Gowda,51,F
2872,3527,Bhavana Kulkarni,42,M
2873,3529,Lakshmi Kulkarni,46,F
2876,3531,Mary Kumar,11,M
2878,3533,Pooja Naik,71,F
2881,3537,Deepak Desai,13,F
2884,3543,Joseph Prasad,6,M
2886,3545,Shivakumar Bhat,57,M
2888,3547,Manjunath Shetty,41,M
2889,3547,Deepak Desai,34,F
2891,3551,Nagaraj Naik,45,F
2893,3555,Imran Kumar,19,F
2895,3559,Basavaraj Kulkarni,48,M
2897,3563,Nagaraj Prasad,6,F
2898,3563,Yashwanth Gowda,20,M
2900,3565,Kiran Nayak,28,M
2901,3565,Prakash Reddy,59,F
2903,3567,Chetan Reddy,46,F
2905,3571,Nagaraj Iyengar,24,F
2906,3573,Manjunath Kulkarni,28,M
2908,3577,Imran Iyengar,16,M
2910,3579,Anitha Iyengar,9,M
2912,3583,Basavaraj Shetty,30,F
2915,3589,Deepak Nayak,42,M
2917,3591,Bhavana Prasad,49,F
2919,3593,Nagaraj Naik,58,F
2920,3595,Ashwini Rao,45,M
2922,3597,Anitha Kumar,43,M
2923,3597,Rekha Rao,33,F
2926,3601,Bhavana Nayak,38,F
2929,3605,Chetan Kulkarni,6,F
2931,3607,Shivakumar Gowda,37,M
2934,3613,Joseph Hegde,24,M
2938,3623,Yashwanth Reddy,20,F
2939,3623,Manjunath Prasad,54,M
2942,3625,Lakshmi Iyengar,40,M
2944,3629,Kiran Naik,35,M
2945,3631,Girish Bhat,22,F
2946,3631,Mary Iyengar,5,M
2949,3633,Shivakumar Rao,35,F
2950,3633,Chetan Patil,38,M
2951,3635,Nagaraj Patil,62,M
2952,3635,Ravi Kulkarni,7,M
2953,3637,Mary Naik,9,M
2955,3639,Deepak Reddy,51,F
2957,3641,Anitha Nayak,68,F
2958,3641,Yashwanth Murthy,25,F
2961,3643,Rekha Naik,71,F
2962,3643,Prakash Hegde,47,F
2966,3647,Basavaraj Shetty,72,F
2968,3649,Rekha Kumar,34,F
2969,3649,Kiran Prasad,13,F
2971,3653,Ashwini Kulkarni,47,F
2972,3653,Shivakumar Kumar,44,M
2973,3655,Yashwanth Kumar,5,M
2974,3655,Ashwini Patil,65,M
2975,3657,Basavaraj Shetty,66,F
2978,3663,Basavaraj Rao,67,M
2981,3669,Mary Nayak,52,F
2982,3669,Joseph Bhat,48,F
2983,3671,Joseph Desai,68,F
2985,3677,Suresh Prasad,35,F
2986,3679,Girish Reddy,51,M
2988,3681,Ravi Prasad,32,F
2989,3683,Anitha Prasad,24,F
2990,3683,Joseph Naik,74,F
2992,3687,Prakash Desai,55,F
2994,3689,Prakash Murthy,23,F
2995,3689,Nagaraj Rao,19,F
2999,3695,Manjunath Kumar,73,F
3000,3697,Joseph Rao,71,M
3002,3699,Bhavana Naik,12,F
3005,3703,Basavaraj Rao,67,F
3009,3707,Bhavana Naik,53,M
3012,3715,Pooja Rao,50,M
3014,3717,Anitha Reddy,16,M
3016,3721,Ravi Gowda,37,M
3018,3723,Basavaraj Hegde,40,F
3019,3723,Shivakumar Hegde,13,M
3022,3725,Bhavana Kulkarni,62,M
3025,3727,Nagaraj Iyengar,62,F
3027,3729,Nagaraj Shetty,40,M
3028,3731,Anitha Kulkarni,26,F
3031,3733,Vinutha Murthy,64,M
3033,3737,Bhavana Murthy,43,F
3034,3739,Deepak Shetty,12,F
3040,3747,Girish Patil,10,M
3045,3751,Fatima Rao,58,M
3047,3755,Bhavana Murthy,68,F
3048,3757,Nagaraj Hegde,25,M
3049,3757,Deepak Rao,56,M
3052,3763,Nagaraj Bhat,6,F
3053,3763,Manjunath Prasad,50,F
3056,3767,Ravi Kulkarni,56,F
3057,3767,Kiran Gowda,63,M
3059,3771,Lakshmi Reddy,13,M
3060,3773,Vinutha Murthy,29,M
3061,3775,Basavaraj Patil,9,F
3062,3775,Ashwini Patil,68,F
3065,3779,Bhavana Nayak,41,F
3067,3783,Prakash Nayak,20,F
3070,3787,Lakshmi Kumar,59,M
3072,3789,Mary Hegde,38,F
3073,3791,Girish Desai,39,F
3074,3791,Nagaraj Prasad,11,M
3078,3795,Vinutha Patil,29,F
3079,3797,Lakshmi Iyengar,38,M
3082,3801,Ravi Iyengar,17,M
3083,3801,Deepak Kumar,68,M
3084,3803,Vinutha Iyengar,74,M
3085,3805,Bhavana Reddy,66,F
3086,3807,Deepak Desai,13,F
3088,3813,Yashwanth Nayak,7,F
3089,3815,Lakshmi Shetty,57,M
3091,3817,Nagaraj Desai,58,F
3093,3819,Chetan Desai,64,M
3094,3821,Prakash Gowda,41,M
3095,3821,Ashwini Naik,67,M
3098,3827,Manjunath Iyengar,37,F
3099,3827,Rekha Nayak,41,M
3100,3829,Pooja Patil,46,M
3103,3833,Imran Prasad,75,F
3105,3835,Imran Nayak,70,M
3106,3839,Ashwini Naik,35,M
3109,3841,Joseph Naik,45,M
3111,3843,Rekha Shetty,56,M
3114,3845,Kiran Desai,46,M
3115,3845,Pooja Desai,36,M
3119,3849,Ashwini Bhat,71,M
3121,3851,Nagaraj Kumar,36,F
3124,3853,Deepak Shetty,21,F
3125,3853,Basavaraj Bhat,28,M
3129,3861,Ashwini Iyengar,30,F
3131,3863,Ashwini Shetty,10,F
3132,3863,Ashwini Patil,26,M
3133,3865,Rekha Shetty,11,M
3137,3869,Vinutha Iyengar,51,F
3140,3873,Manjunath Gowda,9,M
3142,3875,Suresh Rao,51,M
3143,3875,Vinutha Nayak,34,F
3145,3877,Nagaraj Nayak,59,M
3147,3879,Joseph Rao,75,M
3151,3885,Chetan Iyengar,20,F
3152,3887,Deepak Desai,15,F
3154,3893,Anitha Patil,6,M
3156,3895,Basavaraj Desai,39,F
3159,3899,Imran Iyengar,14,M
3161,3901,Yashwanth Patil,43,M
3163,3905,Rekha Reddy,43,M
3164,3907,Manjunath Kulkarni,48,M
3166,3909,Deepak Rao,11,M
3168,3911,Manjunath Iyengar,62,M
3173,3915,Yashwanth Iyengar,70,F
3174,3915,Vinutha Reddy,10,F
3177,3917,Deepak Reddy,45,M
3178,3919,Joseph Kulkarni,14,M
3180,3921,Girish Naik,32,F
3182,3923,Vinutha Bhat,53,M
3184,3925,Chetan Bhat,53,F
3185,3925,Rekha Reddy,42,M
3186,3927,Deepak Rao,20,F
3189,3929,Imran Naik,42,M
3192,3931,Pooja Gowda,28,F
3193,3933,Anitha Murthy,26,F
3194,3933,Nagaraj Murthy,69,F
3196,3937,Joseph Bhat,18,M
3197,3937,Suresh Bhat,24,F
3201,3945,Deepak Naik,29,M
3203,3947,Nagaraj Hegde,50,M
3204,3949,Vinutha Murthy,73,F
3206,3951,Ravi Shetty,49,M
3207,3951,Prakash Hegde,46,F
3209,3953,Joseph Hegde,41,F
3212,3955,Girish Nayak,9,F
3214,3957,Imran Naik,56,M
3215,3957,Pooja Reddy,55,F
3217,3959,Rekha Murthy,24,F
3218,3959,Girish Bhat,39,M
3219,3961,Deepak Nayak,57,F
3221,3963,Shivakumar Bhat,21,M
3223,3965,Deepak Desai,11,F
3224,3967,Suresh Reddy,24,F
3226,3971,Fatima Murthy,16,M
3228,3973,Manjunath Rao,13,M
3229,3973,Manjunath Gowda,46,F
3233,3977,Joseph Prasad,43,F
3236,3981,Bhavana Iyengar,30,M
3238,3983,Joseph Nayak,55,F
3239,3983,Anitha Prasad,38,F
3241,3989,Imran Kulkarni,47,M
3242,3989,Ashwini Prasad,19,M
3244,3991,Suresh Reddy,70,F
3245,3993,Fatima Hegde,75,F
3249,4001,Vinutha Murthy,29,M
3252,4005,Manjunath Rao,53,F
3254,4007,Joseph Kulkarni,8,M
3255,4007,Ashwini Rao,74,M
3256,4009,Deepak Naik,21,M
3260,4015,Anitha Desai,63,M
3261,4017,Mary Desai,9,F
3262,4017,Deepak Shetty,68,M
3266,4027,Prakash Patil,73,F
3267,4027,Vinutha Gowda,42,M
3270,4031,Pooja Reddy,31,F
3272,4035,Mary Prasad,39,F
3274,4037,Basavaraj Prasad,32,F
3277,4039,Rekha Gowda,61,F
3279,4045,Pooja Prasad,65,F
3281,4049,Rekha Patil,11,M
3285,4053,Nagaraj Rao,34,F
3286,4053,Basavaraj Desai,57,M
3290,4059,Pooja Prasad,48,M
3291,4059,Rekha Kulkarni,61,F
3298,4067,Girish Prasad,11,F
3300,4069,Suresh Reddy,29,M
3303,4075,Lakshmi Kulkarni,6,F
3304,4077,Pooja Kumar,65,F
3306,4079,Vinutha Iyengar,33,M
3307,4083,Girish Desai,12,F
3308,4083,Girish Reddy,53,F
3309,4085,Kiran Patil,56,F
3310,4087,Chetan Kumar,21,F
3312,4093,Manjunath Reddy,27,F
3313,4095,Suresh Nayak,32,F
3316,4099,Deepak Patil,65,M
3317,4099,Chetan Naik,37,F
3320,4101,Rekha Gowda,8,M
3321,4101,Anitha Kumar,42,F
3324,4103,Mary Patil,50,F
3325,4105,Deepak Iyengar,47,M
3327,4107,Pooja Hegde,63,F
3330,4109,Bhavana Hegde,50,M
3333,4111,Manjunath Kulkarni,67,F
3335,4113,Ravi Hegde,18,F
3336,4115,Manjunath Murthy,71,M
3337,4115,Chetan Desai,50,F
3339,4117,Girish Rao,8,M
3341,4119,Vinutha Bhat,15,F
3343,4121,Mary Murthy,70,M
3345,4123,Lakshmi Reddy,25,F
3348,4127,Shivakumar Kumar,44,M
3349,4127,Chetan Iyengar,31,F
3352,4131,Vinutha Hegde,38,M
3353,4131,Joseph Murthy,62,M
3355,4133,Basavaraj Naik,35,M
3357,4139,Rekha Gowda,64,M
3358,4141,Shivakumar Reddy,47,F
3359,4141,Nagaraj Rao,52,M
3361,4143,Bhavana Murthy,24,M
3362,4143,Ashwini Hegde,45,M
3363,4145,Bhavana Reddy,38,M
3364,4145,Rekha Nayak,50,F
3367,4147,Ashwini Nayak,29,M
3371,4153,Nagaraj Reddy,30,M
3374,4157,Shivakumar Kulkarni,58,M
3380,4165,Fatima Gowda,49,F
3382,4169,Vinutha Patil,38,M
3383,4169,Vinutha Gowda,26,M
3385,4171,Mary Naik,11,M
3387,4173,Suresh Nayak,48,M
3389,4175,Ravi Iyengar,33,F
3393,4179,Anitha Rao,65,M
3395,4181,Joseph Reddy,45,F
3397,4183,Mary Nayak,48,M
3400,4187,Ravi Kumar,41,F
3402,4189,Yashwanth Murthy,21,F
3404,4191,Fatima Rao,24,F
3405,4191,Chetan Murthy,22,F
3409,4195,Prakash Kumar,11,F
3412,4197,Vinutha Desai,72,M
3414,4199,Ravi Kulkarni,23,M
3417,4201,Yashwanth Kumar,25,M
3418,4201,Vinutha Reddy,49,M
3421,4203,Mary Nayak,52,M
3422,4203,Imran Prasad,15,F
3424,4207,Yashwanth Patil,27,M
3429,4211,Nagaraj Murthy,60,M
3431,4213,Basavaraj Patil,5,F
3432,4213,Pooja Bhat,19,M
3434,4215,Imran Shetty,57,M
3435,4217,Shivakumar Kulkarni,37,M
3436,4219,Suresh Naik,35,F
3437,4219,Ashwini Iyengar,8,F
3442,4223,Rekha Shetty,9,M
3447,4229,Girish Desai,47,M
3449,4231,Bhavana Kulkarni,42,F
3450,4231,Prakash Naik,50,M
3452,4235,Manjunath Prasad,5,F
3456,4239,Pooja Prasad,49,M
3458,4243,Anitha Patil,21,F
3460,4245,Ravi Kulkarni,10,F
3461,4247,Deepak Patil,75,F
3463,4249,Nagaraj Naik,25,M
3464,4249,Basavaraj Iyengar,7,M
3466,4251,Girish Bhat,7,F
3467,4251,Girish Iyengar,7,M
3472,4261,Girish Shetty,39,F
3475,4263,Bhavana Desai,30,F
3476,4265,Imran Naik,51,F
3478,4269,Yashwanth Iyengar,54,M
3480,4273,Bhavana Nayak,5,F
3481,4273,Girish Kumar,45,M
3483,4275,Joseph Iyengar,7,F
3484,4275,Yashwanth Shetty,5,M
3486,4279,Ashwini Desai,65,F
3490,4283,Ravi Murthy,24,F
3492,4285,Vinutha Hegde,72,M
3493,4285,Nagaraj Patil,18,M
3494,4287,Vinutha Bhat,35,M
3496,4291,Bhavana Nayak,43,F
3498,4293,Anitha Kumar,62,M
3500,4297,Manjunath Rao,69,M
3501,4297,Chetan Reddy,56,F
3503,4299,Suresh Kumar,10,F
3506,4301,Prakash Nayak,43,F
3509,4303,Girish Iyengar,67,F
3511,4307,Manjunath Gowda,22,F
3513,4309,Yashwanth Naik,48,F
3515,4311,Joseph Patil,32,M
3516,4311,Anitha Murthy,57,F
3518,4313,Ashwini Bhat,25,F
3520,4315,Manjunath Gowda,20,F
3523,4319,Vinutha Desai,59,M
3526,4321,Girish Kulkarni,48,F
3527,4321,Nagaraj Prasad,18,M
3528,4323,Shivakumar Iyengar,6,F
3530,4325,Basavaraj Iyengar,68,M
3534,4329,Fatima Shetty,13,F
3536,4331,Vinutha Shetty,53,M
3538,4333,Joseph Bhat,61,M
3539,4333,Nagaraj Patil,17,F
3541,4337,Imran Iyengar,71,F
3543,4339,Suresh Kulkarni,22,F
3545,4341,Deepak Rao,33,M
3547,4343,Ravi Gowda,27,M
3549,4347,Fatima Iyengar,8,F
3552,4349,Mary Hegde,37,M
3553,4351,Kiran Shetty,72,F
3554,4351,Bhavana Rao,67,F
3556,4353,Rekha Murthy,12,F
3559,4355,Imran Prasad,57,M
3560,4357,Lakshmi Gowda,67,M
3561,4357,Girish Hegde,54,F
3563,4359,Deepak Shetty,12,M
3565,4361,Deepak Patil,8,M
3566,4363,Manjunath Shetty,46,M
3569,4367,Mary Hegde,67,F
3572,4371,Mary Iyengar,18,M
3573,4371,Vinutha Iyengar,24,M
3574,4375,Shivakumar Kulkarni,45,M
3577,4379,Kiran Murthy,62,M
3579,4381,Anitha Kulkarni,11,F
3582,4383,Lakshmi Iyengar,43,M
3585,4389,Anitha Bhat,47,F
3586,4391,Pooja Murthy,32,M
3587,4391,Prakash Gowda,58,M
3588,4393,Imran Naik,9,F
3589,4393,Nagaraj Desai,21,F
3592,4395,Suresh Iyengar,14,F
3593,4395,Girish Rao,26,F
3595,4397,Suresh Rao,43,M
3598,4401,Fatima Murthy,66,F
3599,4401,Yashwanth Bhat,72,F
3602,4405,Girish Desai,58,F
3605,4407,Suresh Nayak,58,M
3607,4409,Ashwini Desai,73,F
3608,4411,Anitha Reddy,34,M
3609,4413,Lakshmi Iyengar,12,M
3612,4415,Deepak Reddy,71,M
3614,4417,Manjunath Desai,10,F
3616,4419,Basavaraj Rao,60,M
3617,4419,Mary Nayak,17,F
3619,4421,Nagaraj Desai,38,F
3620,4425,Bhavana Kulkarni,53,F
3622,4431,Ashwini Naik,52,M
3625,4433,Imran Bhat,51,M
3626,4435,Ravi Patil,34,F
3628,4437,Suresh Patil,31,F
3629,4437,Vinutha Naik,29,M
3632,4441,Pooja Kulkarni,7,F
3633,4441,Deepak Kumar,48,M
3635,4445,Imran Iyengar,67,M
3636,4447,Lakshmi Desai,73,M
3639,4449,Mary Prasad,32,M
3642,4451,Mary Kumar,49,F
3643,4451,Shivakumar Prasad,38,F
3645,4453,Yashwanth Desai,44,F
3646,4453,Girish Naik,57,M
3648,4455,Basavaraj Patil,17,F
3649,4455,Rekha Bhat,75,M
3650,4457,Pooja Gowda,15,F
3660,4471,Prakash Rao,32,M
3662,4473,Girish Kumar,74,M
3665,4477,Ravi Nayak,34,F
3666,4477,Joseph Reddy,61,F
3667,4479,Vinutha Kulkarni,35,F
3668,4481,Anitha Kulkarni,25,M
3670,4483,Joseph Kulkarni,15,M
3673,4485,Kiran Prasad,11,F
3678,4493,Suresh Rao,24,F
3683,4497,Nagaraj Rao,13,M
3684,4499,Ravi Shetty,71,F
3685,4499,Basavaraj Kumar,60,M
3687,4501,Ravi Rao,43,F
3688,4503,Manjunath Nayak,17,F
3689,4503,Kiran Prasad,43,M
3692,4505,Pooja Reddy,53,M
3693,4505,Suresh Iyengar,65,M
3695,4509,Basavaraj Rao,73,F
3696,4513,Nagaraj Kulkarni,63,M
3698,4515,Nagaraj Naik,62,M
3699,4515,Chetan Naik,32,F
3700,4517,Ashwini Hegde,62,F
3702,4521,Pooja Kulkarni,53,F
3703,4521,Bhavana Hegde,63,F
3705,4523,Girish Prasad,15,M
3707,4525,Prakash Desai,29,F
3709,4527,Girish Prasad,20,F
3713,4533,Deepak Rao,55,M
3715,4535,Deepak Bhat,71,M
3716,4535,Chetan Murthy,33,M
3719,4537,Suresh Gowda,67,M
3720,4539,Vinutha Iyengar,10,F
3721,4539,Lakshmi Kumar,26,M
3722,4541,Prakash Nayak,54,M
3723,4541,Vinutha Bhat,16,F
3725,4545,Rekha Reddy,59,F
3728,4551,Imran Rao,38,F
3729,4551,Suresh Desai,37,M
3730,4553,Chetan Reddy,32,F
3731,4553,Pooja Nayak,28,F
3733,4557,Ashwini Murthy,61,F
3735,4559,Pooja Rao,33,M
3739,4563,Yashwanth Desai,44,M
3742,4565,Vinutha Prasad,12,F
3744,4567,Manjunath Shetty,5,M
3747,4569,Joseph Hegde,16,F
3749,4571,Anitha Shetty,26,M
3751,4573,Rekha Prasad,67,F
3752,4575,Vinutha Bhat,21,F
3753,4575,Pooja Nayak,33,M
3755,4579,Kiran Kumar,16,F
3758,4581,Yashwanth Murthy,11,M
3761,4583,Bhavana Bhat,53,F
3762,4583,Ravi Kumar,5,F
3763,4585,Chetan Iyengar,49,F
3764,4585,Prakash Gowda,55,F
3766,4587,Suresh Desai,59,M
3769,4589,Nagaraj Iyengar,63,F
3770,4591,Nagaraj Patil,45,F
3771,4591,Nagaraj Nayak,62,F
3773,4593,Vinutha Reddy,69,F
3775,4595,Kiran Bhat,13,M
3778,4603,Rekha Gowda,16,F
3779,4605,Basavaraj Rao,62,F
3780,4605,Suresh Naik,74,F
3784,4609,Yashwanth Naik,13,M
3787,4613,Rekha Reddy,33,M
3790,4619,Basavaraj Iyengar,39,F
3793,4621,Chetan Patil,61,M
3794,4621,Rekha Reddy,57,F
3797,4627,Girish Desai,32,M
3800,4629,Anitha Gowda,6,M
3801,4631,Anitha Kulkarni,22,F
3803,4633,Ravi Nayak,11,M
3804,4633,Ravi Hegde,33,M
3805,4635,Girish Murthy,53,F
3806,4635,Chetan Reddy,60,F
3807,4637,Imran Hegde,36,F
3813,4647,Rekha Rao,16,F
3816,4651,Deepak Kumar,13,F
3818,4653,Suresh Hegde,63,M
3819,4653,Ravi Reddy,46,F
3821,4655,Vinutha Prasad,42,M
3823,4657,Kiran Prasad,44,F
3824,4659,Shivakumar Bhat,17,M
3826,4661,Deepak Kulkarni,65,F
3827,4661,Prakash Murthy,24,M
3828,4663,Rekha Hegde,39,M
3831,4665,Shivakumar Prasad,40,F
3834,4667,Deepak Gowda,37,F
3835,4669,Shivakumar Kulkarni,33,M
3837,4673,Girish Gowda,35,F
3840,4681,Girish Rao,18,F
3842,4683,Yashwanth Naik,24,F
3844,4685,Bhavana Patil,56,F
3845,4687,Nagaraj Iyengar,60,M
3847,4689,Fatima Bhat,71,F
3849,4693,Rekha Murthy,67,F
3852,4695,Basavaraj Iyengar,7,M
3853,4697,Basavaraj Patil,22,M
3855,4699,Bhavana Kumar,33,F
3856,4699,Anitha Nayak,6,M
3857,4701,Imran Naik,25,M
3858,4701,Vinutha Reddy,22,M
3860,4705,Kiran Kumar,59,F
3862,4709,Lakshmi Kumar,53,M
3863,4709,Pooja Shetty,23,F
3864,4713,Ravi Gowda,29,F
3865,4715,Mary Bhat,65,M
3866,4715,Nagaraj Bhat,68,F
3871,4721,Suresh Iyengar,22,M
3874,4723,Anitha Iyengar,68,M
3875,4727,Yashwanth Reddy,21,F
3876,4727,Vinutha Nayak,28,M
3878,4731,Bhavana Gowda,56,F
3881,4735,Chetan Kulkarni,36,F
3885,4741,Basavaraj Hegde,41,M
3887,4747,Suresh Rao,40,M
3889,4749,Kiran Prasad,68,F
3890,4749,Mary Nayak,45,F
3892,4751,Prakash Patil,17,M
3893,4751,Girish Patil,10,M
3894,4753,Ashwini Bhat,38,F
3897,4755,Pooja Gowda,13,F
3898,4757,Girish Hegde,45,M
3899,4757,Chetan Prasad,56,M
3901,4759,Bhavana Murthy,20,M
3902,4761,Shivakumar Hegde,65,M
3903,4763,Manjunath Iyengar,48,M
3906,4765,Fatima Iyengar,17,F
3908,4767,Kiran Desai,58,M
3910,4769,Bhavana Bhat,17,F
3911,4769,Rekha Desai,37,M
3914,4771,Girish Kumar,29,F
3916,4775,Vinutha Bhat,20,F
3917,4779,Imran Naik,54,M
3919,4781,Ravi Bhat,70,M
3920,4783,Girish Naik,5,F
3921,4783,Pooja Reddy,40,F
3924,4785,Yashwanth Prasad,52,F
3926,4787,Nagaraj Rao,44,F
3927,4787,Chetan Kulkarni,17,F
3928,4789,Joseph Naik,62,F
3932,4793,Yashwanth Desai,21,M
3936,4799,Nagaraj Kulkarni,51,M
3938,4801,Deepak Kumar,15,F
3939,4801,Joseph Bhat,45,F
3941,4803,Joseph Patil,29,M
3942,4803,Mary Desai,53,M
3944,4805,Pooja Shetty,60,F
3946,4807,Lakshmi Shetty,19,F
3947,4809,Deepak Reddy,24,M
3949,4815,Kiran Desai,26,M
3954,4819,Anitha Kumar,63,M
3955,4821,Anitha Iyengar,7,F
3958,4823,Ravi Shetty,36,F
3960,4825,Prakash Prasad,48,M
3961,4827,Shivakumar Shetty,13,M
3962,4829,Lakshmi Murthy,75,F
3965,4833,Manjunath Gowda,22,F
3967,4835,Prakash Prasad,68,M
3968,4837,Ravi Patil,71,F
3969,4839,Suresh Desai,64,M
3972,4841,Yashwanth Hegde,23,M
3974,4843,Basavaraj Kulkarni,74,F
3975,4843,Shivakumar Reddy,6,F
3978,4847,Ravi Reddy,27,M
3980,4849,Rekha Bhat,17,M
3982,4851,Prakash Desai,28,F
3983,4853,Lakshmi Kulkarni,41,F
3984,4853,Vinutha Kumar,44,M
3987,4857,Lakshmi Prasad,11,F
3989,4859,Bhavana Nayak,47,M
3990,4861,Nagaraj Bhat,45,F
3991,4861,Nagaraj Gowda,7,F
3993,4863,Pooja Patil,62,F
3996,4867,Joseph Prasad,56,M
3997,4867,Suresh Kulkarni,24,M
3999,4869,Basavaraj Kulkarni,65,F
4000,4871,Vinutha Kulkarni,42,F
4001,4871,Pooja Nayak,59,M
4004,4875,Lakshmi Iyengar,72,F
4007,4881,Imran Prasad,39,M
4009,4883,Bhavana Naik,14,M
4010,4885,Nagaraj Kumar,24,M
4012,4887,Kiran Shetty,39,M
4013,4887,Ashwini Iyengar,45,M
4014,4889,Manjunath Shetty,65,F
4015,4889,Pooja Naik,28,M
4016,4891,Vinutha Bhat,52,F
4017,4891,Ravi Naik,49,F
4020,4899,Yashwanth Hegde,23,M
4022,4901,Deepak Kulkarni,9,M
4025,4905,Rekha Kumar,31,F
4027,4909,Shivakumar Bhat,21,M
4028,4909,Kiran Gowda,32,M
4032,4913,Shivakumar Bhat,58,F
4034,4915,Fatima Naik,66,M
4035,4915,Basavaraj Murthy,50,M
4038,4917,Vinutha Gowda,51,M
4042,4921,Shivakumar Murthy,62,M
4044,4923,Suresh Gowda,23,F
4046,4927,Ravi Hegde,31,M
4050,4931,Mary Patil,68,M
4052,4933,Imran Reddy,49,M
4054,4935,Rekha Nayak,49,F
4055,4935,Kiran Rao,74,M
4057,4937,Nagaraj Rao,73,F
4060,4939,Vinutha Rao,74,F
4062,4941,Prakash Hegde,26,M
4064,4945,Pooja Reddy,17,F
4065,4945,Fatima Kumar,47,F
4067,4949,Chetan Kumar,74,M
4069,4951,Imran Desai,5,M
4071,4957,Kiran Naik,36,F
4073,4959,Shivakumar Gowda,26,F
4074,4963,Manjunath Kumar,60,F
4077,4967,Shivakumar Gowda,60,M
4080,4971,Suresh Prasad,46,F
4082,4975,Anitha Rao,20,M
4085,4977,Shivakumar Patil,71,F
4086,4979,Manjunath Kumar,45,F
4087,4981,Manjunath Rao,15,F
4089,4983,Shivakumar Rao,50,M
4091,4985,Suresh Reddy,53,M
4092,4985,Suresh Bhat,21,M
4093,4989,Lakshmi Prasad,64,F
4095,4995,Vinutha Murthy,59,M
4096,4995,Girish Kumar,74,F
4101,5003,Anitha Rao,63,F
4103,5005,Lakshmi Rao,18,F
4104,5007,Ashwini Reddy,49,M
4106,5009,Yashwanth Naik,53,M
4109,5011,Kiran Kulkarni,61,F
4110,5011,Shivakumar Prasad,61,F
4113,5013,Manjunath Naik,30,F
4115,5015,Shivakumar Reddy,62,M
4116,5021,Suresh Kumar,27,F
4117,5023,Lakshmi Gowda,17,F
4118,5023,Suresh Kulkarni,49,M
4119,5025,Girish Desai,38,M
4121,5029,Imran Kumar,40,M
4124,5033,Prakash Desai,29,F
4125,5033,Suresh Shetty,31,M
4126,5035,Anitha Naik,34,F
4127,5035,Prakash Murthy,66,M
4129,5037,Kiran Murthy,47,F
4130,5039,Deepak Hegde,57,F
4133,5041,Chetan Desai,68,M
4134,5041,Nagaraj Prasad,8,F
4136,5043,Joseph Rao,6,M
4139,5047,Joseph Shetty,11,F
4141,5049,Pooja Naik,57,M
4142,5049,Imran Desai,35,F
4144,5053,Pooja Shetty,17,F
4146,5055,Imran Murthy,12,F
4147,5057,Fatima Murthy,39,M
4149,5059,Nagaraj Reddy,30,M
4150,5061,Kiran Shetty,61,F
4152,5063,Lakshmi Gowda,49,F
4154,5065,Vinutha Bhat,31,F
4155,5067,Pooja Reddy,57,M
4156,5067,Fatima Kumar,12,F
4157,5069,Chetan Bhat,58,M
4158,5069,Pooja Hegde,53,F
4159,5071,Manjunath Prasad,74,F
4160,5073,Nagaraj Desai,73,M
4162,5077,Chetan Patil,35,F
4164,5079,Yashwanth Shetty,55,M
4166,5081,Lakshmi Patil,47,M
4168,5083,Girish Shetty,38,M
4170,5087,Imran Rao,54,M
4171,5087,Rekha Nayak,72,F
4172,5089,Shivakumar Rao,71,M
4173,5091,Vinutha Gowda,14,F
4177,5097,Nagaraj Iyengar,68,F
4179,5099,Shivakumar Kulkarni,54,F
4180,5099,Fatima Nayak,39,F
4182,5101,Vinutha Murthy,30,M
4184,5105,Girish Reddy,54,M
4186,5107,Chetan Patil,17,F
4187,5107,Suresh Shetty,52,M
4189,5109,Suresh Nayak,11,F
4192,5113,Ashwini Reddy,18,F
4194,5115,Deepak Hegde,17,M
4195,5115,Girish Reddy,71,M
4198,5121,Imran Bhat,43,M
4200,5123,Joseph Prasad,29,F
4202,5125,Fatima Murthy,57,M
4206,5129,Chetan Kumar,9,M
4208,5133,Vinutha Desai,65,M
4209,5133,Yashwanth Kumar,64,M
4211,5135,Vinutha Naik,50,F
4213,5137,Ravi Hegde,66,M
4215,5139,Fatima Shetty,13,F
4216,5139,Girish Prasad,22,F
4217,5141,Ravi Shetty,23,F
4220,5143,Bhavana Shetty,48,M
4222,5145,Fatima Prasad,55,F
4224,5149,Anitha Shetty,44,F
4227,5153,Rekha Hegde,35,F
4228,5155,Shivakumar Desai,60,M
4229,5157,Ravi Iyengar,11,M
4230,5159,Vinutha Murthy,48,F
4231,5159,Vinutha Reddy,11,M
4232,5165,Kiran Reddy,70,F
4233,5165,Imran Nayak,61,M
4234,5167,Ashwini Rao,57,F
4235,5169,Joseph Hegde,46,F
4238,5171,Girish Gowda,17,F
4242,5175,Imran Reddy,10,F
4243,5177,Nagaraj Bhat,51,M
4244,5177,Bhavana Naik,25,M
4246,5179,Lakshmi Desai,34,F
4247,5181,Bhavana Prasad,32,F
4248,5183,Pooja Bhat,49,F
4252,5187,Shivakumar Gowda,5,M
4253,5187,Mary Bhat,65,M
4254,5189,Mary Naik,56,F
4255,5189,Fatima Kumar,28,F
4258,5195,Prakash Prasad,23,M
4260,5197,Girish Bhat,72,M
4261,5197,Nagaraj Naik,67,M
4263,5199,Chetan Naik,75,M
4265,5201,Fatima Prasad,63,M
4267,5203,Yashwanth Reddy,12,M
4268,5205,Deepak Rao,59,F
4271,5209,Ravi Desai,27,F
4272,5209,Yashwanth Hegde,17,F
4273,5211,Pooja Reddy,21,F
4274,5211,Deepak Gowda,52,M
4277,5215,Manjunath Hegde,38,F
4278,5217,Kiran Gowda,37,F
4279,5217,Vinutha Nayak,15,F
4281,5219,Rekha Nayak,48,M
4282,5219,Lakshmi Reddy,13,M
4283,5221,Yashwanth Murthy,62,M
4285,5223,Yashwanth Reddy,33,M
4290,5231,Suresh Murthy,18,M
4291,5231,Imran Shetty,26,M
4294,5233,Deepak Kulkarni,11,F
4295,5235,Shivakumar Iyengar,71,F
4297,5237,Shivakumar Rao,17,M
4299,5243,Joseph Nayak,69,F
4300,5245,Basavaraj Kulkarni,66,M
4301,5245,Lakshmi Kumar,49,F
4305,5251,Chetan Reddy,14,M
4306,5251,Imran Gowda,6,M
4309,5257,Fatima Naik,49,M
4311,5259,Kiran Iyengar,24,F
4313,5261,Nagaraj Gowda,59,M
4314,5261,Bhavana Naik,44,M
4315,5263,Basavaraj Shetty,36,M
4316,5267,Yashwanth Desai,13,M
4318,5269,Ravi Gowda,34,M
4319,5271,Vinutha Gowda,7,M
4321,5273,Suresh Reddy,50,F
4325,5279,Deepak Prasad,43,M
4326,5279,Prakash Rao,39,F
4328,5281,Imran Shetty,41,F
4329,5283,Vinutha Kumar,23,M
4332,5285,Pooja Kulkarni,24,F
4333,5285,Joseph Kulkarni,48,M
4334,5287,Prakash Prasad,13,M
4337,5289,Ashwini Nayak,23,F
4341,5293,Lakshmi Rao,10,M
4344,5295,Lakshmi Iyengar,37,F
4346,5299,Chetan Desai,18,M
4348,5301,Prakash Nayak,43,M
4352,5305,Yashwanth Kumar,52,F
4353,5309,Deepak Hegde,9,F
4355,5311,Joseph Iyengar,39,M
4356,5311,Pooja Naik,68,F
4360,5317,Chetan Naik,45,F
4361,5317,Rekha Patil,63,M
4362,5319,Bhavana Kulkarni,40,M
4368,5329,Nagaraj Naik,28,F
4369,5331,Basavaraj Kumar,23,F
4370,5333,Prakash Shetty,25,M
4371,5333,Lakshmi Kulkarni,44,F
4373,5337,Chetan Hegde,61,M
4375,5339,Yashwanth Hegde,55,F
4377,5343,Deepak Reddy,47,M
4378,5343,Pooja Shetty,19,F
4379,5345,Fatima Murthy,47,M
4381,5347,Pooja Shetty,42,F
4386,5357,Yashwanth Kumar,68,M
4388,5359,Imran Kulkarni,20,M
4389,5359,Suresh Kulkarni,23,M
4391,5361,Yashwanth Shetty,55,M
4394,5367,Pooja Bhat,25,F
4395,5367,Kiran Kulkarni,24,F
4397,5369,Chetan Iyengar,75,F
4399,5373,Nagaraj Desai,25,M
4404,5379,Yashwanth Nayak,22,F
4405,5381,Manjunath Kulkarni,32,M
4406,5381,Suresh Iyengar,57,M
4408,5383,Vinutha Patil,36,M
4410,5385,Deepak Shetty,46,M
4411,5385,Nagaraj Prasad,45,F
4412,5389,Joseph Prasad,73,M
4414,5391,Prakash Kumar,69,M
4417,5393,Ashwini Desai,20,F
4419,5395,Lakshmi Kulkarni,72,M
4422,5397,Kiran Rao,23,M
4423,5399,Ashwini Patil,7,F
4424,5399,Nagaraj Reddy,42,M
4426,5401,Suresh Hegde,14,M
4428,5403,Rekha Gowda,57,F
4429,5403,Nagaraj Kulkarni,27,M
4430,5405,Basavaraj Prasad,17,M
4433,5411,Ravi Hegde,42,M
4434,5411,Pooja Iyengar,57,F
4437,5413,Prakash Rao,17,M
4439,5415,Chetan Kulkarni,56,F
4442,5419,Ravi Reddy,50,M
4443,5419,Mary Patil,35,F
4445,5421,Fatima Rao,68,M
4450,5429,Shivakumar Prasad,59,F
4452,5433,Chetan Reddy,31,M
4453,5439,Mary Nayak,19,M
4456,5443,Anitha Desai,32,M
4458,5447,Mary Reddy,50,F
4459,5447,Fatima Prasad,60,F
4461,5449,Suresh Patil,74,M
4463,5451,Girish Kulkarni,43,M
4465,5453,Prakash Reddy,16,M
4466,5453,Basavaraj Kumar,41,F
4469,5457,Girish Kumar,35,M
4470,5459,Ravi Desai,26,F
4472,5461,Ashwini Naik,53,M
4473,5461,Deepak Reddy,60,F
4474,5465,Nagaraj Kumar,63,F
4476,5467,Yashwanth Rao,18,M
4478,5469,Pooja Iyengar,69,F
4480,5471,Anitha Desai,17,F
4481,5473,Ravi Murthy,66,F
4484,5477,Suresh Prasad,53,F
4485,5479,Ashwini Rao,22,F
4487,5481,Ravi Kulkarni,69,F
4490,5485,Imran Prasad,55,M
4492,5487,Deepak Iyengar,70,F
4493,5489,Ravi Naik,12,M
4496,5497,Chetan Patil,32,F
4497,5497,Manjunath Rao,27,F
4500,5503,Rekha Bhat,54,F
4501,5505,Anitha Murthy,45,M
4503,5511,Joseph Murthy,11,M
4504,5511,Deepak Nayak,43,F
4505,5515,Imran Nayak,32,M
4508,5517,Imran Reddy,36,M
4510,5521,Imran Murthy,32,F
4513,5523,Yashwanth Gowda,73,M
4518,5531,Joseph Kulkarni,20,M
4522,5535,Deepak Gowda,70,M
4523,5537,Fatima Patil,56,M
4525,5539,Deepak Bhat,41,M
4526,5539,Shivakumar Kulkarni,70,F
4528,5541,Vinutha Kumar,73,M
4532,5545,Rekha Prasad,53,F
4533,5549,Chetan Hegde,56,F
4535,5553,Yashwanth Hegde,64,F
4537,5557,Prakash Kumar,26,M
4538,5557,Joseph Kumar,20,M
4545,5571,Kiran Kumar,18,M
4548,5575,Pooja Rao,53,M
4549,5575,Girish Naik,17,M
4552,5581,Kiran Kulkarni,22,M
4555,5583,Bhavana Prasad,39,F
4556,5585,Lakshmi Patil,26,M
4559,5591,Bhavana Hegde,71,F
4565,5607,Deepak Iyengar,12,M
4566,5609,Deepak Hegde,27,F
4568,5611,Kiran Murthy,20,F
4570,5613,Chetan Kumar,65,M
4573,5617,Manjunath Shetty,14,F
4575,5619,Joseph Rao,72,M
4577,5621,Vinutha Gowda,5,M
4579,5623,Fatima Iyengar,21,M
4580,5623,Deepak Murthy,63,F
4582,5625,Pooja Murthy,46,F
4583,5627,Shivakumar Desai,39,M
4584,5627,Joseph Hegde,30,M
4587,5629,Ashwini Patil,53,F
4589,5631,Ashwini Rao,20,F
4590,5633,Suresh Bhat,10,F
4591,5633,Chetan Kumar,69,F
4594,5637,Nagaraj Kumar,36,M
4597,5643,Nagaraj Hegde,25,F
4598,5643,Girish Desai,40,F
4600,5645,Kiran Murthy,63,F
4601,5649,Manjunath Patil,46,F
4602,5649,Vinutha Murthy,17,M
4604,5651,Prakash Murthy,63,F
4606,5653,Prakash Gowda,9,M
4607,5655,Shivakumar Shetty,12,F
4610,5659,Nagaraj Reddy,52,F
4612,5661,Yashwanth Rao,7,F
4614,5665,Ashwini Nayak,57,F
4615,5665,Nagaraj Hegde,69,F
4618,5669,Suresh Shetty,17,F
4620,5671,Pooja Naik,59,F
4622,5673,Ashwini Hegde,53,F
4624,5675,Prakash Bhat,30,M
4625,5675,Shivakumar Prasad,27,F
4628,5679,Manjunath Desai,74,F
4631,5681,Ravi Kumar,63,F
4634,5685,Ashwini Reddy,25,M
4635,5685,Girish Patil,61,M
4638,5691,Kiran Shetty,5,M
4640,5697,Rekha Bhat,48,M
4642,5699,Basavaraj Bhat,68,M
4643,5701,Shivakumar Gowda,16,F
4645,5703,Imran Rao,11,F
4646,5707,Bhavana Reddy,53,M
4652,5713,Ashwini Gowda,56,M
4653,5717,Mary Murthy,37,M
4655,5719,Imran Desai,34,F
4656,5721,Shivakumar Hegde,60,M
4657,5723,Imran Bhat,55,M
4659,5725,Kiran Prasad,55,M
4660,5727,Imran Kulkarni,50,M
4663,5731,Anitha Rao,60,F
4664,5731,Kiran Shetty,11,F
4666,5733,Deepak Prasad,48,M
4671,5741,Vinutha Kumar,39,F
4673,5747,Nagaraj Reddy,51,F
4675,5753,Lakshmi Naik,17,M
4678,5755,Suresh Patil,66,F
4680,5757,Anitha Iyengar,58,M
4681,5757,Yashwanth Reddy,35,F
4683,5759,Vinutha Prasad,50,M
4685,5761,Nagaraj Rao,9,F
4686,5761,Prakash Shetty,15,M
4687,5763,Shivakumar Patil,73,F
4690,5765,Deepak Nayak,64,F
4691,5765,Girish Bhat,48,F
4692,5767,Mary Shetty,40,M
4694,5771,Prakash Gowda,39,F
4697,5777,Joseph Patil,23,F
4698,5777,Mary Nayak,49,M
4699,5779,Vinutha Bhat,22,F
4700,5779,Rekha Hegde,71,M
4701,5781,Ashwini Bhat,33,M
4704,5787,Nagaraj Rao,43,M
4705,5789,Rekha Naik,69,F
4706,5791,Nagaraj Nayak,36,M
4708,5793,Bhavana Kulkarni,61,F
4709,5793,Yashwanth Gowda,11,M
4711,5795,Lakshmi Rao,14,F
4713,5797,Basavaraj Bhat,39,F
4717,5801,Girish Iyengar,52,M
4718,5803,Manjunath Nayak,28,F
4720,5809,Yashwanth Shetty,49,F
4722,5811,Rekha Kumar,14,F
4724,5813,Chetan Bhat,48,F
4726,5815,Shivakumar Murthy,31,M
4728,5821,Ravi Desai,17,F
4730,5823,Suresh Gowda,17,F
4731,5825,Pooja Kumar,18,M
4732,5825,Chetan Kumar,75,F
4734,5827,Mary Patil,54,F
4735,5831,Mary Desai,60,M
4736,5833,Deepak Naik,11,M
4739,5835,Prakash Murthy,38,M
4741,5837,Prakash Patil,56,F
4742,5837,Nagaraj Hegde,68,M
4746,5841,Rekha Nayak,43,M
4747,5843,Suresh Gowda,37,F
4748,5847,Pooja Bhat,44,M
4750,5849,Lakshmi Nayak,33,M
4754,5857,Ravi Naik,52,M
4755,5859,Prakash Nayak,5,M
4756,5859,Prakash Reddy,25,M
4759,5861,Mary Kumar,63,M
4763,5865,Chetan Prasad,62,M
4764,5867,Mary Kulkarni,53,F
4765,5869,Nagaraj Naik,70,F
4767,5873,Ashwini Prasad,8,M
4768,5873,Mary Kulkarni,9,F
4770,5875,Fatima Kumar,16,M
4771,5875,Kiran Prasad,18,M
4774,5887,Nagaraj Iyengar,49,F
4776,5889,Shivakumar Nayak,34,M
4777,5889,Rekha Rao,31,M
4779,5891,Shivakumar Nayak,51,F
4781,5897,Deepak Gowda,14,M
4783,5899,Bhavana Kulkarni,39,M
4784,5899,Manjunath Desai,66,M
4787,5901,Girish Prasad,24,M
4788,5901,Shivakumar Reddy,14,M
4790,5903,Yashwanth Nayak,37,M
4791,5905,Fatima Hegde,62,F
4795,5911,Lakshmi Kumar,60,F
4796,5911,Rekha Nayak,61,F
4797,5913,Anitha Patil,14,M
4798,5915,Anitha Naik,29,M
4799,5915,Fatima Desai,5,M
4800,5917,Fatima Murthy,51,F
4804,5921,Fatima Prasad,18,F
4807,5923,Lakshmi Kumar,9,F
4810,5927,Bhavana Reddy,20,F
4812,5929,Prakash Bhat,54,M
4814,5933,Shivakumar Rao,16,M
4815,5933,Ravi Nayak,35,M
4818,5935,Basavaraj Rao,55,F
4822,5939,Lakshmi Naik,47,F
4825,5943,Nagaraj Prasad,13,M
4831,5949,Anitha Iyengar,21,M
4833,5951,Suresh Nayak,5,F
4835,5955,Suresh Desai,24,M
4836,5957,Joseph Murthy,24,F
4839,5961,Imran Kulkarni,61,M
4843,5965,Fatima Nayak,75,M
4844,5965,Rekha Reddy,23,M
4845,5967,Chetan Gowda,41,M
4847,5969,Rekha Patil,47,F
4850,5973,Girish Reddy,25,M
4853,5977,Pooja Iyengar,72,M
4855,5979,Imran Rao,17,F
4857,5981,Ravi Kumar,29,M
4858,5981,Fatima Iyengar,27,F
4859,5983,Lakshmi Kumar,63,M
4862,5989,Deepak Rao,51,M
4863,5989,Lakshmi Gowda,65,F
4866,5993,Lakshmi Shetty,18,M
4867,5995,Nagaraj Iyengar,22,M
4868,5995,Shivakumar Prasad,69,F
4870,5997,Lakshmi Patil,71,M
4873,5999,Prakash Prasad,45,F
4874,5999,Ravi Prasad,38,F
4877,6003,Mary Kulkarni,23,F
4880,6007,Ravi Patil,72,M
4881,6007,Kiran Desai,17,F
4882,6009,Pooja Hegde,33,M
4883,6009,Shivakumar Gowda,43,F
4885,6011,Fatima Reddy,17,F
4887,6013,Imran Nayak,36,M
4888,6015,Pooja Kulkarni,46,F
4889,6017,Manjunath Naik,61,F
4890,6017,Girish Reddy,57,M
4891,6019,Prakash Naik,68,F
4892,6021,Basavaraj Rao,24,F
4894,6023,Anitha Patil,28,M
4895,6023,Ravi Reddy,34,M
4898,6025,Manjunath Naik,5,F
4903,6031,Vinutha Iyengar,41,F
4905,6033,Mary Naik,46,F
4906,6037,Manjunath Nayak,38,M
4908,6041,Rekha Iyengar,25,F
4909,6043,Fatima Shetty,44,F
4910,6043,Ravi Murthy,47,M
4912,6045,Basavaraj Kulkarni,25,F
4913,6045,Mary Prasad,47,M
4914,6047,Shivakumar Gowda,33,F
4916,6049,Yashwanth Prasad,45,F
4918,6051,Mary Rao,38,F
4922,6055,Kiran Naik,45,F
4924,6059,Ashwini Nayak,44,F
4926,6061,Deepak Murthy,28,F
4928,6063,Bhavana Nayak,40,F
4931,6067,Pooja Desai,23,M
4934,6073,Manjunath Rao,56,F
4935,6077,Rekha Patil,21,M
4936,6077,Ravi Gowda,56,F
4938,6081,Mary Shetty,19,F
4940,6083,Lakshmi Iyengar,43,M
4941,6083,Rekha Nayak,58,M
4944,6085,Yashwanth Prasad,67,M
4946,6087,Rekha Naik,66,F
4948,6089,Kiran Iyengar,74,M
4951,6091,Nagaraj Shetty,41,M
4952,6093,Bhavana Reddy,35,M
4953,6093,Manjunath Patil,71,F
4957,6097,Suresh Rao,73,M
4958,6097,Anitha Kumar,40,M
4960,6099,Bhavana Patil,74,M
4961,6101,Chetan Gowda,75,F
4962,6101,Chetan Reddy,62,M
4964,6103,Pooja Bhat,8,F
4966,6105,Ravi Prasad,61,M
4971,6111,Ashwini Nayak,61,F
4973,6113,Ashwini Desai,17,F
4975,6115,Lakshmi Hegde,17,F
4976,6115,Joseph Patil,50,M
4977,6117,Ashwini Hegde,50,F
4979,6123,Suresh Nayak,31,F
4981,6125,Manjunath Patil,9,F
4982,6125,Fatima Kulkarni,62,F
4983,6127,Manjunath Nayak,64,M
4984,6133,Kiran Hegde,73,F
4986,6135,Shivakumar Patil,55,M
4990,6143,Vinutha Hegde,58,F
4992,6147,Deepak Murthy,19,F
4995,6149,Lakshmi Reddy,25,M
5001,6157,Kiran Nayak,37,M
5004,6159,Mary Kulkarni,26,F
5006,6161,Rekha Hegde,51,F
5009,6169,Mary Prasad,47,F
5010,6169,Lakshmi Kumar,9,M
5013,6173,Mary Prasad,42,M
5015,6175,Fatima Reddy,8,M
5017,6177,Suresh Prasad,35,M
5020,6181,Joseph Nayak,69,M
5025,6185,Yashwanth Hegde,41,M
5029,6191,Suresh Hegde,9,F
5031,6197,Fatima Iyengar,22,F
5033,6199,Girish Desai,66,M
5034,6201,Nagaraj Patil,42,F
5039,6209,Deepak Naik,19,F
5041,6211,Shivakumar Kulkarni,59,M
5042,6211,Vinutha Bhat,74,F
5044,6213,Girish Gowda,41,M
5047,6217,Shivakumar Patil,38,F
5048,6217,Imran Kulkarni,55,M
5052,6223,Lakshmi Reddy,39,M
5054,6229,Pooja Gowda,29,M
5056,6231,Basavaraj Hegde,8,F
5058,6235,Pooja Shetty,37,F
5059,6235,Anitha Kumar,25,F
5060,6239,Joseph Iyengar,47,F
5061,6239,Kiran Naik,16,F
5062,6243,Lakshmi Shetty,61,F
5063,6245,Suresh Kumar,52,F
5065,6247,Nagaraj Murthy,37,M
5069,6251,Imran Kumar,65,F
5071,6253,Rekha Hegde,53,M
5073,6255,Joseph Kulkarni,72,M
5076,6257,Nagaraj Kulkarni,22,M
5079,6259,Lakshmi Hegde,36,F
5083,6269,Fatima Nayak,9,F
5085,6273,Joseph Patil,21,F
5087,6275,Mary Naik,58,M
5090,6277,Kiran Kumar,19,M
5092,6279,Anitha Kumar,16,F
5093,6281,Vinutha Desai,56,F
5094,6281,Bhavana Desai,37,M
5095,6283,Kiran Murthy,59,F
5101,6291,Lakshmi Prasad,11,F
5104,6295,Nagaraj Shetty,25,M
5106,6297,Bhavana Rao,56,M
5108,6299,Nagaraj Murthy,49,M
5109,6299,Yashwanth Hegde,5,M
5112,6301,Prakash Iyengar,58,M
5113,6301,Vinutha Shetty,42,F
5118,6307,Imran Murthy,75,M
5119,6309,Yashwanth Reddy,19,F
5120,6309,Basavaraj Prasad,10,F
5125,6313,Chetan Naik,46,F
5126,6315,Kiran Gowda,46,M
5127,6315,Pooja Desai,28,M
5129,6319,Joseph Kumar,44,F
5130,6321,Anitha Kulkarni,15,M
5131,6321,Lakshmi Gowda,10,F
5132,6323,Yashwanth Naik,48,M
5133,6325,Yashwanth Murthy,51,F
5134,6325,Shivakumar Bhat,34,M
5136,6327,Basavaraj Rao,27,F
5137,6327,Shivakumar Naik,23,F
5140,6329,Rekha Desai,70,F
5141,6333,Kiran Shetty,53,F
5142,6335,Joseph Kulkarni,20,F
5145,6339,Manjunath Naik,65,F
5146,6339,Lakshmi Patil,63,F
5148,6341,Lakshmi Patil,56,M
5153,6347,Mary Murthy,70,F
5154,6349,Kiran Hegde,60,F
5158,6355,Girish Shetty,67,F
5160,6357,Bhavana Murthy,19,M
5161,6357,Anitha Naik,8,F
5162,6359,Vinutha Gowda,7,F
5164,6361,Kiran Rao,72,F
5166,6363,Basavaraj Nayak,39,M
5168,6365,Suresh Naik,26,F
5170,6373,Chetan Naik,28,F
5171,6377,Pooja Kumar,36,F
5172,6379,Basavaraj Rao,40,F
5173,6379,Yashwanth Reddy,61,F
5176,6383,Fatima Rao,40,F
5179,6385,Fatima Bhat,9,M
5182,6387,Kiran Nayak,60,F
5184,6391,Imran Shetty,39,M
5185,6391,Manjunath Reddy,42,M
5187,6393,Vinutha Gowda,40,F
5188,6395,Basavaraj Nayak,67,F
5192,6399,Pooja Reddy,24,F
5194,6403,Joseph Shetty,28,M
5196,6407,Pooja Reddy,65,F
5197,6409,Nagaraj Kumar,58,F
5199,6411,Nagaraj Iyengar,59,M
5201,6413,Lakshmi Nayak,50,M
5205,6417,Ashwini Bhat,36,F
5206,6419,Ravi Bhat,57,F
5207,6419,Anitha Prasad,13,M
5210,6425,Yashwanth Reddy,27,M
5211,6425,Joseph Kulkarni,26,F
5213,6427,Deepak Desai,42,F
5216,6431,Mary Reddy,21,F
5217,6431,Suresh Murthy,73,F
5218,6435,Manjunath Kumar,63,F
5219,6435,Yashwanth Hegde,20,F
5221,6437,Deepak Murthy,37,M
5224,6441,Bhavana Patil,68,F
5225,6441,Fatima Gowda,51,F
5228,6443,Joseph Kulkarni,62,F
5230,6445,Lakshmi Nayak,6,F
5231,6445,Girish Shetty,57,F
5233,6447,Shivakumar Hegde,16,M
5234,6447,Pooja Desai,21,F
5236,6449,Ashwini Bhat,15,F
5239,6451,Lakshmi Gowda,60,M
5241,6453,Manjunath Naik,5,F
5244,6457,Nagaraj Hegde,42,M
5248,6463,Lakshmi Prasad,70,M
5249,6463,Ravi Murthy,46,M
5250,6465,Nagaraj Reddy,58,F
5253,6469,Chetan Kulkarni,12,M
5256,6471,Ravi Patil,75,F
5257,6471,Nagaraj Bhat,69,M
5260,6473,Deepak Gowda,7,F
5263,6479,Basavaraj Bhat,33,F
5265,6481,Ashwini Nayak,10,M
5268,6483,Lakshmi Gowda,47,F
5272,6489,Chetan Gowda,11,M
5273,6491,Nagaraj Murthy,67,M
5275,6493,Joseph Prasad,23,M
5276,6493,Deepak Desai,11,F
5277,6495,Yashwanth Murthy,50,M
5278,6497,Girish Nayak,5,M
5280,6499,Ravi Patil,14,M
5282,6501,Bhavana Hegde,50,F
5283,6501,Imran Reddy,51,F
5286,6503,Deepak Naik,70,M
5289,6505,Suresh Desai,74,M
5290,6505,Rekha Kumar,31,F
5292,6507,Joseph Nayak,13,M
5293,6507,Chetan Iyengar,6,F
5295,6509,Girish Prasad,22,M
5297,6511,Ravi Murthy,45,F
5300,6513,Girish Bhat,9,M
5302,6515,Vinutha Shetty,34,F
5304,6517,Prakash Rao,70,M
5306,6519,Nagaraj Kulkarni,22,M
5308,6521,Lakshmi Prasad,12,F
5309,6521,Mary Patil,51,F
5311,6523,Anitha Rao,19,M
5313,6529,Ashwini Rao,56,M
5314,6529,Lakshmi Iyengar,25,M
5316,6535,Bhavana Nayak,60,M
5317,6535,Suresh Hegde,35,F
5324,6547,Girish Shetty,70,F
5326,6549,Pooja Nayak,14,F
5328,6551,Chetan Patil,30,M
5329,6551,Pooja Reddy,71,F
5332,6555,Lakshmi Naik,31,M
5333,6555,Ravi Nayak,31,F
5334,6557,Basavaraj Rao,5,M
5335,6557,Lakshmi Naik,69,F
5337,6559,Yashwanth Iyengar,74,F
5339,6565,Lakshmi Iyengar,27,F
5345,6571,Basavaraj Bhat,14,M
5348,6573,Ashwini Iyengar,58,M
5349,6573,Deepak Shetty,9,F
5354,6583,Shivakumar Gowda,10,F
5356,6587,Pooja Bhat,37,F
5357,6589,Deepak Kulkarni,11,F
5359,6593,Anitha Kulkarni,72,M
5362,6595,Vinutha Hegde,25,M
5368,6607,Imran Gowda,68,M
5371,6611,Bhavana Hegde,64,M
5375,6617,Fatima Rao,75,M
5378,6619,Suresh Prasad,63,F
5379,6619,Mary Gowda,26,F
5380,6621,Shivakumar Reddy,40,M
5382,6623,Anitha Gowda,65,F
5384,6625,Manjunath Iyengar,16,M
5385,6627,Yashwanth Kumar,65,M
5387,6629,Ashwini Hegde,64,M
5388,6633,Anitha Reddy,43,F
5389,6633,Fatima Iyengar,40,M
5391,6635,Imran Reddy,73,M
5392,6637,Fatima Hegde,71,M
5394,6639,Shivakumar Rao,16,F
5396,6641,Ashwini Patil,27,F
5398,6643,Lakshmi Nayak,21,F
5402,6649,Chetan Murthy,46,F
5403,6651,Lakshmi Desai,30,M
5404,6653,Basavaraj Prasad,35,F
5406,6657,Chetan Bhat,18,M
5408,6659,Ravi Iyengar,63,F
5409,6659,Joseph Nayak,15,M
5414,6665,Basavaraj Gowda,10,M
5416,6671,Fatima Kumar,9,F
5418,6679,Prakash Hegde,14,M
5420,6681,Yashwanth Gowda,63,F
5422,6683,Rekha Bhat,53,M
5424,6685,Ashwini Prasad,59,M
5425,6687,Chetan Shetty,19,M
5427,6689,Chetan Iyengar,12,M
5429,6691,Imran Nayak,65,M
5430,6691,Prakash Bhat,11,M
5432,6693,Anitha Kumar,24,F
5434,6695,Nagaraj Prasad,25,M
5435,6695,Prakash Desai,27,M
5442,6703,Nagaraj Iyengar,20,F
5445,6707,Yashwanth Reddy,37,F
5447,6711,Anitha Naik,65,M
5449,6713,Ravi Murthy,43,F
5451,6715,Basavaraj Desai,64,M
5452,6715,Manjunath Prasad,63,M
5456,6719,Mary Bhat,22,F
5457,6721,Ashwini Kulkarni,53,M
5458,6723,Ashwini Nayak,22,F
5459,6723,Ashwini Patil,47,M
5461,6725,Yashwanth Shetty,27,M
5462,6725,Shivakumar Rao,51,F
5463,6729,Ravi Bhat,13,M
5466,6733,Nagaraj Gowda,17,M
5467,6733,Shivakumar Kumar,13,F
5469,6735,Yashwanth Kulkarni,57,F
5470,6735,Joseph Gowda,19,F
5472,6737,Lakshmi Rao,54,M
5473,6739,Manjunath Gowda,72,M
5474,6741,Basavaraj Gowda,50,M
5476,6743,Suresh Kumar,17,M
5478,6745,Ashwini Desai,40,M
5480,6747,Nagaraj Patil,60,F
5482,6749,Mary Desai,31,F
5483,6749,Nagaraj Hegde,39,F
5484,6751,Manjunath Naik,66,M
5485,6751,Pooja Bhat,33,M
5487,6755,Yashwanth Kumar,53,M
5488,6757,Vinutha Patil,45,M
5490,6759,Mary Iyengar,33,F
5492,6761,Fatima Hegde,75,F
5496,6765,Anitha Patil,66,F
5498,6767,Chetan Gowda,42,M
5502,6773,Prakash Nayak,70,M
5503,6775,Girish Gowda,58,F
5505,6777,Pooja Prasad,50,F
5506,6779,Yashwanth Reddy,20,M
5507,6781,Ashwini Iyengar,38,F
5509,6783,Chetan Kulkarni,65,M
5510,6785,Fatima Patil,26,F
5513,6791,Chetan Hegde,60,F
5514,6791,Bhavana Gowda,36,M
5515,6793,Yashwanth Desai,5,M
5520,6799,Fatima Shetty,20,F
5522,6803,Ashwini Gowda,38,M
5525,6811,Manjunath Murthy,17,M
5526,6811,Girish Shetty,64,F
5528,6819,Ravi Kumar,8,F
5529,6821,Prakash Shetty,52,M
5531,6825,Rekha Shetty,55,M
5532,6827,Chetan Hegde,75,F
5533,6829,Basavaraj Kumar,67,F
5534,6829,Yashwanth Gowda,64,F
5535,6831,Fatima Shetty,16,F
5536,6833,Joseph Kumar,6,F
5538,6835,Pooja Desai,58,M
5544,6841,Deepak Bhat,65,M
5547,6843,Girish Prasad,27,F
5551,6847,Pooja Patil,8,F
5552,6847,Imran Prasad,27,M
5555,6851,Kiran Patil,40,F
5557,6853,Vinutha Shetty,67,M
5561,6857,Joseph Shetty,14,F
5564,6861,Yashwanth Prasad,9,F
5565,6861,Chetan Bhat,40,F
5567,6863,Fatima Hegde,47,F
5568,6863,Imran Patil,25,F
5570,6865,Yashwanth Iyengar,38,F
5571,6867,Anitha Desai,32,F
5574,6871,Ashwini Rao,62,F
5575,6871,Girish Prasad,25,M
5577,6873,Vinutha Kulkarni,56,F
5580,6875,Prakash Murthy,74,M
5581,6877,Deepak Patil,57,M
5582,6877,Imran Kulkarni,55,M
5583,6881,Mary Patil,25,F
5584,6883,Vinutha Rao,36,F
5585,6885,Vinutha Reddy,24,F
5587,6887,Joseph Naik,39,F
5588,6887,Vinutha Prasad,13,F
5589,6891,Kiran Murthy,36,M
5591,6893,Suresh Shetty,47,F
5593,6895,Pooja Kulkarni,50,M
5594,6895,Bhavana Murthy,31,F
5597,6901,Nagaraj Bhat,70,M
5598,6901,Vinutha Kumar,63,M
5602,6905,Manjunath Patil,35,F
5604,6907,Ravi Gowda,41,M
5605,6907,Rekha Kumar,19,M
5607,6909,Anitha Iyengar,38,M
5609,6911,Fatima Gowda,43,M
5611,6913,Joseph Bhat,71,F
5613,6917,Rekha Kulkarni,25,M
5614,6919,Suresh Kulkarni,49,M
5616,6923,Basavaraj Iyengar,34,F
5620,6929,Girish Reddy,12,F
5621,6931,Lakshmi Bhat,24,M
5622,6931,Fatima Kumar,55,M
5626,6935,Mary Hegde,31,F
5627,6937,Basavaraj Bhat,75,M
5633,6943,Ashwini Hegde,30,F
5634,6943,Bhavana Shetty,23,F
5635,6945,Pooja Gowda,15,M
5636,6945,Shivakumar Nayak,57,F
5642,6953,Suresh Patil,53,M
5644,6955,Yashwanth Prasad,11,F
5646,6957,Ravi Rao,24,F
5647,6957,Deepak Patil,36,F
5649,6959,Nagaraj Naik,31,M
5652,6963,Fatima Naik,20,F
5653,6965,Manjunath Reddy,69,M
5658,6975,Joseph Bhat,62,M
5659,6979,Kiran Kumar,74,F
5660,6981,Rekha Murthy,66,F
5661,6983,Ravi Desai,11,F
5663,6985,Ravi Kumar,69,F
5664,6987,Imran Prasad,64,M
5665,6989,Ashwini Kumar,35,F
5667,6991,Fatima Kulkarni,65,M
5668,6991,Prakash Kumar,17,M
5669,6993,Prakash Gowda,22,M
5672,6995,Rekha Hegde,18,M
5673,6995,Shivakumar Desai,32,F
5676,6997,Pooja Hegde,71,M
5678,6999,Ravi Patil,68,M
5679,7001,Bhavana Naik,36,F
5680,7001,Shivakumar Prasad,58,M
5683,7005,Yashwanth Kumar,60,M
5684,7005,Vinutha Desai,26,M
5686,7007,Basavaraj Shetty,37,F
5687,7007,Ashwini Iyengar,39,M
5688,7009,Joseph Shetty,37,F
5690,7011,Fatima Kulkarni,69,F
5691,7013,Anitha Kulkarni,10,F
5695,7019,Manjunath Iyengar,37,M
5696,7019,Joseph Rao,32,F
5699,7023,Anitha Murthy,69,F
5700,7025,Fatima Murthy,7,M
5703,7027,Rekha Kumar,53,M
5704,7027,Rekha Reddy,29,F
5705,7031,Prakash Rao,65,F
5708,7037,Shivakumar Gowda,38,M
5709,7037,Joseph Patil,9,F
5712,7039,Kiran Reddy,24,M
5713,7041,Imran Naik,21,F
5714,7043,Vinutha Desai,46,F
5716,7047,Basavaraj Hegde,75,F
5718,7049,Lakshmi Nayak,33,F
5719,7051,Rekha Patil,53,M
5720,7055,Fatima Nayak,32,M
5722,7059,Prakash Naik,62,M
5723,7059,Fatima Rao,31,F
5725,7069,Kiran Kulkarni,7,F
5727,7071,Girish Hegde,15,F
5729,7073,Ashwini Shetty,46,F
5732,7075,Ravi Nayak,47,F
5735,7077,Basavaraj Rao,62,M
5736,7077,Chetan Desai,68,F
5737,7079,Prakash Patil,46,F
5738,7081,Rekha Murthy,30,M
5740,7083,Prakash Shetty,70,M
5741,7083,Deepak Shetty,50,M
5747,7089,Pooja Patil,75,F
5749,7091,Pooja Hegde,57,F
5750,7093,Pooja Desai,31,F
5751,7093,Yashwanth Gowda,14,M
5754,7095,Basavaraj Patil,52,M
5756,7097,Anitha Hegde,53,M
5757,7099,Suresh Desai,21,F
5766,7109,Chetan Desai,10,M
5767,7109,Imran Kulkarni,26,F
5770,7113,Prakash Patil,39,M
5772,7117,Prakash Nayak,19,M
5775,7119,Prakash Hegde,29,F
5777,7121,Mary Patil,57,M
5778,7121,Basavaraj Bhat,12,M
5780,7123,Chetan Hegde,27,M
5785,7127,Chetan Prasad,11,M
5787,7133,Ashwini Nayak,8,M
5788,7133,Kiran Rao,31,F
5789,7135,Prakash Prasad,26,F
5792,7139,Prakash Hegde,6,F
5793,7139,Lakshmi Iyengar,67,M
5794,7143,Prakash Gowda,54,M
5795,7143,Yashwanth Hegde,75,F
5797,7145,Shivakumar Shetty,7,F
5799,7147,Rekha Hegde,58,M
5803,7155,Manjunath Iyengar,8,M
5804,7155,Nagaraj Gowda,19,F
5807,7157,Suresh Nayak,28,M
5809,7159,Girish Patil,53,F
5811,7161,Suresh Hegde,37,F
5814,7163,Nagaraj Naik,16,F
5815,7165,Nagaraj Bhat,65,F
5816,7165,Ashwini Prasad,63,F
5820,7171,Ashwini Naik,36,F
5821,7171,Prakash Iyengar,55,F
5823,7173,Fatima Prasad,55,M
5824,7173,Yashwanth Rao,46,F
5826,7175,Shivakumar Naik,24,M
5828,7177,Suresh Iyengar,19,F
5832,7181,Nagaraj Gowda,63,M
5834,7183,Shivakumar Kumar,69,M
5835,7183,Nagaraj Murthy,5,M
5837,7185,Suresh Naik,47,F
5839,7189,Manjunath Nayak,42,M
5842,7191,Ashwini Desai,25,F
5844,7195,Chetan Patil,35,F
5845,7195,Rekha Bhat,10,F
5847,7197,Shivakumar Prasad,38,F
5848,7197,Kiran Bhat,29,F
5851,7199,Girish Rao,17,F
5852,7201,Lakshmi Rao,37,M
5854,7203,Nagaraj Desai,38,F
5855,7203,Kiran Prasad,63,F
5857,7205,Deepak Rao,11,F
5859,7207,Lakshmi Shetty,31,M
5864,7215,Chetan Kulkarni,33,F
5868,7219,Imran Rao,71,M
5870,7221,Pooja Iyengar,41,F
5872,7227,Vinutha Iyengar,70,F
5874,7229,Rekha Rao,67,F
5876,7231,Ravi Kulkarni,73,M
5878,7233,Ashwini Nayak,41,F
5879,7233,Fatima Prasad,62,M
5881,7235,Basavaraj Reddy,44,F
5882,7235,Joseph Reddy,19,M
5884,7237,Lakshmi Kumar,40,M
5887,7241,Prakash Gowda,29,F
5890,7245,Manjunath Iyengar,19,F
5891,7245,Basavaraj Prasad,48,F
5892,7247,Chetan Kumar,16,F
5893,7247,Vinutha Prasad,17,F
5895,7249,Kiran Naik,38,F
5898,7251,Fatima Reddy,58,F
5899,7251,Anitha Murthy,6,M
5900,7253,Girish Hegde,68,F
5902,7255,Chetan Murthy,31,M
5905,7257,Imran Nayak,67,F
5908,7259,Girish Patil,49,F
5909,7259,Pooja Reddy,19,F
5911,7261,Yashwanth Iyengar,50,F
5912,7261,Suresh Shetty,68,F
5914,7263,Bhavana Kulkarni,47,M
5915,7263,Pooja Patil,23,M
5917,7265,Anitha Shetty,20,F
5918,7265,Prakash Shetty,50,M
5920,7267,Mary Rao,32,M
5922,7271,Kiran Murthy,70,M
5925,7273,Ravi Bhat,36,M
5928,7275,Kiran Nayak,27,F
5933,7281,Yashwanth Shetty,60,M
5935,7283,Chetan Desai,42,M
5936,7283,Kiran Gowda,74,F
5939,7287,Joseph Iyengar,71,M
5941,7289,Vinutha Nayak,65,F
5945,7295,Girish Rao,25,M
5947,7299,Mary Kulkarni,15,F
5948,7301,Kiran Bhat,25,F
5949,7301,Pooja Kumar,72,M
5951,7305,Girish Murthy,35,M
5952,7305,Vinutha Reddy,23,F
5958,7311,Ashwini Naik,47,M
5960,7313,Manjunath Patil,59,F
5966,7325,Lakshmi Iyengar,6,F
5969,7329,Joseph Nayak,40,F
5972,7331,Imran Gowda,21,M
5973,7333,Vinutha Kulkarni,66,F
5974,7333,Bhavana Patil,17,F
5975,7335,Girish Prasad,50,F
5978,7341,Kiran Prasad,65,M
5979,7343,Vinutha Iyengar,35,F
5980,7343,Ravi Prasad,10,F
5984,7347,Chetan Desai,41,F
5987,7351,Anitha Murthy,19,M
5988,7351,Girish Hegde,5,F
5989,7353,Manjunath Iyengar,31,M
5992,7355,Shivakumar Kulkarni,46,M
5993,7355,Anitha Murthy,21,M
5994,7357,Girish Kulkarni,59,F
6000,7367,Rekha Murthy,61,M
6004,7371,Nagaraj Hegde,47,F
6006,7375,Mary Kulkarni,75,M
6007,7375,Yashwanth Nayak,33,F
6008,7379,Prakash Naik,65,M
6009,7379,Rekha Iyengar,69,F
6011,7381,Pooja Kulkarni,60,F
6012,7381,Lakshmi Shetty,55,F
6015,7385,Bhavana Reddy,21,M
6016,7387,Manjunath Reddy,56,M
6018,7391,Suresh Bhat,59,F
6020,7393,Suresh Reddy,45,M
6021,7393,Basavaraj Shetty,30,M
6023,7395,Joseph Gowda,72,M
6025,7399,Ravi Iyengar,54,M
6028,7405,Bhavana Prasad,26,F
6033,7413,Imran Rao,21,F
6037,7421,Vinutha Iyengar,38,F
6039,7425,Kiran Rao,49,M
6040,7425,Imran Kumar,43,F
6042,7427,Basavaraj Prasad,24,M
6045,7429,Prakash Nayak,54,F
6047,7431,Ravi Kulkarni,70,F
6048,7433,Deepak Reddy,69,F
6049,7433,Deepak Bhat,41,M
6050,7437,Ashwini Nayak,43,M
6056,7445,Joseph Patil,44,M
6059,7449,Vinutha Kumar,22,F
6065,7459,Nagaraj Rao,18,F
6067,7461,Imran Patil,63,F
6068,7463,Ravi Prasad,23,F
6071,7465,Manjunath Murthy,52,F
6074,7469,Suresh Kumar,34,F
6077,7473,Anitha Shetty,18,M
6080,7477,Bhavana Nayak,22,M
6081,7477,Shivakumar Hegde,64,F
6083,7481,Vinutha Murthy,22,M
6084,7481,Suresh Reddy,70,M
6086,7483,Anitha Murthy,19,M
6088,7485,Lakshmi Naik,11,M
6091,7491,Prakash Reddy,29,F
6092,7491,Girish Rao,7,F
6094,7493,Lakshmi Shetty,15,F
6097,7495,Pooja Nayak,52,M
6098,7495,Anitha Reddy,55,M
6100,7497,Basavaraj Shetty,18,M
6102,7501,Suresh Patil,70,M
6104,7503,Anitha Desai,20,F
6106,7505,Rekha Naik,15,F
6108,7507,Imran Nayak,22,F
6109,7507,Yashwanth Shetty,32,F
6111,7509,Joseph Kulkarni,49,M
6113,7511,Joseph Patil,22,F
6116,7513,Suresh Iyengar,49,M
6117,7515,Suresh Reddy,17,M
6120,7519,Prakash Murthy,61,F
6123,7523,Imran Hegde,67,M
6124,7525,Lakshmi Naik,21,M
6125,7525,Shivakumar Gowda,56,M
6126,7527,Basavaraj Naik,64,F
6127,7527,Suresh Nayak,45,M
6128,7529,Nagaraj Shetty,52,F
6129,7529,Rekha Gowda,63,F
6130,7531,Basavaraj Desai,62,F
6131,7531,Pooja Kumar,61,F
6134,7533,Pooja Naik,6,M
6138,7539,Imran Kulkarni,40,F
6139,7539,Pooja Iyengar,64,F
6140,7541,Girish Iyengar,45,M
6141,7541,Shivakumar Patil,73,M
6143,7543,Manjunath Shetty,31,F
6144,7543,Nagaraj Murthy,48,F
6145,7545,Pooja Nayak,9,F
6148,7547,Kiran Patil,34,M
6151,7551,Shivakumar Murthy,15,F
6154,7557,Anitha Nayak,17,M
6155,7557,Prakash Shetty,43,F
6156,7559,Ravi Reddy,14,M
6158,7563,Mary Murthy,33,M
6161,7567,Ravi Iyengar,58,F
6163,7569,Nagaraj Hegde,47,M
6164,7569,Bhavana Naik,37,M
6165,7571,Girish Patil,73,M
6167,7575,Chetan Iyengar,19,M
6170,7579,Joseph Patil,15,M
6172,7581,Vinutha Patil,65,M
6174,7583,Kiran Reddy,57,F
6175,7585,Mary Murthy,60,M
6177,7587,Prakash Desai,34,F
6178,7587,Manjunath Shetty,15,M
6180,7589,Ravi Rao,58,F
6184,7593,Ashwini Hegde,75,F
6185,7595,Manjunath Desai,36,F
6186,7595,Deepak Hegde,41,M
6188,7597,Nagaraj Kulkarni,37,F
6191,7601,Vinutha Gowda,24,F
6192,7601,Kiran Gowda,13,M
6194,7605,Pooja Prasad,48,F
6196,7609,Yashwanth Bhat,32,F
6198,7611,Vinutha Naik,53,F
6199,7611,Yashwanth Bhat,10,F
6202,7617,Basavaraj Murthy,69,F
6204,7619,Bhavana Murthy,74,F
6205,7619,Bhavana Patil,26,M
6207,7621,Imran Patil,18,M
6210,7625,Deepak Naik,11,F
6211,7625,Chetan Bhat,68,F
6215,7629,Prakash Naik,33,F
6216,7629,Chetan Rao,51,F
6218,7631,Ashwini Hegde,38,M
6220,7633,Mary Prasad,42,F
6222,7635,Manjunath Reddy,16,F
6225,7637,Chetan Gowda,64,M
6226,7639,Basavaraj Murthy,64,F
6227,7641,Suresh Kulkarni,24,M
6229,7643,Rekha Bhat,70,M
6231,7645,Ravi Naik,8,F
6233,7647,Bhavana Prasad,56,F
6234,7649,Bhavana Nayak,40,M
6235,7651,Pooja Nayak,67,F
6236,7651,Vinutha Patil,64,M
6242,7665,Basavaraj Shetty,40,F
6245,7671,Basavaraj Hegde,14,M
6248,7673,Bhavana Reddy,63,F
6250,7677,Mary Desai,18,M
6252,7679,Ashwini Patil,49,M
6255,7683,Deepak Naik,27,M
6256,7683,Kiran Murthy,75,M
6258,7685,Yashwanth Naik,20,M
6259,7685,Yashwanth Iyengar,45,M
6262,7689,Nagaraj Shetty,61,M
6267,7693,Ashwini Reddy,69,M
6269,7695,Imran Rao,40,M
6270,7695,Vinutha Hegde,17,M
6272,7697,Pooja Bhat,71,F
6273,7701,Rekha Reddy,64,F
6275,7703,Nagaraj Desai,61,M
6276,7703,Girish Nayak,49,F
6278,7705,Vinutha Rao,58,M
6280,7707,Joseph Nayak,54,F
6281,7707,Bhavana Shetty,32,F
6283,7709,Basavaraj Shetty,20,F
6284,7711,Shivakumar Kulkarni,18,M
6286,7713,Girish Gowda,46,F
6287,7715,Vinutha Prasad,34,M
6288,7719,Manjunath Nayak,60,F
6289,7719,Bhavana Desai,20,F
6291,7721,Anitha Kumar,54,F
6294,7723,Lakshmi Patil,64,F
6296,7725,Chetan Desai,40,F
6297,7725,Prakash Kumar,68,M
6298,7729,Bhavana Iyengar,13,F
6299,7729,Fatima Reddy,14,M
6306,7737,Prakash Rao,63,M
6309,7741,Suresh Gowda,52,M
6310,7743,Manjunath Kulkarni,10,M
6314,7753,Rekha Naik,67,M
6316,7755,Yashwanth Patil,6,F
6317,7755,Pooja Bhat,29,F
6319,7757,Lakshmi Gowda,8,M
6322,7761,Chetan Naik,5,M
6323,7761,Vinutha Rao,31,F
6324,7763,Bhavana Gowda,46,F
6329,7769,Joseph Prasad,9,F
6330,7771,Deepak Desai,24,M
6334,7775,Fatima Iyengar,35,F
6335,7777,Ashwini Gowda,25,M
6338,7779,Kiran Patil,48,F
6340,7781,Anitha Bhat,14,M
6341,7785,Yashwanth Iyengar,66,F
6342,7785,Chetan Kumar,34,F
6348,7795,Kiran Reddy,7,M
6353,7803,Pooja Hegde,65,M
6356,7807,Shivakumar Patil,67,F
6358,7809,Kiran Hegde,54,F
6359,7809,Prakash Reddy,27,M
6360,7811,Chetan Shetty,8,M
6361,7813,Bhavana Iyengar,53,F
6362,7813,Anitha Rao,12,M
6366,7817,Manjunath Shetty,51,M
6369,7819,Lakshmi Shetty,70,F
6372,7823,Bhavana Murthy,29,M
6373,7827,Yashwanth Naik,35,F
6375,7829,Fatima Reddy,25,M
6376,7829,Rekha Naik,62,F
6377,7831,Pooja Iyengar,75,M
6380,7833,Imran Murthy,21,M
6381,7833,Ravi Murthy,36,M
6382,7835,Prakash Kumar,25,M
6385,7837,Deepak Reddy,56,M
6386,7839,Basavaraj Prasad,42,M
6387,7841,Vinutha Iyengar,73,F
6390,7845,Chetan Iyengar,23,F
6393,7847,Pooja Kumar,27,M
6394,7847,Basavaraj Shetty,9,F
6396,7849,Suresh Bhat,6,M
6397,7849,Rekha Bhat,27,M
6399,7851,Pooja Murthy,52,F
6401,7853,Lakshmi Rao,62,F
6403,7855,Ashwini Reddy,75,M
6404,7855,Deepak Hegde,20,M
6405,7857,Ashwini Shetty,53,M
6408,7859,Girish Iyengar,49,M
6409,7861,Nagaraj Reddy,54,M
6411,7865,Basavaraj Prasad,72,F
6414,7871,Suresh Naik,52,F
6416,7873,Manjunath Nayak,71,M
6417,7873,Ashwini Shetty,18,F
6419,7875,Ravi Naik,40,M
6420,7877,Deepak Iyengar,60,M
6423,7881,Manjunath Murthy,62,F
6425,7883,Shivakumar Gowda,30,M
6426,7883,Manjunath Bhat,8,F
6427,7885,Fatima Shetty,63,M
6430,7887,Vinutha Iyengar,28,F
6432,7889,Yashwanth Patil,56,F
6435,7893,Kiran Desai,13,F
6436,7895,Bhavana Reddy,59,M
6438,7899,Chetan Hegde,28,M
6440,7901,Pooja Shetty,60,M
6441,7901,Mary Shetty,47,M
6444,7903,Anitha Murthy,66,F
6445,7903,Deepak Reddy,17,M
6449,7911,Lakshmi Desai,50,F
6451,7915,Kiran Prasad,31,M
6453,7919,Bhavana Reddy,22,M
6456,7921,Imran Prasad,74,F
6459,7923,Vinutha Patil,36,F
6461,7927,Fatima Kumar,71,F
6465,7931,Girish Bhat,67,M
6467,7933,Bhavana Rao,56,M
6470,7941,Girish Gowda,63,F
6471,7945,Nagaraj Hegde,17,M
6473,7947,Nagaraj Kumar,50,F
6475,7949,Pooja Reddy,26,F
6476,7951,Shivakumar Desai,56,M
6478,7955,Lakshmi Naik,71,F
6481,7957,Girish Gowda,26,F
6482,7957,Mary Patil,29,M
6484,7961,Vinutha Murthy,68,F
6487,7963,Rekha Desai,6,F
6489,7965,Rekha Murthy,58,F
6491,7967,Fatima Gowda,35,M
6495,7973,Ashwini Murthy,50,F
6496,7973,Basavaraj Kumar,44,F
6499,7975,Pooja Gowda,65,M
6502,7977,Yashwanth Hegde,20,M
6503,7977,Basavaraj Bhat,59,M
6504,7979,Vinutha Rao,62,F
6506,7981,Yashwanth Naik,47,F
6508,7983,Girish Shetty,50,F
6510,7985,Ashwini Murthy,54,F
6514,7989,Deepak Desai,72,M
6516,7991,Rekha Nayak,48,M
6517,7991,Manjunath Prasad,8,F
6518,7993,Joseph Reddy,6,F
6520,7995,Yashwanth Rao,51,F
6521,7997,Suresh Desai,61,F
6525,8005,Rekha Prasad,26,F
6526,8005,Deepak Murthy,32,F
6528,8009,Basavaraj Naik,25,F
6529,8009,Shivakumar Shetty,45,M
6531,8011,Deepak Shetty,39,M
6536,8015,Rekha Patil,13,M
6538,8017,Pooja Iyengar,21,F
6539,8019,Vinutha Iyengar,37,F
6540,8019,Vinutha Bhat,40,F
6542,8021,Vinutha Bhat,73,M
6546,8029,Girish Prasad,46,F
6547,8031,Ashwini Hegde,28,M
6549,8033,Pooja Iyengar,15,F
6551,8037,Basavaraj Iyengar,57,M
6552,8039,Pooja Kulkarni,59,F
6553,8039,Basavaraj Gowda,12,M
6554,8041,Joseph Prasad,52,M
6556,8045,Yashwanth Kumar,6,F
6558,8049,Shivakumar Iyengar,68,M
6560,8051,Mary Patil,49,F
6562,8055,Prakash Naik,60,M
6564,8057,Anitha Shetty,67,F
6565,8059,Nagaraj Hegde,66,F
6566,8061,Imran Shetty,69,M
6568,8063,Imran Naik,51,M
6569,8065,Prakash Rao,16,M
6570,8067,Girish Murthy,36,M
6575,8073,Kiran Kumar,40,M
6578,8081,Shivakumar Kulkarni,24,M
6580,8085,Imran Kulkarni,33,F
6581,8085,Deepak Murthy,21,F
6584,8087,Bhavana Rao,73,F
6586,8089,Girish Hegde,46,M
6587,8089,Suresh Hegde,50,F
6591,8093,Yashwanth Bhat,66,F
6593,8095,Ravi Gowda,6,M
6595,8097,Imran Shetty,14,M
6596,8097,Fatima Prasad,43,M
6598,8099,Anitha Nayak,14,F
6600,8101,Mary Prasad,47,F
6601,8101,Lakshmi Patil,19,M
6602,8103,Anitha Hegde,50,F
6603,8105,Deepak Bhat,58,M
6605,8107,Pooja Kulkarni,14,F
6608,8109,Mary Bhat,27,M
6610,8111,Lakshmi Reddy,46,F
6612,8115,Ashwini Bhat,60,F
6614,8117,Anitha Naik,72,F
6616,8121,Pooja Prasad,73,M
6618,8123,Vinutha Desai,20,M
6621,8125,Anitha Kulkarni,52,M
6624,8127,Vinutha Nayak,28,F
6627,8131,Bhavana Bhat,72,F
6628,8133,Ravi Hegde,61,M
6631,8135,Fatima Kulkarni,53,M
6633,8137,Girish Gowda,62,M
6635,8139,Ashwini Desai,12,F
6637,8141,Nagaraj Patil,47,F
6638,8141,Yashwanth Reddy,24,M
6641,8145,Ashwini Nayak,37,M
6643,8149,Imran Naik,70,M
6644,8151,Suresh Hegde,61,F
6646,8153,Rekha Reddy,55,F
6649,8159,Lakshmi Iyengar,60,M
6650,8161,Pooja Gowda,53,F
6653,8165,Chetan Shetty,75,M
6657,8171,Shivakumar Bhat,46,F
6660,8173,Anitha Iyengar,67,M
6662,8175,Girish Murthy,54,M
6664,8179,Manjunath Bhat,47,F
6668,8183,Shivakumar Reddy,19,F
6670,8185,Nagaraj Murthy,13,M
6672,8189,Ashwini Kumar,42,F
6673,8189,Kiran Shetty,10,M
6675,8197,Girish Reddy,47,F
6676,8197,Pooja Prasad,48,F
6678,8201,Nagaraj Kulkarni,29,F
6679,8201,Nagaraj Nayak,55,M
6680,8205,Joseph Naik,38,M
6684,8211,Rekha Kulkarni,24,M
6685,8213,Basavaraj Hegde,56,M
6686,8215,Pooja Nayak,61,F
6688,8217,Chetan Kumar,16,M
6691,8221,Pooja Kumar,56,F
6692,8223,Basavaraj Rao,11,M
6694,8225,Suresh Rao,51,F
6695,8225,Fatima Desai,66,M
6696,8227,Fatima Reddy,28,M
6698,8229,Suresh Murthy,29,M
6702,8233,Shivakumar Reddy,21,F
6705,8235,Prakash Gowda,62,M
6707,8241,Lakshmi Kumar,71,F
6708,8243,Girish Prasad,75,M
6713,8249,Suresh Rao,74,F
6714,8249,Lakshmi Kulkarni,66,M
6716,8251,Chetan Gowda,73,F
6719,8255,Basavaraj Rao,31,M
6721,8257,Shivakumar Shetty,26,M
6722,8261,Girish Shetty,34,M
6723,8261,Joseph Murthy,64,F
6726,8263,Yashwanth Desai,42,M
6727,8265,Ravi Desai,68,M
6729,8267,Chetan Gowda,11,M
6731,8269,Suresh Bhat,73,M
6732,8269,Vinutha Reddy,67,M
6733,8271,Lakshmi Shetty,28,M
6736,8273,Ashwini Iyengar,73,M
6737,8275,Imran Rao,42,F
6739,8279,Joseph Bhat,12,F
6741,8281,Ravi Hegde,56,F
6743,8283,Nagaraj Shetty,28,M
6744,8285,Mary Prasad,71,M
6745,8287,Fatima Hegde,65,F
6747,8291,Ravi Bhat,10,M
6750,8295,Girish Iyengar,74,M
6751,8295,Manjunath Shetty,14,F
6754,8299,Joseph Desai,39,F
6756,8301,Shivakumar Desai,45,F
6758,8305,Prakash Reddy,74,F
6759,8307,Kiran Murthy,69,M
6761,8309,Fatima Gowda,39,F
6765,8315,Vinutha Shetty,68,M
6766,8317,Prakash Iyengar,58,M
6768,8319,Yashwanth Reddy,15,M
6770,8321,Nagaraj Nayak,57,M
6773,8325,Mary Desai,30,F
6774,8325,Nagaraj Murthy,26,F
6780,8335,Nagaraj Kulkarni,70,M
6782,8337,Pooja Patil,75,M
6784,8339,Pooja Naik,49,M
6787,8341,Rekha Kulkarni,71,F
6788,8341,Basavaraj Rao,41,M
6790,8343,Ravi Shetty,60,F
6792,8345,Bhavana Shetty,53,F
6796,8349,Anitha Hegde,66,M
6798,8353,Imran Desai,20,M
6799,8353,Rekha Reddy,56,M
6803,8359,Bhavana Hegde,29,F
6805,8361,Ravi Shetty,45,M
6806,8363,Chetan Bhat,21,F
6808,8365,Ravi Murthy,37,M
6812,8371,Shivakumar Iyengar,38,M
6814,8373,Manjunath Reddy,40,F
6816,8375,Lakshmi Shetty,23,M
6818,8377,Yashwanth Kumar,53,F
6820,8381,Chetan Bhat,65,F
6821,8383,Imran Gowda,5,M
6822,8383,Chetan Desai,50,F
6824,8385,Lakshmi Murthy,15,M
6825,8387,Pooja Desai,20,M
6826,8389,Nagaraj Kumar,35,M
6827,8391,Manjunath Gowda,9,M
6828,8391,Lakshmi Reddy,31,F
6831,8393,Rekha Gowda,23,F
6835,8399,Suresh Kulkarni,56,F
6836,8401,Rekha Kumar,50,M
6837,8401,Ashwini Hegde,30,F
6839,8403,Bhavana Kumar,40,M
6840,8403,Manjunath Hegde,21,M
6842,8405,Suresh Rao,22,M
6846,8411,Rekha Iyengar,12,M
6848,8413,Rekha Reddy,13,F
6850,8415,Suresh Gowda,23,F
6852,8417,Pooja Gowda,68,F
6854,8421,Pooja Shetty,12,F
6856,8427,Lakshmi Murthy,28,F
6857,8427,Rekha Gowda,75,M
6858,8433,Pooja Kulkarni,24,M
6860,8439,Manjunath Reddy,65,M
6861,8441,Vinutha Murthy,27,F
6863,8447,Manjunath Murthy,56,F
6865,8449,Yashwanth Prasad,74,F
6868,8453,Nagaraj Kumar,8,F
6870,8455,Deepak Bhat,23,M
6871,8455,Ravi Shetty,56,F
6874,8459,Anitha Naik,45,F
6875,8459,Yashwanth Bhat,61,M
6881,8467,Girish Gowda,67,F
6882,8469,Anitha Reddy,31,F
6885,8471,Anitha Desai,11,M
6887,8473,Yashwanth Naik,37,M
6888,8473,Pooja Reddy,65,M
6890,8475,Suresh Prasad,6,M
6893,8479,Suresh Naik,49,M
6894,8479,Rekha Murthy,40,F
6896,8481,Ravi Kumar,69,F
6898,8483,Ravi Reddy,34,M
6900,8485,Mary Kulkarni,38,F
6904,8489,Shivakumar Nayak,57,F
6907,8495,Kiran Nayak,50,M
6908,8495,Shivakumar Prasad,38,F
6912,8499,Mary Hegde,25,M
6914,8501,Prakash Murthy,22,F
6915,8503,Fatima Shetty,5,F
6917,8505,Ravi Prasad,54,F
6918,8505,Fatima Prasad,69,M
6922,8509,Suresh Murthy,10,M
6923,8509,Shivakumar Kulkarni,5,M
6925,8511,Ravi Hegde,32,M
6927,8515,Suresh Hegde,26,F
6928,8515,Girish Iyengar,69,F
6930,8517,Bhavana Bhat,12,F
6931,8521,Pooja Bhat,57,F
6932,8521,Nagaraj Desai,66,F
6933,8523,Anitha Gowda,71,F
6938,8529,Bhavana Hegde,7,M
6939,8529,Rekha Naik,69,M
6941,8531,Rekha Gowda,46,F
6944,8533,Manjunath Desai,42,F
6947,8537,Kiran Patil,44,F
6948,8541,Vinutha Murthy,57,M
6950,8545,Chetan Nayak,59,F
6951,8545,Manjunath Kulkarni,50,M
6956,8551,Prakash Kulkarni,28,M
6957,8553,Fatima Nayak,65,F
6959,8557,Ravi Kulkarni,63,F
6961,8559,Ravi Bhat,7,M
6962,8561,Manjunath Desai,12,M
6966,8567,Prakash Hegde,27,F
6968,8571,Imran Nayak,31,F
6970,8575,Bhavana Nayak,41,F
6971,8575,Girish Reddy,15,M
6973,8577,Ravi Shetty,13,M
6975,8579,Basavaraj Iyengar,75,F
6978,8585,Imran Patil,20,M
6979,8585,Suresh Kulkarni,44,M
6980,8589,Bhavana Hegde,41,F
6981,8591,Mary Naik,28,F
6982,8593,Prakash Desai,53,F
6983,8593,Nagaraj Kulkarni,10,M
6989,8603,Vinutha Murthy,42,F
6990,8605,Fatima Gowda,58,F
6991,8605,Lakshmi Murthy,73,M
6992,8607,Kiran Kulkarni,65,M
6994,8609,Manjunath Kumar,18,M
6996,8611,Rekha Rao,44,F
6998,8613,Prakash Naik,32,M
6999,8615,Lakshmi Patil,71,M
7000,8617,Anitha Hegde,44,F
7001,8617,Prakash Murthy,11,M
7003,8619,Mary Patil,62,F
7004,8619,Pooja Shetty,58,M
7007,8621,Imran Murthy,24,F
7008,8621,Bhavana Gowda,74,F
7011,8623,Manjunath Iyengar,13,F
7012,8623,Fatima Murthy,29,M
7015,8627,Mary Naik,43,M
7019,8633,Kiran Iyengar,22,M
7020,8635,Shivakumar Gowda,17,M
7025,8645,Imran Iyengar,74,F
7027,8649,Anitha Reddy,28,M
7029,8651,Rekha Hegde,17,M
7034,8655,Rekha Iyengar,11,M
7038,8659,Anitha Murthy,73,F
7042,8663,Yashwanth Hegde,67,M
7043,8663,Lakshmi Prasad,64,F
7047,8673,Joseph Rao,18,F
7048,8675,Ravi Murthy,20,F
7050,8677,Deepak Gowda,57,F
7051,8677,Kiran Gowda,32,M
7053,8679,Imran Shetty,33,F
7055,8683,Basavaraj Naik,16,F
7057,8685,Girish Desai,36,M
7060,8687,Fatima Iyengar,71,M
7064,8691,Rekha Hegde,66,M
7065,8691,Deepak Rao,28,M
7068,8693,Fatima Nayak,64,M
7071,8695,Shivakumar Naik,13,F
7076,8699,Prakash Prasad,72,F
7078,8701,Ravi Desai,17,F
7079,8705,Imran Rao,55,M
7081,8707,Lakshmi Kumar,69,F
7082,8707,Rekha Gowda,69,F
7084,8709,Yashwanth Hegde,39,F
7086,8711,Vinutha Shetty,70,M
7087,8711,Fatima Patil,73,M
7088,8713,Anitha Patil,10,F
7091,8715,Rekha Murthy,14,F
7094,8719,Joseph Hegde,75,M
7098,8725,Pooja Gowda,52,F
7099,8725,Ashwini Hegde,15,F
7101,8727,Pooja Kulkarni,35,M
7102,8729,Chetan Kulkarni,39,F
7103,8729,Suresh Desai,70,F
7105,8733,Anitha Rao,19,M
7108,8737,Yashwanth Shetty,40,F
7109,8741,Basavaraj Kumar,51,M
7111,8743,Lakshmi Prasad,15,F
7114,8747,Ashwini Iyengar,52,F
7116,8749,Ravi Prasad,30,M
7117,8749,Rekha Bhat,14,M
7118,8751,Yashwanth Reddy,41,F
7119,8753,Joseph Nayak,75,M
7120,8753,Vinutha Patil,39,M
7122,8755,Pooja Rao,22,F
7125,8757,Ravi Patil,74,F
7126,8759,Basavaraj Murthy,20,F
7129,8765,Imran Shetty,43,F
7130,8765,Basavaraj Desai,57,M
7132,8769,Girish Bhat,9,F
7134,8771,Chetan Gowda,71,M
7135,8773,Fatima Shetty,65,M
7138,8775,Basavaraj Patil,65,M
7139,8777,Yashwanth Reddy,35,M
7141,8781,Joseph Patil,57,F
7144,8785,Ravi Nayak,29,M
7145,8787,Imran Shetty,41,M
7147,8791,Pooja Reddy,31,F
7150,8795,Vinutha Kulkarni,37,F
7151,8795,Joseph Gowda,75,M
7153,8801,Ravi Patil,17,F
7154,8801,Mary Kulkarni,42,F
7156,8805,Lakshmi Kulkarni,15,F
7158,8809,Yashwanth Kulkarni,43,M
7160,8811,Imran Prasad,63,M
7161,8813,Lakshmi Patil,41,M
7163,8815,Manjunath Hegde,11,F
7164,8815,Lakshmi Rao,10,F
7166,8817,Ashwini Rao,69,F
7168,8819,Suresh Hegde,74,F
7171,8821,Fatima Naik,47,F
7173,8823,Manjunath Bhat,34,F
7175,8825,Ravi Murthy,34,F
7176,8827,Fatima Bhat,66,M
7177,8827,Pooja Patil,75,F
7179,8829,Kiran Patil,60,F
7183,8833,Prakash Naik,44,M
7184,8835,Girish Gowda,55,F
7186,8837,Suresh Rao,48,F
7187,8837,Mary Prasad,59,F
7190,8843,Vinutha Naik,22,F
7191,8843,Imran Hegde,19,M
7193,8849,Ravi Rao,18,F
7195,8851,Deepak Kulkarni,72,M
7196,8853,Kiran Shetty,68,F
7197,8855,Prakash Rao,51,F
7198,8855,Chetan Shetty,27,F
7200,8857,Joseph Kulkarni,25,M
7202,8861,Nagaraj Shetty,13,F
7205,8863,Manjunath Murthy,10,F
7207,8867,Kiran Reddy,39,F
7209,8869,Rekha Rao,64,F
7212,8871,Girish Hegde,58,F
7213,8871,Ravi Nayak,17,F
7214,8873,Imran Rao,69,M
7216,8875,Shivakumar Kumar,47,F
7217,8875,Vinutha Kumar,67,M
7219,8879,Kiran Bhat,59,M
7220,8879,Yashwanth Rao,69,F
7222,8883,Rekha Gowda,39,F
7225,8885,Imran Nayak,66,M
7226,8885,Joseph Hegde,71,M
7228,8887,Girish Kulkarni,5,F
7231,8891,Vinutha Shetty,29,F
7236,8899,Lakshmi Gowda,26,M
7239,8903,Mary Prasad,31,M
7241,8907,Basavaraj Shetty,27,M
7242,8909,Nagaraj Rao,42,M
7243,8909,Deepak Murthy,10,M
7245,8913,Yashwanth Iyengar,65,M
7246,8915,Joseph Naik,18,M
7248,8917,Lakshmi Iyengar,36,M
7251,8921,Chetan Desai,62,F
7252,8921,Bhavana Kumar,36,F
7259,8929,Ashwini Patil,31,M
7261,8931,Anitha Desai,47,M
7263,8933,Manjunath Murthy,29,F
7264,8935,Imran Patil,73,M
7265,8935,Manjunath Naik,27,F
7267,8937,Lakshmi Iyengar,8,F
7270,8941,Ashwini Shetty,25,F
7274,8947,Girish Gowda,46,M
7277,8949,Fatima Bhat,39,M
7280,8953,Ashwini Desai,13,M
7283,8957,Vinutha Rao,58,F
7284,8959,Shivakumar Desai,45,M
7287,8963,Shivakumar Patil,34,M
7289,8965,Yashwanth Rao,50,M
7292,8967,Deepak Murthy,41,F
7294,8969,Vinutha Iyengar,24,F
7296,8971,Basavaraj Desai,14,F
7297,8971,Vinutha Reddy,35,F
7300,8973,Deepak Murthy,13,M
7306,8981,Suresh Bhat,21,F
7309,8983,Basavaraj Naik,40,M
7312,8985,Pooja Iyengar,57,F
7315,8989,Ravi Naik,24,F
7316,8991,Vinutha Desai,40,M
7317,8993,Manjunath Desai,26,F
7319,8995,Vinutha Reddy,21,F
7320,8997,Vinutha Gowda,34,F
7322,8999,Joseph Desai,13,F
7324,9003,Kiran Reddy,67,M
7327,9007,Ashwini Murthy,18,F
7329,9009,Deepak Shetty,20,F
7330,9011,Ashwini Kumar,68,M
7332,9013,Bhavana Murthy,55,M
7334,9015,Rekha Prasad,53,F
7335,9015,Ashwini Prasad,61,M
7336,9017,Rekha Patil,37,F
7338,9019,Manjunath Gowda,6,M
7344,9027,Nagaraj Kulkarni,37,M
7346,9029,Mary Prasad,33,M
7347,9029,Lakshmi Patil,49,M
7349,9035,Nagaraj Kulkarni,49,F
7353,9039,Suresh Kulkarni,38,F
7355,9041,Deepak Kulkarni,36,M
7356,9041,Deepak Prasad,52,M
7357,9043,Chetan Hegde,32,F
7360,9047,Ravi Rao,34,F
7362,9049,Imran Kumar,19,M
7363,9051,Prakash Murthy,26,F
7365,9057,Prakash Kulkarni,37,F
7366,9057,Joseph Shetty,34,F
7368,9059,Deepak Desai,7,M
7369,9059,Chetan Rao,70,M
7371,9061,Suresh Bhat,60,F
7373,9063,Ashwini Hegde,59,F
7377,9069,Joseph Rao,5,F
7378,9069,Yashwanth Patil,60,F
7380,9075,Rekha Desai,14,M
7382,9077,Shivakumar Nayak,55,M
7384,9079,Prakash Kumar,37,F
7386,9081,Mary Gowda,52,M
7388,9083,Chetan Kumar,22,M
7390,9085,Rekha Hegde,49,F
7391,9085,Pooja Rao,68,M
7393,9087,Nagaraj Kulkarni,33,F
7395,9089,Joseph Rao,25,F
7396,9089,Vinutha Rao,28,M
7398,9091,Rekha Kumar,66,M
7400,9095,Manjunath Murthy,23,M
7401,9095,Pooja Bhat,73,M
7403,9097,Girish Bhat,51,F
7404,9097,Manjunath Desai,21,M
7405,9099,Manjunath Desai,25,F
7406,9099,Girish Kumar,68,F
7408,9101,Shivakumar Rao,24,F
7414,9113,Deepak Kulkarni,42,M
7415,9115,Chetan Reddy,41,F
7419,9121,Suresh Kumar,32,F
7421,9123,Deepak Shetty,37,M
7422,9123,Ashwini Prasad,69,M
7423,9127,Bhavana Shetty,68,M
7424,9127,Fatima Naik,7,F
7426,9129,Prakash Murthy,12,M
7427,9131,Chetan Prasad,74,F
7428,9133,Bhavana Kulkarni,49,F
7430,9135,Joseph Murthy,14,F
7431,9139,Ashwini Kulkarni,6,F
7432,9139,Fatima Iyengar,71,F
7433,9141,Bhavana Patil,41,F
7435,9145,Ravi Kulkarni,38,F
7436,9147,Bhavana Rao,23,F
7438,9149,Vinutha Reddy,21,F
7442,9153,Deepak Kumar,48,M
7443,9153,Deepak Bhat,19,F
7444,9155,Deepak Kumar,47,M
7445,9157,Prakash Iyengar,70,M
7448,9165,Bhavana Murthy,29,M
7450,9167,Nagaraj Reddy,21,M
7454,9171,Deepak Hegde,64,M
7455,9175,Pooja Desai,44,M
7457,9177,Chetan Naik,28,F
7460,9179,Prakash Kulkarni,11,M
7462,9183,Girish Murthy,16,M
7463,9183,Rekha Reddy,37,M
7465,9187,Nagaraj Prasad,65,M
7466,9187,Fatima Iyengar,19,F
7468,9189,Suresh Desai,21,M
7469,9189,Rekha Iyengar,18,F
7471,9193,Suresh Reddy,32,M
7479,9201,Girish Prasad,42,F
7481,9203,Chetan Hegde,14,F
7483,9205,Basavaraj Rao,19,F
7484,9207,Ravi Rao,38,M
7487,9211,Bhavana Bhat,34,M
7489,9213,Rekha Murthy,9,M
7490,9215,Shivakumar Rao,24,F
7493,9217,Mary Bhat,47,F
7494,9217,Rekha Hegde,57,M
7496,9219,Deepak Gowda,61,F
7497,9219,Joseph Kulkarni,42,M
7499,9223,Nagaraj Desai,57,M
7501,9225,Vinutha Desai,10,F
7504,9227,Mary Patil,54,F
7506,9229,Vinutha Iyengar,59,F
7507,9233,Shivakumar Patil,64,M
7508,9235,Nagaraj Gowda,69,F
7509,9235,Anitha Iyengar,38,M
7513,9241,Fatima Bhat,72,F
7514,9243,Prakash Hegde,48,M
7515,9243,Anitha Murthy,59,F
7518,9245,Mary Hegde,18,F
7519,9247,Prakash Iyengar,61,M
7522,9251,Yashwanth Gowda,61,F
7524,9253,Shivakumar Kulkarni,55,F
7525,9253,Suresh Bhat,27,M
7527,9255,Rekha Shetty,29,F
7528,9257,Joseph Gowda,46,F
7530,9261,Kiran Nayak,53,M
7531,9261,Girish Bhat,47,M
7533,9263,Yashwanth Desai,47,F
7534,9263,Prakash Iyengar,49,M
7536,9265,Shivakumar Rao,22,M
7538,9269,Shivakumar Desai,43,M
7539,9269,Girish Reddy,63,M
7542,9271,Basavaraj Reddy,51,F
7543,9275,Lakshmi Rao,69,F
7545,9281,Imran Naik,9,F
7546,9283,Bhavana Hegde,39,F
7549,9291,Bhavana Kumar,73,F
7551,9295,Ashwini Patil,20,M
7553,9299,Kiran Shetty,61,F
7554,9301,Vinutha Prasad,59,M
7556,9303,Imran Rao,50,M
7560,9309,Suresh Shetty,10,M
7561,9311,Girish Rao,59,F
7565,9315,Manjunath Naik,36,F
7566,9317,Fatima Iyengar,6,M
7570,9321,Imran Kulkarni,66,F
7573,9325,Rekha Gowda,59,M
7575,9329,Girish Hegde,69,F
7576,9329,Nagaraj Patil,69,M
7580,9333,Imran Shetty,52,M
7582,9335,Imran Iyengar,29,F
7583,9335,Shivakumar Bhat,39,M
7585,9337,Shivakumar Rao,57,F
7586,9337,Chetan Naik,72,M
7588,9339,Joseph Rao,55,F
7593,9345,Bhavana Rao,16,F
7594,9347,Ashwini Hegde,60,F
7595,9349,Vinutha Naik,63,F
7596,9349,Deepak Nayak,70,F
7597,9351,Pooja Murthy,48,M
7600,9355,Pooja Iyengar,44,M
7601,9357,Ashwini Hegde,36,F
7602,9359,Mary Rao,5,M
7604,9363,Kiran Kulkarni,44,M
7609,9367,Girish Kumar,64,M
7610,9367,Suresh Bhat,44,F
7615,9377,Yashwanth Kulkarni,19,M
7617,9379,Ravi Iyengar,5,F
7618,9383,Chetan Shetty,33,M
7623,9391,Anitha Prasad,54,F
7625,9395,Pooja Kumar,71,F
7626,9395,Manjunath Nayak,33,M
7629,9397,Nagaraj Murthy,45,M
7630,9397,Kiran Gowda,48,F
7632,9399,Kiran Shetty,7,M
7633,9399,Manjunath Reddy,25,M
7635,9401,Girish Murthy,33,F
7636,9401,Anitha Gowda,58,F
7639,9405,Vinutha Bhat,67,M
7640,9407,Kiran Iyengar,32,M
7641,9407,Joseph Reddy,19,M
7644,9409,Kiran Reddy,37,M
7647,9417,Joseph Hegde,10,F
7648,9419,Chetan Naik,74,F
7651,9423,Fatima Shetty,45,F
7653,9425,Manjunath Kumar,52,M
7655,9427,Mary Murthy,62,M
7657,9429,Vinutha Nayak,72,F
7659,9431,Manjunath Kumar,20,M
7661,9433,Ravi Murthy,12,F
7663,9435,Nagaraj Kumar,19,M
7664,9437,Suresh Kulkarni,18,F
7669,9441,Lakshmi Prasad,60,F
7671,9443,Girish Shetty,56,M
7673,9447,Vinutha Nayak,53,M
7675,9449,Pooja Patil,69,M
7677,9451,Anitha Bhat,18,F
7679,9455,Imran Desai,11,F
7680,9459,Lakshmi Naik,66,F
7682,9461,Chetan Rao,15,F
7683,9463,Suresh Naik,75,F
7684,9465,Manjunath Kumar,53,F
7685,9467,Manjunath Bhat,58,M
7688,9471,Manjunath Gowda,31,F
7690,9475,Suresh Iyengar,61,F
7691,9479,Mary Gowda,10,F
7692,9481,Lakshmi Patil,46,F
7693,9483,Rekha Reddy,64,M
7696,9485,Anitha Iyengar,75,F
7698,9487,Prakash Patil,71,M
7700,9489,Suresh Shetty,31,F
7701,9491,Chetan Kumar,36,M
7703,9493,Ashwini Kulkarni,22,F
7705,9495,Chetan Iyengar,10,M
7706,9495,Mary Desai,49,M
7708,9497,Suresh Prasad,26,M
7709,9497,Mary Gowda,50,M
7714,9503,Prakash Nayak,27,M
7715,9503,Joseph Patil,42,F
7717,9505,Ravi Patil,43,M
7719,9509,Imran Kumar,8,M
7721,9511,Chetan Hegde,28,F
7723,9513,Nagaraj Bhat,64,F
7725,9515,Deepak Shetty,59,F
7726,9517,Bhavana Kulkarni,25,M
7727,9519,Joseph Hegde,59,F
7728,9521,Yashwanth Bhat,32,F
7730,9523,Basavaraj Desai,75,F
7736,9529,Mary Naik,11,M
7737,9531,Rekha Reddy,32,F
7738,9531,Kiran Patil,40,M
7739,9533,Nagaraj Naik,71,M
7740,9533,Ravi Iyengar,13,M
7743,9537,Chetan Murthy,22,M
7744,9541,Girish Nayak,47,M
7746,9545,Fatima Reddy,59,F
7747,9545,Yashwanth Rao,66,F
7749,9547,Deepak Prasad,8,F
7751,9551,Vinutha Desai,43,F
7754,9555,Imran Gowda,21,F
7755,9557,Fatima Nayak,59,M
7757,9559,Nagaraj Prasad,28,F
7759,9563,Nagaraj Patil,25,F
7762,9567,Kiran Naik,42,M
7763,9567,Rekha Rao,29,F
7765,9569,Girish Desai,14,M
7766,9571,Prakash Hegde,74,F
7768,9573,Rekha Kumar,45,F
7769,9575,Deepak Shetty,32,M
7773,9579,Mary Bhat,42,F
7774,9581,Joseph Iyengar,9,F
7776,9585,Lakshmi Hegde,57,F
7777,9585,Fatima Kulkarni,17,M
7779,9589,Imran Murthy,47,M
7780,9589,Ashwini Hegde,57,M
7782,9591,Rekha Patil,8,M
7784,9593,Shivakumar Shetty,60,F
7787,9595,Nagaraj Gowda,60,M
7792,9601,Pooja Bhat,74,M
7795,9609,Imran Prasad,29,F
7796,9611,Anitha Nayak,30,M
7797,9613,Rekha Kulkarni,37,F
7798,9613,Fatima Rao,13,F
7799,9617,Shivakumar Hegde,58,M
7801,9619,Anitha Murthy,63,F
7803,9621,Bhavana Hegde,52,M
7807,9629,Basavaraj Nayak,19,M
7809,9633,Shivakumar Prasad,67,M
7810,9635,Fatima Shetty,34,F
7811,9635,Shivakumar Hegde,8,M
7813,9639,Nagaraj Hegde,64,M
7815,9641,Nagaraj Gowda,60,F
7816,9645,Manjunath Gowda,28,M
7817,9645,Girish Bhat,75,M
7819,9647,Rekha Patil,62,M
7820,9647,Nagaraj Nayak,41,F
7822,9651,Girish Bhat,17,M
7823,9653,Ashwini Shetty,36,F
7826,9657,Girish Iyengar,28,M
7827,9657,Prakash Patil,38,F
7828,9659,Lakshmi Gowda,18,M
7830,9661,Anitha Murthy,37,M
7831,9661,Imran Naik,9,M
7835,9667,Prakash Rao,17,F
7836,9667,Basavaraj Prasad,73,F
7838,9669,Yashwanth Reddy,64,M
7840,9671,Ashwini Reddy,63,F
7841,9675,Fatima Gowda,62,F
7842,9675,Pooja Hegde,59,F
7843,9677,Imran Desai,74,M
7848,9685,Manjunath Murthy,49,F
7849,9687,Anitha Naik,5,M
7850,9689,Suresh Prasad,52,M
7851,9691,Girish Prasad,24,F
7852,9693,Ravi Hegde,65,F
7853,9693,Lakshmi Desai,22,M
7855,9697,Imran Nayak,48,M
7858,9703,Manjunath Prasad,39,M
7859,9703,Yashwanth Gowda,38,M
7861,9705,Ravi Kulkarni,8,F
7862,9709,Yashwanth Bhat,52,M
7866,9715,Anitha Nayak,73,M
7868,9719,Shivakumar Gowda,70,M
7872,9723,Ashwini Prasad,71,F
7875,9727,Girish Nayak,5,F
7876,9727,Deepak Kulkarni,46,M
7878,9731,Imran Nayak,14,F
7880,9733,Shivakumar Desai,52,F
7881,9735,Ashwini Patil,16,M
7883,9737,Basavaraj Reddy,30,M
7884,9739,Ravi Iyengar,56,M
7887,9741,Manjunath Iyengar,14,F
7890,9745,Pooja Prasad,19,M
7892,9747,Ashwini Iyengar,17,M
7894,9751,Vinutha Bhat,19,F
7895,9751,Anitha Desai,42,F
7896,9753,Ashwini Nayak,24,F
7901,9761,Basavaraj Naik,74,M
7902,9763,Nagaraj Hegde,75,M
7903,9765,Nagaraj Naik,37,F
7905,9767,Shivakumar Naik,56,F
7908,9769,Imran Hegde,60,F
7909,9769,Shivakumar Kulkarni,35,F
7910,9771,Fatima Hegde,61,M
7911,9775,Nagaraj Desai,63,F
7913,9777,Lakshmi Reddy,68,F
7914,9779,Ravi Naik,57,F
7916,9781,Girish Iyengar,35,F
7917,9781,Ravi Reddy,57,M
7920,9783,Joseph Nayak,33,M
7921,9785,Vinutha Naik,23,M
7924,9787,Fatima Desai,48,F
7926,9791,Ashwini Bhat,37,F
7928,9795,Chetan Murthy,37,F
7930,9799,Imran Bhat,6,M
7932,9801,Prakash Murthy,18,M
7935,9803,Vinutha Prasad,58,F
7938,9807,Suresh Shetty,25,M
7941,9809,Basavaraj Patil,38,M
7943,9811,Ravi Kumar,51,M
7946,9815,Lakshmi Murthy,33,M
7947,9817,Rekha Kulkarni,46,F
7949,9819,Ravi Reddy,31,F
7951,9821,Anitha Shetty,40,M
7952,9821,Manjunath Hegde,59,F
7955,9825,Suresh Hegde,23,M
7957,9827,Ravi Prasad,47,F
7959,9829,Ashwini Desai,34,M
7960,9831,Bhavana Patil,66,M
7961,9831,Rekha Shetty,34,M
7964,9833,Deepak Kumar,36,F
7965,9835,Chetan Naik,30,F
7968,9837,Anitha Iyengar,46,M
7969,9837,Yashwanth Hegde,8,F
7973,9841,Fatima Iyengar,10,F
7974,9843,Joseph Gowda,68,F
7976,9845,Girish Gowda,14,M
7981,9849,Shivakumar Murthy,70,F
7982,9849,Ravi Patil,64,M
7986,9853,Joseph Gowda,33,M
7991,9861,Mary Nayak,22,F
7994,9867,Ravi Iyengar,32,M
7996,9869,Joseph Kumar,37,F
7997,9869,Prakash Iyengar,23,M
8001,9873,Anitha Kulkarni,46,M
8003,9875,Fatima Iyengar,46,M
8006,9881,Ashwini Bhat,25,F
8011,9887,Deepak Kumar,68,M
8013,9891,Deepak Rao,50,F
8015,9893,Shivakumar Shetty,58,M
8017,9895,Nagaraj Naik,37,F
8022,9903,Imran Reddy,52,M
8024,9905,Prakash Hegde,46,M
8025,9905,Ashwini Iyengar,63,F
8027,9907,Ashwini Shetty,50,M
8029,9911,Rekha Rao,50,F
8030,9913,Ashwini Bhat,45,F
8033,9919,Yashwanth Gowda,34,F
8036,9921,Rekha Reddy,61,M
8038,9923,Suresh Naik,39,M
8040,9927,Prakash Naik,58,F
8043,9929,Pooja Desai,42,M
8044,9929,Yashwanth Desai,45,M
8046,9931,Rekha Rao,30,F
8047,9931,Mary Rao,70,M
8050,9933,Rekha Rao,50,M
8053,9935,Ashwini Desai,11,M
8054,9937,Imran Rao,37,F
8056,9941,Ravi Gowda,26,M
8057,9941,Imran Shetty,72,M
8062,9947,Manjunath Prasad,15,M
8063,9947,Joseph Shetty,62,F
8067,9951,Basavaraj Kulkarni,70,M
8068,9953,Girish Murthy,35,F
8069,9953,Basavaraj Patil,36,F
8072,9955,Vinutha Shetty,44,F
8073,9957,Ravi Hegde,18,F
8074,9957,Vinutha Patil,30,M
8076,9959,Basavaraj Kulkarni,48,F
8077,9959,Anitha Bhat,39,M
8078,9961,Manjunath Shetty,71,M
8079,9963,Mary Shetty,36,F
8083,9977,Suresh Prasad,71,M
8084,9977,Anitha Naik,58,M
8086,9979,Joseph Hegde,36,F
8087,9979,Ashwini Rao,5,M
8089,9981,Ravi Nayak,47,M
8090,9981,Deepak Reddy,75,F
8092,9983,Ravi Desai,73,M
8094,9989,Bhavana Iyengar,13,M
8095,9989,Kiran Gowda,5,M
8097,9991,Pooja Reddy,42,F
8100,9993,Deepak Murthy,54,F
8102,9997,Manjunath Prasad,12,F
8103,9999,Manjunath Hegde,67,F
8104,9999,Suresh Nayak,35,M
8107,10001,Nagaraj Iyengar,13,F
8108,10003,Shivakumar Bhat,24,F
8111,10007,Prakash Iyengar,69,F
8112,10007,Shivakumar Reddy,40,F
8114,10011,Deepak Prasad,22,M
8116,10013,Chetan Shetty,8,F
8117,10013,Mary Murthy,42,F
8119,10015,Ravi Shetty,17,F
8120,10015,Kiran Prasad,59,M
8123,10017,Deepak Kumar,26,F
8129,10023,Pooja Nayak,15,F
8130,10023,Girish Naik,15,F
8133,10025,Prakash Reddy,11,F
8134,10025,Rekha Nayak,39,M
8137,10027,Nagaraj Prasad,27,F
8139,10029,Yashwanth Naik,67,M
8140,10029,Anitha Bhat,68,M
8142,10031,Suresh Iyengar,51,F
8145,10035,Basavaraj Patil,28,M
8150,10041,Girish Kulkarni,70,M
8155,10045,Vinutha Nayak,57,F
8156,10045,Mary Iyengar,20,F
8158,10047,Anitha Gowda,45,M
8160,10049,Kiran Kulkarni,34,M
8161,10051,Bhavana Bhat,54,M
8163,10053,Imran Reddy,10,M
8164,10059,Imran Murthy,32,F
8166,10061,Yashwanth Patil,38,F
8169,10063,Deepak Patil,18,F
8172,10067,Ravi Patil,69,M
8174,10069,Rekha Desai,66,F
8177,10071,Bhavana Murthy,27,M
8178,10071,Imran Murthy,37,M
8179,10073,Basavaraj Kumar,35,F
8181,10075,Suresh Kumar,41,M
8185,10083,Manjunath Kulkarni,72,F
8186,10083,Prakash Murthy,56,F
8189,10089,Prakash Bhat,70,F
8190,10091,Yashwanth Iyengar,41,M
8191,10091,Bhavana Patil,36,M
8192,10093,Yashwanth Desai,20,M
8195,10095,Basavaraj Nayak,71,F
8198,10097,Shivakumar Shetty,34,M
8199,10099,Mary Iyengar,54,F
8201,10101,Kiran Prasad,49,F
8202,10103,Suresh Reddy,72,F
8209,10113,Nagaraj Iyengar,49,F
8211,10115,Manjunath Iyengar,66,F
8212,10115,Nagaraj Gowda,67,F
8213,10117,Manjunath Kumar,74,F
8215,10119,Lakshmi Patil,9,M
8217,10121,Shivakumar Hegde,45,F
8220,10125,Yashwanth Iyengar,59,F
8221,10127,Girish Reddy,21,M
8223,10131,Chetan Desai,8,M
8225,10135,Girish Iyengar,35,F
8228,10139,Vinutha Bhat,43,F
8230,10141,Ravi Hegde,14,M
8231,10143,Vinutha Patil,42,F
8233,10147,Suresh Murthy,46,M
8236,10149,Joseph Kulkarni,41,M
8237,10149,Mary Shetty,11,F
8239,10151,Manjunath Patil,65,F
8242,10153,Ashwini Bhat,18,M
8243,10153,Deepak Shetty,36,F
8244,10155,Imran Bhat,16,F
8245,10155,Pooja Patil,59,F
8246,10157,Yashwanth Iyengar,27,M
8249,10161,Pooja Desai,32,M
8252,10165,Shivakumar Rao,40,F
8255,10167,Fatima Desai,5,M
8258,10173,Manjunath Naik,61,F
8260,10175,Vinutha Reddy,47,M
8263,10177,Rekha Iyengar,43,F
8265,10179,Rekha Nayak,20,M
8266,10179,Mary Rao,40,M
8268,10181,Suresh Desai,50,F
8270,10185,Joseph Gowda,74,F
8272,10187,Rekha Shetty,28,F
8273,10189,Ravi Rao,65,F
8275,10191,Prakash Iyengar,26,M
8277,10193,Girish Gowda,42,M
8281,10199,Imran Kulkarni,11,F
8282,10201,Nagaraj Kulkarni,62,F
8284,10205,Manjunath Shetty,33,M
8286,10207,Chetan Desai,36,F
8289,10209,Mary Kulkarni,42,F
8290,10209,Nagaraj Nayak,6,F
8292,10211,Vinutha Kumar,45,M
8293,10213,Chetan Shetty,32,M
8294,10215,Rekha Murthy,57,M
8295,10217,Yashwanth Patil,35,M
8297,10219,Joseph Kumar,61,F
8298,10219,Bhavana Rao,33,M
8299,10221,Yashwanth Reddy,39,M
8301,10223,Pooja Gowda,71,M
8304,10227,Vinutha Nayak,27,M
8305,10227,Ravi Desai,35,F
8308,10233,Basavaraj Patil,17,F
8309,10235,Chetan Hegde,37,M
8315,10241,Rekha Nayak,9,F
8316,10243,Imran Kumar,51,M
8317,10245,Fatima Shetty,69,F
8318,10247,Fatima Hegde,51,M
8321,10253,Lakshmi Patil,65,F
8324,10255,Rekha Shetty,16,F
8329,10261,Bhavana Iyengar,7,F
8330,10263,Basavaraj Kumar,54,M
8332,10265,Yashwanth Patil,52,M
8333,10265,Fatima Gowda,48,M
8336,10267,Manjunath Shetty,54,M
8337,10267,Girish Rao,21,F
8339,10269,Mary Nayak,5,M
8340,10269,Girish Hegde,68,M
8342,10271,Basavaraj Prasad,62,M
8344,10273,Shivakumar Bhat,52,M
8347,10277,Anitha Gowda,74,M
8349,10279,Nagaraj Gowda,15,F
8352,10283,Anitha Naik,8,F
8354,10285,Nagaraj Rao,51,M
8357,10291,Anitha Naik,67,F
8363,10299,Nagaraj Desai,74,M
8365,10301,Ravi Kulkarni,32,M
8368,10303,Chetan Kumar,39,F
8370,10305,Fatima Naik,8,F
8372,10309,Fatima Rao,74,M
8373,10309,Joseph Murthy,42,M
8375,10311,Lakshmi Shetty,70,F
8377,10315,Joseph Murthy,54,F
8378,10317,Deepak Patil,53,F
8379,10317,Vinutha Kumar,8,M
8381,10321,Imran Desai,24,F
8382,10321,Ashwini Nayak,6,M
8384,10323,Ashwini Patil,49,M
8387,10325,Chetan Nayak,40,F
8391,10333,Mary Hegde,70,M
8395,10339,Imran Kumar,40,M
8397,10341,Lakshmi Reddy,46,F
8400,10347,Anitha Bhat,66,F
8401,10351,Yashwanth Desai,64,F
8402,10351,Bhavana Hegde,28,F
8404,10353,Prakash Desai,26,M
8410,10365,Joseph Iyengar,44,M
8411,10367,Fatima Shetty,39,M
8413,10369,Suresh Reddy,20,M
8415,10373,Rekha Iyengar,70,M
8416,10375,Rekha Prasad,27,M
8420,10379,Suresh Kumar,5,F
8421,10381,Yashwanth Hegde,28,M
8423,10385,Mary Nayak,14,F
8425,10389,Lakshmi Nayak,69,M
8426,10389,Shivakumar Prasad,56,F
8427,10391,Pooja Gowda,8,M
8428,10391,Mary Iyengar,41,M
8432,10395,Yashwanth Kumar,33,F
8435,10397,Prakash Desai,37,F
8438,10403,Manjunath Gowda,40,F
8443,10407,Manjunath Kumar,19,M
8444,10409,Chetan Kulkarni,56,F
8449,10417,Prakash Murthy,46,F
8451,10419,Mary Iyengar,22,F
8453,10423,Ravi Naik,12,M
8454,10425,Bhavana Kulkarni,56,F
8455,10427,Basavaraj Gowda,13,M
8456,10427,Imran Murthy,63,M
8461,10435,Suresh Reddy,40,M
8463,10439,Manjunath Reddy,11,M
8465,10441,Rekha Gowda,29,M
8466,10441,Rekha Shetty,28,M
8469,10449,Rekha Gowda,18,M
8471,10451,Fatima Bhat,21,M
8472,10457,Prakash Murthy,5,F
8475,10459,Nagaraj Naik,59,M
8477,10463,Vinutha Naik,38,M
8480,10467,Rekha Rao,39,F
8483,10469,Shivakumar Gowda,56,F
8484,10471,Suresh Rao,13,M
8485,10471,Anitha Prasad,75,F
8488,10473,Mary Hegde,32,F
8490,10475,Basavaraj Bhat,11,F
8491,10475,Yashwanth Kumar,5,M
8493,10477,Joseph Prasad,51,M
8496,10479,Imran Kulkarni,67,M
8497,10479,Chetan Rao,28,M
8502,10483,Shivakumar Rao,10,F
8505,10485,Ashwini Gowda,50,M
8508,10489,Mary Nayak,23,F
8510,10491,Ravi Prasad,40,M
8511,10493,Suresh Patil,75,M
8513,10495,Kiran Kulkarni,37,F
8515,10497,Rekha Shetty,35,F
8516,10499,Anitha Hegde,34,F
8517,10503,Chetan Desai,9,F
8520,10507,Suresh Rao,49,M
8521,10507,Basavaraj Bhat,53,M
8523,10509,Rekha Shetty,69,F
8524,10509,Mary Iyengar,38,F
8527,10513,Manjunath Naik,14,F
8529,10515,Pooja Bhat,47,F
8530,10517,Fatima Iyengar,59,M
8532,10519,Prakash Desai,51,M
8535,10521,Suresh Desai,23,M
8536,10521,Fatima Kulkarni,65,F
8538,10525,Pooja Desai,61,M
8539,10527,Deepak Reddy,30,F
8541,10531,Rekha Hegde,58,F
8542,10535,Shivakumar Prasad,39,M
8545,10539,Prakash Hegde,36,M
8546,10541,Suresh Reddy,17,F
8548,10543,Fatima Bhat,33,F
8549,10545,Mary Hegde,56,M
8550,10545,Mary Bhat,9,F
8552,10549,Joseph Kulkarni,59,M
8555,10551,Suresh Desai,22,M
8559,10557,Ashwini Murthy,39,F
8564,10565,Lakshmi Iyengar,63,F
8566,10567,Basavaraj Bhat,16,F
8567,10569,Basavaraj Murthy,64,F
8569,10571,Vinutha Prasad,58,M
8572,10573,Ravi Iyengar,61,F
8574,10575,Kiran Nayak,58,F
8576,10579,Bhavana Iyengar,65,F
8577,10579,Prakash Iyengar,71,F
8581,10583,Kiran Bhat,67,F
8582,10583,Lakshmi Murthy,36,F
8585,10585,Lakshmi Reddy,73,M
8586,10585,Yashwanth Reddy,17,M
8588,10589,Nagaraj Shetty,16,F
8590,10591,Imran Murthy,43,M
8592,10593,Lakshmi Nayak,49,F
8595,10595,Suresh Nayak,63,F
8596,10597,Fatima Shetty,55,M
8597,10599,Ashwini Naik,11,M
8598,10603,Chetan Shetty,41,M
8602,10607,Ashwini Shetty,65,F
8603,10609,Vinutha Shetty,14,M
8604,10611,Vinutha Reddy,10,F
8605,10611,Yashwanth Prasad,72,M
8608,10613,Nagaraj Desai,37,M
8610,10617,Chetan Nayak,74,M
8612,10619,Girish Iyengar,58,M
8614,10621,Prakash Reddy,15,M
8619,10625,Imran Gowda,71,F
8621,10627,Imran Gowda,25,M
8622,10627,Basavaraj Shetty,44,F
8625,10629,Joseph Iyengar,21,F
8627,10633,Suresh Rao,29,M
8629,10635,Chetan Hegde,34,F
8630,10637,Lakshmi Prasad,34,M
8632,10639,Chetan Kumar,50,F
8634,10641,Bhavana Desai,7,M
8636,10647,Nagaraj Bhat,31,F
8638,10651,Vinutha Murthy,75,F
8639,10651,Deepak Hegde,61,F
8642,10655,Manjunath Naik,49,F
8643,10657,Ashwini Prasad,38,M
8645,10659,Girish Kulkarni,69,F
8647,10661,Lakshmi Nayak,19,F
8648,10663,Vinutha Gowda,36,M
8650,10667,Kiran Patil,39,M
8654,10671,Manjunath Naik,71,F
8655,10671,Kiran Desai,66,M
8656,10673,Girish Murthy,38,F
8658,10675,Girish Gowda,47,M
8660,10677,Manjunath Nayak,58,M
8663,10679,Ravi Patil,18,M
8665,10681,Bhavana Iyengar,20,F
8668,10683,Chetan Reddy,65,F
8669,10683,Nagaraj Kumar,8,F
8670,10687,Vinutha Naik,38,F
8671,10687,Ashwini Murthy,67,F
8673,10689,Yashwanth Shetty,27,F
8676,10691,Yashwanth Reddy,48,F
8678,10695,Kiran Shetty,74,M
8680,10699,Shivakumar Patil,42,M
8683,10701,Ashwini Desai,38,M
8685,10703,Lakshmi Patil,67,M
8687,10705,Basavaraj Prasad,40,M
8688,10705,Fatima Iyengar,62,M
8690,10709,Girish Prasad,41,M
8692,10711,Bhavana Prasad,42,M
8693,10717,Vinutha Bhat,45,F
8694,10717,Chetan Kulkarni,20,M
8695,10721,Imran Patil,31,F
8696,10725,Anitha Hegde,56,M
8697,10727,Vinutha Reddy,14,M
8699,10731,Yashwanth Hegde,12,F
8704,10741,Girish Kulkarni,40,F
8705,10741,Ashwini Reddy,16,F
8708,10743,Vinutha Desai,60,F
8711,10747,Yashwanth Nayak,47,F
8713,10749,Rekha Prasad,57,M
8714,10749,Ashwini Patil,8,F
8716,10753,Basavaraj Hegde,37,M
8720,10759,Prakash Bhat,55,F
8721,10759,Imran Bhat,60,M
8724,10761,Manjunath Kumar,54,F
8725,10761,Joseph Desai,72,F
8726,10763,Vinutha Reddy,11,M
8727,10765,Imran Hegde,28,M
8729,10767,Fatima Shetty,46,M
8731,10769,Deepak Reddy,72,M
8735,10773,Anitha Bhat,8,F
8738,10777,Manjunath Kumar,39,F
8740,10779,Basavaraj Rao,67,M
8744,10785,Girish Bhat,26,F
8746,10789,Basavaraj Kumar,54,F
8749,10791,Lakshmi Prasad,66,F
8750,10791,Suresh Hegde,54,F
8753,10793,Chetan Shetty,70,F
8755,10795,Shivakumar Bhat,74,F
8758,10799,Anitha Reddy,13,F
8759,10801,Mary Nayak,23,M
8760,10801,Joseph Shetty,52,M
8762,10803,Rekha Patil,60,F
8766,10809,Kiran Bhat,21,M
8768,10811,Rekha Gowda,51,F
8769,10811,Anitha Nayak,26,M
8770,10813,Joseph Iyengar,15,M
8771,10813,Deepak Bhat,33,M
8773,10815,Chetan Bhat,59,M
8777,10823,Mary Reddy,29,M
8778,10825,Mary Kulkarni,10,M
8780,10827,Kiran Kulkarni,43,F
8782,10829,Nagaraj Gowda,62,F
8783,10829,Chetan Murthy,75,F
8784,10831,Basavaraj Murthy,30,F
8788,10835,Basavaraj Rao,59,F
8790,10837,Ravi Rao,74,M
8792,10839,Deepak Kumar,30,M
8794,10843,Yashwanth Nayak,71,M
8796,10845,Bhavana Shetty,25,F
8797,10847,Lakshmi Kulkarni,32,M
8798,10847,Rekha Bhat,12,M
8799,10851,Lakshmi Desai,39,F
8801,10853,Nagaraj Prasad,45,M
8802,10853,Girish Prasad,59,M
8804,10855,Kiran Rao,30,M
8807,10857,Yashwanth Kulkarni,37,M
8808,10859,Mary Kulkarni,71,F
8810,10861,Manjunath Prasad,30,M
8814,10865,Vinutha Hegde,45,F
8817,10867,Manjunath Naik,18,F
8818,10869,Prakash Reddy,70,F
8819,10869,Imran Patil,55,F
8822,10871,Joseph Desai,69,M
8823,10871,Nagaraj Patil,53,F
8824,10875,Kiran Reddy,42,M
8827,10877,Basavaraj Gowda,50,M
8829,10879,Yashwanth Prasad,68,F
8831,10881,Ravi Patil,33,F
8833,10883,Yashwanth Hegde,67,M
8834,10883,Deepak Murthy,54,F
8837,10885,Chetan Kulkarni,15,M
8838,10887,Suresh Iyengar,39,F
8840,10889,Anitha Patil,58,M
8842,10891,Shivakumar Patil,57,M
8843,10891,Fatima Shetty,72,M
8845,10895,Rekha Desai,37,F
8846,10895,Yashwanth Prasad,38,F
8847,10897,Ravi Desai,6,M
8850,10899,Rekha Iyengar,21,M
8851,10901,Imran Iyengar,57,F
8852,10901,Pooja Prasad,27,M
8854,10903,Lakshmi Naik,62,M
8855,10905,Yashwanth Kulkarni,34,F
8856,10905,Bhavana Nayak,36,F
8858,10907,Prakash Reddy,36,F
8859,10909,Nagaraj Kulkarni,45,F
8861,10911,Rekha Gowda,71,M
8865,10915,Prakash Hegde,49,F
8866,10915,Rekha Patil,49,F
8869,10919,Ravi Shetty,38,F
8870,10919,Ravi Kulkarni,7,F
8874,10923,Manjunath Patil,55,F
8876,10925,Pooja Bhat,11,F
8878,10927,Girish Nayak,45,F
8881,10931,Bhavana Kumar,8,M
8883,10933,Lakshmi Iyengar,34,M
8885,10935,Suresh Iyengar,46,M
8886,10937,Fatima Kulkarni,29,M
8887,10939,Pooja Iyengar,36,M
8889,10941,Rekha Gowda,65,F
8893,10945,Basavaraj Kumar,74,M
8896,10947,Chetan Hegde,25,M
8898,10949,Mary Reddy,72,F
8899,10949,Deepak Desai,71,M
8901,10951,Chetan Patil,59,F
8903,10953,Suresh Kulkarni,38,M
8905,10955,Prakash Kulkarni,20,M
8908,10959,Nagaraj Iyengar,19,F
8910,10963,Ashwini Prasad,18,F
8911,10963,Rekha Iyengar,27,F
8912,10965,Shivakumar Rao,53,F
8915,10969,Suresh Kulkarni,40,F
8916,10969,Rekha Bhat,21,M
8917,10971,Prakash Shetty,14,M
8919,10973,Manjunath Naik,72,F
8920,10973,Pooja Bhat,60,F
8921,10975,Mary Iyengar,22,M
8923,10979,Rekha Reddy,11,M
8925,10981,Nagaraj Prasad,73,M
8926,10981,Imran Nayak,52,F
8928,10985,Fatima Hegde,46,F
8931,10987,Deepak Rao,51,F
8932,10987,Anitha Prasad,57,M
8934,10989,Deepak Gowda,32,M
8935,10991,Ravi Naik,22,M
8938,10993,Girish Prasad,40,F
8941,10997,Imran Murthy,54,F
8942,10997,Fatima Shetty,36,M
8943,10999,Ashwini Murthy,74,F
8946,11001,Joseph Nayak,15,F
8951,11007,Joseph Hegde,74,F
8953,11009,Chetan Desai,22,M
8955,11011,Manjunath Bhat,25,M
8958,11017,Joseph Reddy,58,F
8960,11019,Imran Desai,71,M
8961,11021,Yashwanth Reddy,33,M
8963,11023,Basavaraj Reddy,17,F
8965,11025,Mary Iyengar,38,F
8966,11025,Mary Kumar,70,M
8967,11027,Lakshmi Shetty,46,M
8968,11027,Yashwanth Rao,43,M
8971,11029,Joseph Desai,46,M
8974,11031,Vinutha Murthy,15,F
8975,11033,Prakash Kulkarni,38,F
8977,11035,Lakshmi Nayak,37,M
8978,11035,Imran Desai,73,M
8980,11039,Bhavana Murthy,14,F
8982,11041,Ashwini Bhat,46,M
8983,11041,Manjunath Kumar,33,F
8989,11051,Prakash Nayak,29,M
8992,11053,Kiran Rao,53,F
8993,11053,Yashwanth Rao,75,F
8996,11057,Kiran Kulkarni,26,M
8999,11063,Anitha Prasad,74,F
9000,11063,Suresh Rao,14,M
9001,11065,Mary Gowda,21,F
9006,11071,Ravi Reddy,13,M
9010,11075,Ravi Kulkarni,6,F
9011,11075,Basavaraj Rao,6,F
9015,11083,Yashwanth Gowda,67,M
9017,11085,Joseph Patil,23,M
9019,11089,Bhavana Hegde,59,F
9020,11091,Suresh Naik,14,F
9024,11097,Rekha Nayak,25,F
9026,11099,Shivakumar Gowda,28,F
9027,11099,Imran Nayak,62,F
9030,11103,Imran Reddy,58,F
9031,11103,Prakash Shetty,16,F
9035,11107,Ashwini Bhat,72,F
9037,11109,Pooja Desai,13,M
9038,11109,Rekha Nayak,56,M
9040,11113,Shivakumar Bhat,28,F
9043,11121,Ashwini Prasad,57,M
9045,11123,Shivakumar Gowda,69,F
9048,11129,Anitha Shetty,37,F
9051,11135,Mary Kulkarni,41,F
9053,11137,Imran Hegde,57,M
9057,11147,Ashwini Rao,46,M
9058,11147,Lakshmi Patil,44,F
9060,11149,Pooja Gowda,6,M
9062,11151,Manjunath Patil,20,F
9063,11151,Imran Iyengar,49,M
9065,11153,Lakshmi Gowda,28,M
9066,11157,Bhavana Gowda,49,F
9072,11165,Joseph Desai,25,M
9075,11173,Pooja Iyengar,74,F
9076,11175,Girish Reddy,22,M
9079,11177,Suresh Patil,66,F
9081,11181,Kiran Shetty,9,M
9082,11181,Nagaraj Reddy,44,F
9085,11183,Rekha Shetty,8,F
9087,11185,Bhavana Kumar,42,F
9090,11189,Shivakumar Bhat,40,F
9091,11191,Ashwini Kumar,58,M
9094,11195,Shivakumar Naik,64,M
9096,11197,Shivakumar Desai,51,M
9099,11201,Girish Gowda,25,M
9101,11203,Rekha Kulkarni,5,F
9107,11211,Prakash Iyengar,16,M
9113,11217,Vinutha Kumar,13,M
9115,11219,Rekha Reddy,55,M
9117,11221,Vinutha Hegde,26,F
9119,11223,Prakash Naik,72,M
9120,11223,Girish Kumar,44,F
9122,11225,Basavaraj Prasad,10,M
9125,11227,Chetan Desai,17,F
9128,11229,Lakshmi Gowda,40,F
9130,11231,Anitha Prasad,58,F
9131,11231,Bhavana Desai,8,M
9133,11233,Mary Kumar,23,M
9137,11239,Lakshmi Reddy,30,M
9138,11239,Deepak Hegde,57,M
9140,11241,Joseph Iyengar,44,M
9142,11243,Anitha Murthy,18,M
9144,11245,Manjunath Nayak,42,M
9146,11247,Deepak Kumar,55,F
9148,11249,Ashwini Kulkarni,44,M
9149,11251,Shivakumar Hegde,7,M
9150,11253,Pooja Bhat,64,M
9152,11255,Imran Gowda,71,F
9153,11255,Manjunath Patil,43,F
9155,11257,Joseph Murthy,35,F
9157,11259,Yashwanth Gowda,10,M
9159,11263,Ashwini Patil,49,F
9161,11265,Vinutha Reddy,23,M
9162,11265,Lakshmi Gowda,9,M
9164,11267,Vinutha Murthy,58,M
9166,11269,Bhavana Desai,65,M
9171,11277,Bhavana Shetty,53,F
9172,11277,Pooja Kumar,37,M
9175,11281,Mary Prasad,68,F
9179,11287,Ashwini Bhat,41,M
9181,11289,Anitha Reddy,44,M
9185,11293,Basavaraj Kumar,13,F
9186,11297,Bhavana Bhat,39,F
9188,11299,Anitha Patil,27,F
9190,11301,Girish Iyengar,53,F
9191,11301,Imran Kulkarni,46,M
9201,11315,Ravi Kumar,28,F
9203,11317,Ashwini Bhat,8,F
9205,11319,Nagaraj Patil,72,M
9206,11319,Chetan Iyengar,43,M
9207,11321,Prakash Bhat,70,M
9211,11325,Deepak Desai,50,F
9213,11329,Ashwini Rao,65,F
9214,11329,Vinutha Murthy,48,M
9215,11331,Basavaraj Reddy,8,M
9216,11331,Bhavana Hegde,9,F
9217,11333,Vinutha Bhat,29,M
9220,11337,Anitha Reddy,22,F
9222,11339,Chetan Iyengar,24,F
9224,11341,Vinutha Hegde,25,F
9225,11341,Chetan Prasad,35,M
9226,11343,Deepak Iyengar,73,M
9229,11347,Suresh Iyengar,5,F
9232,11349,Kiran Naik,9,F
9233,11349,Rekha Naik,65,F
9234,11351,Pooja Iyengar,18,F
9238,11355,Prakash Reddy,27,F
9240,11359,Girish Kumar,32,F
9241,11359,Lakshmi Patil,14,F
9244,11361,Lakshmi Gowda,75,M
9246,11363,Shivakumar Murthy,34,F
9247,11365,Manjunath Rao,37,F
9248,11367,Chetan Gowda,57,M
9249,11369,Rekha Bhat,46,F
9250,11371,Rekha Naik,13,M
9252,11373,Nagaraj Reddy,20,M
9254,11377,Anitha Kumar,53,M
9256,11379,Basavaraj Reddy,58,M
9258,11381,Ashwini Prasad,34,F
9259,11381,Fatima Kumar,8,F
9261,11383,Girish Prasad,37,M
9262,11383,Yashwanth Nayak,27,F
9264,11385,Imran Desai,63,M
9265,11387,Fatima Desai,11,F
9266,11387,Nagaraj Patil,9,M
9267,11389,Chetan Prasad,22,F
9269,11391,Imran Reddy,60,F
9271,11393,Prakash Bhat,74,M
9274,11395,Bhavana Patil,43,F
9279,11403,Rekha Bhat,26,M
9283,11409,Joseph Kumar,16,F
9284,11411,Rekha Desai,27,M
9285,11411,Prakash Naik,75,M
9289,11419,Ashwini Kumar,51,F
9290,11419,Mary Naik,19,M
9292,11421,Fatima Bhat,28,F
9297,11425,Lakshmi Reddy,34,M
9299,11427,Lakshmi Kulkarni,66,M
9300,11427,Mary Hegde,26,F
9302,11429,Shivakumar Rao,39,F
9304,11431,Prakash Rao,46,F
9306,11433,Rekha Kulkarni,58,M
9311,11441,Pooja Rao,73,M
9315,11445,Nagaraj Prasad,38,F
9316,11445,Ravi Naik,18,F
9319,11451,Fatima Shetty,67,F
9320,11451,Anitha Patil,20,F
9324,11455,Yashwanth Rao,21,M
9327,11459,Deepak Hegde,65,F
9331,11463,Shivakumar Bhat,75,M
9333,11465,Nagaraj Reddy,25,F
9334,11465,Imran Kumar,70,F
9338,11469,Ravi Bhat,57,F
9339,11469,Vinutha Prasad,59,F
9341,11471,Bhavana Prasad,27,M
9342,11473,Anitha Kulkarni,37,F
9344,11475,Vinutha Prasad,16,M
9346,11477,Kiran Desai,41,F
9347,11477,Pooja Murthy,28,F
9350,11485,Pooja Prasad,69,F
9352,11487,Vinutha Reddy,9,F
9354,11491,Rekha Prasad,38,M
9356,11495,Kiran Kulkarni,68,F
9357,11495,Nagaraj Shetty,49,F
9358,11497,Chetan Reddy,51,M
9359,11497,Lakshmi Iyengar,37,F
9363,11503,Basavaraj Rao,25,F
9364,11503,Imran Reddy,51,F
9366,11505,Pooja Naik,67,M
9367,11507,Suresh Shetty,44,F
9369,11509,Suresh Hegde,46,M
9375,11517,Manjunath Murthy,28,F
9376,11517,Ravi Reddy,17,M
9382,11527,Ashwini Patil,33,F
9384,11529,Imran Shetty,19,F
9385,11535,Ravi Hegde,8,F
9386,11537,Manjunath Shetty,34,F
9387,11539,Kiran Iyengar,69,F
9389,11541,Lakshmi Hegde,55,M
9390,11543,Lakshmi Kulkarni,65,M
9391,11545,Prakash Naik,25,M
9393,11547,Basavaraj Nayak,47,M
9394,11547,Chetan Shetty,69,M
9396,11549,Yashwanth Rao,19,F
9398,11553,Vinutha Reddy,13,F
9399,11553,Chetan Prasad,25,M
9401,11555,Anitha Shetty,29,M
9402,11555,Joseph Murthy,71,M
9406,11559,Chetan Bhat,29,F
9410,11563,Yashwanth Kumar,61,M
9415,11569,Imran Naik,75,M
9417,11575,Ashwini Patil,58,F
9418,11577,Girish Naik,53,F
9421,11579,Vinutha Kumar,51,M
9422,11579,Rekha Patil,15,F
9425,11585,Kiran Bhat,69,F
9427,11591,Chetan Nayak,26,M
9428,11591,Vinutha Kumar,11,F
9430,11593,Basavaraj Naik,51,M
9432,11595,Mary Reddy,56,M
9433,11595,Imran Nayak,67,M
9434,11597,Deepak Gowda,29,M
9435,11597,Girish Hegde,42,M
9437,11601,Joseph Patil,31,M
9438,11601,Pooja Kulkarni,70,F
9439,11603,Suresh Reddy,48,M
9442,11605,Joseph Kulkarni,17,M
9443,11605,Nagaraj Rao,21,M
9448,11613,Manjunath Hegde,5,M
9452,11617,Vinutha Naik,11,F
9456,11623,Shivakumar Rao,18,M
9458,11625,Lakshmi Reddy,63,F
9459,11625,Fatima Murthy,27,F
9462,11627,Imran Shetty,46,M
9463,11627,Imran Patil,25,F
9465,11629,Suresh Iyengar,26,M
9468,11633,Manjunath Kulkarni,13,F
9470,11637,Girish Patil,16,M
9471,11637,Ashwini Kulkarni,35,M
9474,11639,Shivakumar Gowda,24,F
9475,11639,Lakshmi Rao,38,F
9477,11641,Chetan Prasad,30,M
9479,11643,Prakash Iyengar,38,F
9480,11645,Suresh Shetty,27,F
9482,11647,Imran Gowda,27,F
9483,11649,Manjunath Hegde,30,M
9484,11649,Yashwanth Murthy,67,F
9487,11651,Suresh Nayak,43,M
9488,11651,Ravi Nayak,11,M
9489,11653,Lakshmi Prasad,16,M
9490,11653,Pooja Desai,67,M
9492,11655,Girish Kumar,16,M
9496,11661,Girish Kulkarni,19,M
9497,11661,Joseph Murthy,62,F
9498,11665,Joseph Kumar,5,F
9499,11669,Kiran Rao,67,M
9500,11671,Girish Murthy,29,M
9502,11673,Ashwini Desai,23,F
9505,11675,Joseph Bhat,25,M
9506,11675,Fatima Rao,18,M
9508,11681,Anitha Kulkarni,45,M
9509,11681,Deepak Bhat,24,F
9511,11683,Lakshmi Murthy,23,F
9512,11683,Nagaraj Reddy,61,M
9514,11685,Imran Reddy,6,M
9515,11687,Bhavana Rao,56,F
9516,11687,Yashwanth Nayak,56,F
9518,11689,Lakshmi Kumar,21,F
9519,11689,Mary Naik,16,F
9520,11691,Joseph Kumar,30,F
9522,11693,Vinutha Rao,18,F
9525,11695,Yashwanth Rao,69,F
9529,11699,Yashwanth Reddy,18,M
9531,11701,Imran Kulkarni,31,M
9532,11701,Nagaraj Bhat,16,M
9534,11709,Fatima Reddy,29,F
9535,11713,Suresh Nayak,51,F
9536,11713,Ravi Gowda,62,F
9538,11715,Girish Naik,58,M
9542,11723,Vinutha Gowda,71,F
9544,11725,Ravi Desai,25,M
9546,11727,Lakshmi Prasad,68,M
9547,11727,Chetan Bhat,45,F
9549,11729,Anitha Gowda,28,M
9551,11731,Mary Rao,35,F
9552,11733,Lakshmi Rao,61,M
9553,11735,Lakshmi Patil,45,M
9555,11739,Ravi Shetty,71,M
9557,11741,Shivakumar Patil,55,M
9558,11743,Nagaraj Hegde,12,M
9561,11745,Vinutha Kumar,45,F
9564,11749,Fatima Patil,16,F
9567,11751,Rekha Bhat,6,M
9569,11757,Suresh Nayak,14,M
9570,11759,Fatima Bhat,46,M
9571,11761,Kiran Nayak,15,M
9572,11763,Basavaraj Desai,63,M
9573,11763,Basavaraj Iyengar,70,F
9574,11765,Yashwanth Kumar,67,F
9575,11767,Nagaraj Patil,30,F
9577,11771,Chetan Reddy,75,M
9579,11773,Vinutha Kumar,45,F
9580,11775,Yashwanth Kulkarni,11,M
9581,11777,Imran Iyengar,48,M
9582,11781,Deepak Iyengar,58,F
9585,11783,Ashwini Shetty,38,M
9587,11787,Basavaraj Prasad,71,M
9590,11789,Vinutha Reddy,15,M
9591,11789,Lakshmi Kulkarni,38,M
9593,11791,Girish Bhat,71,F
9595,11793,Shivakumar Nayak,16,M
9596,11793,Bhavana Nayak,7,F
9598,11795,Basavaraj Desai,51,F
9599,11795,Prakash Gowda,45,M
9601,11797,Mary Reddy,38,F
9602,11799,Vinutha Desai,33,F
9603,11801,Prakash Iyengar,32,M
9604,11801,Joseph Bhat,29,M
9607,11803,Girish Nayak,72,F
9611,11811,Chetan Shetty,70,M
9613,11813,Chetan Kumar,9,M
9614,11815,Prakash Nayak,17,M
9617,11817,Pooja Kulkarni,11,M
9620,11819,Suresh Desai,5,F
9621,11819,Girish Nayak,44,F
9624,11821,Girish Gowda,60,F
9626,11825,Prakash Murthy,7,M
9628,11827,Chetan Reddy,52,M
9629,11829,Yashwanth Bhat,59,M
9631,11831,Ravi Gowda,64,M
9632,11831,Chetan Naik,36,M
9634,11833,Imran Kulkarni,52,F
9635,11833,Imran Gowda,20,F
9637,11835,Nagaraj Kumar,73,M
9639,11839,Kiran Gowda,8,M
9642,11843,Lakshmi Gowda,28,M
9645,11845,Basavaraj Kulkarni,24,M
9647,11849,Shivakumar Gowda,14,F
9648,11851,Manjunath Rao,12,M
9649,11853,Nagaraj Kumar,33,F
9650,11853,Girish Hegde,38,M
9651,11855,Chetan Iyengar,16,M
9653,11857,Joseph Reddy,37,M
9654,11859,Lakshmi Naik,45,F
9655,11861,Chetan Desai,21,F
9656,11861,Ravi Kulkarni,45,F
9659,11863,Pooja Hegde,66,M
9660,11863,Rekha Kumar,18,M
9661,11865,Vinutha Iyengar,60,F
9662,11865,Deepak Bhat,60,M
9666,11873,Ravi Reddy,73,F
9667,11873,Yashwanth Bhat,19,M
9669,11877,Vinutha Iyengar,8,M
9670,11877,Bhavana Prasad,53,F
9672,11879,Vinutha Reddy,11,F
9675,11889,Imran Desai,19,M
9676,11891,Joseph Naik,69,M
9678,11893,Nagaraj Nayak,68,M
9679,11895,Mary Hegde,29,M
9680,11897,Basavaraj Murthy,66,M
9681,11897,Imran Prasad,14,F
9684,11899,Rekha Kulkarni,75,M
9686,11901,Suresh Bhat,13,M
9687,11903,Pooja Kumar,52,M
9688,11905,Ravi Rao,61,M
9689,11907,Prakash Reddy,28,M
9690,11909,Anitha Desai,66,M
9691,11909,Basavaraj Kulkarni,61,M
9692,11915,Imran Naik,48,F
9693,11915,Mary Desai,20,F
9695,11917,Fatima Desai,61,F
9696,11917,Lakshmi Murthy,49,F
9699,11919,Mary Kulkarni,34,F
9701,11921,Deepak Nayak,71,M
9703,11923,Suresh Desai,69,F
9704,11923,Pooja Prasad,13,M
9705,11925,Suresh Hegde,41,F
9708,11931,Suresh Kumar,54,F
9709,11933,Nagaraj Desai,60,F
9711,11937,Suresh Nayak,25,F
9712,11939,Fatima Murthy,34,F
9714,11943,Imran Patil,18,F
9717,11947,Basavaraj Gowda,66,M
9719,11949,Joseph Prasad,72,M
9723,11955,Prakash Kumar,56,F
9725,11957,Pooja Reddy,44,F
9728,11959,Imran Gowda,11,M
9732,11963,Ravi Murthy,5,M
9738,11971,Yashwanth Shetty,51,M
9740,11973,Prakash Desai,60,F
9742,11975,Prakash Gowda,30,M
9744,11979,Lakshmi Gowda,12,M
9745,11979,Mary Naik,51,F
9747,11981,Vinutha Prasad,28,F
9749,11983,Ravi Hegde,70,M
9751,11985,Joseph Bhat,63,F
9752,11987,Suresh Bhat,43,M
9755,11989,Fatima Murthy,18,F
9757,11991,Basavaraj Prasad,32,M
9758,11995,Pooja Kulkarni,62,F
9761,11997,Chetan Shetty,36,M
9762,11997,Bhavana Kulkarni,34,F
9765,11999,Imran Desai,17,F
9768,12003,Joseph Prasad,39,M
9770,12005,Imran Iyengar,14,F
9771,12007,Ashwini Reddy,45,F
9773,12009,Pooja Gowda,24,F
9774,12009,Chetan Iyengar,7,F
9776,12011,Girish Bhat,34,M
9777,12013,Prakash Bhat,74,M
9781,12021,Manjunath Patil,53,F
9783,12023,Bhavana Kumar,16,F
9785,12025,Bhavana Patil,10,M
9786,12027,Manjunath Iyengar,71,M
9789,12031,Rekha Desai,73,M
9791,12033,Ravi Shetty,13,M
9792,12033,Ravi Nayak,51,F
9794,12035,Lakshmi Hegde,17,F
9796,12037,Pooja Reddy,66,M
9800,12043,Manjunath Kulkarni,10,M
9801,12043,Vinutha Prasad,12,F
9803,12047,Mary Shetty,75,M
9804,12047,Deepak Kumar,54,M
9806,12049,Deepak Murthy,74,F
9807,12051,Deepak Iyengar,57,F
9809,12053,Anitha Shetty,62,M
9811,12055,Ravi Iyengar,58,F
9812,12057,Manjunath Nayak,47,M
9813,12057,Fatima Kulkarni,69,F
9820,12063,Pooja Kumar,7,F
9822,12065,Imran Prasad,43,M
9824,12069,Pooja Desai,41,M
9826,12071,Prakash Rao,10,F
9827,12075,Pooja Rao,53,M
9829,12077,Bhavana Reddy,13,M
9831,12079,Ashwini Naik,45,M
9832,12081,Prakash Iyengar,48,F
9833,12081,Ashwini Nayak,15,M
9836,12085,Lakshmi Reddy,65,M
9837,12085,Ravi Shetty,52,M
9839,12087,Deepak Nayak,70,M
9841,12089,Nagaraj Iyengar,8,F
9843,12091,Ashwini Shetty,35,F
9844,12091,Lakshmi Gowda,56,F
9847,12095,Vinutha Kulkarni,38,M
9851,12103,Yashwanth Kumar,21,F
9854,12105,Fatima Iyengar,48,F
9856,12107,Deepak Desai,55,M
9857,12107,Fatima Murthy,19,F
9861,12113,Bhavana Patil,31,M
9862,12113,Imran Naik,44,F
9864,12115,Ravi Hegde,59,F
9865,12115,Suresh Reddy,67,M
9867,12119,Girish Kumar,60,F
9868,12121,Kiran Shetty,69,F
9869,12121,Imran Patil,37,F
9871,12123,Joseph Patil,34,F
9872,12125,Prakash Kumar,74,M
9873,12127,Bhavana Naik,43,F
9877,12131,Joseph Rao,11,M
9880,12133,Kiran Murthy,12,M
9882,12135,Rekha Murthy,64,M
9883,12135,Rekha Rao,57,M
9885,12137,Joseph Gowda,62,F
9886,12139,Mary Iyengar,33,F
9887,12139,Fatima Murthy,58,M
9891,12145,Deepak Iyengar,74,F
9895,12151,Yashwanth Prasad,58,M
9896,12153,Deepak Reddy,19,F
9897,12155,Suresh Shetty,72,F
9899,12157,Suresh Kulkarni,60,F
9902,12159,Lakshmi Kulkarni,51,F
9903,12159,Joseph Iyengar,63,M
9905,12161,Suresh Bhat,31,M
9909,12165,Shivakumar Gowda,16,F
9911,12167,Lakshmi Rao,28,M
9914,12169,Suresh Hegde,65,M
9915,12169,Ashwini Naik,47,F
9917,12171,Anitha Desai,47,M
9919,12175,Vinutha Rao,71,M
9921,12177,Fatima Kumar,33,M
9922,12177,Ravi Rao,49,M
9927,12183,Lakshmi Shetty,64,F
9929,12185,Deepak Naik,53,F
9932,12187,Mary Patil,34,M
9934,12189,Pooja Prasad,56,M
9935,12193,Joseph Reddy,25,F
9936,12193,Ravi Reddy,60,F
9937,12195,Mary Shetty,72,M
9938,12195,Deepak Prasad,75,M
9941,12197,Kiran Prasad,58,M
9942,12199,Mary Rao,11,F
9944,12201,Prakash Prasad,17,F
9947,12205,Kiran Naik,12,M
9948,12205,Suresh Murthy,21,M
9952,12209,Suresh Prasad,55,F
9954,12213,Ravi Desai,47,F
9956,12215,Shivakumar Bhat,45,M
9960,12219,Chetan Reddy,24,M
9962,12221,Prakash Murthy,17,M
9964,12223,Chetan Patil,59,M
9965,12223,Kiran Gowda,56,F
9968,12227,Manjunath Murthy,69,F
9969,12229,Rekha Gowda,23,F
9972,12231,Rekha Nayak,44,M
9978,12237,Pooja Murthy,21,F
9981,12241,Shivakumar Murthy,25,M
9982,12241,Prakash Bhat,29,F
9984,12243,Anitha Reddy,65,F
9986,12247,Ravi Rao,54,M
9989,12251,Basavaraj Murthy,24,M
9990,12251,Joseph Bhat,74,M
9992,12253,Vinutha Prasad,63,M
9995,12261,Ashwini Shetty,24,F
9996,12261,Imran Rao,9,F
9998,12265,Suresh Naik,27,F
9999,12265,Mary Prasad,52,F
10002,12269,Bhavana Naik,12,F
10003,12269,Ravi Nayak,38,M
10004,12271,Prakash Naik,47,M
10010,12281,Bhavana Nayak,66,F
10011,12281,Imran Murthy,54,F
10015,12287,Imran Hegde,53,M
10019,12293,Lakshmi Shetty,47,M
10020,12295,Pooja Patil,40,M
10021,12297,Joseph Kulkarni,58,F
10024,12301,Ravi Bhat,68,M
10026,12303,Suresh Rao,20,M
10030,12307,Anitha Naik,28,F
10032,12309,Mary Gowda,59,M
10033,12311,Lakshmi Desai,74,M
10035,12315,Manjunath Iyengar,23,M
10038,12317,Fatima Prasad,44,M
10041,12319,Imran Kumar,68,F
10042,12319,Lakshmi Rao,61,M
10045,12323,Joseph Murthy,38,M
10047,12325,Bhavana Nayak,5,M
10048,12325,Pooja Patil,56,F
10049,12329,Fatima Patil,56,F
10050,12329,Prakash Shetty,35,M
10053,12333,Lakshmi Kulkarni,68,M
10055,12335,Fatima Hegde,41,M
10057,12337,Joseph Kumar,66,M
10059,12339,Shivakumar Rao,13,F
10066,12347,Manjunath Kulkarni,42,M
10067,12349,Lakshmi Prasad,61,F
10071,12355,Joseph Iyengar,33,F
10072,12357,Lakshmi Desai,70,M
10077,12365,Rekha Hegde,60,F
10078,12367,Suresh Desai,37,M
10080,12369,Deepak Iyengar,60,F
10081,12369,Prakash Murthy,73,F
10085,12375,Manjunath Murthy,42,F
10087,12377,Ravi Patil,11,M
10089,12379,Vinutha Kumar,33,F
10091,12381,Imran Gowda,59,F
10094,12383,Pooja Nayak,64,M
10096,12385,Basavaraj Desai,63,F
10100,12389,Rekha Gowda,44,F
10101,12391,Yashwanth Reddy,22,F
10102,12391,Basavaraj Kulkarni,16,M
10104,12395,Bhavana Nayak,29,F
10106,12399,Prakash Gowda,19,F
10109,12403,Imran Murthy,20,F
10110,12403,Pooja Iyengar,21,F
10112,12405,Yashwanth Bhat,51,M
10113,12407,Pooja Patil,28,F
10115,12409,Imran Kulkarni,31,F
10118,12413,Nagaraj Kulkarni,8,F
10119,12413,Vinutha Murthy,51,M
10121,12415,Prakash Iyengar,55,F
10122,12415,Anitha Hegde,31,M
10124,12417,Anitha Bhat,30,M
10127,12419,Yashwanth Kulkarni,9,F
10129,12421,Rekha Iyengar,32,M
10131,12423,Girish Desai,15,M
10132,12423,Mary Iyengar,50,M
10135,12425,Manjunath Shetty,63,F
10137,12427,Yashwanth Nayak,67,M
10138,12429,Manjunath Bhat,43,F
10141,12433,Fatima Rao,5,M
10143,12435,Rekha Prasad,47,F
10145,12437,Anitha Reddy,45,M
10148,12441,Anitha Nayak,45,M
10150,12445,Ravi Gowda,28,M
10152,12447,Joseph Patil,73,F
10153,12449,Yashwanth Nayak,39,F
10155,12453,Fatima Kumar,32,M
10158,12455,Kiran Desai,48,M
10160,12457,Mary Reddy,49,F
10163,12461,Lakshmi Shetty,22,F
10164,12463,Pooja Desai,73,M
10166,12465,Fatima Reddy,63,M
10169,12467,Vinutha Naik,59,M
10171,12471,Ravi Shetty,68,F
10172,12473,Pooja Rao,34,F
10174,12475,Nagaraj Nayak,12,F
10178,12479,Imran Patil,31,F
10180,12481,Mary Nayak,63,M
10181,12481,Mary Gowda,58,M
10183,12485,Yashwanth Kulkarni,9,F
10184,12487,Prakash Gowda,24,F
10186,12489,Prakash Patil,30,M
10187,12491,Suresh Desai,7,M
10188,12491,Fatima Hegde,6,F
10190,12495,Ravi Kulkarni,58,F
10191,12495,Fatima Rao,44,F
10193,12497,Vinutha Bhat,25,M
10194,12497,Pooja Patil,36,F
10197,12499,Kiran Desai,64,F
10198,12499,Kiran Nayak,16,F
10200,12503,Lakshmi Bhat,50,M
10201,12505,Prakash Bhat,9,F
10202,12505,Joseph Kulkarni,46,F
10203,12507,Nagaraj Reddy,21,F
10204,12509,Ravi Reddy,33,M
10206,12511,Pooja Nayak,29,M
10211,12517,Prakash Nayak,35,M
10213,12519,Deepak Shetty,72,M
10214,12521,Fatima Nayak,16,M
10215,12521,Mary Kulkarni,33,F
10219,12525,Ashwini Reddy,38,F
10220,12527,Shivakumar Nayak,37,F
10223,12531,Kiran Nayak,65,M
10224,12531,Nagaraj Bhat,58,F
10226,12533,Ashwini Reddy,10,F
10227,12535,Suresh Reddy,63,M
10228,12537,Anitha Gowda,54,F
10230,12539,Lakshmi Patil,37,M
10232,12541,Rekha Kumar,15,M
10233,12543,Girish Naik,34,F
10236,12547,Ashwini Gowda,49,F
10243,12557,Prakash Murthy,66,F
10244,12559,Girish Bhat,69,F
10245,12561,Yashwanth Patil,48,M
10246,12565,Vinutha Patil,57,M
10247,12565,Mary Nayak,52,M
10249,12567,Chetan Rao,37,M
10252,12575,Ravi Hegde,72,F
10255,12579,Imran Gowda,12,M
10258,12583,Vinutha Desai,32,M
10259,12587,Pooja Gowda,63,F
10260,12591,Pooja Gowda,48,F
10262,12593,Joseph Prasad,40,M
10265,12597,Deepak Reddy,14,F
10270,12603,Nagaraj Gowda,30,M
10271,12605,Imran Bhat,38,M
10272,12605,Deepak Reddy,20,M
10274,12609,Ashwini Murthy,56,F
10275,12609,Deepak Kumar,62,M
10276,12611,Deepak Reddy,10,M
10278,12615,Lakshmi Kulkarni,24,F
10280,12617,Yashwanth Rao,33,M
10281,12617,Kiran Bhat,12,F
10283,12621,Mary Iyengar,11,F
10284,12623,Shivakumar Desai,7,M
10288,12629,Nagaraj Rao,71,F
10289,12629,Joseph Prasad,43,M
10292,12631,Fatima Reddy,33,M
10294,12633,Lakshmi Rao,19,M
10297,12637,Prakash Naik,71,M
10298,12637,Manjunath Patil,32,F
10300,12641,Basavaraj Nayak,33,M
10304,12645,Prakash Rao,27,F
10306,12647,Mary Iyengar,19,M
10307,12649,Rekha Reddy,34,M
10308,12649,Girish Hegde,9,M
10310,12651,Joseph Shetty,39,F
10312,12653,Shivakumar Nayak,32,M
10313,12653,Mary Patil,22,M
10314,12655,Vinutha Reddy,75,M
10317,12657,Shivakumar Kumar,75,F
10318,12657,Nagaraj Shetty,62,F
10321,12659,Lakshmi Bhat,42,F
10324,12663,Mary Murthy,23,F
10327,12667,Shivakumar Gowda,43,M
10329,12669,Bhavana Kumar,23,F
10330,12671,Yashwanth Nayak,72,M
10334,12675,Rekha Rao,10,F
10336,12677,Mary Prasad,69,M
10337,12677,Ravi Patil,50,M
10339,12681,Fatima Hegde,27,M
10341,12685,Lakshmi Hegde,16,F
10342,12687,Nagaraj Iyengar,17,M
10345,12689,Shivakumar Desai,32,F
10349,12693,Mary Kulkarni,45,F
10352,12695,Lakshmi Patil,66,F
10353,12695,Nagaraj Kulkarni,62,M
10354,12697,Deepak Kulkarni,23,F
10357,12699,Nagaraj Desai,10,M
10360,12703,Prakash Patil,69,M
10361,12703,Basavaraj Iyengar,24,M
10362,12705,Rekha Rao,62,M
10365,12707,Nagaraj Desai,46,F
10367,12709,Anitha Gowda,8,M
10368,12709,Bhavana Prasad,75,M
10369,12711,Ravi Murthy,40,M
10371,12713,Anitha Prasad,70,M
10373,12715,Deepak Bhat,36,F
10375,12717,Vinutha Desai,23,M
10376,12717,Lakshmi Patil,62,F
10379,12719,Suresh Bhat,56,F
10380,12721,Suresh Rao,61,F
10381,12723,Girish Iyengar,8,F
10384,12725,Prakash Gowda,12,M
10387,12727,Joseph Murthy,15,M
10389,12729,Girish Prasad,28,M
10391,12731,Shivakumar Patil,19,M
10395,12737,Joseph Patil,31,F
10397,12741,Lakshmi Prasad,25,F
10399,12743,Prakash Reddy,63,M
10402,12745,Kiran Desai,66,M
10404,12747,Deepak Iyengar,15,F
10405,12747,Mary Murthy,5,M
10407,12749,Ashwini Hegde,15,M
10408,12749,Deepak Nayak,7,F
10412,12753,Vinutha Shetty,61,M
10413,12755,Ravi Naik,7,F
10415,12757,Vinutha Naik,12,M
10416,12761,Pooja Iyengar,41,M
10417,12761,Bhavana Kulkarni,6,M
10418,12763,Mary Bhat,38,F
10423,12767,Kiran Nayak,59,F
10424,12769,Nagaraj Iyengar,10,M
10425,12771,Nagaraj Prasad,22,M
10427,12773,Girish Bhat,66,F
10428,12773,Girish Shetty,28,F
10430,12775,Kiran Kumar,53,M
10432,12777,Ashwini Bhat,22,M
10436,12787,Kiran Kumar,25,M
10437,12787,Ashwini Prasad,41,F
10439,12789,Chetan Patil,24,F
10442,12795,Manjunath Kulkarni,48,F
10445,12797,Chetan Nayak,29,M
10446,12797,Shivakumar Gowda,65,F
10449,12801,Rekha Nayak,48,M
10452,12803,Suresh Bhat,55,F
10455,12807,Deepak Shetty,35,F
10457,12811,Chetan Murthy,67,M
10460,12815,Basavaraj Murthy,69,M
10462,12817,Ravi Nayak,5,M
10463,12821,Fatima Prasad,75,M
10464,12823,Fatima Hegde,9,F
10467,12825,Pooja Nayak,28,M
10468,12827,Manjunath Patil,53,M
10469,12829,Manjunath Bhat,58,F
10473,12833,Basavaraj Gowda,69,F
10474,12835,Bhavana Prasad,22,F
10475,12835,Rekha Patil,58,M
10478,12837,Lakshmi Patil,22,F
10479,12837,Chetan Bhat,47,M
10481,12841,Ravi Desai,48,M
10483,12843,Kiran Naik,15,M
10484,12843,Manjunath Kumar,74,F
10485,12845,Kiran Prasad,63,M
10486,12847,Anitha Shetty,61,F
10489,12851,Shivakumar Reddy,13,F
10492,12855,Yashwanth Iyengar,5,M
10493,12859,Imran Naik,65,M
10495,12861,Lakshmi Gowda,26,F
10496,12861,Basavaraj Gowda,19,F
10499,12863,Girish Hegde,71,M
10501,12865,Deepak Murthy,36,F
10505,12869,Ashwini Prasad,62,M
10507,12871,Ravi Naik,73,M
10509,12875,Shivakumar Nayak,23,M
10510,12875,Lakshmi Nayak,56,F
10511,12877,Joseph Kulkarni,38,F
10513,12881,Imran Nayak,31,F
10515,12883,Joseph Patil,45,M
10516,12885,Deepak Kulkarni,43,M
10518,12887,Vinutha Prasad,57,M
10520,12889,Lakshmi Reddy,5,F
10522,12895,Prakash Nayak,13,M
10527,12899,Lakshmi Prasad,19,F
10530,12903,Nagaraj Gowda,40,F
10533,12905,Basavaraj Bhat,12,F
10534,12905,Imran Hegde,18,F
10539,12913,Fatima Desai,15,M
10540,12915,Ravi Kulkarni,8,M
10542,12919,Nagaraj Gowda,47,F
10545,12925,Shivakumar Patil,38,F
10547,12927,Yashwanth Kulkarni,66,M
10551,12931,Suresh Reddy,61,M
10552,12933,Nagaraj Nayak,43,F
10555,12937,Deepak Prasad,6,M
10560,12943,Chetan Patil,24,M
10561,12945,Deepak Desai,55,M
10563,12947,Fatima Kumar,35,F
10565,12949,Yashwanth Naik,26,F
10568,12953,Vinutha Gowda,17,F
10569,12953,Prakash Prasad,58,F
10573,12959,Ravi Gowda,17,M
10576,12961,Manjunath Iyengar,39,F
10577,12961,Shivakumar Rao,48,F
10578,12963,Suresh Iyengar,9,M
10579,12967,Chetan Murthy,43,M
10580,12969,Basavaraj Murthy,14,F
10583,12971,Anitha Nayak,24,M
10585,12973,Chetan Naik,29,M
10586,12975,Fatima Naik,43,F
10587,12977,Rekha Murthy,14,F
10589,12981,Bhavana Murthy,60,M
10591,12983,Mary Murthy,39,F
10592,12983,Suresh Kulkarni,43,M
10599,12991,Chetan Kulkarni,59,F
10600,12993,Nagaraj Kulkarni,12,M
10603,12997,Prakash Naik,67,F
10605,13001,Bhavana Iyengar,18,M
10606,13001,Imran Naik,31,F
10608,13003,Rekha Iyengar,54,M
10610,13007,Ravi Hegde,73,F
10611,13009,Bhavana Nayak,11,F
10613,13011,Rekha Rao,65,M
10614,13013,Yashwanth Shetty,27,F
10616,13015,Rekha Murthy,32,F
10618,13017,Nagaraj Nayak,19,F
10620,13025,Deepak Prasad,58,F
10621,13025,Mary Murthy,14,M
10627,13031,Pooja Desai,23,F
10628,13031,Basavaraj Shetty,41,M
10629,13033,Chetan Bhat,19,M
10633,13041,Manjunath Naik,68,M
10635,13043,Deepak Naik,67,M
10638,13045,Rekha Hegde,71,M
10640,13047,Basavaraj Kulkarni,31,F
10642,13049,Girish Reddy,35,M
10645,13053,Pooja Kumar,56,F
10648,13055,Suresh Hegde,36,M
10650,13057,Joseph Nayak,38,F
10652,13059,Fatima Gowda,27,F
10653,13061,Bhavana Kulkarni,57,M
10654,13061,Ravi Kumar,40,F
10657,13063,Lakshmi Reddy,43,F
10660,13065,Chetan Hegde,47,M
10661,13067,Suresh Naik,53,M
10662,13067,Chetan Shetty,51,F
10664,13069,Lakshmi Patil,63,M
10666,13071,Lakshmi Naik,30,M
10667,13071,Nagaraj Hegde,70,M
10668,13073,Nagaraj Iyengar,33,F
10669,13073,Pooja Desai,32,M
10670,13075,Bhavana Iyengar,12,F
10674,13079,Pooja Hegde,72,F
10676,13081,Prakash Rao,72,F
10680,13085,Lakshmi Reddy,56,M
10682,13087,Anitha Kumar,69,F
10683,13087,Rekha Desai,62,F
10686,13091,Anitha Desai,8,M
10689,13093,Lakshmi Rao,26,M
10690,13093,Shivakumar Reddy,63,M
10693,13097,Fatima Reddy,30,F
10694,13097,Bhavana Murthy,41,F
10697,13099,Shivakumar Naik,18,F
10699,13101,Prakash Naik,42,F
10700,13103,Fatima Bhat,75,F
10702,13105,Manjunath Shetty,40,M
10704,13107,Girish Rao,53,M
10706,13109,Bhavana Patil,7,M
10708,13111,Chetan Prasad,47,F
10709,13111,Pooja Bhat,38,M
10712,13115,Rekha Kumar,69,F
10713,13115,Basavaraj Patil,74,F
10715,13117,Shivakumar Shetty,70,F
10717,13119,Kiran Bhat,48,M
10718,13121,Imran Bhat,32,M
10720,13123,Yashwanth Nayak,70,F
10722,13125,Basavaraj Naik,65,F
10723,13125,Kiran Bhat,33,F
10725,13127,Deepak Gowda,18,M
10726,13129,Manjunath Bhat,13,F
10728,13131,Chetan Murthy,61,M
10730,13133,Manjunath Patil,63,M
10731,13135,Anitha Kulkarni,25,F
10733,13137,Mary Bhat,50,F
10736,13139,Suresh Shetty,21,M
10737,13139,Pooja Desai,62,M
10740,13141,Suresh Prasad,13,M
10741,13143,Kiran Reddy,46,F
10742,13143,Basavaraj Kumar,9,F
10744,13145,Basavaraj Nayak,32,M
10746,13149,Ashwini Rao,65,M
10747,13149,Deepak Hegde,67,F
10750,13151,Lakshmi Bhat,39,M
10751,13153,Yashwanth Nayak,54,M
10755,13157,Fatima Rao,66,M
10757,13161,Lakshmi Prasad,25,F
10760,13163,Prakash Hegde,18,F
10762,13165,Pooja Reddy,58,M
10766,13169,Shivakumar Desai,24,M
10767,13171,Ravi Murthy,28,F
10768,13171,Manjunath Gowda,39,F
10770,13173,Vinutha Desai,34,F
10772,13175,Basavaraj Rao,16,F
10774,13177,Basavaraj Nayak,71,F
10775,13179,Prakash Prasad,41,F
10778,13181,Lakshmi Rao,14,F
10779,13181,Prakash Hegde,20,M
10781,13183,Imran Murthy,62,F
10782,13183,Nagaraj Gowda,42,F
10785,13187,Bhavana Bhat,39,M
10786,13187,Prakash Patil,23,M
10788,13189,Suresh Kumar,25,F
10791,13191,Deepak Nayak,5,M
10792,13195,Kiran Desai,45,M
10795,13199,Ashwini Patil,16,M
10796,13199,Basavaraj Prasad,40,F
10799,13201,Ravi Rao,74,F
10800,13201,Yashwanth Rao,72,M
10803,13203,Ravi Nayak,44,M
10805,13205,Shivakumar Gowda,50,M
10807,13207,Bhavana Kulkarni,50,M
10809,13209,Anitha Murthy,43,M
10810,13211,Prakash Nayak,50,F
10813,13213,Pooja Bhat,64,M
10814,13215,Joseph Nayak,8,M
10819,13223,Lakshmi Kumar,48,M
10821,13229,Basavaraj Kulkarni,65,M
10823,13235,Anitha Kulkarni,48,F
10825,13237,Deepak Prasad,38,F
10827,13239,Anitha Naik,71,F
10828,13241,Anitha Rao,49,F
10830,13243,Ravi Prasad,75,F
10832,13245,Yashwanth Bhat,18,M
10836,13251,Shivakumar Naik,50,M
10839,13257,Chetan Shetty,48,F
10841,13259,Anitha Hegde,21,M
10842,13259,Deepak Gowda,66,M
10843,13261,Ashwini Kulkarni,37,M
10846,13265,Yashwanth Hegde,21,M
10848,13267,Rekha Hegde,62,M
10850,13269,Basavaraj Nayak,21,M
10852,13271,Basavaraj Gowda,30,M
10854,13275,Vinutha Murthy,17,F
10857,13279,Rekha Gowda,20,F
10858,13281,Basavaraj Kulkarni,10,M
10859,13283,Vinutha Hegde,36,F
10861,13285,Lakshmi Naik,57,F
10862,13285,Lakshmi Nayak,68,M
10865,13291,Basavaraj Patil,5,M
10868,13295,Girish Prasad,56,F
10869,13295,Deepak Kulkarni,37,M
10871,13297,Manjunath Iyengar,60,F
10872,13299,Girish Nayak,36,M
10874,13301,Bhavana Hegde,29,M
10876,13305,Yashwanth Bhat,63,F
10880,13309,Shivakumar Gowda,32,M
10881,13309,Imran Kulkarni,61,F
10884,13311,Yashwanth Rao,28,F
10888,13315,Prakash Bhat,12,M
10890,13319,Lakshmi Hegde,9,F
10893,13321,Ravi Murthy,23,F
10895,13323,Anitha Gowda,11,M
10896,13323,Joseph Kumar,63,M
10899,13325,Shivakumar Bhat,23,M
10901,13327,Kiran Reddy,63,M
10902,13327,Shivakumar Patil,70,F
10904,13329,Nagaraj Hegde,25,F
10905,13331,Kiran Patil,5,F
10912,13343,Vinutha Reddy,9,M
10913,13345,Nagaraj Reddy,15,F
10915,13347,Suresh Reddy,11,F
10916,13347,Kiran Hegde,14,M
10917,13349,Manjunath Murthy,25,F
10919,13351,Fatima Nayak,8,M
10920,13353,Ravi Prasad,49,F
10921,13355,Manjunath Naik,65,F
10924,13357,Anitha Reddy,51,M
10925,13357,Bhavana Bhat,44,M
10926,13359,Bhavana Murthy,11,F
10929,13363,Ravi Hegde,48,M
10930,13365,Ashwini Desai,40,M
10932,13367,Rekha Iyengar,63,F
10935,13369,Ashwini Desai,57,M
10936,13369,Joseph Rao,52,M
10937,13373,Ashwini Shetty,25,M
10939,13375,Joseph Gowda,29,M
10942,13379,Joseph Desai,74,M
10944,13383,Chetan Gowda,68,M
10948,13389,Nagaraj Gowda,22,F
10949,13391,Ravi Kulkarni,40,M
10950,13395,Kiran Kulkarni,5,M
10952,13397,Joseph Shetty,57,F
10954,13399,Imran Bhat,29,M
10955,13399,Joseph Nayak,68,F
10957,13401,Ashwini Nayak,28,F
10958,13403,Nagaraj Desai,22,F
10959,13403,Chetan Kumar,63,M
10961,13409,Ashwini Shetty,51,M
10964,13411,Imran Kulkarni,34,M
10967,13413,Deepak Kumar,65,F
10969,13415,Yashwanth Shetty,49,M
10971,13417,Chetan Bhat,43,M
10972,13419,Manjunath Hegde,5,F
10974,13421,Vinutha Bhat,74,M
10975,13421,Rekha Shetty,13,M
10977,13423,Basavaraj Naik,8,M
10978,13423,Kiran Reddy,69,F
10981,13427,Lakshmi Gowda,18,F
10984,13429,Anitha Naik,49,F
10985,13429,Mary Nayak,72,F
10988,13431,Basavaraj Reddy,52,M
10989,13433,Suresh Patil,34,M
10990,13433,Prakash Nayak,60,F
10992,13435,Deepak Bhat,17,M
10998,13441,Fatima Kumar,34,F
10999,13443,Shivakumar Desai,17,F
11001,13445,Lakshmi Shetty,26,M
11004,13447,Shivakumar Kumar,60,F
11006,13451,Ravi Murthy,19,F
11008,13455,Yashwanth Murthy,17,F
11011,13459,Anitha Bhat,30,M
11013,13461,Shivakumar Kulkarni,34,M
11016,13463,Chetan Reddy,44,F
11017,13467,Imran Hegde,75,F
11021,13471,Ashwini Shetty,24,F
11024,13473,Shivakumar Kumar,63,F
11026,13475,Kiran Patil,13,F
11027,13477,Manjunath Prasad,12,F
11029,13479,Yashwanth Reddy,14,M
11031,13481,Lakshmi Murthy,74,F
11032,13481,Bhavana Kumar,47,M
11034,13483,Shivakumar Hegde,53,F
11035,13483,Ashwini Kumar,10,F
11038,13485,Girish Prasad,48,F
11040,13487,Deepak Reddy,39,M
11042,13489,Imran Rao,28,F
11045,13493,Joseph Bhat,31,M
11046,13495,Joseph Naik,43,M
11049,13499,Prakash Kulkarni,49,M
11054,13505,Fatima Patil,35,F
11055,13505,Fatima Rao,14,M
11058,13507,Anitha Hegde,14,F
11060,13509,Shivakumar Kumar,45,F
11063,13511,Bhavana Kumar,25,F
11064,13511,Nagaraj Iyengar,58,M
11065,13513,Ashwini Kulkarni,56,M
11066,13513,Joseph Kumar,65,F
11067,13515,Kiran Iyengar,54,F
11069,13517,Ashwini Patil,73,M
11070,13517,Bhavana Hegde,72,M
11074,13523,Kiran Kulkarni,46,F
11076,13525,Nagaraj Desai,68,M
11077,13525,Ravi Naik,11,F
11079,13527,Yashwanth Nayak,68,F
11083,13531,Imran Rao,64,M
11086,13535,Suresh Reddy,28,F
11087,13535,Nagaraj Kulkarni,47,M
11090,13541,Ashwini Desai,45,M
11094,13545,Imran Reddy,15,F
11098,13553,Imran Desai,25,M
11100,13555,Vinutha Naik,65,F
11103,13557,Prakash Hegde,24,F
11105,13559,Prakash Desai,27,F
11106,13559,Ravi Patil,44,M
11107,13561,Joseph Iyengar,57,M
11109,13563,Fatima Rao,73,M
11111,13565,Ravi Nayak,48,F
11114,13567,Pooja Gowda,8,F
11116,13569,Lakshmi Hegde,64,F
11118,13571,Girish Kulkarni,50,M
11120,13573,Deepak Rao,42,M
11122,13575,Rekha Nayak,70,M
11123,13575,Yashwanth Shetty,48,M
11124,13577,Chetan Reddy,68,F
11125,13577,Manjunath Rao,35,M
11128,13579,Girish Naik,33,M
11130,13583,Deepak Nayak,22,F
11132,13585,Kiran Kulkarni,19,F
11134,13593,Yashwanth Murthy,72,F
11137,13595,Chetan Prasad,48,F
11139,13597,Yashwanth Shetty,65,F
11144,13603,Prakash Naik,49,F
11146,13607,Prakash Hegde,40,M
11147,13607,Basavaraj Gowda,58,F
11150,13609,Mary Reddy,8,F
11151,13609,Mary Patil,57,F
11152,13611,Joseph Shetty,74,M
11154,13615,Ravi Kumar,61,M
11158,13621,Mary Prasad,20,F
11160,13627,Joseph Reddy,42,F
11163,13629,Ravi Desai,14,F
11165,13631,Suresh Murthy,47,F
11166,13631,Deepak Iyengar,68,M
11167,13633,Bhavana Kumar,19,F
11168,13635,Vinutha Gowda,37,F
11169,13635,Pooja Reddy,10,M
11171,13639,Suresh Patil,55,M
11172,13641,Ashwini Murthy,43,F
11173,13645,Imran Iyengar,40,M
11174,13645,Bhavana Gowda,21,M
11175,13647,Basavaraj Rao,69,M
11177,13651,Lakshmi Kulkarni,14,F
11179,13653,Chetan Prasad,46,F
11180,13653,Imran Desai,12,F
11181,13655,Basavaraj Naik,18,F
11183,13657,Yashwanth Murthy,25,F
11185,13659,Yashwanth Shetty,11,M
11186,13659,Mary Bhat,27,M
11187,13661,Shivakumar Reddy,42,M
11190,13663,Ravi Kulkarni,55,F
11191,13663,Imran Reddy,64,F
11193,13665,Suresh Shetty,43,F
11194,13669,Chetan Nayak,32,M
11196,13671,Bhavana Hegde,20,F
11197,13673,Nagaraj Patil,56,M
11199,13675,Bhavana Kulkarni,22,M
11200,13675,Kiran Desai,69,M
11201,13677,Manjunath Desai,59,F
11202,13679,Manjunath Shetty,59,F
11205,13681,Anitha Iyengar,6,M
11206,13681,Shivakumar Prasad,45,M
11208,13683,Fatima Reddy,73,M
11209,13685,Basavaraj Kumar,63,M
11210,13685,Basavaraj Patil,68,M
11211,13687,Yashwanth Bhat,64,F
11213,13689,Deepak Iyengar,30,F
11215,13691,Prakash Gowda,53,M
11217,13693,Manjunath Reddy,10,F
11219,13695,Girish Reddy,26,M
11220,13699,Deepak Patil,49,M
11222,13701,Lakshmi Shetty,21,F
11223,13703,Lakshmi Murthy,55,M
11224,13705,Girish Shetty,32,M
11227,13707,Kiran Prasad,44,F
11229,13709,Basavaraj Reddy,9,F
11231,13711,Chetan Iyengar,36,M
11232,13711,Ashwini Iyengar,55,F
11234,13717,Manjunath Reddy,40,M
11237,13719,Basavaraj Naik,31,M
11239,13721,Suresh Gowda,42,M
11241,13723,Ashwini Bhat,8,M
11243,13725,Rekha Desai,13,M
11245,13729,Anitha Shetty,31,M
11247,13731,Nagaraj Iyengar,25,F
11249,13733,Suresh Naik,70,M
11251,13735,Chetan Gowda,6,F
11252,13735,Mary Kulkarni,26,M
11253,13737,Imran Gowda,28,M
11255,13739,Kiran Reddy,55,M
11259,13745,Fatima Patil,44,M
11260,13747,Rekha Naik,72,M
11262,13751,Yashwanth Prasad,46,M
11263,13753,Ashwini Naik,14,F
11266,13757,Manjunath Desai,48,M
11268,13759,Fatima Patil,14,F
11273,13763,Yashwanth Desai,53,F
11274,13763,Joseph Murthy,24,M
11275,13765,Chetan Hegde,60,F
11276,13765,Deepak Hegde,58,F
11279,13769,Deepak Bhat,71,M
11280,13769,Nagaraj Patil,31,M
11281,13771,Imran Gowda,9,M
11282,13773,Imran Prasad,18,M
11285,13777,Basavaraj Patil,75,F
11287,13779,Shivakumar Kulkarni,10,M
11290,13785,Rekha Gowda,73,F
11293,13789,Suresh Iyengar,34,M
11295,13797,Chetan Bhat,15,M
11297,13799,Yashwanth Desai,26,M
11300,13801,Lakshmi Shetty,5,F
11301,13801,Ashwini Patil,21,M
11302,13803,Ashwini Gowda,60,F
11307,13809,Rekha Gowda,66,F
11308,13809,Basavaraj Patil,44,F
11309,13813,Ashwini Nayak,72,F
11311,13815,Nagaraj Murthy,45,F
11313,13819,Pooja Bhat,45,F
11315,13825,Anitha Bhat,47,F
11316,13825,Deepak Murthy,24,M
11317,13827,Chetan Patil,57,M
11320,13831,Vinutha Murthy,70,F
11322,13833,Basavaraj Iyengar,44,M
11323,13835,Girish Prasad,9,F
11325,13839,Kiran Nayak,47,F
11327,13841,Lakshmi Hegde,65,M
11332,13847,Basavaraj Iyengar,19,F
11333,13847,Joseph Kumar,43,F
11335,13849,Girish Hegde,64,F
11337,13851,Nagaraj Gowda,39,F
11338,13851,Ravi Prasad,25,M
11342,13857,Shivakumar Nayak,11,F
11344,13859,Rekha Shetty,61,M
11347,13861,Prakash Desai,69,F
11348,13863,Vinutha Gowda,23,F
11349,13863,Kiran Rao,15,M
11356,13873,Anitha Hegde,67,M
11358,13875,Shivakumar Rao,18,M
11360,13879,Vinutha Iyengar,11,M
11361,13879,Mary Kulkarni,39,F
11363,13881,Joseph Murthy,29,M
11364,13881,Vinutha Bhat,59,M
11365,13883,Girish Nayak,22,F
11369,13887,Vinutha Shetty,13,M
11370,13887,Suresh Naik,40,F
11371,13889,Bhavana Prasad,45,M
11372,13889,Suresh Patil,5,M
11375,13893,Bhavana Iyengar,33,M
11376,13893,Pooja Murthy,23,M
11378,13895,Joseph Prasad,50,M
11381,13901,Manjunath Kulkarni,45,M
11382,13901,Deepak Desai,74,F
11384,13905,Lakshmi Iyengar,59,M
11386,13909,Rekha Iyengar,62,F
11389,13913,Yashwanth Hegde,37,M
11392,13921,Anitha Kumar,48,M
11393,13921,Deepak Patil,57,M
11396,13925,Kiran Patil,25,F
11397,13925,Basavaraj Nayak,60,F
11399,13927,Imran Kumar,22,M
11400,13929,Prakash Patil,9,M
11401,13929,Ravi Naik,15,F
11402,13931,Deepak Desai,73,M
11403,13933,Prakash Naik,56,F
11404,13935,Joseph Prasad,69,F
11405,13935,Kiran Bhat,50,M
11407,13939,Joseph Bhat,17,F
11411,13943,Shivakumar Rao,28,F
11413,13945,Kiran Naik,36,M
11415,13947,Mary Patil,37,F
11416,13947,Imran Naik,17,F
11418,13949,Yashwanth Gowda,29,F
11420,13953,Pooja Shetty,55,M
11422,13955,Deepak Gowda,75,F
11423,13957,Shivakumar Kumar,70,M
11425,13959,Suresh Nayak,65,M
11426,13963,Yashwanth Naik,10,F
11427,13963,Vinutha Desai,74,M
11432,13967,Ashwini Bhat,26,F
11436,13971,Manjunath Murthy,71,M
11437,13973,Yashwanth Patil,53,F
11440,13977,Pooja Kulkarni,40,F
11441,13977,Rekha Reddy,36,F
11444,13981,Vinutha Gowda,35,F
11445,13981,Manjunath Patil,43,F
11447,13983,Vinutha Iyengar,46,M
11448,13985,Suresh Kulkarni,74,F
11452,13991,Nagaraj Reddy,69,M
11453,13991,Rekha Nayak,18,M
11456,13995,Joseph Kumar,30,M
11459,14001,Girish Reddy,6,M
11463,14007,Yashwanth Bhat,71,F
11464,14007,Ravi Hegde,8,F
11466,14009,Kiran Naik,36,F
11467,14011,Girish Patil,26,F
11469,14013,Kiran Patil,22,F
11470,14015,Chetan Shetty,10,M
11471,14019,Shivakumar Kulkarni,61,F
11473,14021,Basavaraj Hegde,64,F
11474,14021,Ravi Bhat,18,M
11476,14023,Manjunath Prasad,69,F
11477,14025,Nagaraj Rao,30,M
11478,14031,Yashwanth Hegde,12,M
11481,14035,Anitha Iyengar,22,M
11483,14037,Manjunath Naik,51,M
11485,14039,Mary Bhat,23,F
11486,14041,Anitha Nayak,16,M
11487,14043,Shivakumar Patil,12,M
11489,14045,Rekha Desai,19,F
11491,14047,Kiran Nayak,46,F
11494,14049,Basavaraj Shetty,66,F
11495,14051,Fatima Shetty,70,M
11496,14053,Girish Shetty,20,M
11497,14053,Pooja Murthy,8,F
11501,14057,Bhavana Murthy,27,M
11502,14057,Pooja Desai,24,F
11503,14059,Anitha Murthy,40,F
11504,14061,Fatima Shetty,41,M
11506,14063,Ravi Kulkarni,65,F
11507,14063,Yashwanth Reddy,33,F
11508,14065,Fatima Murthy,23,M
11511,14071,Yashwanth Naik,74,M
11514,14075,Rekha Bhat,5,M
11515,14075,Prakash Naik,11,F
11517,14077,Ashwini Rao,37,M
11518,14077,Deepak Rao,16,F
11520,14081,Anitha Patil,56,M
11521,14081,Nagaraj Iyengar,25,M
11524,14083,Basavaraj Kulkarni,49,F
11525,14083,Suresh Bhat,51,F
11526,14085,Ravi Gowda,39,F
11528,14087,Bhavana Murthy,56,M
11529,14087,Joseph Desai,53,M
11532,14091,Pooja Prasad,16,M
11533,14095,Anitha Bhat,65,F
11536,14099,Girish Rao,51,F
11537,14099,Joseph Bhat,45,F
11542,14105,Vinutha Rao,9,M
11543,14107,Yashwanth Iyengar,31,M
11545,14111,Manjunath Gowda,34,F
11548,14115,Basavaraj Desai,75,M
11549,14115,Mary Kumar,33,F
11552,14117,Lakshmi Desai,32,F
11554,14119,Fatima Reddy,20,M
11556,14123,Girish Shetty,20,F
11557,14123,Basavaraj Rao,37,F
11559,14127,Anitha Kumar,15,M
11560,14129,Joseph Patil,23,F
11562,14131,Suresh Rao,67,F
11563,14131,Pooja Iyengar,30,M
11565,14133,Anitha Bhat,30,F
11567,14135,Pooja Shetty,49,M
11569,14137,Basavaraj Murthy,16,F
11570,14139,Mary Reddy,22,M
11571,14139,Lakshmi Rao,16,M
11575,14145,Chetan Patil,32,F
11576,14145,Ravi Nayak,58,M
11578,14147,Pooja Patil,39,M
11579,14149,Lakshmi Shetty,45,M
11582,14153,Fatima Shetty,51,F
11583,14157,Kiran Prasad,5,F
11586,14159,Ravi Murthy,56,M
11587,14159,Suresh Kumar,75,F
11590,14161,Nagaraj Rao,54,M
11591,14163,Vinutha Kumar,34,M
11593,14165,Anitha Desai,74,F
11595,14167,Suresh Iyengar,58,F
11598,14171,Rekha Iyengar,28,F
11599,14173,Lakshmi Kumar,5,M
11601,14175,Pooja Murthy,68,F
11602,14175,Nagaraj Kumar,45,F
11605,14177,Imran Patil,11,F
11606,14177,Ravi Hegde,51,M
11610,14181,Ravi Naik,21,M
11611,14183,Pooja Desai,7,M
11615,14187,Suresh Naik,12,F
11616,14187,Deepak Nayak,53,F
11620,14191,Lakshmi Hegde,6,F
11622,14193,Basavaraj Murthy,64,M
11624,14195,Girish Naik,51,M
11626,14199,Joseph Kumar,46,M
11627,14199,Nagaraj Nayak,75,M
11630,14203,Imran Bhat,71,F
11632,14205,Joseph Patil,22,F
11635,14207,Rekha Iyengar,74,F
11637,14209,Yashwanth Kumar,62,M
11638,14209,Yashwanth Gowda,19,M
11642,14213,Imran Bhat,50,F
11643,14213,Deepak Nayak,56,M
11645,14215,Lakshmi Hegde,49,M
11646,14217,Lakshmi Nayak,48,F
11650,14221,Suresh Reddy,6,F
11652,14223,Vinutha Reddy,65,M
11653,14223,Prakash Hegde,45,F
11654,14225,Ashwini Hegde,42,M
11655,14227,Ashwini Gowda,72,M
11657,14229,Anitha Kumar,31,F
11660,14233,Ravi Nayak,54,F
11662,14235,Vinutha Prasad,52,F
11665,14237,Nagaraj Patil,47,F
11667,14241,Lakshmi Hegde,51,M
11669,14243,Rekha Bhat,48,F
11671,14245,Rekha Desai,64,M
11672,14247,Yashwanth Gowda,34,M
11673,14249,Joseph Naik,40,M
11675,14251,Imran Patil,44,F
11676,14251,Pooja Nayak,22,M
11679,14255,Mary Reddy,22,F
11680,14255,Ashwini Gowda,72,F
11681,14257,Ravi Iyengar,49,M
11683,14259,Mary Prasad,50,M
11686,14263,Anitha Bhat,15,F
11688,14265,Suresh Shetty,32,F
11689,14265,Anitha Prasad,6,M
11691,14267,Prakash Bhat,72,M
11693,14269,Girish Bhat,35,M
11695,14275,Ravi Shetty,23,M
11697,14277,Bhavana Naik,8,M
11699,14279,Basavaraj Reddy,66,M
11700,14279,Fatima Rao,74,F
11701,14281,Joseph Rao,17,M
11703,14283,Kiran Iyengar,48,M
11706,14285,Bhavana Murthy,5,F
11708,14293,Lakshmi Bhat,49,M
11709,14293,Pooja Naik,21,F
11710,14297,Fatima Patil,34,F
11712,14299,Imran Naik,45,M
11713,14301,Imran Patil,36,M
11714,14301,Girish Desai,72,M
11716,14303,Prakash Naik,11,M
11717,14305,Deepak Desai,41,F
11719,14307,Joseph Murthy,9,F
11720,14307,Suresh Naik,23,M
11722,14309,Anitha Hegde,33,F
11724,14311,Shivakumar Shetty,68,F
11726,14313,Manjunath Shetty,32,M
11727,14313,Manjunath Nayak,42,M
11730,14315,Shivakumar Reddy,20,F
11733,14321,Yashwanth Murthy,20,F
11734,14325,Ravi Desai,74,M
11735,14325,Yashwanth Prasad,29,F
11738,14329,Fatima Shetty,54,F
11739,14329,Manjunath Kulkarni,7,F
11742,14331,Nagaraj Gowda,8,F
11743,14331,Lakshmi Murthy,41,F
11746,14333,Imran Hegde,16,F
11747,14335,Joseph Bhat,6,F
11750,14341,Ravi Iyengar,75,F
11753,14343,Yashwanth Reddy,15,F
11754,14345,Rekha Murthy,50,F
11757,14347,Prakash Patil,46,F
11759,14349,Prakash Nayak,41,M
11760,14351,Pooja Desai,32,F
11762,14355,Fatima Desai,66,M
11763,14355,Anitha Murthy,29,M
11765,14357,Imran Rao,15,M
11767,14359,Vinutha Kumar,46,M
11769,14361,Manjunath Murthy,26,F
11770,14363,Shivakumar Kulkarni,49,M
11773,14367,Mary Reddy,67,F
11774,14369,Lakshmi Iyengar,19,M
11778,14375,Ravi Shetty,10,M
11780,14377,Mary Kumar,74,F
11783,14379,Imran Kumar,67,F
11785,14381,Suresh Kumar,31,M
11786,14383,Joseph Patil,43,F
11788,14385,Manjunath Kulkarni,8,F
11789,14385,Vinutha Prasad,46,M
11790,14387,Shivakumar Prasad,24,F
11791,14387,Joseph Reddy,35,F
11794,14389,Pooja Patil,58,F
11796,14391,Suresh Murthy,27,F
11801,14397,Prakash Nayak,55,F
11802,14397,Bhavana Patil,39,M
11803,14399,Prakash Naik,55,F
11806,14401,Nagaraj Gowda,68,F
11808,14403,Joseph Gowda,32,F
11810,14407,Chetan Shetty,18,M
11814,14411,Suresh Bhat,51,F
11815,14411,Shivakumar Iyengar,48,M
11816,14415,Yashwanth Shetty,27,F
11819,14419,Nagaraj Bhat,53,F
11820,14419,Girish Prasad,68,M
11824,14425,Kiran Hegde,50,M
11827,14427,Mary Shetty,37,M
11828,14429,Nagaraj Kumar,15,M
11831,14431,Deepak Prasad,47,M
11834,14433,Rekha Rao,61,F
11835,14433,Joseph Hegde,57,M
11838,14439,Basavaraj Kulkarni,46,M
11840,14441,Bhavana Gowda,45,F
11843,14445,Lakshmi Naik,36,M
11846,14447,Imran Patil,27,F
11847,14447,Imran Reddy,47,F
11849,14449,Girish Rao,69,M
11850,14451,Kiran Desai,43,F
11852,14455,Mary Kulkarni,6,F
11853,14457,Pooja Patil,44,F
11854,14457,Deepak Kumar,9,F
11855,14459,Manjunath Kumar,21,F
11858,14461,Shivakumar Kumar,13,M
11861,14463,Bhavana Naik,32,F
11863,14467,Vinutha Murthy,33,F
11865,14469,Shivakumar Patil,57,F
11867,14471,Nagaraj Hegde,31,F
11870,14475,Basavaraj Reddy,38,M
11872,14477,Anitha Reddy,28,F
11874,14479,Joseph Prasad,56,M
11875,14481,Shivakumar Nayak,22,F
11876,14481,Ashwini Hegde,27,F
11879,14485,Suresh Shetty,18,F
11881,14487,Nagaraj Bhat,19,M
11882,14489,Girish Reddy,61,M
11885,14493,Vinutha Iyengar,41,M
11886,14495,Manjunath Rao,19,F
11888,14499,Shivakumar Desai,52,M
11891,14501,Lakshmi Iyengar,30,M
11892,14501,Prakash Kulkarni,72,F
11894,14503,Ravi Nayak,9,M
11895,14503,Lakshmi Kumar,40,F
11897,14505,Deepak Shetty,25,M
11899,14507,Nagaraj Iyengar,55,F
11900,14509,Joseph Reddy,54,M
11902,14511,Nagaraj Kumar,38,F
11903,14511,Pooja Bhat,58,F
11905,14513,Ravi Bhat,10,F
11906,14513,Vinutha Desai,38,F
11909,14515,Ashwini Kulkarni,22,F
11913,14521,Girish Reddy,59,M
11914,14523,Pooja Rao,64,M
11916,14525,Joseph Naik,47,F
11922,14533,Kiran Kulkarni,57,F
11923,14533,Girish Gowda,45,M
11925,14535,Prakash Bhat,41,F
11927,14537,Nagaraj Naik,53,M
11928,14537,Lakshmi Hegde,12,F
11930,14539,Kiran Kumar,26,M
11931,14539,Suresh Nayak,26,F
11933,14547,Imran Kulkarni,48,F
11935,14549,Rekha Kumar,25,F
11936,14551,Girish Gowda,17,F
11939,14553,Pooja Gowda,42,M
11941,14555,Kiran Prasad,10,M
11942,14559,Ravi Rao,19,F
11946,14565,Manjunath Desai,21,F
11948,14567,Imran Desai,39,F
11949,14569,Yashwanth Patil,45,M
11952,14571,Prakash Rao,25,M
11955,14575,Vinutha Bhat,20,M
11958,14577,Rekha Bhat,50,F
11959,14577,Prakash Rao,61,F
11961,14585,Vinutha Naik,47,F
11966,14593,Pooja Hegde,36,M
11969,14599,Manjunath Hegde,34,M
11972,14601,Girish Bhat,24,F
11974,14607,Lakshmi Murthy,64,F
11977,14609,Imran Shetty,5,M
11979,14611,Vinutha Desai,56,M
11980,14613,Yashwanth Shetty,32,M
11981,14613,Kiran Patil,62,M
11983,14617,Vinutha Hegde,72,M
11985,14623,Yashwanth Patil,20,F
11988,14625,Imran Kulkarni,48,M
11991,14627,Mary Gowda,31,F
11996,14633,Bhavana Gowda,28,M
11998,14635,Nagaraj Kumar,60,M
12000,14637,Ashwini Desai,40,F
12002,14639,Vinutha Iyengar,36,M
12003,14641,Bhavana Desai,10,F
12006,14645,Lakshmi Kulkarni,54,F
12007,14647,Girish Prasad,22,M
12008,14647,Basavaraj Prasad,48,F
12009,14649,Rekha Kulkarni,28,M
12010,14649,Manjunath Naik,20,M
12012,14651,Bhavana Iyengar,21,M
12013,14653,Basavaraj Patil,64,M
12014,14655,Suresh Gowda,75,M
12015,14657,Prakash Hegde,63,M
12017,14659,Shivakumar Nayak,42,M
12018,14661,Bhavana Kulkarni,63,M
12019,14661,Nagaraj Kumar,12,F
12021,14663,Rekha Prasad,36,F
12023,14665,Shivakumar Prasad,31,M
12026,14669,Manjunath Nayak,19,M
12029,14671,Pooja Naik,71,M
12032,14673,Ashwini Murthy,44,M
12033,14677,Suresh Murthy,64,F
12036,14683,Nagaraj Nayak,23,F
12038,14687,Bhavana Desai,17,F
12039,14689,Bhavana Bhat,48,F
12040,14691,Mary Prasad,21,F
12043,14695,Mary Patil,11,M
12044,14695,Shivakumar Kumar,72,M
12046,14697,Ashwini Kumar,53,M
12049,14701,Imran Murthy,10,F
12051,14703,Ravi Reddy,36,F
12052,14707,Bhavana Reddy,22,M
12055,14709,Imran Naik,68,F
12059,14713,Pooja Shetty,35,M
12060,14713,Nagaraj Patil,54,F
12062,14715,Suresh Naik,30,F
12065,14719,Basavaraj Patil,5,M
12066,14719,Chetan Kumar,37,M
12069,14721,Bhavana Naik,67,F
12075,14731,Chetan Hegde,52,F
12076,14733,Anitha Shetty,6,M
12079,14737,Deepak Kulkarni,52,M
12081,14739,Girish Kumar,36,F
12084,14741,Yashwanth Bhat,15,F
12085,14741,Mary Kulkarni,71,F
12088,14743,Girish Naik,10,F
12090,14745,Shivakumar Reddy,67,M
12092,14747,Girish Bhat,42,F
12095,14751,Joseph Kumar,73,F
12096,14751,Shivakumar Kumar,52,F
12100,14759,Chetan Gowda,73,M
12102,14761,Fatima Shetty,22,F
12103,14761,Chetan Kumar,9,F
12104,14763,Nagaraj Bhat,50,F
12106,14767,Pooja Hegde,39,M
12108,14769,Fatima Bhat,58,M
12110,14771,Fatima Naik,38,M
12111,14773,Shivakumar Prasad,19,M
12112,14777,Mary Hegde,21,F
12114,14779,Yashwanth Reddy,26,M
12115,14779,Shivakumar Naik,35,F
12118,14781,Prakash Prasad,28,F
12119,14781,Bhavana Naik,16,M
12123,14787,Shivakumar Rao,69,M
12126,14795,Anitha Prasad,67,M
12128,14799,Rekha Rao,38,F
12130,14801,Joseph Iyengar,7,F
12131,14803,Anitha Kulkarni,47,M
12132,14807,Girish Gowda,65,M
12133,14809,Rekha Hegde,43,M
12135,14811,Deepak Kulkarni,7,M
12136,14811,Rekha Kulkarni,16,M
12137,14815,Manjunath Kumar,12,M
12139,14817,Manjunath Shetty,32,M
12141,14819,Lakshmi Rao,64,F
12142,14819,Deepak Patil,10,F
12147,14825,Prakash Kulkarni,33,F
12148,14825,Lakshmi Iyengar,52,M
12150,14827,Lakshmi Patil,44,M
12152,14831,Vinutha Kumar,51,M
12153,14831,Deepak Rao,12,M
12158,14835,Anitha Kumar,37,M
12159,14837,Shivakumar Hegde,55,M
12163,14843,Suresh Murthy,75,M
12166,14851,Basavaraj Gowda,74,F
12168,14853,Deepak Rao,32,M
12171,14855,Manjunath Kumar,28,M
12176,14867,Basavaraj Kumar,24,M
12178,14871,Bhavana Gowda,62,M
12179,14871,Anitha Patil,70,M
12181,14873,Prakash Prasad,19,F
12184,14879,Fatima Reddy,13,M
12185,14879,Nagaraj Prasad,7,M
12188,14885,Nagaraj Naik,10,M
12189,14887,Imran Murthy,22,F
12191,14889,Suresh Reddy,40,F
12194,14895,Mary Reddy,72,M
12195,14897,Mary Bhat,38,M
12196,14901,Imran Prasad,70,M
12199,14909,Ashwini Kulkarni,25,F
12204,14915,Prakash Naik,65,F
12206,14917,Rekha Rao,33,F
12208,14919,Imran Iyengar,40,M
12210,14921,Nagaraj Hegde,71,M
12212,14923,Nagaraj Bhat,54,M
12213,14923,Vinutha Hegde,30,F
12214,14927,Bhavana Iyengar,64,F
12215,14929,Nagaraj Nayak,69,M
12216,14931,Mary Shetty,42,F
12217,14931,Manjunath Patil,68,F
12221,14937,Nagaraj Patil,23,F
12223,14939,Vinutha Kumar,70,F
12224,14939,Suresh Iyengar,11,F
12226,14941,Lakshmi Reddy,18,M
12230,14947,Mary Desai,57,F
12231,14947,Yashwanth Prasad,68,F
12233,14949,Yashwanth Kulkarni,68,F
12234,14949,Manjunath Kumar,49,F
12236,14951,Vinutha Gowda,6,F
12237,14951,Girish Iyengar,34,M
12239,14953,Bhavana Naik,69,M
12241,14955,Bhavana Reddy,46,F
12245,14961,Prakash Desai,7,F
12247,14965,Vinutha Hegde,15,F
12249,14967,Anitha Kumar,69,F
12250,14967,Fatima Murthy,45,M
12254,14971,Bhavana Naik,43,M
12258,14975,Suresh Iyengar,14,F
12260,14977,Yashwanth Murthy,62,M
12262,14979,Pooja Hegde,29,F
12264,14981,Lakshmi Shetty,19,M
12266,14983,Anitha Prasad,56,M
12267,14983,Ravi Shetty,47,M
12272,14989,Lakshmi Kumar,9,F
12276,14995,Shivakumar Kumar,39,M
12277,14995,Pooja Murthy,66,F
12278,14997,Bhavana Gowda,46,F
12279,14999,Vinutha Prasad,61,F
12284,15005,Joseph Shetty,23,M
12286,15007,Nagaraj Gowda,54,F
12287,15007,Chetan Patil,62,M
12294,15017,Joseph Iyengar,29,M
12295,15019,Imran Kulkarni,32,M
12297,15021,Mary Desai,52,M
12298,15021,Girish Hegde,74,M
12300,15023,Deepak Reddy,34,F
12302,15025,Ravi Bhat,32,M
12304,15027,Nagaraj Hegde,27,F
12306,15029,Suresh Naik,28,M
12307,15031,Manjunath Naik,47,F
12309,15033,Basavaraj Kulkarni,25,F
12310,15035,Mary Rao,25,F
12311,15037,Bhavana Patil,18,M
12315,15043,Ashwini Murthy,37,M
12316,15043,Rekha Patil,52,F
12318,15047,Lakshmi Naik,43,F
12319,15047,Basavaraj Kulkarni,6,F
12321,15049,Bhavana Desai,57,M
12322,15049,Ashwini Naik,71,F
12323,15051,Imran Shetty,10,F
12324,15053,Rekha Prasad,69,F
12325,15055,Ravi Gowda,27,M
12326,15057,Shivakumar Kumar,75,F
12327,15057,Suresh Shetty,36,M
12331,15063,Nagaraj Patil,61,F
12336,15067,Pooja Rao,53,F
12337,15067,Anitha Shetty,49,M
12341,15071,Manjunath Reddy,44,M
12342,15073,Yashwanth Prasad,36,F
12343,15073,Fatima Bhat,14,F
12345,15075,Prakash Reddy,30,F
12346,15075,Mary Hegde,18,M
12348,15077,Vinutha Prasad,19,F
12349,15081,Ashwini Reddy,52,F
12350,15081,Imran Patil,64,F
12353,15083,Kiran Kulkarni,33,F
12356,15085,Fatima Shetty,13,F
12358,15087,Kiran Patil,7,F
12361,15089,Vinutha Shetty,55,F
12362,15089,Girish Iyengar,61,M
12363,15091,Girish Desai,13,F
12365,15093,Lakshmi Hegde,20,M
12369,15099,Ashwini Naik,17,M
12371,15101,Kiran Kulkarni,48,F
12374,15103,Fatima Naik,50,F
12383,15115,Anitha Gowda,5,M
12384,15117,Pooja Desai,8,F
12388,15125,Chetan Rao,54,M
12389,15125,Anitha Kumar,27,M
12392,15127,Suresh Naik,19,F
12394,15129,Lakshmi Murthy,24,F
12395,15129,Suresh Murthy,17,M
12401,15139,Deepak Shetty,43,F
12403,15143,Prakash Patil,20,M
12408,15149,Joseph Bhat,75,M
12410,15151,Deepak Kumar,57,F
12412,15153,Kiran Kulkarni,43,F
12413,15155,Yashwanth Naik,12,M
12417,15161,Manjunath Patil,45,M
12419,15163,Basavaraj Iyengar,52,M
12420,15163,Pooja Kumar,17,M
12421,15167,Bhavana Iyengar,23,M
12422,15169,Vinutha Murthy,71,M
12425,15173,Prakash Kulkarni,31,M
12426,15173,Rekha Hegde,62,F
12427,15175,Chetan Naik,66,M
12430,15179,Girish Patil,37,M
12431,15181,Kiran Patil,38,F
12432,15181,Basavaraj Prasad,58,M
12434,15183,Manjunath Hegde,45,F
12435,15183,Bhavana Nayak,30,M
12437,15185,Pooja Kulkarni,23,F
12438,15185,Pooja Iyengar,42,M
12443,15191,Kiran Shetty,71,F
12448,15197,Ashwini Rao,44,F
12449,15199,Deepak Kulkarni,22,F
12450,15199,Ashwini Naik,44,M
12452,15201,Yashwanth Patil,16,F
12453,15203,Nagaraj Shetty,34,F
12457,15207,Kiran Desai,13,M
12463,15213,Shivakumar Bhat,52,F
12466,15215,Bhavana Hegde,14,M
12467,15217,Pooja Gowda,31,F
12468,15219,Nagaraj Shetty,66,F
12472,15229,Suresh Bhat,60,M
12473,15229,Joseph Desai,55,M
12477,15233,Girish Patil,46,M
12481,15239,Manjunath Naik,10,M
12483,15241,Vinutha Gowda,37,M
12485,15245,Prakash Shetty,48,F
12489,15251,Lakshmi Shetty,11,F
12492,15257,Yashwanth Kumar,47,F
12493,15259,Nagaraj Patil,40,M
12494,15261,Rekha Shetty,56,M
12498,15265,Manjunath Naik,24,M
12500,15269,Mary Nayak,58,M
12502,15271,Lakshmi Reddy,29,M
12504,15273,Manjunath Kulkarni,12,F
12506,15275,Ravi Shetty,36,M
12507,15279,Manjunath Reddy,9,M
12508,15281,Pooja Bhat,10,F
12512,15285,Yashwanth Iyengar,57,F
12514,15287,Bhavana Shetty,27,M
12515,15287,Suresh Patil,22,F
12517,15289,Vinutha Shetty,44,M
12520,15293,Prakash Iyengar,70,M
12523,15301,Pooja Rao,68,M
12525,15303,Kiran Kulkarni,56,M
12527,15305,Prakash Shetty,42,M
12530,15309,Yashwanth Reddy,51,M
12533,15311,Anitha Rao,57,M
12534,15311,Manjunath Hegde,57,F
12536,15313,Basavaraj Nayak,64,F
12537,15313,Mary Murthy,72,F
12540,15317,Joseph Bhat,70,F
12542,15319,Chetan Shetty,50,F
12543,15319,Ravi Murthy,75,M
12546,15321,Prakash Reddy,72,F
12547,15321,Kiran Naik,38,F
12549,15323,Lakshmi Iyengar,36,F
12550,15323,Suresh Shetty,44,M
12551,15325,Kiran Patil,74,F
12553,15327,Girish Gowda,35,F
12554,15327,Girish Patil,29,M
12555,15329,Kiran Bhat,72,M
12556,15331,Suresh Patil,22,F
12557,15331,Pooja Kumar,69,M
12560,15335,Prakash Bhat,14,F
12564,15339,Lakshmi Kulkarni,48,M
12566,15341,Bhavana Shetty,71,F
12567,15341,Fatima Bhat,27,M
12569,15343,Vinutha Gowda,45,M
12576,15351,Chetan Nayak,44,M
12577,15353,Imran Rao,39,M
12578,15353,Kiran Kumar,74,F
12582,15359,Yashwanth Murthy,64,F
12583,15359,Bhavana Naik,12,F
12585,15361,Nagaraj Kulkarni,66,M
12587,15363,Yashwanth Bhat,31,M
12589,15367,Anitha Nayak,18,M
12590,15367,Chetan Patil,20,F
12591,15369,Pooja Nayak,18,F
12592,15369,Imran Patil,12,M
12593,15373,Pooja Nayak,33,M
12594,15373,Girish Rao,67,M
12597,15377,Prakash Shetty,28,M
12598,15377,Fatima Prasad,22,M
12599,15379,Fatima Desai,21,M
12600,15381,Kiran Desai,62,F
12603,15383,Ashwini Naik,74,F
12606,15385,Rekha Kulkarni,55,M
12609,15391,Imran Desai,17,F
12614,15399,Mary Desai,69,M
12619,15407,Manjunath Murthy,27,F
12620,15407,Basavaraj Desai,15,F
12621,15409,Shivakumar Bhat,17,F
12622,15413,Joseph Shetty,53,M
12623,15415,Rekha Iyengar,43,F
12624,15419,Shivakumar Murthy,53,F
12625,15423,Manjunath Reddy,20,M
12629,15427,Imran Hegde,66,F
12630,15429,Anitha Patil,58,M
12633,15431,Nagaraj Naik,7,M
12634,15431,Ashwini Patil,18,M
12636,15439,Mary Patil,45,F
12638,15441,Joseph Iyengar,18,M
12641,15445,Fatima Shetty,11,M
12645,15449,Nagaraj Patil,20,F
12647,15451,Mary Prasad,20,M
12650,15455,Ravi Hegde,43,F
12651,15457,Mary Bhat,53,F
12653,15459,Chetan Bhat,13,F
12655,15463,Manjunath Desai,71,F
12657,15467,Mary Kumar,42,F
12659,15469,Shivakumar Hegde,73,F
12660,15469,Prakash Naik,50,M
12662,15473,Kiran Bhat,7,M
12664,15475,Kiran Naik,43,F
12667,15477,Nagaraj Murthy,16,F
12670,15479,Bhavana Bhat,53,F
12672,15481,Deepak Shetty,36,M
12673,15481,Girish Kumar,69,F
12674,15483,Ashwini Desai,17,M
12675,15483,Vinutha Bhat,6,F
12677,15485,Joseph Patil,43,F
12678,15487,Deepak Naik,48,F
12681,15489,Anitha Rao,56,F
12682,15489,Bhavana Naik,63,F
12685,15491,Deepak Nayak,40,F
12693,15507,Lakshmi Murthy,65,F
12694,15509,Joseph Hegde,33,F
12695,15511,Ashwini Kumar,49,M
12696,15511,Pooja Kumar,22,F
12699,15513,Suresh Hegde,7,M
12701,15515,Nagaraj Prasad,46,F
12703,15517,Kiran Kumar,18,M
12704,15517,Lakshmi Reddy,50,M
12706,15519,Chetan Bhat,10,F
12707,15521,Basavaraj Kulkarni,48,M
12709,15523,Kiran Reddy,6,F
12712,15527,Prakash Bhat,74,M
12718,15535,Prakash Rao,65,M
12721,15537,Lakshmi Prasad,62,F
12724,15541,Joseph Desai,60,F
12726,15543,Chetan Naik,23,F
12728,15545,Vinutha Naik,30,F
12729,15547,Girish Shetty,49,M
12730,15547,Rekha Reddy,68,F
12732,15549,Basavaraj Desai,49,F
12733,15551,Rekha Iyengar,49,F
12734,15551,Lakshmi Shetty,35,M
12735,15553,Pooja Gowda,29,M
12736,15553,Vinutha Gowda,68,M
12738,15555,Bhavana Naik,71,M
12739,15557,Anitha Kulkarni,18,M
12740,15559,Ashwini Gowda,62,M
12742,15561,Rekha Desai,27,M
12744,15563,Prakash Rao,54,F
12745,15563,Chetan Reddy,16,M
12747,15565,Lakshmi Bhat,48,M
12750,15569,Chetan Rao,43,F
12751,15573,Shivakumar Naik,35,F
12753,15575,Shivakumar Prasad,5,M
12754,15577,Basavaraj Bhat,71,F
12755,15577,Nagaraj Patil,34,M
12758,15581,Rekha Gowda,59,F
12761,15583,Bhavana Kumar,61,F
12763,15585,Fatima Desai,29,F
12766,15593,Fatima Iyengar,27,M
12769,15595,Manjunath Rao,24,M
12771,15597,Basavaraj Shetty,57,M
12773,15599,Mary Gowda,52,F
12778,15603,Kiran Hegde,60,M
12779,15603,Deepak Bhat,58,F
12781,15607,Bhavana Bhat,13,F
12784,15609,Deepak Murthy,14,F
12786,15613,Basavaraj Iyengar,63,F
12787,15613,Nagaraj Kumar,73,F
12788,15615,Rekha Murthy,42,M
12791,15619,Ashwini Bhat,44,M
12792,15621,Imran Gowda,8,F
12793,15623,Suresh Kulkarni,28,M
12795,15627,Suresh Desai,23,M
12797,15629,Deepak Bhat,27,M
12799,15635,Imran Patil,35,F
12801,15637,Girish Hegde,5,F
12802,15637,Manjunath Murthy,64,F
12803,15639,Suresh Prasad,70,M
12805,15641,Bhavana Murthy,70,M
12807,15643,Nagaraj Reddy,28,M
12811,15647,Ravi Reddy,21,M
12817,15653,Girish Iyengar,7,F
12820,15659,Kiran Kulkarni,13,M
12822,15661,Kiran Iyengar,41,F
12826,15667,Lakshmi Murthy,42,M
12827,15667,Imran Kulkarni,41,F
12831,15671,Girish Bhat,11,M
12833,15673,Fatima Patil,71,F
12835,15677,Joseph Shetty,9,F
12838,15681,Anitha Shetty,11,F
12839,15681,Basavaraj Bhat,38,F
12841,15683,Rekha Prasad,16,M
12842,15683,Mary Kulkarni,24,F
12844,15685,Kiran Kulkarni,46,F
12845,15687,Pooja Reddy,43,M
12847,15689,Yashwanth Naik,57,F
12850,15693,Yashwanth Murthy,42,M
12851,15693,Shivakumar Shetty,53,F
12853,15695,Girish Murthy,13,M
12855,15699,Ravi Gowda,18,M
12856,15701,Pooja Prasad,66,F
12859,15703,Imran Bhat,75,M
12860,15703,Shivakumar Hegde,42,F
12862,15705,Yashwanth Rao,68,F
12865,15709,Manjunath Patil,64,F
12868,15715,Chetan Bhat,19,M
12869,15717,Yashwanth Prasad,37,M
12872,15719,Lakshmi Hegde,23,F
12874,15721,Mary Hegde,43,M
12875,15723,Joseph Prasad,32,F
12877,15725,Mary Reddy,14,M
12879,15727,Mary Rao,46,F
12880,15727,Manjunath Prasad,15,F
12881,15729,Basavaraj Iyengar,69,M
12883,15731,Rekha Bhat,75,F
12884,15731,Lakshmi Kulkarni,21,F
12885,15735,Pooja Kumar,51,F
12888,15739,Ravi Rao,6,M
12890,15741,Mary Reddy,26,M
12891,15741,Lakshmi Gowda,75,M
12895,15745,Lakshmi Desai,24,F
12899,15749,Suresh Naik,58,F
12903,15753,Deepak Hegde,49,M
12904,15755,Mary Hegde,15,M
12905,15757,Ravi Iyengar,56,F
12906,15759,Pooja Kulkarni,6,F
12907,15763,Basavaraj Desai,11,F
12909,15765,Ashwini Prasad,7,F
12911,15767,Kiran Shetty,36,M
12913,15769,Suresh Hegde,55,M
12914,15769,Manjunath Prasad,5,M
12915,15771,Imran Kumar,62,M
12916,15771,Nagaraj Murthy,22,F
12918,15773,Basavaraj Hegde,31,F
12919,15773,Nagaraj Naik,19,M
12921,15775,Basavaraj Kulkarni,24,F
12923,15777,Imran Nayak,67,M
12924,15777,Fatima Kumar,8,F
12925,15779,Rekha Naik,5,F
12926,15781,Imran Kumar,7,M
12928,15783,Lakshmi Prasad,37,M
12933,15789,Manjunath Prasad,73,M
12934,15791,Chetan Rao,6,M
12938,15795,Kiran Naik,67,F
12939,15795,Imran Nayak,30,F
12942,15799,Fatima Kulkarni,11,F
12944,15801,Deepak Prasad,35,M
12945,15805,Yashwanth Nayak,13,M
12948,15807,Nagaraj Iyengar,19,M
12951,15809,Lakshmi Naik,60,F
12952,15811,Joseph Iyengar,13,F
12953,15813,Prakash Kumar,38,F
12955,15815,Suresh Iyengar,32,M
12959,15819,Ravi Murthy,30,M
12960,15821,Mary Naik,21,F
12963,15823,Manjunath Shetty,41,F
12964,15825,Yashwanth Kulkarni,61,F
12966,15827,Girish Gowda,53,M
12969,15831,Vinutha Reddy,37,F
12970,15831,Vinutha Murthy,21,F
12973,15835,Vinutha Desai,24,M
12974,15835,Basavaraj Rao,9,M
12978,15841,Girish Iyengar,71,F
12980,15843,Prakash Kumar,48,F
12983,15845,Shivakumar Naik,22,F
12985,15847,Girish Iyengar,75,M
12986,15849,Manjunath Gowda,67,M
12987,15849,Mary Nayak,31,M
12988,15851,Manjunath Reddy,75,M
12989,15851,Ravi Iyengar,21,F
12990,15853,Ravi Naik,39,M
12991,15855,Lakshmi Murthy,28,F
12993,15857,Imran Kumar,10,M
12996,15861,Shivakumar Desai,14,F
12999,15863,Bhavana Bhat,10,F
13000,15867,Joseph Shetty,18,M
13002,15869,Prakash Prasad,43,M
13003,15869,Deepak Hegde,24,F
13005,15871,Prakash Desai,40,F
13007,15873,Mary Hegde,70,F
13009,15875,Basavaraj Desai,10,F
13011,15877,Vinutha Murthy,58,M
13012,15877,Nagaraj Iyengar,73,M
13014,15879,Imran Kumar,31,M
13017,15881,Deepak Desai,28,M
13019,15883,Lakshmi Bhat,23,M
13022,15885,Anitha Shetty,43,F
13025,15887,Anitha Nayak,26,M
13027,15889,Imran Kumar,22,F
13029,15897,Rekha Bhat,39,M
13031,15899,Imran Patil,30,F
13034,15901,Deepak Hegde,9,M
13039,15907,Ashwini Reddy,34,M
13041,15909,Bhavana Hegde,39,M
13042,15909,Fatima Nayak,20,F
13044,15911,Shivakumar Bhat,75,M
13046,15913,Prakash Murthy,37,F
13049,15917,Rekha Desai,30,M
13050,15917,Girish Nayak,53,F
13051,15919,Fatima Shetty,21,M
13053,15925,Fatima Desai,30,M
13054,15927,Vinutha Desai,5,F
13055,15927,Mary Patil,44,M
13058,15931,Ravi Desai,44,M
13059,15933,Suresh Rao,21,F
13060,15933,Vinutha Reddy,24,F
13061,15935,Mary Reddy,8,F
13062,15937,Anitha Kumar,14,F
13063,15937,Lakshmi Shetty,44,M
13064,15939,Nagaraj Kumar,41,F
13065,15939,Lakshmi Hegde,48,F
13066,15941,Bhavana Kulkarni,19,M
13067,15943,Nagaraj Naik,36,M
13068,15943,Girish Iyengar,35,F
13071,15949,Shivakumar Patil,36,M
13072,15949,Mary Prasad,63,F
13076,15953,Mary Prasad,49,F
13077,15953,Girish Naik,27,M
13080,15957,Basavaraj Rao,39,M
13081,15957,Vinutha Nayak,52,M
13084,15963,Girish Desai,21,F
13086,15965,Nagaraj Kulkarni,53,F
13087,15967,Bhavana Prasad,26,M
13090,15969,Chetan Shetty,29,F
13092,15971,Chetan Hegde,19,F
13098,15981,Yashwanth Iyengar,49,F
13099,15983,Fatima Murthy,16,M
13101,15985,Vinutha Bhat,58,F
13103,15987,Bhavana Patil,54,M
13105,15989,Girish Kulkarni,55,M
13107,15991,Mary Bhat,65,M
13108,15991,Rekha Patil,60,F
13112,15995,Yashwanth Shetty,31,F
13120,16007,Girish Prasad,43,M
13121,16007,Pooja Bhat,39,F
13123,16009,Lakshmi Reddy,58,F
13124,16009,Suresh Kulkarni,9,M
13125,16011,Chetan Kulkarni,52,M
13126,16011,Yashwanth Gowda,30,F
13128,16013,Lakshmi Hegde,12,F
13130,16015,Yashwanth Gowda,27,M
13133,16019,Bhavana Reddy,13,F
13135,16023,Pooja Kulkarni,44,F
13136,16025,Chetan Gowda,68,M
13137,16025,Prakash Hegde,56,F
13139,16027,Chetan Patil,66,M
13144,16033,Anitha Shetty,72,M
13146,16035,Ravi Kulkarni,11,M
13148,16037,Suresh Kumar,34,F
13150,16039,Nagaraj Murthy,42,M
13151,16039,Suresh Naik,26,F
13153,16041,Basavaraj Patil,43,M
13156,16049,Girish Reddy,28,F
13158,16051,Bhavana Nayak,14,F
13159,16051,Mary Hegde,59,F
13160,16053,Chetan Hegde,39,M
13165,16059,Rekha Desai,24,F
13167,16061,Fatima Kumar,62,M
13168,16061,Girish Hegde,61,M
13170,16063,Shivakumar Iyengar,75,F
13172,16065,Manjunath Desai,10,F
13174,16067,Mary Desai,6,M
13177,16071,Pooja Hegde,52,F
13179,16073,Girish Bhat,50,F
13181,16075,Deepak Patil,12,M
13182,16075,Shivakumar Patil,16,F
13184,16077,Bhavana Desai,63,F
13185,16079,Ashwini Prasad,32,M
13187,16081,Rekha Naik,61,F
13190,16085,Bhavana Shetty,8,F
13191,16087,Ashwini Bhat,28,M
13195,16095,Girish Desai,57,F
13199,16105,Pooja Rao,72,F
13200,16107,Ravi Prasad,36,F
13202,16109,Yashwanth Rao,21,M
13204,16115,Basavaraj Desai,61,M
13208,16121,Imran Reddy,5,M
13210,16125,Anitha Naik,43,M
13211,16125,Rekha Patil,20,F
13214,16127,Kiran Gowda,6,F
13216,16129,Kiran Kumar,63,F
13218,16131,Kiran Kumar,8,M
13219,16131,Deepak Nayak,51,M
13225,16137,Fatima Kulkarni,63,F
13226,16139,Vinutha Rao,33,F
13228,16141,Yashwanth Prasad,68,M
13230,16143,Imran Nayak,10,F
13231,16143,Vinutha Gowda,46,F
13232,16145,Prakash Shetty,51,F
13233,16147,Basavaraj Murthy,40,F
13235,16149,Rekha Iyengar,20,F
13238,16153,Imran Hegde,72,F
13241,16157,Mary Prasad,71,M
13242,16159,Kiran Hegde,39,F
13244,16161,Mary Hegde,16,F
13245,16161,Fatima Shetty,36,M
13248,16167,Vinutha Rao,65,M
13252,16173,Chetan Nayak,45,F
13253,16175,Yashwanth Rao,66,F
13255,16177,Chetan Iyengar,70,M
13257,16179,Prakash Kumar,38,F
13258,16179,Nagaraj Gowda,34,M
13260,16181,Lakshmi Gowda,51,M
13261,16181,Basavaraj Reddy,8,M
13262,16183,Mary Reddy,73,F
13264,16187,Nagaraj Kulkarni,53,M
13266,16189,Basavaraj Rao,17,M
13270,16195,Nagaraj Shetty,48,F
13272,16197,Ravi Patil,44,M
13273,16201,Imran Iyengar,55,M
13274,16201,Pooja Patil,48,M
13277,16205,Ravi Kumar,64,F
13280,16207,Mary Bhat,70,F
13283,16209,Suresh Gowda,56,M
13287,16213,Girish Shetty,64,M
13289,16215,Joseph Patil,6,M
13290,16215,Yashwanth Prasad,63,F
13291,16217,Suresh Murthy,48,F
13292,16219,Pooja Iyengar,47,F
13293,16219,Bhavana Hegde,69,F
13294,16221,Kiran Rao,8,M
13295,16225,Rekha Bhat,67,M
13296,16225,Mary Kumar,31,M
13298,16227,Lakshmi Patil,64,F
13301,16231,Fatima Reddy,56,F
13302,16233,Kiran Hegde,63,M
13305,16235,Nagaraj Shetty,27,F
13307,16237,Anitha Reddy,73,M
13308,16237,Ravi Reddy,68,M
13310,16239,Prakash Gowda,28,M
13311,16241,Ashwini Bhat,25,F
13312,16241,Suresh Kulkarni,57,F
13313,16243,Fatima Nayak,63,F
13314,16245,Girish Hegde,40,M
13317,16247,Kiran Shetty,51,M
13318,16247,Kiran Gowda,9,M
13322,16253,Ravi Gowda,71,M
13323,16253,Ravi Bhat,19,M
13326,16259,Nagaraj Nayak,10,F
13327,16259,Ashwini Kumar,69,M
13331,16265,Nagaraj Gowda,70,F
13332,16265,Ashwini Gowda,59,F
13334,16269,Vinutha Gowda,25,F
13335,16269,Rekha Kulkarni,16,F
13336,16271,Ravi Desai,65,M
13337,16273,Vinutha Murthy,45,M
13340,16277,Vinutha Bhat,73,F
13341,16279,Nagaraj Naik,64,M
13343,16281,Kiran Murthy,63,F
13344,16283,Ashwini Patil,28,F
13346,16285,Anitha Desai,24,M
13348,16287,Prakash Bhat,30,M
13349,16287,Nagaraj Kulkarni,50,F
13352,16293,Pooja Prasad,24,M
13353,16293,Rekha Prasad,73,M
13356,16297,Imran Hegde,20,M
13358,16299,Joseph Desai,5,M
13361,16303,Yashwanth Nayak,39,M
13363,16305,Chetan Desai,16,F
13364,16305,Suresh Naik,42,M
13366,16307,Yashwanth Patil,45,F
13369,16311,Deepak Murthy,14,M
13370,16313,Shivakumar Shetty,70,M
13371,16315,Prakash Kumar,68,F
13372,16317,Nagaraj Naik,39,M
13373,16319,Manjunath Naik,67,F
13375,16321,Deepak Murthy,56,F
13377,16323,Prakash Kumar,48,F
13378,16325,Prakash Desai,42,M
13380,16329,Bhavana Kumar,17,F
13381,16329,Girish Iyengar,57,F
13382,16331,Lakshmi Nayak,74,F
13384,16333,Rekha Desai,22,F
13385,16337,Nagaraj Patil,7,F
13386,16343,Basavaraj Naik,47,F
13387,16343,Ashwini Prasad,15,M
13390,16345,Imran Kumar,50,M
13393,16347,Joseph Prasad,46,F
13394,16347,Basavaraj Desai,31,M
13397,16351,Pooja Bhat,46,F
13400,16353,Chetan Kulkarni,47,F
13403,16355,Girish Nayak,52,M
13405,16357,Fatima Rao,9,M
13406,16359,Girish Murthy,67,F
13408,16365,Ravi Hegde,22,M
13409,16367,Lakshmi Gowda,58,F
13412,16371,Kiran Reddy,20,M
13413,16373,Girish Shetty,11,F
13415,16375,Bhavana Nayak,40,M
13418,16377,Girish Rao,19,F
13419,16379,Girish Kumar,68,M
13421,16381,Rekha Iyengar,41,F
13422,16381,Deepak Prasad,25,F
13424,16383,Anitha Reddy,5,F
13425,16383,Suresh Patil,37,M
13426,16385,Anitha Hegde,58,F
13431,16391,Manjunath Kulkarni,57,F
13432,16393,Joseph Kulkarni,44,F
13434,16395,Nagaraj Kulkarni,36,F
13436,16399,Anitha Murthy,67,F
13438,16401,Ashwini Iyengar,31,F
13444,16407,Kiran Rao,25,M
13448,16415,Ashwini Patil,59,F
13450,16417,Anitha Shetty,15,M
13452,16421,Manjunath Shetty,52,M
13454,16423,Kiran Iyengar,38,M
13455,16427,Yashwanth Prasad,35,M
13458,16431,Bhavana Shetty,60,F
13459,16433,Suresh Prasad,45,F
13462,16437,Basavaraj Patil,73,M
13463,16439,Bhavana Rao,65,M
13465,16441,Ashwini Nayak,16,M
13466,16441,Nagaraj Murthy,16,F
13468,16443,Yashwanth Murthy,54,M
13471,16445,Bhavana Bhat,72,M
13472,16445,Joseph Kumar,39,M
13474,16449,Yashwanth Bhat,54,F
13475,16451,Nagaraj Reddy,36,F
13478,16455,Ravi Rao,9,M
13486,16467,Pooja Kulkarni,20,M
13487,16469,Ashwini Bhat,34,M
13489,16475,Shivakumar Prasad,58,F
13490,16477,Suresh Murthy,32,M
13491,16477,Shivakumar Iyengar,72,M
13495,16481,Manjunath Gowda,8,F
13497,16483,Nagaraj Prasad,67,F
13498,16485,Nagaraj Kumar,60,M
13500,16487,Bhavana Rao,60,F
13501,16487,Fatima Desai,37,M
13503,16491,Imran Iyengar,16,F
13504,16493,Rekha Prasad,57,F
13506,16495,Mary Reddy,42,F
13509,16499,Manjunath Bhat,74,M
13510,16501,Manjunath Rao,42,M
13511,16501,Chetan Desai,66,M
13512,16503,Joseph Naik,60,M
13514,16505,Fatima Murthy,26,M
13516,16507,Kiran Naik,62,F
13517,16507,Anitha Gowda,67,F
13523,16515,Anitha Prasad,44,F
13524,16517,Prakash Kumar,35,M
13526,16523,Girish Patil,25,F
13527,16523,Shivakumar Iyengar,20,M
13528,16527,Ravi Kulkarni,66,M
13530,16529,Pooja Prasad,49,F
13531,16529,Manjunath Iyengar,44,F
13532,16531,Vinutha Nayak,65,M
13534,16535,Mary Bhat,66,F
13536,16539,Nagaraj Rao,8,M
13538,16541,Yashwanth Kulkarni,61,M
13541,16543,Pooja Kulkarni,69,M
13543,16545,Suresh Murthy,53,M
13544,16547,Chetan Nayak,9,M
13546,16549,Chetan Nayak,72,M
13548,16551,Manjunath Patil,22,F
13552,16555,Yashwanth Nayak,5,F
13554,16557,Shivakumar Hegde,65,F
13555,16557,Pooja Rao,7,M
13556,16559,Vinutha Rao,7,M
13557,16559,Rekha Gowda,12,M
13560,16563,Basavaraj Patil,37,F
13563,16567,Shivakumar Naik,60,F
13565,16569,Imran Patil,74,F
13568,16575,Fatima Hegde,43,M
13571,16579,Deepak Kumar,64,F
13572,16581,Manjunath Kulkarni,18,F
13573,16583,Shivakumar Desai,34,M
13575,16585,Lakshmi Bhat,41,F
13576,16585,Joseph Desai,51,F
13578,16587,Shivakumar Nayak,12,F
13580,16591,Ashwini Kumar,41,F
13583,16593,Nagaraj Desai,13,M
13585,16597,Ashwini Rao,32,M
13587,16599,Nagaraj Murthy,46,M
13590,16603,Girish Gowda,44,F
13591,16605,Suresh Naik,31,F
13594,16607,Mary Iyengar,74,M
13598,16613,Kiran Patil,40,M
13600,16615,Deepak Prasad,72,F
13602,16617,Vinutha Kumar,25,F
13603,16617,Nagaraj Murthy,64,M
13604,16619,Kiran Kulkarni,27,M
13605,16619,Chetan Kumar,32,F
13606,16621,Shivakumar Nayak,8,M
13607,16621,Vinutha Murthy,11,M
13609,16623,Mary Kulkarni,24,M
13611,16625,Manjunath Desai,65,M
13616,16633,Bhavana Hegde,47,M
13621,16641,Manjunath Rao,60,M
13624,16643,Prakash Murthy,62,F
13625,16645,Fatima Gowda,54,F
13626,16645,Ashwini Shetty,5,F
13627,16647,Chetan Patil,8,F
13629,16649,Girish Desai,21,M
13631,16651,Pooja Nayak,60,F
13632,16653,Rekha Kulkarni,65,F
13633,16655,Suresh Murthy,20,M
13635,16657,Imran Gowda,55,M
13638,16661,Nagaraj Iyengar,24,M
13639,16663,Manjunath Reddy,64,F
13643,16669,Kiran Shetty,54,F
13646,16671,Imran Hegde,43,M
13647,16673,Imran Iyengar,18,F
13649,16675,Vinutha Patil,18,F
13651,16677,Girish Gowda,52,F
13652,16677,Manjunath Gowda,48,F
13654,16681,Fatima Nayak,70,F
13656,16687,Joseph Shetty,68,F
13659,16691,Bhavana Desai,34,F
13660,16691,Basavaraj Desai,35,M
13661,16693,Kiran Shetty,50,M
13662,16697,Rekha Kumar,17,M
13663,16701,Girish Shetty,25,M
13666,16705,Joseph Shetty,71,F
13667,16707,Bhavana Rao,49,M
13668,16707,Bhavana Bhat,12,F
13670,16711,Anitha Reddy,12,F
13673,16713,Deepak Murthy,27,F
13674,16715,Ravi Hegde,15,F
13676,16717,Lakshmi Murthy,69,F
13678,16719,Ashwini Murthy,65,M
13679,16719,Anitha Kulkarni,73,M
13682,16721,Joseph Kumar,68,F
13683,16721,Bhavana Gowda,70,F
13685,16723,Rekha Bhat,38,F
13687,16725,Yashwanth Desai,19,M
13690,16727,Suresh Shetty,70,M
13691,16727,Lakshmi Rao,47,M
13692,16729,Ravi Patil,18,F
13693,16729,Mary Desai,41,F
13697,16733,Fatima Shetty,16,F
13699,16735,Ashwini Shetty,54,F
13700,16735,Girish Naik,12,F
13704,16739,Nagaraj Reddy,52,M
13706,16741,Mary Patil,55,F
13707,16743,Ashwini Hegde,25,F
13708,16743,Basavaraj Hegde,56,F
13710,16747,Chetan Rao,26,F
13713,16751,Pooja Gowda,26,F
13715,16753,Pooja Reddy,19,M
13718,16759,Imran Gowda,62,M
13720,16761,Deepak Bhat,16,F
13722,16763,Anitha Murthy,14,F
13723,16763,Kiran Kulkarni,37,F
13724,16765,Shivakumar Patil,39,M
13727,16769,Rekha Hegde,27,F
13728,16769,Fatima Reddy,69,M
13730,16771,Kiran Murthy,70,M
13732,16773,Rekha Nayak,9,F
13734,16775,Nagaraj Patil,9,F
13735,16775,Ashwini Kulkarni,73,M
13736,16781,Manjunath Gowda,46,M
13739,16787,Ashwini Nayak,42,M
13741,16789,Shivakumar Gowda,70,F
13744,16791,Imran Patil,59,M
13745,16791,Prakash Nayak,9,F
13746,16793,Deepak Hegde,64,M
13747,16793,Chetan Rao,42,M
13748,16795,Joseph Desai,20,F
13749,16799,Shivakumar Rao,57,M
13750,16799,Kiran Murthy,67,M
13751,16801,Girish Shetty,74,F
13756,16805,Deepak Kulkarni,40,M
13758,16807,Pooja Bhat,74,F
13762,16813,Kiran Gowda,11,M
13765,16817,Girish Naik,18,F
13766,16817,Chetan Naik,43,M
13767,16819,Fatima Murthy,70,F
13770,16821,Pooja Reddy,42,F
13772,16823,Nagaraj Kulkarni,21,M
13773,16823,Ashwini Kulkarni,13,M
13775,16825,Manjunath Prasad,51,M
13778,16827,Bhavana Gowda,34,M
13779,16831,Bhavana Iyengar,65,F
13780,16835,Vinutha Kumar,27,F
13782,16837,Suresh Iyengar,65,M
13783,16837,Lakshmi Nayak,66,M
13786,16839,Girish Rao,68,M
13788,16841,Imran Shetty,44,M
13791,16843,Chetan Desai,59,M
13792,16849,Yashwanth Desai,23,F
13793,16851,Yashwanth Naik,17,F
13794,16851,Manjunath Shetty,68,F
13796,16855,Basavaraj Kulkarni,17,M
13797,16857,Shivakumar Murthy,32,M
13800,16859,Bhavana Prasad,5,M
13802,16861,Vinutha Gowda,20,F
13805,16863,Imran Kulkarni,29,F
13807,16865,Chetan Prasad,41,M
13808,16865,Joseph Rao,53,M
13811,16869,Shivakumar Rao,7,F
13812,16869,Manjunath Prasad,40,M
13814,16873,Kiran Kulkarni,64,M
13816,16875,Deepak Bhat,12,M
13817,16875,Nagaraj Rao,70,F
13819,16877,Suresh Desai,32,F
13820,16879,Basavaraj Naik,5,F
13822,16881,Deepak Gowda,18,M
13824,16885,Prakash Gowda,61,M
13826,16887,Anitha Kumar,72,F
13827,16889,Girish Bhat,53,F
13828,16889,Fatima Kumar,54,F
13830,16891,Vinutha Kulkarni,32,F
13834,16895,Mary Reddy,8,M
13838,16903,Suresh Reddy,51,M
13842,16907,Nagaraj Murthy,71,M
13844,16909,Rekha Prasad,21,F
13845,16909,Prakash Desai,46,M
13848,16911,Prakash Rao,61,M
13850,16913,Mary Kumar,53,M
13852,16915,Manjunath Reddy,37,F
13853,16917,Rekha Reddy,27,F
13854,16919,Pooja Bhat,47,M
13857,16923,Manjunath Iyengar,67,F
13858,16925,Vinutha Gowda,37,F
13859,16929,Fatima Bhat,37,F
13860,16929,Yashwanth Naik,29,F
13862,16931,Manjunath Bhat,36,M
13863,16933,Fatima Patil,64,M
13864,16935,Ashwini Desai,34,M
13867,16937,Pooja Shetty,45,F
13868,16939,Basavaraj Kulkarni,25,F
13870,16943,Shivakumar Reddy,25,M
13871,16945,Pooja Gowda,27,M
13872,16947,Rekha Nayak,29,F
13873,16947,Rekha Bhat,21,F
13874,16949,Anitha Patil,47,M
13875,16951,Shivakumar Gowda,15,M
13878,16953,Anitha Nayak,32,F
13881,16957,Kiran Shetty,26,M
13883,16959,Imran Naik,15,F
13884,16961,Lakshmi Desai,31,F
13885,16961,Joseph Gowda,30,M
13887,16963,Ashwini Kumar,31,F
13890,16971,Ashwini Bhat,68,M
13893,16973,Bhavana Bhat,55,M
13894,16973,Basavaraj Rao,20,F
13896,16975,Vinutha Hegde,34,M
13901,16981,Shivakumar Nayak,16,F
13904,16985,Chetan Bhat,13,F
13905,16985,Pooja Kulkarni,47,F
13907,16987,Fatima Desai,31,F
13908,16987,Basavaraj Patil,71,M
13912,16993,Pooja Kulkarni,61,M
13914,16995,Vinutha Naik,40,F
13915,16997,Manjunath Gowda,8,M
13917,16999,Bhavana Hegde,46,M
13919,17001,Lakshmi Kumar,47,F
13921,17003,Ashwini Nayak,33,M
13927,17009,Suresh Shetty,58,F
13928,17009,Imran Hegde,23,M
13934,17019,Basavaraj Rao,52,F
13935,17019,Manjunath Rao,26,M
13936,17021,Chetan Naik,63,F
13937,17021,Anitha Iyengar,60,M
13943,17027,Shivakumar Naik,7,F
13944,17027,Imran Naik,40,M
13952,17039,Imran Reddy,53,M
13953,17041,Rekha Bhat,24,F
13954,17041,Vinutha Iyengar,7,F
13956,17043,Deepak Bhat,72,M
13958,17045,Rekha Murthy,24,M
13961,17049,Mary Patil,24,M
13964,17051,Bhavana Iyengar,49,M
13965,17051,Manjunath Hegde,60,M
13967,17055,Deepak Naik,51,M
13968,17055,Joseph Rao,13,M
13969,17057,Fatima Hegde,21,M
13972,17061,Manjunath Rao,52,F
13975,17065,Lakshmi Prasad,74,M
13978,17067,Ashwini Hegde,28,M
13979,17067,Vinutha Shetty,17,M
13982,17071,Deepak Kumar,34,F
13983,17071,Lakshmi Gowda,59,F
13990,17081,Kiran Kumar,52,M
13993,17087,Imran Rao,25,F
13996,17089,Joseph Iyengar,68,M
13999,17093,Mary Rao,55,M
14000,17093,Joseph Nayak,69,M
14002,17095,Suresh Rao,14,F
14006,17099,Lakshmi Desai,9,M
14012,17109,Ravi Nayak,19,F
14014,17111,Manjunath Desai,62,M
14015,17113,Vinutha Naik,6,F
14022,17121,Yashwanth Rao,45,M
14023,17123,Basavaraj Patil,7,M
14025,17125,Prakash Prasad,57,F
14028,17127,Rekha Rao,36,M
14030,17129,Pooja Murthy,45,M
14032,17131,Kiran Patil,49,M
14033,17137,Lakshmi Patil,61,M
14034,17141,Suresh Hegde,67,M
14036,17143,Mary Kumar,9,M
14037,17143,Vinutha Desai,46,M
14039,17145,Vinutha Bhat,10,F
14041,17147,Manjunath Reddy,45,F
14042,17149,Lakshmi Nayak,57,F
14043,17151,Bhavana Kulkarni,20,M
14044,17151,Chetan Patil,74,F
14046,17153,Joseph Kulkarni,43,F
14047,17155,Lakshmi Kumar,73,F
14052,17159,Yashwanth Desai,7,F
14057,17167,Imran Reddy,21,F
14058,17167,Prakash Prasad,28,F
14060,17169,Rekha Kumar,17,F
14062,17171,Suresh Kumar,50,F
14064,17175,Girish Patil,39,M
14066,17177,Yashwanth Gowda,36,M
14069,17181,Chetan Shetty,31,M
14071,17185,Anitha Nayak,71,F
14073,17187,Anitha Reddy,43,F
14074,17189,Fatima Murthy,45,M
14076,17193,Manjunath Bhat,21,F
14077,17195,Lakshmi Naik,7,F
14078,17195,Bhavana Reddy,13,M
14080,17197,Vinutha Bhat,62,F
14083,17201,Rekha Prasad,59,F
14084,17203,Mary Naik,63,F
14086,17205,Girish Hegde,16,F
14088,17209,Kiran Bhat,23,M
14089,17211,Suresh Rao,75,F
14090,17213,Kiran Murthy,33,F
14092,17215,Deepak Patil,15,M
14093,17215,Deepak Prasad,64,M
14094,17217,Manjunath Gowda,35,M
14096,17219,Imran Reddy,70,F
14098,17221,Mary Hegde,47,F
14099,17223,Nagaraj Bhat,35,F
14100,17223,Joseph Patil,21,F
14101,17233,Vinutha Patil,11,M
14103,17235,Bhavana Prasad,38,M
14105,17237,Joseph Bhat,65,F
14108,17243,Yashwanth Kumar,46,F
14109,17243,Vinutha Reddy,34,F
14111,17245,Rekha Naik,39,F
14114,17251,Mary Patil,63,M
14117,17253,Girish Hegde,6,F
14122,17257,Mary Iyengar,26,M
14124,17259,Nagaraj Bhat,37,F
14127,17261,Suresh Desai,25,M
14128,17261,Imran Kumar,64,M
14129,17263,Lakshmi Naik,32,F
14130,17263,Vinutha Bhat,51,M
14131,17265,Kiran Bhat,21,F
14134,17271,Suresh Prasad,47,M
14137,17273,Girish Kulkarni,37,F
14139,17275,Fatima Prasad,55,M
14140,17275,Mary Shetty,53,F
14142,17277,Nagaraj Kumar,67,M
14144,17281,Ashwini Prasad,45,F
14146,17283,Ashwini Reddy,74,M
14147,17285,Girish Naik,70,F
14148,17287,Ashwini Reddy,21,M
14150,17291,Chetan Gowda,28,M
14151,17291,Chetan Naik,60,M
14152,17293,Shivakumar Hegde,49,F
14154,17295,Ashwini Naik,10,F
14156,17301,Lakshmi Prasad,36,F
14158,17305,Imran Kumar,8,M
14160,17307,Chetan Nayak,58,F
14167,17317,Bhavana Kumar,15,M
14171,17325,Ashwini Naik,12,M
14173,17327,Anitha Kumar,42,M
14174,17327,Ravi Gowda,29,F
14175,17329,Rekha Reddy,57,M
14176,17329,Joseph Kumar,68,F
14179,17331,Pooja Gowda,59,F
14180,17331,Imran Hegde,34,M
14182,17333,Prakash Bhat,35,M
14184,17335,Bhavana Rao,37,F
14189,17343,Nagaraj Nayak,47,M
14192,17349,Yashwanth Murthy,21,F
14193,17353,Manjunath Patil,25,M
14195,17355,Suresh Bhat,23,M
14196,17355,Lakshmi Nayak,69,F
14197,17357,Prakash Prasad,61,M
14199,17359,Shivakumar Patil,47,F
14200,17359,Vinutha Nayak,7,M
14206,17367,Fatima Gowda,75,M
14207,17369,Bhavana Hegde,53,F
14209,17371,Pooja Naik,41,F
14211,17373,Deepak Rao,52,M
14212,17375,Nagaraj Desai,50,F
14213,17375,Girish Murthy,22,F
14215,17377,Pooja Gowda,62,F
14216,17379,Rekha Desai,37,M
14219,17381,Mary Kumar,13,F
14221,17383,Girish Hegde,52,M
14224,17389,Ravi Patil,28,M
14225,17389,Anitha Rao,54,M
14227,17393,Manjunath Nayak,18,M
14228,17393,Anitha Gowda,51,F
14229,17395,Joseph Prasad,43,M
14233,17407,Prakash Kulkarni,67,M
14234,17407,Bhavana Desai,56,M
14236,17409,Lakshmi Desai,5,M
14237,17411,Vinutha Shetty,64,M
14239,17413,Kiran Rao,73,F
14240,17413,Girish Desai,56,M
14242,17415,Prakash Patil,58,F
14243,17419,Manjunath Gowda,75,M
14245,17421,Pooja Nayak,23,F
14248,17425,Suresh Rao,24,F
14252,17429,Shivakumar Murthy,14,F
14255,17433,Ashwini Reddy,16,F
14256,17433,Joseph Patil,13,M
14257,17435,Mary Kumar,50,F
14259,17437,Bhavana Murthy,16,M
14260,17439,Manjunath Rao,40,M
14261,17441,Prakash Iyengar,47,M
14262,17441,Deepak Reddy,37,F
14263,17443,Ashwini Prasad,50,M
14265,17445,Mary Bhat,38,F
14268,17449,Joseph Rao,36,F
14274,17457,Nagaraj Kumar,65,M
14275,17459,Yashwanth Gowda,63,F
14276,17461,Imran Reddy,44,F
14277,17463,Suresh Murthy,17,F
14280,17465,Mary Iyengar,16,F
14281,17467,Lakshmi Patil,22,F
14283,17469,Joseph Prasad,67,M
14285,17473,Mary Bhat,48,F
14286,17473,Joseph Bhat,58,M
14289,17479,Ashwini Prasad,33,M
14290,17479,Suresh Reddy,14,M
14291,17481,Yashwanth Hegde,54,F
14293,17485,Prakash Naik,61,M
14295,17489,Girish Nayak,11,M
14296,17491,Fatima Desai,13,F
14299,17495,Girish Hegde,41,F
14300,17497,Prakash Nayak,25,F
14301,17497,Deepak Naik,23,M
14303,17499,Pooja Desai,61,M
14305,17503,Nagaraj Kumar,30,M
14307,17505,Shivakumar Desai,9,F
14310,17507,Mary Desai,33,M
14311,17511,Fatima Nayak,17,M
14314,17513,Ashwini Rao,69,M
14316,17515,Anitha Patil,15,M
14317,17517,Nagaraj Reddy,39,F
14318,17517,Prakash Nayak,21,F
14321,17521,Rekha Prasad,25,F
14324,17523,Yashwanth Bhat,17,F
14326,17525,Pooja Kumar,71,M
14327,17527,Yashwanth Reddy,38,M
14328,17527,Mary Nayak,39,F
14329,17529,Ravi Hegde,62,M
14330,17531,Chetan Naik,30,F
14332,17533,Manjunath Gowda,42,M
14334,17535,Imran Hegde,74,F
14335,17537,Mary Kumar,53,F
14337,17541,Yashwanth Desai,42,F
14339,17543,Mary Kulkarni,32,F
14340,17543,Lakshmi Naik,18,M
14341,17545,Deepak Iyengar,51,M
14342,17547,Ashwini Patil,68,M
14343,17547,Deepak Naik,21,F
14344,17549,Deepak Prasad,30,F
14345,17551,Ashwini Prasad,49,M
14347,17553,Bhavana Rao,25,M
14357,17569,Girish Shetty,22,F
14359,17571,Yashwanth Bhat,46,F
14360,17571,Imran Murthy,31,F
14362,17573,Yashwanth Bhat,5,M
14363,17573,Bhavana Murthy,65,M
14364,17575,Lakshmi Nayak,74,F
14367,17579,Joseph Rao,49,F
14371,17587,Rekha Reddy,9,M
14375,17593,Ashwini Naik,10,M
14377,17597,Joseph Iyengar,26,M
14378,17603,Suresh Gowda,48,F
14379,17603,Deepak Naik,65,M
14384,17607,Basavaraj Gowda,32,M
14386,17609,Ashwini Rao,49,M
14388,17611,Vinutha Patil,37,F
14392,17615,Ravi Reddy,41,F
14396,17621,Prakash Gowda,7,M
14398,17623,Fatima Reddy,45,F
14400,17625,Chetan Iyengar,31,M
14403,17627,Girish Hegde,29,F
14405,17631,Manjunath Reddy,14,M
14406,17631,Deepak Gowda,17,F
14408,17633,Joseph Kumar,63,F
14410,17635,Ashwini Desai,42,M
14412,17639,Imran Nayak,54,M
14413,17641,Lakshmi Kulkarni,36,F
14416,17643,Imran Desai,49,M
14417,17643,Imran Gowda,40,M
14420,17647,Fatima Shetty,17,F
14423,17649,Ashwini Gowda,71,M
14425,17651,Bhavana Prasad,62,F
14428,17655,Imran Patil,15,M
14433,17661,Prakash Reddy,58,M
14435,17663,Lakshmi Rao,8,F
14437,17665,Mary Nayak,54,F
14438,17665,Girish Bhat,5,F
14441,17667,Vinutha Hegde,66,F
14444,17673,Suresh Kulkarni,61,M
14447,17679,Nagaraj Reddy,75,F
14448,17679,Fatima Iyengar,28,M
14453,17683,Ravi Prasad,65,F
14457,17687,Lakshmi Hegde,17,F
14458,17689,Bhavana Patil,11,F
14459,17689,Rekha Nayak,20,F
14460,17691,Ashwini Iyengar,38,F
14461,17691,Yashwanth Kumar,56,M
14463,17695,Joseph Bhat,50,M
14465,17699,Rekha Prasad,41,M
14467,17701,Joseph Rao,60,M
14471,17707,Basavaraj Shetty,57,F
14472,17709,Basavaraj Nayak,65,F
14475,17713,Suresh Murthy,11,M
14476,17715,Ashwini Iyengar,9,F
14478,17717,Fatima Shetty,74,M
14479,17717,Rekha Naik,48,M
14481,17719,Bhavana Reddy,70,F
14484,17723,Fatima Shetty,40,M
14486,17725,Anitha Kumar,36,M
14487,17725,Bhavana Kumar,66,F
14488,17727,Imran Naik,34,F
14490,17731,Suresh Patil,61,M
14492,17733,Suresh Patil,48,F
14497,17737,Fatima Gowda,31,M
14499,17739,Deepak Kumar,34,M
14501,17741,Nagaraj Kulkarni,63,F
14503,17743,Vinutha Shetty,43,M
14504,17743,Pooja Rao,15,F
14506,17745,Manjunath Reddy,26,F
14507,17745,Ashwini Prasad,50,M
14508,17747,Imran Kumar,5,M
14510,17749,Suresh Kumar,36,M
14512,17751,Yashwanth Nayak,34,F
14514,17755,Yashwanth Bhat,23,F
14515,17757,Fatima Nayak,75,F
14516,17759,Kiran Prasad,65,M
14519,17763,Kiran Gowda,64,M
14520,17763,Bhavana Kulkarni,35,M
14522,17765,Mary Shetty,9,F
14524,17767,Anitha Rao,39,M
14525,17767,Imran Rao,47,M
14527,17769,Shivakumar Hegde,21,M
14529,17771,Fatima Kumar,46,M
14532,17775,Pooja Rao,32,M
14533,17775,Chetan Hegde,24,M
14534,17777,Prakash Naik,27,F
14536,17779,Basavaraj Kulkarni,48,M
14537,17779,Rekha Shetty,65,F
14540,17783,Lakshmi Naik,31,M
14543,17787,Prakash Kumar,49,F
14544,17789,Vinutha Bhat,49,F
14548,17801,Basavaraj Murthy,19,M
14549,17801,Kiran Gowda,27,F
14551,17803,Deepak Kulkarni,6,M
14553,17805,Chetan Desai,16,F
14555,17807,Deepak Kulkarni,24,M
14556,17809,Nagaraj Prasad,22,F
14558,17815,Anitha Murthy,60,M
14559,17817,Lakshmi Nayak,64,F
14562,17821,Manjunath Murthy,52,M
14563,17823,Ashwini Hegde,33,F
14564,17825,Lakshmi Prasad,44,F
14567,17827,Deepak Desai,38,F
14568,17831,Vinutha Murthy,48,M
14569,17831,Manjunath Prasad,55,F
14570,17833,Kiran Iyengar,24,F
14571,17835,Ravi Bhat,49,F
14573,17837,Basavaraj Bhat,35,M
14576,17839,Nagaraj Desai,71,F
14578,17841,Ashwini Prasad,45,F
14579,17841,Girish Bhat,48,F
14581,17843,Prakash Gowda,44,M
14583,17845,Basavaraj Nayak,54,M
14584,17847,Anitha Kumar,45,M
14585,17849,Vinutha Prasad,71,M
14588,17851,Mary Gowda,18,F
14590,17853,Chetan Hegde,7,M
14592,17859,Fatima Prasad,26,M
14593,17861,Imran Gowda,23,F
14595,17863,Kiran Desai,48,F
14598,17865,Pooja Kulkarni,34,F
14599,17865,Vinutha Kulkarni,15,F
14601,17867,Kiran Reddy,54,F
14605,17873,Yashwanth Reddy,56,F
14606,17875,Yashwanth Murthy,66,M
14609,17879,Shivakumar Iyengar,7,M
14614,17885,Pooja Gowda,12,F
14616,17889,Yashwanth Nayak,17,M
14618,17891,Basavaraj Murthy,40,F
14620,17893,Shivakumar Naik,43,F
14621,17893,Prakash Prasad,13,F
14622,17895,Shivakumar Reddy,42,F
14624,17897,Girish Prasad,17,F
14626,17899,Pooja Kulkarni,70,M
14628,17901,Pooja Hegde,64,M
14630,17903,Nagaraj Kumar,61,M
14633,17905,Rekha Iyengar,34,M
14635,17907,Pooja Murthy,26,F
14637,17909,Joseph Patil,60,M
14639,17913,Ashwini Patil,57,F
14640,17913,Joseph Bhat,27,F
14645,17923,Chetan Desai,55,F
14646,17927,Suresh Patil,48,M
14647,17927,Nagaraj Patil,56,F
14649,17931,Shivakumar Prasad,11,M
14651,17933,Ashwini Bhat,23,F
14653,17937,Prakash Kumar,58,F
14658,17941,Lakshmi Bhat,19,F
14661,17943,Chetan Nayak,69,M
14665,17947,Nagaraj Desai,53,M
14670,17953,Ashwini Naik,47,F
14671,17953,Bhavana Bhat,49,F
14672,17955,Yashwanth Patil,36,F
14673,17957,Manjunath Gowda,56,F
14674,17959,Nagaraj Kumar,36,F
14676,17961,Girish Kulkarni,54,M
14679,17963,Girish Kumar,44,M
14680,17963,Imran Desai,43,M
14681,17967,Kiran Prasad,39,F
14682,17969,Fatima Shetty,28,M
14686,17973,Shivakumar Patil,32,M
14689,17977,Yashwanth Shetty,65,F
14690,17979,Suresh Prasad,15,M
14692,17981,Fatima Hegde,66,F
14695,17985,Mary Rao,66,M
14696,17987,Rekha Gowda,55,F
14698,17993,Prakash Desai,43,F
14700,17995,Anitha Murthy,69,M
14701,17997,Fatima Shetty,12,M
14706,18001,Fatima Desai,38,F
14707,18003,Mary Gowda,11,F
14708,18003,Fatima Prasad,73,M
14710,18007,Imran Kulkarni,7,M
14711,18009,Imran Nayak,27,M
14714,18011,Kiran Kumar,41,F
14718,18015,Lakshmi Iyengar,56,F
14722,18021,Bhavana Shetty,71,F
14723,18021,Shivakumar Kulkarni,55,M
14726,18023,Imran Gowda,19,M
14727,18025,Vinutha Naik,55,M
14730,18027,Nagaraj Reddy,10,M
14731,18027,Basavaraj Murthy,69,M
14732,18029,Shivakumar Kumar,54,F
14735,18031,Joseph Murthy,61,M
14736,18031,Manjunath Gowda,54,M
14737,18033,Kiran Reddy,10,M
14739,18035,Imran Desai,65,M
14740,18037,Ravi Naik,67,M
14741,18037,Anitha Shetty,67,M
14745,18041,Chetan Kulkarni,50,F
14747,18047,Lakshmi Iyengar,74,M
14749,18053,Kiran Kumar,5,F
14751,18061,Imran Reddy,62,M
14752,18061,Nagaraj Murthy,68,F
14754,18063,Nagaraj Kumar,39,M
14755,18065,Nagaraj Prasad,28,M
14757,18067,Joseph Kulkarni,73,M
14758,18067,Lakshmi Iyengar,22,M
14761,18069,Prakash Nayak,70,M
14762,18069,Fatima Naik,68,M
14766,18075,Basavaraj Gowda,75,M
14767,18075,Bhavana Rao,16,M
14768,18077,Imran Reddy,45,F
14769,18079,Lakshmi Patil,75,F
14772,18081,Yashwanth Shetty,41,M
14774,18083,Deepak Gowda,60,F
14776,18087,Deepak Nayak,23,F
14777,18087,Yashwanth Hegde,65,M
14779,18089,Anitha Prasad,36,M
14781,18091,Basavaraj Nayak,52,F
14784,18095,Anitha Shetty,59,M
14786,18097,Mary Shetty,8,F
14789,18099,Yashwanth Prasad,45,F
14790,18099,Prakash Shetty,20,F
14792,18101,Vinutha Shetty,58,F
14795,18103,Anitha Kulkarni,28,M
14801,18111,Fatima Gowda,48,F
14803,18113,Joseph Naik,39,F
14806,18117,Chetan Iyengar,30,F
14807,18117,Fatima Nayak,53,F
14809,18119,Shivakumar Nayak,73,F
14810,18119,Anitha Prasad,23,F
14812,18121,Manjunath Shetty,60,F
14813,18121,Suresh Naik,40,M
14815,18125,Joseph Kumar,46,F
14817,18127,Chetan Rao,35,F
14818,18127,Imran Hegde,73,M
14819,18129,Imran Patil,66,M
14821,18131,Joseph Hegde,35,M
14823,18135,Joseph Naik,55,M
14824,18137,Nagaraj Shetty,15,F
14826,18139,Mary Murthy,56,F
14829,18141,Lakshmi Rao,9,F
14832,18143,Shivakumar Kulkarni,64,F
14833,18143,Anitha Prasad,34,M
14835,18145,Manjunath Desai,44,F
14836,18147,Ashwini Kulkarni,5,M
14839,18151,Girish Shetty,18,F
14840,18151,Kiran Kumar,57,M
14841,18153,Joseph Murthy,63,F
14844,18159,Chetan Bhat,70,F
14845,18159,Deepak Bhat,12,M
14846,18161,Mary Desai,10,M
14847,18163,Rekha Kulkarni,30,M
14849,18165,Lakshmi Prasad,55,F
14850,18165,Anitha Iyengar,24,F
14852,18167,Ravi Nayak,59,F
14854,18169,Bhavana Nayak,54,M
14856,18171,Chetan Bhat,69,M
14857,18171,Basavaraj Kulkarni,70,F
14859,18173,Mary Prasad,53,F
14861,18177,Shivakumar Kulkarni,69,F
14862,18177,Anitha Kumar,55,M
14867,18183,Ashwini Murthy,47,F
14870,18185,Kiran Patil,30,M
14872,18187,Deepak Desai,64,F
14873,18187,Nagaraj Hegde,6,F
14875,18189,Pooja Desai,16,F
14876,18189,Deepak Bhat,52,F
14878,18191,Deepak Desai,13,F
14883,18199,Kiran Bhat,10,M
14884,18199,Ravi Hegde,71,M
14885,18201,Deepak Shetty,19,F
14887,18205,Kiran Murthy,46,M
14888,18205,Suresh Murthy,21,F
14890,18207,Joseph Murthy,35,F
14893,18209,Shivakumar Reddy,9,F
14894,18209,Lakshmi Prasad,56,F
14896,18211,Vinutha Reddy,35,M
14899,18213,Imran Naik,72,F
14900,18213,Bhavana Patil,32,F
14901,18215,Imran Gowda,12,M
14904,18217,Chetan Nayak,10,M
14906,18219,Kiran Bhat,59,M
14908,18221,Pooja Reddy,42,M
14909,18221,Ashwini Reddy,21,F
14910,18223,Manjunath Patil,32,F
14911,18223,Yashwanth Naik,66,F
14913,18225,Manjunath Shetty,15,M
14915,18231,Nagaraj Kulkarni,64,F
14916,18233,Ashwini Kumar,54,F
14918,18235,Bhavana Reddy,62,M
14921,18237,Yashwanth Hegde,70,M
14924,18241,Nagaraj Hegde,44,M
14927,18243,Ashwini Murthy,58,M
14928,18245,Kiran Murthy,10,M
14935,18255,Rekha Murthy,18,F
14937,18257,Prakash Kumar,5,F
14938,18257,Imran Prasad,71,M
14941,18263,Lakshmi Rao,21,F
14943,18265,Pooja Kumar,24,F
14946,18271,Basavaraj Kulkarni,7,F
14947,18271,Rekha Naik,6,M
14949,18273,Basavaraj Patil,42,M
14951,18275,Girish Kulkarni,37,F
14952,18275,Imran Kumar,45,F
14955,18277,Rekha Kumar,25,M
14956,18277,Joseph Rao,7,M
14957,18279,Basavaraj Murthy,23,M
14958,18281,Basavaraj Naik,28,F
14959,18285,Pooja Shetty,25,M
14960,18287,Vinutha Reddy,50,F
14961,18287,Ashwini Desai,8,F
14964,18291,Chetan Gowda,5,M
14967,18293,Manjunath Iyengar,62,F
14973,18303,Pooja Shetty,62,F
14974,18305,Ashwini Kumar,63,F
14975,18305,Rekha Kumar,72,M
14976,18309,Joseph Gowda,36,F
14979,18311,Chetan Bhat,75,M
14983,18317,Lakshmi Iyengar,5,F
14985,18319,Manjunath Naik,75,M
14986,18321,Vinutha Bhat,19,F
14987,18321,Kiran Kulkarni,72,M
14989,18323,Ravi Iyengar,24,M
14991,18325,Ravi Gowda,46,M
14992,18325,Nagaraj Iyengar,14,M
14993,18327,Yashwanth Bhat,35,M
14995,18329,Basavaraj Desai,75,F
14998,18331,Manjunath Nayak,30,F
15000,18333,Ravi Murthy,23,M
15003,18335,Joseph Kumar,22,F
15004,18335,Basavaraj Murthy,48,F
15007,18337,Vinutha Murthy,38,M
15009,18339,Mary Patil,47,M
15010,18339,Deepak Murthy,7,F
15013,18343,Prakash Patil,44,M
15015,18345,Ravi Rao,51,F
15019,18351,Mary Kumar,42,F
15021,18355,Manjunath Rao,45,M
15022,18355,Mary Shetty,9,M
15024,18359,Kiran Iyengar,57,F
15025,18361,Fatima Bhat,67,M
15028,18363,Fatima Naik,65,F
15030,18365,Kiran Hegde,29,M
15035,18373,Mary Naik,20,M
15036,18373,Ashwini Murthy,73,M
15040,18377,Basavaraj Prasad,35,F
15042,18379,Shivakumar Gowda,46,M
15045,18381,Anitha Bhat,9,F
15046,18383,Anitha Naik,12,F
15047,18383,Prakash Shetty,17,M
15048,18385,Kiran Hegde,69,F
15049,18385,Prakash Murthy,31,F
15050,18389,Mary Hegde,35,M
15052,18391,Anitha Prasad,9,M
15053,18393,Manjunath Hegde,13,M
15056,18395,Vinutha Reddy,11,F
15057,18395,Pooja Bhat,66,M
15059,18399,Pooja Patil,40,M
15060,18399,Vinutha Rao,55,M
15062,18403,Suresh Murthy,37,M
15063,18403,Vinutha Kulkarni,53,M
15067,18409,Nagaraj Hegde,37,F
15069,18411,Basavaraj Naik,70,M
15070,18411,Rekha Naik,63,M
15071,18413,Rekha Rao,19,M
15074,18417,Joseph Naik,15,M
15076,18419,Basavaraj Rao,24,F
15077,18419,Kiran Kumar,42,M
15079,18421,Manjunath Kulkarni,29,F
15080,18423,Vinutha Kulkarni,25,M
15082,18425,Joseph Nayak,32,M
15085,18429,Bhavana Patil,63,F
15088,18431,Suresh Murthy,23,M
15089,18431,Lakshmi Hegde,70,M
15092,18433,Anitha Kulkarni,33,F
15097,18439,Girish Reddy,66,M
15098,18441,Joseph Murthy,26,M
15099,18443,Pooja Bhat,71,M
15100,18443,Ashwini Patil,29,M
15102,18445,Anitha Gowda,26,F
15105,18449,Chetan Reddy,35,M
15106,18449,Fatima Kumar,42,F
15109,18453,Ravi Kulkarni,23,M
15111,18455,Vinutha Naik,52,F
15112,18455,Prakash Kulkarni,46,F
15118,18463,Manjunath Prasad,72,M
15123,18469,Mary Patil,70,F
15126,18473,Chetan Prasad,21,M
15127,18473,Vinutha Hegde,68,M
15130,18477,Rekha Kumar,33,M
15131,18477,Bhavana Reddy,60,M
15135,18483,Nagaraj Kumar,22,M
15138,18485,Manjunath Desai,58,M
15140,18489,Lakshmi Kulkarni,17,F
15141,18491,Prakash Nayak,26,M
15142,18491,Ashwini Desai,74,F
15146,18497,Anitha Kumar,32,F
15147,18499,Imran Naik,36,M
15148,18499,Manjunath Bhat,30,M
15150,18501,Yashwanth Naik,56,M
15155,18513,Manjunath Shetty,11,F
15158,18517,Manjunath Nayak,55,M
15159,18519,Fatima Patil,45,M
15160,18521,Shivakumar Kumar,6,F
15161,18521,Vinutha Prasad,50,F
15163,18529,Nagaraj Nayak,38,F
15165,18533,Ravi Reddy,34,M
15166,18535,Basavaraj Shetty,32,M
15167,18537,Nagaraj Reddy,55,F
15168,18537,Anitha Kulkarni,6,F
15170,18539,Manjunath Kumar,71,F
15171,18539,Nagaraj Murthy,18,F
15174,18543,Yashwanth Shetty,75,F
15175,18545,Imran Nayak,35,F
15178,18547,Imran Kumar,12,M
15181,18553,Pooja Iyengar,74,M
15182,18555,Suresh Prasad,41,F
15183,18555,Mary Bhat,34,F
15185,18557,Fatima Kulkarni,75,F
15186,18559,Suresh Kumar,46,M
15187,18561,Vinutha Kumar,36,M
15189,18563,Fatima Kumar,12,F
15190,18563,Nagaraj Nayak,56,F
15193,18567,Vinutha Hegde,43,F
15195,18569,Ravi Murthy,50,M
15198,18571,Joseph Iyengar,12,M
15200,18573,Kiran Iyengar,27,M
15203,18577,Anitha Bhat,75,M
15204,18577,Basavaraj Shetty,71,F
15205,18579,Girish Kulkarni,20,M
15208,18581,Kiran Iyengar,65,M
15211,18587,Chetan Kumar,9,F
15214,18593,Pooja Reddy,51,M
15215,18593,Pooja Reddy,47,F
15217,18595,Nagaraj Prasad,43,M
15218,18595,Ravi Kumar,31,F
15221,18601,Girish Naik,75,M
15224,18603,Shivakumar Prasad,66,M
15225,18603,Prakash Rao,57,M
15228,18609,Chetan Desai,43,M
15229,18609,Anitha Iyengar,5,M
15232,18611,Suresh Reddy,70,F
15235,18615,Deepak Prasad,21,F
15236,18615,Shivakumar Gowda,40,F
15239,18619,Ashwini Prasad,20,F
15240,18619,Lakshmi Kumar,43,M
15245,18629,Mary Hegde,29,M
15250,18635,Yashwanth Prasad,20,M
15252,18637,Imran Rao,25,M
15258,18643,Kiran Rao,12,M
15259,18645,Anitha Murthy,25,M
15261,18647,Imran Shetty,28,F
15262,18649,Yashwanth Prasad,23,F
15263,18649,Shivakumar Desai,18,M
15264,18651,Prakash Patil,62,F
15267,18657,Fatima Kumar,46,F
15270,18659,Manjunath Prasad,46,F
15271,18661,Bhavana Desai,58,F
15273,18663,Manjunath Rao,38,M
15274,18663,Joseph Reddy,26,M
15276,18665,Yashwanth Kumar,39,F
15279,18669,Vinutha Shetty,17,M
15282,18675,Chetan Bhat,69,F
15283,18677,Fatima Patil,49,F
15287,18681,Shivakumar Murthy,39,F
15289,18685,Lakshmi Prasad,73,M
15290,18685,Ashwini Kumar,36,M
15293,18689,Suresh Iyengar,71,M
15295,18691,Girish Patil,14,M
15297,18695,Chetan Hegde,55,F
15299,18697,Girish Gowda,35,F
15301,18699,Fatima Bhat,10,M
15302,18701,Joseph Gowda,57,M
15303,18701,Suresh Kumar,28,F
15304,18703,Ravi Reddy,21,F
15305,18703,Ravi Murthy,10,M
15309,18709,Imran Gowda,72,M
15310,18709,Deepak Prasad,38,F
15315,18717,Fatima Rao,67,M
15318,18719,Nagaraj Rao,43,F
15319,18719,Basavaraj Kumar,13,F
15320,18721,Anitha Desai,48,M
15321,18721,Shivakumar Patil,31,F
15325,18725,Bhavana Prasad,49,M
15327,18729,Rekha Bhat,60,M
15328,18729,Ashwini Shetty,51,F
15331,18733,Pooja Hegde,21,F
15334,18735,Vinutha Gowda,13,M
15338,18741,Kiran Desai,15,F
15339,18743,Bhavana Prasad,37,M
15341,18745,Bhavana Reddy,46,F
15342,18745,Lakshmi Rao,53,M
15343,18747,Suresh Rao,36,M
15344,18747,Fatima Iyengar,34,M
15345,18749,Girish Murthy,36,M
15346,18749,Basavaraj Shetty,69,F
15353,18755,Bhavana Iyengar,27,F
15354,18755,Shivakumar Reddy,11,F
15356,18757,Kiran Patil,33,F
15358,18759,Kiran Desai,8,F
15359,18759,Nagaraj Shetty,19,F
15362,18761,Rekha Iyengar,32,M
15364,18765,Girish Rao,30,F
15367,18767,Suresh Nayak,48,M
15369,18771,Manjunath Iyengar,73,M
15370,18771,Kiran Kulkarni,75,M
15376,18779,Rekha Kumar,44,M
15378,18781,Vinutha Shetty,14,F
15379,18781,Girish Nayak,28,M
15382,18783,Nagaraj Shetty,52,M
15383,18783,Manjunath Kulkarni,40,F
15384,18785,Basavaraj Rao,29,M
15385,18785,Shivakumar Rao,47,M
15387,18787,Nagaraj Patil,7,M
15388,18787,Chetan Kumar,29,M
15390,18791,Pooja Bhat,74,F
15393,18797,Girish Bhat,74,M
15394,18799,Lakshmi Rao,62,F
15396,18801,Kiran Prasad,55,F
15397,18803,Shivakumar Rao,46,M
15399,18805,Girish Kumar,11,F
15400,18805,Deepak Hegde,27,M
15401,18807,Manjunath Murthy,22,M
15404,18811,Shivakumar Nayak,22,M
15405,18811,Fatima Kulkarni,49,M
15406,18813,Ashwini Kulkarni,59,M
15407,18813,Girish Reddy,64,F
15409,18815,Shivakumar Patil,36,F
15411,18817,Bhavana Kulkarni,9,F
15414,18823,Imran Iyengar,28,F
15415,18825,Yashwanth Iyengar,63,F
15417,18831,Girish Desai,19,F
15419,18837,Fatima Kumar,42,M
15421,18839,Imran Prasad,48,F
15422,18839,Kiran Iyengar,51,M
15424,18843,Joseph Hegde,32,M
15425,18843,Deepak Kulkarni,52,M
15427,18847,Bhavana Hegde,54,M
15430,18849,Girish Reddy,38,F
15431,18851,Mary Iyengar,61,M
15433,18857,Joseph Bhat,25,F
15434,18857,Lakshmi Iyengar,14,M
15436,18861,Nagaraj Kulkarni,23,F
15438,18863,Lakshmi Gowda,54,F
15440,18865,Vinutha Reddy,60,F
15442,18867,Rekha Shetty,39,F
15443,18867,Nagaraj Rao,57,M
15445,18869,Manjunath Reddy,34,F
15446,18871,Kiran Kulkarni,23,M
15448,18873,Deepak Rao,54,M
15451,18875,Basavaraj Desai,38,F
15452,18875,Suresh Prasad,35,F
15455,18877,Shivakumar Murthy,73,M
15456,18877,Imran Hegde,44,F
15458,18879,Vinutha Reddy,50,M
15461,18883,Prakash Murthy,26,F
15464,18885,Anitha Kumar,72,M
15466,18889,Chetan Bhat,64,F
15468,18891,Ravi Prasad,10,F
15472,18895,Ravi Kumar,49,M
15473,18897,Shivakumar Kulkarni,42,M
15476,18899,Rekha Patil,41,F
15479,18901,Shivakumar Kulkarni,61,M
15480,18903,Chetan Shetty,43,F
15481,18903,Girish Murthy,44,F
15482,18905,Nagaraj Rao,41,M
15483,18905,Lakshmi Gowda,74,F
15484,18909,Fatima Bhat,69,M
15485,18909,Pooja Desai,65,F
15488,18911,Deepak Desai,23,F
15490,18913,Lakshmi Shetty,50,F
15491,18915,Manjunath Desai,7,F
15493,18917,Kiran Hegde,35,M
15494,18919,Bhavana Kumar,31,M
15495,18919,Chetan Iyengar,68,M
15498,18923,Girish Rao,23,F
15503,18929,Ashwini Shetty,74,F
15505,18931,Pooja Rao,74,F
15506,18933,Anitha Kulkarni,44,F
15508,18935,Mary Murthy,75,M
15509,18935,Pooja Naik,56,M
15512,18939,Mary Desai,37,M
15514,18941,Basavaraj Patil,71,F
15517,18943,Vinutha Murthy,27,F
15519,18945,Basavaraj Reddy,9,F
15522,18951,Vinutha Kulkarni,40,F
15523,18953,Ashwini Prasad,38,M
15524,18953,Anitha Murthy,37,F
15527,18959,Imran Gowda,5,F
15528,18961,Prakash Naik,12,F
15529,18961,Girish Kumar,74,F
15530,18963,Nagaraj Desai,8,M
15531,18963,Lakshmi Gowda,22,M
15533,18965,Vinutha Kumar,45,F
15536,18967,Anitha Murthy,56,F
15539,18969,Fatima Hegde,69,F
15540,18971,Fatima Murthy,41,F
15541,18971,Manjunath Gowda,49,F
15543,18975,Pooja Iyengar,15,F
15545,18977,Lakshmi Kulkarni,66,F
15546,18979,Ashwini Kulkarni,32,M
15549,18983,Kiran Naik,67,M
15551,18985,Prakash Kumar,23,F
15556,18997,Nagaraj Patil,46,M
15557,18997,Imran Nayak,56,M
15558,19001,Deepak Iyengar,48,F
15560,19003,Ravi Gowda,51,F
15562,19005,Nagaraj Murthy,42,M
15564,19007,Nagaraj Prasad,26,F
15565,19009,Mary Kumar,36,F
15567,19011,Kiran Murthy,21,M
15569,19013,Basavaraj Gowda,61,F
15571,19015,Vinutha Kumar,45,M
15573,19017,Prakash Shetty,42,F
15575,19019,Ashwini Hegde,73,M
15577,19023,Nagaraj Prasad,45,F
15579,19025,Rekha Kulkarni,29,F
15583,19029,Imran Bhat,74,F
15585,19031,Ashwini Kumar,42,F
15586,19033,Kiran Kumar,67,F
15587,19033,Deepak Murthy,39,F
15590,19039,Yashwanth Murthy,36,M
15591,19039,Yashwanth Kulkarni,9,F
15592,19041,Anitha Hegde,17,M
15593,19041,Lakshmi Iyengar,41,M
15595,19043,Shivakumar Prasad,9,M
15597,19047,Shivakumar Desai,43,M
15599,19049,Yashwanth Iyengar,44,F
15601,19053,Ravi Nayak,30,F
15602,19053,Ravi Naik,22,M
15604,19055,Lakshmi Murthy,25,M
15607,19057,Imran Gowda,35,F
15609,19059,Ashwini Kumar,42,M
15610,19059,Girish Rao,39,M
15613,19061,Ravi Reddy,19,F
15614,19061,Manjunath Rao,26,F
15617,19063,Shivakumar Desai,55,F
15619,19065,Kiran Desai,73,M
15624,19069,Yashwanth Patil,71,M
15626,19073,Pooja Murthy,53,M
15627,19073,Basavaraj Hegde,45,F
15628,19075,Joseph Kumar,41,M
15630,19077,Ravi Iyengar,9,M
15632,19079,Girish Shetty,64,F
15633,19079,Shivakumar Reddy,53,F
15635,19081,Kiran Prasad,17,F
15636,19083,Rekha Prasad,13,M
15638,19085,Nagaraj Gowda,62,M
15639,19085,Pooja Desai,68,M
15640,19087,Pooja Bhat,38,M
15641,19089,Girish Bhat,58,F
15642,19089,Chetan Prasad,44,M
15644,19091,Ashwini Desai,43,M
15645,19091,Nagaraj Patil,65,F
15647,19093,Shivakumar Iyengar,28,F
15648,19093,Basavaraj Desai,10,M
15654,19099,Suresh Naik,17,M
15655,19101,Lakshmi Kumar,66,M
15656,19103,Kiran Nayak,22,F
15657,19103,Kiran Gowda,7,F
15659,19105,Lakshmi Desai,6,M
15660,19109,Mary Desai,61,M
15662,19113,Shivakumar Hegde,53,F
15663,19113,Anitha Desai,21,F
15668,19123,Yashwanth Iyengar,58,M
15671,19125,Prakash Bhat,12,M
15672,19125,Nagaraj Shetty,59,M
15673,19127,Joseph Murthy,26,M
15676,19131,Manjunath Nayak,70,M
15677,19131,Manjunath Kumar,57,M
15680,19133,Basavaraj Kulkarni,25,F
15683,19137,Mary Shetty,44,F
15686,19141,Girish Patil,19,F
15692,19147,Prakash Gowda,49,M
15693,19151,Manjunath Shetty,36,M
15694,19151,Suresh Kulkarni,20,F
15698,19157,Shivakumar Hegde,74,F
15701,19159,Lakshmi Murthy,22,M
15703,19161,Girish Patil,75,F
15706,19167,Imran Patil,73,M
15708,19169,Lakshmi Desai,42,M
15712,19175,Deepak Shetty,7,F
15717,19181,Anitha Naik,16,M
15720,19187,Joseph Rao,56,F
15721,19189,Mary Gowda,46,F
15722,19189,Deepak Rao,49,F
15723,19191,Chetan Murthy,71,M
15724,19191,Suresh Gowda,33,F
15725,19193,Suresh Gowda,15,F
15726,19195,Fatima Nayak,11,F
15729,19203,Pooja Rao,57,M
15731,19205,Prakash Hegde,44,M
15733,19207,Kiran Reddy,29,F
15734,19207,Girish Kulkarni,34,M
15736,19209,Yashwanth Naik,9,F
15737,19209,Chetan Patil,24,F
15744,19221,Pooja Murthy,41,F
15746,19223,Shivakumar Prasad,47,M
15747,19225,Anitha Kulkarni,44,M
15749,19231,Shivakumar Rao,42,F
15751,19239,Ravi Gowda,70,F
15752,19239,Basavaraj Prasad,31,F
15758,19245,Rekha Iyengar,13,M
15760,19247,Manjunath Patil,65,M
15766,19255,Bhavana Prasad,42,M
15767,19257,Suresh Rao,21,M
15769,19259,Lakshmi Murthy,51,F
15773,19263,Lakshmi Naik,51,F
15774,19267,Prakash Hegde,28,M
15779,19273,Kiran Iyengar,63,F
15780,19275,Manjunath Kumar,35,F
15782,19279,Mary Naik,46,M
15785,19285,Vinutha Bhat,35,F
15786,19287,Shivakumar Shetty,73,F
15787,19291,Anitha Iyengar,8,M
15788,19291,Manjunath Shetty,5,F
15791,19295,Yashwanth Kulkarni,5,F
15792,19297,Ashwini Kumar,34,M
15793,19297,Anitha Naik,36,F
15796,19299,Pooja Prasad,7,F
15800,19305,Rekha Kulkarni,63,M
15801,19305,Deepak Murthy,7,M
15805,19311,Anitha Nayak,5,M
15807,19313,Mary Prasad,54,F
15808,19313,Manjunath Murthy,7,M
15809,19315,Ashwini Iyengar,27,F
15811,19317,Chetan Nayak,72,F
15814,19323,Girish Kulkarni,55,F
15815,19323,Lakshmi Iyengar,64,M
15817,19325,Fatima Gowda,59,M
15819,19327,Nagaraj Nayak,31,M
15821,19329,Lakshmi Kulkarni,71,M
15825,19335,Chetan Murthy,16,F
15826,19335,Ravi Hegde,75,M
15828,19337,Pooja Hegde,53,F
15830,19339,Basavaraj Bhat,20,F
15831,19339,Manjunath Kumar,28,M
15834,19345,Yashwanth Rao,6,M
15835,19345,Mary Patil,11,F
15836,19347,Fatima Kulkarni,15,F
15839,19351,Mary Nayak,67,M
15841,19353,Imran Iyengar,44,F
15842,19355,Fatima Shetty,55,M
15845,19359,Anitha Kumar,9,M
15847,19361,Ravi Desai,52,M
15849,19363,Deepak Bhat,68,M
15851,19365,Nagaraj Patil,26,M
15852,19365,Bhavana Desai,44,F
15854,19367,Anitha Shetty,32,M
15859,19373,Deepak Iyengar,47,M
15861,19375,Yashwanth Desai,24,F
15862,19375,Rekha Desai,14,F
15864,19377,Suresh Shetty,64,F
15865,19377,Ashwini Prasad,31,F
15870,19385,Yashwanth Murthy,40,F
15871,19385,Yashwanth Rao,68,F
15874,19389,Bhavana Desai,55,M
15876,19391,Shivakumar Prasad,47,F
15878,19393,Suresh Patil,57,F
15881,19397,Vinutha Reddy,30,M
15883,19399,Basavaraj Rao,13,F
15885,19401,Bhavana Nayak,29,M
15888,19405,Shivakumar Gowda,68,M
15892,19415,Kiran Bhat,57,F
15894,19417,Imran Desai,24,M
15897,19421,Manjunath Iyengar,24,F
15898,19421,Kiran Gowda,57,F
15899,19423,Anitha Shetty,42,M
15907,19433,Mary Murthy,63,F
15910,19435,Anitha Kumar,9,F
15911,19435,Prakash Prasad,26,F
15914,19441,Manjunath Murthy,40,M
15918,19447,Rekha Shetty,5,F
15919,19449,Mary Desai,53,F
15923,19455,Pooja Murthy,56,F
15925,19457,Shivakumar Shetty,32,F
15927,19459,Ashwini Gowda,56,M
15928,19463,Pooja Murthy,38,M
15931,19467,Vinutha Patil,68,F
15933,19469,Mary Kulkarni,25,F
15934,19469,Basavaraj Gowda,53,M
15936,19471,Manjunath Rao,30,F
15937,19471,Girish Kumar,58,M
15938,19473,Ravi Gowda,47,F
15941,19477,Imran Reddy,20,M
15943,19481,Nagaraj Desai,10,M
15945,19483,Yashwanth Rao,21,F
15947,19487,Rekha Kulkarni,59,M
15950,19493,Ravi Murthy,47,F
15953,19497,Fatima Patil,56,F
15954,19497,Basavaraj Kulkarni,43,F
15955,19499,Fatima Naik,5,F
15958,19507,Ashwini Nayak,74,F
15959,19509,Shivakumar Rao,37,M
15963,19515,Ravi Rao,73,M
15965,19517,Pooja Hegde,69,M
15967,19519,Prakash Murthy,17,M
15969,19525,Shivakumar Gowda,64,M
15971,19527,Chetan Kumar,65,F
15973,19529,Ravi Shetty,11,F
15974,19531,Ashwini Shetty,16,F
15976,19533,Nagaraj Reddy,29,F
15981,19543,Suresh Murthy,65,M
15982,19545,Yashwanth Prasad,52,F
15984,19547,Mary Bhat,8,M
15987,19549,Deepak Reddy,32,M
15989,19551,Imran Murthy,68,M
15992,19555,Vinutha Nayak,70,F
15994,19557,Deepak Reddy,39,F
15996,19559,Deepak Patil,28,F
15999,19561,Rekha Prasad,35,F
16001,19563,Imran Desai,45,F
16006,19573,Deepak Nayak,11,F
16007,19575,Deepak Iyengar,70,M
16009,19577,Nagaraj Reddy,51,F
16012,19581,Mary Iyengar,63,M
16013,19581,Kiran Kumar,71,F
16015,19585,Prakash Nayak,74,F
16016,19585,Vinutha Reddy,24,F
16017,19587,Kiran Murthy,71,F
16018,19587,Bhavana Reddy,43,M
16020,19591,Lakshmi Gowda,60,M
16022,19593,Basavaraj Nayak,22,F
16023,19595,Fatima Naik,28,M
16024,19595,Rekha Patil,13,M
16026,19597,Shivakumar Naik,14,M
16030,19601,Shivakumar Kumar,66,F
16031,19601,Vinutha Rao,14,M
16033,19603,Rekha Reddy,11,F
16034,19603,Basavaraj Bhat,27,F
16038,19607,Vinutha Nayak,60,F
16042,19611,Nagaraj Kumar,61,M
16043,19611,Rekha Rao,39,M
16045,19613,Joseph Kumar,62,M
16046,19613,Joseph Hegde,41,F
16048,19617,Deepak Gowda,10,F
16049,19619,Kiran Desai,33,F
16053,19623,Girish Reddy,40,M
16057,19629,Rekha Reddy,7,M
16059,19631,Bhavana Murthy,6,M
16062,19633,Fatima Desai,56,F
16064,19637,Nagaraj Desai,18,M
16067,19641,Girish Hegde,51,M
16069,19645,Imran Bhat,17,M
16070,19647,Nagaraj Iyengar,20,M
16072,19649,Ashwini Bhat,22,M
16074,19651,Anitha Desai,41,F
16076,19653,Shivakumar Reddy,26,M
16078,19655,Prakash Rao,19,M
16080,19657,Ravi Iyengar,37,F
16083,19665,Bhavana Kulkarni,65,F
16086,19667,Deepak Desai,45,F
16088,19669,Girish Reddy,29,M
16089,19671,Suresh Prasad,36,M
16094,19679,Bhavana Murthy,50,M
16095,19681,Joseph Kulkarni,44,M
16098,19683,Prakash Shetty,33,M
16102,19687,Manjunath Iyengar,23,M
16103,19687,Chetan Shetty,61,M
16105,19689,Anitha Shetty,35,M
16107,19691,Kiran Reddy,6,M
16109,19693,Vinutha Rao,23,F
16112,19695,Vinutha Rao,10,M
16113,19697,Yashwanth Gowda,34,M
16115,19699,Pooja Hegde,9,F
16116,19699,Imran Reddy,19,M
16121,19703,Bhavana Naik,47,M
16124,19711,Kiran Kumar,61,F
16127,19713,Kiran Shetty,14,M
16128,19713,Imran Kulkarni,24,M
16129,19715,Anitha Iyengar,11,F
16131,19717,Manjunath Bhat,31,F
16132,19717,Mary Nayak,60,F
16134,19719,Shivakumar Rao,38,M
16136,19725,Deepak Kulkarni,36,F
16137,19725,Basavaraj Desai,26,F
16139,19727,Vinutha Murthy,19,F
16142,19729,Ravi Hegde,23,M
16144,19731,Yashwanth Reddy,40,M
16146,19735,Shivakumar Murthy,46,M
16149,19737,Anitha Gowda,57,F
16150,19739,Lakshmi Patil,11,F
16152,19741,Girish Gowda,23,M
16154,19743,Nagaraj Kumar,5,F
16155,19745,Girish Desai,37,F
16157,19749,Fatima Rao,7,F
16160,19751,Lakshmi Rao,31,M
16161,19753,Nagaraj Gowda,68,M
16162,19755,Kiran Bhat,10,F
16165,19757,Bhavana Reddy,58,M
16166,19759,Vinutha Kulkarni,67,M
16167,19761,Mary Gowda,43,M
16169,19765,Basavaraj Shetty,33,M
16170,19765,Vinutha Patil,37,M
16174,19769,Imran Prasad,49,F
16176,19771,Ashwini Prasad,39,M
16177,19773,Lakshmi Murthy,43,F
16178,19777,Deepak Murthy,46,M
16180,19787,Nagaraj Murthy,31,F
16183,19789,Joseph Rao,55,F
16185,19793,Suresh Kumar,45,F
16187,19795,Girish Gowda,70,M
16189,19797,Ravi Hegde,5,M
16191,19799,Nagaraj Rao,52,M
16193,19801,Lakshmi Prasad,8,M
16194,19803,Anitha Prasad,8,M
16199,19809,Bhavana Nayak,49,F
16201,19811,Lakshmi Prasad,53,F
16206,19819,Suresh Kumar,46,M
16207,19823,Vinutha Shetty,57,M
16208,19823,Mary Reddy,6,F
16213,19833,Imran Iyengar,42,M
16214,19835,Mary Reddy,16,F
16217,19837,Rekha Gowda,51,M
16218,19839,Prakash Murthy,55,M
16220,19843,Girish Patil,47,F
16223,19847,Imran Desai,66,F
16226,19851,Bhavana Desai,46,M
16229,19857,Shivakumar Iyengar,22,F
16232,19861,Fatima Bhat,74,M
16233,19863,Shivakumar Patil,67,M
16234,19865,Yashwanth Murthy,18,M
16238,19869,Basavaraj Hegde,40,F
16240,19871,Shivakumar Nayak,33,M
16245,19877,Imran Patil,33,F
16246,19879,Manjunath Naik,24,F
16248,19881,Deepak Nayak,25,M
16250,19885,Prakash Naik,64,F
16253,19887,Imran Reddy,74,F
16255,19889,Joseph Kumar,35,F
16256,19891,Manjunath Gowda,74,M
16260,19895,Anitha Patil,27,F
16261,19895,Lakshmi Kulkarni,15,F
16265,19901,Suresh Kumar,60,F
16266,19903,Girish Nayak,56,F
16268,19907,Bhavana Patil,25,M
16269,19909,Basavaraj Patil,21,M
16272,19913,Kiran Patil,34,F
16275,19917,Chetan Kumar,53,M
16277,19919,Shivakumar Patil,66,F
16279,19921,Nagaraj Iyengar,74,F
16282,19923,Girish Prasad,68,F
16283,19923,Shivakumar Naik,6,F
16286,19925,Girish Iyengar,75,M
16289,19927,Nagaraj Desai,71,F
16291,19929,Yashwanth Kumar,34,F
16292,19929,Mary Nayak,62,M
16293,19931,Prakash Reddy,22,F
16294,19931,Joseph Gowda,27,F
16297,19937,Suresh Desai,6,F
16300,19939,Basavaraj Kulkarni,18,F
16302,19943,Nagaraj Kulkarni,46,F
16306,19947,Bhavana Bhat,67,M
16308,19949,Shivakumar Patil,51,F
16310,19951,Yashwanth Nayak,24,M
16313,19955,Imran Rao,71,F
16314,19955,Pooja Gowda,13,F
16317,19957,Imran Bhat,64,M
16320,19961,Ashwini Rao,14,M
16321,19961,Basavaraj Kulkarni,65,F
16325,19967,Vinutha Kulkarni,12,M
16328,19971,Imran Nayak,71,F
16330,19973,Yashwanth Hegde,56,M
16331,19973,Kiran Desai,31,M
16333,19975,Lakshmi Prasad,41,M
16335,19979,Chetan Murthy,27,F
16337,19981,Bhavana Iyengar,45,M
16338,19983,Basavaraj Nayak,20,F
16340,19985,Shivakumar Hegde,39,M
16343,19987,Rekha Shetty,15,M
16344,19989,Basavaraj Iyengar,9,M
16347,19993,Ashwini Kulkarni,9,M
16349,19995,Yashwanth Bhat,56,M
16350,19997,Prakash Prasad,75,M
16351,19997,Bhavana Murthy,42,F
16352,19999,Joseph Patil,54,F
16355,20001,Lakshmi Iyengar,34,M
16359,20007,Ravi Iyengar,13,F
16360,20009,Bhavana Murthy,5,F
16361,20011,Shivakumar Bhat,27,M
16362,20011,Nagaraj Desai,39,M
16365,20021,Lakshmi Naik,34,M
16366,20021,Suresh Naik,55,F
16369,20025,Lakshmi Reddy,10,M
16372,20031,Ravi Reddy,45,F
16373,20031,Yashwanth Patil,33,M
16375,20033,Ashwini Kulkarni,60,M
16378,20035,Imran Rao,68,F
16379,20035,Basavaraj Nayak,73,F
16381,20037,Nagaraj Reddy,31,M
16384,20039,Chetan Bhat,13,F
16385,20039,Manjunath Reddy,43,M
16387,20041,Yashwanth Desai,29,F
16390,20049,Kiran Hegde,6,F
16392,20051,Bhavana Kulkarni,31,F
16393,20053,Ashwini Bhat,20,F
16395,20057,Ashwini Hegde,15,F
16397,20059,Manjunath Kulkarni,20,F
16398,20061,Rekha Prasad,22,F
16400,20063,Manjunath Rao,24,M
16402,20065,Fatima Reddy,14,M
16403,20065,Fatima Hegde,15,F
16406,20067,Shivakumar Reddy,7,F
16407,20067,Ashwini Naik,27,F
16409,20069,Bhavana Naik,67,M
16410,20071,Rekha Desai,29,M
16415,20077,Suresh Naik,11,M
16417,20079,Prakash Bhat,37,M
16418,20081,Nagaraj Murthy,8,F
16419,20083,Bhavana Hegde,9,F
16421,20085,Fatima Desai,53,M
16422,20087,Vinutha Kulkarni,65,F
16425,20089,Manjunath Hegde,30,M
16426,20089,Chetan Reddy,51,M
16429,20091,Rekha Iyengar,51,M
16430,20091,Chetan Prasad,31,F
16434,20097,Nagaraj Rao,58,F
16437,20099,Shivakumar Rao,20,M
16439,20101,Chetan Bhat,37,M
16440,20103,Anitha Rao,8,M
16441,20105,Mary Nayak,48,F
16443,20111,Yashwanth Bhat,25,F
16445,20113,Nagaraj Murthy,43,M
16446,20115,Imran Kulkarni,46,M
16447,20117,Lakshmi Patil,53,F
16448,20117,Bhavana Murthy,16,F
16450,20119,Mary Iyengar,33,F
16451,20119,Vinutha Murthy,23,F
16455,20127,Vinutha Rao,13,M
16457,20129,Rekha Reddy,63,M
16460,20131,Imran Reddy,30,M
16461,20133,Manjunath Kumar,63,F
16464,20141,Pooja Iyengar,44,M
16465,20145,Prakash Nayak,28,F
16467,20147,Prakash Naik,23,F
16472,20155,Prakash Iyengar,33,M
16474,20157,Shivakumar Kulkarni,23,M
16477,20159,Kiran Murthy,6,F
16478,20159,Prakash Kulkarni,65,F
16481,20163,Nagaraj Kumar,58,M
16483,20165,Shivakumar Desai,33,M
16484,20167,Bhavana Patil,10,F
16487,20171,Deepak Bhat,72,M
16488,20171,Vinutha Bhat,11,F
16490,20173,Nagaraj Nayak,31,F
16494,20177,Chetan Rao,74,F
16495,20177,Chetan Reddy,22,F
16498,20181,Deepak Reddy,64,M
16499,20181,Vinutha Murthy,73,M
16501,20183,Mary Kumar,11,F
16502,20183,Mary Iyengar,53,F
16504,20185,Fatima Bhat,49,F
16505,20187,Vinutha Reddy,6,F
16507,20189,Ashwini Naik,25,F
16509,20191,Bhavana Nayak,61,M
16511,20193,Manjunath Kumar,13,F
16513,20195,Rekha Kulkarni,54,F
16514,20197,Pooja Reddy,25,F
16516,20199,Ashwini Iyengar,33,F
16517,20201,Suresh Rao,50,F
16518,20201,Basavaraj Gowda,52,F
16521,20203,Lakshmi Kumar,9,M
16525,20209,Mary Shetty,39,M
16527,20213,Girish Rao,19,M
16528,20215,Vinutha Prasad,8,F
16531,20221,Deepak Desai,28,M
16535,20227,Mary Nayak,8,F
16537,20229,Mary Nayak,58,M
16538,20231,Kiran Desai,39,F
16540,20233,Kiran Gowda,19,F
16541,20233,Joseph Iyengar,26,M
16542,20237,Basavaraj Hegde,20,M
16544,20239,Chetan Bhat,18,F
16545,20241,Basavaraj Hegde,65,M
16546,20241,Nagaraj Bhat,39,F
16548,20243,Lakshmi Naik,36,F
16549,20243,Manjunath Kulkarni,44,M
16552,20245,Ashwini Kulkarni,50,M
16554,20249,Manjunath Desai,74,M
16557,20253,Vinutha Hegde,11,F
16560,20257,Suresh Kulkarni,50,F
16562,20259,Manjunath Naik,17,F
16564,20263,Mary Kulkarni,56,F
16565,20265,Basavaraj Nayak,5,F
16567,20267,Joseph Nayak,31,F
16568,20269,Yashwanth Kumar,31,F
16574,20281,Ashwini Rao,47,M
16575,20283,Ravi Shetty,21,M
16576,20283,Shivakumar Prasad,48,M
16579,20285,Rekha Hegde,62,F
16582,20289,Bhavana Iyengar,34,M
16583,20289,Pooja Prasad,51,F
16584,20291,Joseph Reddy,57,M
16585,20291,Vinutha Rao,39,M
16588,20295,Nagaraj Gowda,8,M
16589,20297,Suresh Kulkarni,28,M
16590,20297,Kiran Naik,40,M
16593,20299,Lakshmi Nayak,9,M
16596,20301,Shivakumar Gowda,69,M
16598,20303,Basavaraj Nayak,58,M
16599,20305,Bhavana Iyengar,22,F
16602,20311,Girish Hegde,19,F
16604,20313,Ravi Bhat,61,M
16606,20319,Pooja Desai,26,M
16609,20321,Pooja Prasad,65,M
16610,20321,Lakshmi Desai,62,M
16611,20323,Girish Nayak,71,M
16613,20325,Deepak Desai,18,M
16617,20329,Ravi Shetty,74,F
16619,20333,Rekha Gowda,11,M
16621,20335,Vinutha Patil,42,M
16622,20335,Yashwanth Desai,73,F
16624,20337,Imran Nayak,67,M
16625,20337,Kiran Prasad,42,M
16630,20341,Ashwini Reddy,10,M
16631,20343,Kiran Patil,49,F
16635,20347,Imran Kulkarni,51,F
16637,20349,Rekha Patil,75,M
16638,20349,Prakash Patil,41,F
16641,20353,Girish Gowda,15,M
16643,20355,Vinutha Naik,34,F
16644,20357,Pooja Nayak,59,M
16646,20359,Deepak Bhat,70,M
16647,20363,Joseph Bhat,47,M
16648,20365,Deepak Rao,20,F
16650,20367,Mary Murthy,65,F
16653,20369,Chetan Prasad,66,F
16654,20369,Bhavana Gowda,28,M
16657,20373,Deepak Iyengar,34,M
16658,20373,Deepak Patil,59,M
16660,20375,Manjunath Kulkarni,24,M
16661,20375,Prakash Desai,57,F
16664,20377,Girish Murthy,31,M
16667,20381,Yashwanth Hegde,47,M
16669,20383,Ravi Patil,24,F
16672,20389,Bhavana Rao,10,F
16676,20397,Anitha Hegde,49,M
16677,20399,Joseph Shetty,57,F
16681,20407,Vinutha Naik,29,F
16684,20411,Vinutha Naik,69,M
16685,20411,Chetan Nayak,67,F
16688,20413,Vinutha Naik,49,F
16689,20413,Anitha Gowda,61,M
16690,20415,Manjunath Kumar,61,M
16695,20425,Vinutha Hegde,44,M
16696,20427,Mary Nayak,12,F
16699,20429,Imran Prasad,59,M
16701,20431,Shivakumar Bhat,75,M
16702,20431,Imran Kulkarni,14,F
16703,20433,Girish Murthy,65,M
16704,20433,Nagaraj Bhat,26,F
16707,20435,Anitha Iyengar,40,F
16709,20437,Joseph Bhat,22,F
16714,20443,Vinutha Naik,64,M
16716,20445,Chetan Nayak,65,F
16717,20445,Pooja Shetty,56,M
16719,20447,Suresh Prasad,11,M
16720,20449,Chetan Bhat,39,M
16721,20449,Deepak Murthy,33,F
16722,20451,Girish Shetty,44,M
16724,20453,Imran Desai,67,F
16726,20455,Anitha Reddy,66,M
16727,20457,Chetan Reddy,51,F
16729,20459,Shivakumar Kulkarni,61,F
16730,20461,Fatima Patil,40,M
16732,20463,Rekha Naik,41,F
16733,20463,Suresh Kulkarni,63,F
16734,20465,Nagaraj Kumar,6,F
16735,20469,Chetan Kulkarni,7,M
16736,20475,Rekha Patil,20,M
16737,20475,Prakash Gowda,30,M
16739,20477,Imran Desai,63,F
16741,20481,Fatima Nayak,31,F
16742,20481,Ravi Murthy,9,F
16744,20483,Mary Rao,27,M
16747,20485,Ashwini Shetty,39,F
16748,20487,Pooja Gowda,59,F
16749,20487,Bhavana Rao,17,F
16751,20491,Deepak Patil,29,M
16752,20491,Rekha Shetty,52,M
16753,20493,Lakshmi Patil,60,M
16754,20495,Bhavana Naik,61,M
16755,20497,Bhavana Prasad,58,M
16757,20501,Shivakumar Nayak,30,F
16758,20501,Pooja Gowda,65,M
16761,20505,Kiran Naik,65,M
16762,20507,Manjunath Desai,50,F
16765,20511,Shivakumar Reddy,75,F
16766,20513,Girish Desai,32,M
16768,20515,Joseph Nayak,44,M
16769,20517,Fatima Prasad,39,F
16772,20519,Shivakumar Prasad,7,M
16775,20525,Anitha Hegde,58,M
16778,20527,Yashwanth Gowda,17,F
16780,20529,Manjunath Murthy,48,F
16782,20531,Kiran Shetty,63,F
16784,20533,Anitha Nayak,13,F
16786,20535,Fatima Hegde,33,F
16787,20535,Mary Murthy,50,F
16790,20539,Shivakumar Nayak,53,F
16792,20541,Kiran Rao,35,M
16795,20543,Nagaraj Bhat,47,M
16798,20549,Chetan Patil,6,F
16800,20551,Fatima Prasad,11,F
16801,20551,Bhavana Kulkarni,28,F
16804,20553,Bhavana Gowda,46,F
16805,20555,Shivakumar Hegde,50,M
16809,20561,Girish Nayak,75,M
16811,20563,Kiran Prasad,45,F
16813,20565,Vinutha Naik,32,M
16814,20567,Yashwanth Naik,23,M
16815,20567,Prakash Naik,47,F
16817,20569,Bhavana Naik,23,F
16818,20569,Chetan Bhat,48,F
16820,20571,Deepak Gowda,45,F
16821,20571,Bhavana Reddy,28,M
16829,20583,Ravi Patil,74,F
16830,20585,Suresh Reddy,14,F
16833,20587,Mary Reddy,37,M
16834,20587,Pooja Reddy,12,F
16835,20589,Shivakumar Prasad,62,F
16841,20599,Lakshmi Gowda,33,F
16844,20601,Pooja Naik,15,F
16846,20603,Deepak Iyengar,57,M
16855,20619,Kiran Bhat,52,F
16856,20623,Ashwini Reddy,70,F
16857,20623,Shivakumar Gowda,43,M
16859,20627,Prakash Bhat,42,F
16860,20629,Nagaraj Prasad,22,F
16862,20631,Basavaraj Naik,16,M
16864,20635,Deepak Murthy,30,F
16866,20637,Bhavana Prasad,16,F
16867,20637,Ashwini Prasad,28,F
16868,20639,Chetan Iyengar,67,M
16870,20643,Ashwini Desai,57,M
16872,20645,Fatima Naik,67,M
16874,20647,Vinutha Kumar,24,F
16876,20649,Deepak Naik,61,M
16877,20653,Ravi Naik,70,F
16879,20655,Basavaraj Reddy,72,M
16880,20657,Chetan Prasad,60,M
16881,20657,Girish Nayak,12,F
16885,20663,Anitha Shetty,30,F
16888,20669,Deepak Murthy,47,M
16889,20671,Imran Hegde,37,F
16892,20675,Suresh Patil,64,F
16897,20679,Manjunath Bhat,52,M
16901,20683,Basavaraj Prasad,19,M
16904,20685,Ravi Hegde,65,M
16905,20687,Manjunath Rao,63,M
16906,20687,Lakshmi Patil,18,F
16908,20689,Imran Prasad,70,F
16910,20693,Kiran Kulkarni,53,M
16911,20695,Lakshmi Shetty,18,M
16913,20697,Chetan Prasad,32,F
16917,20701,Chetan Prasad,7,F
16919,20703,Ravi Murthy,74,F
16921,20705,Manjunath Kumar,36,M
16923,20707,Shivakumar Naik,68,M
16925,20711,Mary Kumar,14,M
16927,20713,Nagaraj Iyengar,68,M
16929,20715,Ravi Prasad,15,F
16931,20717,Girish Desai,63,F
16932,20717,Lakshmi Bhat,44,M
16933,20719,Chetan Naik,30,M
16936,20721,Fatima Nayak,43,F
16937,20721,Lakshmi Reddy,30,F
16939,20723,Vinutha Desai,40,M
16940,20723,Ashwini Patil,46,M
16941,20725,Anitha Naik,18,M
16943,20727,Pooja Nayak,32,F
16947,20731,Ravi Naik,15,M
16949,20735,Pooja Kulkarni,70,M
16952,20737,Rekha Shetty,43,F
16954,20739,Manjunath Nayak,17,M
16955,20741,Anitha Rao,28,F
16956,20743,Ashwini Kulkarni,38,M
16957,20743,Shivakumar Gowda,44,F
16959,20745,Pooja Reddy,41,F
16963,20751,Shivakumar Desai,15,M
16964,20751,Joseph Prasad,40,M
16965,20753,Fatima Gowda,33,F
16968,20755,Basavaraj Prasad,66,M
16969,20757,Kiran Patil,19,M
16970,20757,Yashwanth Kumar,61,F
16972,20759,Vinutha Bhat,11,F
16978,20771,Pooja Naik,16,M
16980,20773,Nagaraj Prasad,24,F
16982,20775,Suresh Kumar,73,M
16984,20777,Ravi Rao,10,M
16985,20777,Bhavana Iyengar,31,F
16987,20779,Deepak Prasad,19,F
16988,20781,Manjunath Shetty,26,M
16989,20783,Pooja Bhat,69,F
16990,20783,Bhavana Kumar,21,F
16992,20787,Pooja Rao,18,F
16995,20789,Joseph Kulkarni,43,M
16998,20793,Ravi Prasad,39,F
16999,20795,Ravi Naik,69,M
17000,20797,Deepak Rao,12,M
17001,20799,Suresh Murthy,6,F
17002,20801,Vinutha Reddy,73,F
17004,20803,Ravi Naik,61,F
17006,20805,Girish Prasad,45,M
17009,20807,Rekha Hegde,14,M
17011,20809,Deepak Patil,22,M
17014,20813,Deepak Prasad,21,M
17016,20815,Prakash Kumar,13,M
17017,20817,Yashwanth Hegde,33,F
17018,20819,Ravi Bhat,71,F
17020,20821,Vinutha Kulkarni,65,F
17021,20821,Mary Reddy,54,F
17025,20825,Imran Bhat,9,F
17027,20829,Joseph Bhat,25,F
17029,20831,Basavaraj Kumar,13,F
17031,20833,Anitha Shetty,33,F
17033,20835,Imran Prasad,71,F
17034,20835,Fatima Patil,25,F
17037,20839,Ravi Kumar,19,F
17038,20841,Imran Reddy,72,F
17041,20845,Basavaraj Bhat,39,F
17042,20847,Suresh Hegde,33,M
17043,20849,Nagaraj Rao,52,M
17045,20851,Mary Iyengar,58,M
17047,20853,Ravi Rao,53,F
17048,20853,Deepak Gowda,59,M
17050,20855,Yashwanth Nayak,34,F
17052,20857,Pooja Patil,75,M
17054,20859,Basavaraj Prasad,47,F
17057,20861,Mary Desai,19,F
17060,20863,Fatima Desai,20,M
17062,20865,Pooja Shetty,38,M
17065,20867,Basavaraj Nayak,40,F
17069,20875,Rekha Desai,55,F
17071,20877,Deepak Bhat,19,M
17072,20877,Bhavana Shetty,57,M
17074,20881,Anitha Reddy,58,F
17076,20885,Lakshmi Desai,55,F
17077,20885,Imran Kumar,26,F
17080,20889,Basavaraj Hegde,46,F
17082,20891,Mary Kumar,62,F
17083,20891,Vinutha Kulkarni,18,M
17084,20893,Yashwanth Iyengar,23,F
17085,20893,Joseph Shetty,50,M
17086,20895,Yashwanth Bhat,45,M
17088,20897,Nagaraj Murthy,69,M
17091,20899,Rekha Kulkarni,65,F
17092,20901,Shivakumar Patil,51,F
17093,20901,Imran Naik,10,M
17095,20903,Ravi Prasad,61,M
17096,20903,Kiran Gowda,6,M
17099,20907,Manjunath Gowda,42,M
17101,20909,Yashwanth Shetty,5,F
17105,20913,Chetan Desai,46,F
17107,20915,Shivakumar Iyengar,23,M
17109,20917,Manjunath Naik,17,M
17110,20917,Ashwini Shetty,10,M
17111,20919,Deepak Kumar,7,F
17112,20921,Lakshmi Nayak,60,M
17113,20921,Chetan Nayak,15,M
17115,20923,Mary Kumar,19,M
17118,20925,Vinutha Iyengar,18,M
17119,20927,Manjunath Kulkarni,28,M
17120,20927,Bhavana Kumar,8,F
17123,20929,Suresh Reddy,73,M
17124,20929,Deepak Prasad,43,M
17126,20931,Kiran Kulkarni,25,F
17128,20933,Fatima Naik,65,M
17129,20935,Chetan Desai,52,M
17130,20935,Kiran Prasad,58,F
17132,20937,Suresh Nayak,58,M
17134,20939,Deepak Prasad,15,F
17135,20941,Pooja Murthy,73,F
17136,20943,Ashwini Murthy,30,M
17139,20945,Nagaraj Bhat,21,F
17142,20949,Chetan Naik,24,F
17144,20951,Chetan Gowda,45,M
17146,20953,Girish Gowda,67,M
17148,20955,Mary Prasad,26,M
17151,20961,Kiran Reddy,44,F
17152,20963,Shivakumar Hegde,6,M
17154,20969,Bhavana Prasad,54,F
17156,20971,Fatima Murthy,5,M
17157,20971,Imran Naik,13,F
17158,20973,Chetan Gowda,19,M
17159,20975,Kiran Kumar,42,F
17160,20975,Vinutha Bhat,47,F
17162,20977,Ashwini Gowda,60,M
17165,20979,Yashwanth Murthy,14,F
17166,20981,Ashwini Hegde,49,F
17169,20985,Shivakumar Kulkarni,45,M
17170,20987,Anitha Bhat,26,M
17173,20991,Nagaraj Gowda,43,F
17176,20993,Girish Kumar,32,M
17178,20995,Girish Shetty,17,M
17180,20999,Mary Naik,37,M
17183,21003,Imran Murthy,73,M
17186,21007,Lakshmi Iyengar,19,F
17188,21009,Basavaraj Kulkarni,24,M
17189,21009,Rekha Iyengar,65,M
17193,21015,Bhavana Iyengar,28,M
17196,21017,Ravi Kulkarni,13,F
17198,21019,Prakash Patil,72,F
17201,21025,Pooja Shetty,41,F
17202,21027,Rekha Kumar,10,M
17203,21029,Ashwini Desai,50,M
17204,21031,Lakshmi Nayak,33,F
17209,21037,Shivakumar Hegde,71,F
17210,21037,Ashwini Shetty,39,M
17213,21039,Vinutha Patil,53,F
17214,21039,Bhavana Nayak,32,M
17215,21041,Vinutha Reddy,21,F
17216,21041,Suresh Prasad,38,F
17218,21043,Joseph Rao,75,F
17224,21049,Nagaraj Hegde,41,F
17226,21051,Basavaraj Rao,67,F
17227,21051,Lakshmi Reddy,38,F
17228,21053,Bhavana Nayak,57,M
17230,21057,Rekha Naik,51,M
17232,21059,Deepak Nayak,31,F
17237,21063,Basavaraj Patil,55,F
17239,21065,Kiran Murthy,70,F
17241,21067,Prakash Bhat,38,F
17245,21071,Lakshmi Gowda,28,M
17246,21071,Vinutha Prasad,21,F
17249,21073,Manjunath Shetty,47,F
17251,21075,Yashwanth Iyengar,52,M
17252,21075,Deepak Bhat,16,F
17255,21077,Ravi Naik,70,F
17256,21077,Rekha Iyengar,64,M
17259,21079,Deepak Murthy,41,M
17260,21079,Ravi Iyengar,19,M
17261,21081,Rekha Kulkarni,75,F
17263,21083,Deepak Reddy,12,M
17264,21083,Ashwini Shetty,7,F
17266,21085,Suresh Shetty,75,M
17268,21087,Shivakumar Rao,46,M
17270,21089,Prakash Patil,22,M
17271,21089,Girish Bhat,63,M
17273,21091,Prakash Reddy,37,M
17275,21093,Yashwanth Reddy,22,M
17276,21095,Bhavana Patil,73,F
17277,21097,Deepak Reddy,61,F
17279,21099,Ravi Kumar,61,M
17280,21099,Anitha Shetty,34,F
17283,21101,Rekha Desai,67,M
17284,21103,Pooja Patil,56,M
17287,21105,Joseph Kumar,36,F
17289,21107,Deepak Patil,68,M
17290,21107,Rekha Kumar,12,F
17292,21111,Lakshmi Kulkarni,39,F
17298,21123,Manjunath Hegde,10,M
17302,21131,Shivakumar Rao,16,F
17303,21133,Girish Prasad,11,F
17305,21135,Girish Murthy,35,M
17307,21137,Imran Murthy,58,F
17308,21139,Ravi Kumar,10,F
17309,21141,Mary Kumar,53,M
17310,21143,Basavaraj Desai,16,F
17312,21145,Joseph Patil,48,M
17314,21147,Ravi Hegde,63,M
17321,21157,Chetan Patil,46,F
17324,21161,Kiran Desai,48,M
17325,21161,Manjunath Reddy,25,M
17326,21163,Kiran Shetty,58,F
17328,21165,Joseph Prasad,46,F
17329,21165,Mary Rao,44,F
17331,21167,Rekha Prasad,74,F
17334,21173,Fatima Nayak,42,F
17335,21173,Vinutha Naik,33,M
17338,21175,Girish Prasad,57,F
17339,21175,Pooja Hegde,53,F
17341,21177,Joseph Hegde,62,F
17346,21185,Bhavana Patil,63,F
17349,21187,Kiran Kumar,52,F
17352,21191,Imran Iyengar,56,M
17355,21193,Shivakumar Kumar,21,M
17356,21193,Mary Reddy,49,F
17359,21195,Prakash Hegde,7,M
17361,21197,Shivakumar Reddy,34,M
17363,21199,Yashwanth Nayak,58,M
17365,21201,Joseph Kulkarni,33,M
17367,21203,Prakash Gowda,17,F
17370,21207,Shivakumar Kumar,60,F
17372,21209,Imran Shetty,40,M
17374,21213,Ravi Kulkarni,16,M
17375,21213,Mary Iyengar,29,F
17377,21215,Kiran Prasad,14,F
17380,21217,Yashwanth Hegde,28,F
17381,21217,Bhavana Desai,52,F
17383,21219,Bhavana Prasad,8,M
17386,21225,Fatima Rao,39,F
17387,21225,Prakash Reddy,70,M
17389,21227,Ashwini Hegde,26,M
17391,21229,Bhavana Hegde,13,M
17395,21235,Girish Kumar,16,M
17396,21235,Lakshmi Kumar,8,F
17398,21237,Prakash Iyengar,56,M
17403,21241,Rekha Gowda,55,M
17405,21243,Vinutha Prasad,22,F
17406,21245,Fatima Prasad,21,F
17410,21249,Yashwanth Murthy,73,F
17411,21251,Ravi Kulkarni,60,M
17412,21251,Kiran Iyengar,71,M
17414,21253,Deepak Gowda,44,M
17417,21255,Fatima Murthy,70,M
17418,21255,Imran Kumar,5,F
17421,21257,Fatima Nayak,35,M
17422,21259,Deepak Nayak,71,M
17423,21261,Vinutha Murthy,23,M
17424,21263,Prakash Rao,72,F
17425,21263,Nagaraj Prasad,25,F
17432,21271,Mary Murthy,51,M
17434,21275,Fatima Desai,52,F
17437,21277,Imran Bhat,63,F
17438,21281,Bhavana Kumar,8,F
17441,21287,Chetan Desai,13,F
17446,21295,Prakash Iyengar,49,F
17448,21297,Joseph Patil,54,F
17450,21299,Imran Patil,14,M
17451,21301,Nagaraj Iyengar,58,F
17453,21303,Anitha Nayak,56,M
17456,21305,Vinutha Naik,20,M
17457,21309,Imran Murthy,66,F
17459,21313,Manjunath Reddy,67,M
17462,21319,Lakshmi Prasad,13,F
17464,21321,Manjunath Patil,56,F
17465,21321,Joseph Bhat,72,M
17467,21323,Basavaraj Prasad,62,F
17468,21323,Deepak Iyengar,16,M
17471,21327,Rekha Desai,24,M
17473,21329,Yashwanth Reddy,72,M
17475,21331,Kiran Reddy,61,F
17476,21331,Kiran Patil,65,F
17478,21333,Shivakumar Iyengar,28,F
17481,21335,Deepak Gowda,72,F
17484,21337,Vinutha Desai,5,M
17486,21341,Prakash Shetty,74,M
17488,21345,Bhavana Iyengar,65,F
17489,21345,Joseph Naik,16,M
17490,21347,Lakshmi Gowda,16,M
17491,21347,Deepak Gowda,12,F
17493,21349,Lakshmi Murthy,55,M
17494,21349,Deepak Hegde,35,F
17497,21353,Manjunath Kumar,73,M
17500,21357,Bhavana Rao,55,M
17501,21357,Ashwini Kulkarni,52,F
17504,21359,Bhavana Desai,13,F
17506,21361,Nagaraj Naik,42,M
17515,21371,Basavaraj Patil,18,M
17516,21371,Pooja Kulkarni,51,M
17519,21373,Mary Naik,70,F
17520,21373,Joseph Patil,65,M
17523,21375,Girish Prasad,48,F
17526,21377,Suresh Patil,14,F
17530,21381,Kiran Nayak,12,F
17531,21385,Prakash Rao,64,M
17533,21387,Ashwini Shetty,39,M
17535,21389,Kiran Patil,30,M
17536,21391,Ashwini Bhat,60,F
17537,21391,Anitha Gowda,21,F
17539,21393,Anitha Iyengar,47,M
17540,21393,Mary Desai,55,F
17543,21395,Imran Reddy,12,M
17548,21403,Fatima Naik,57,F
17551,21405,Imran Murthy,70,M
17555,21411,Rekha Kumar,9,M
17556,21413,Basavaraj Hegde,21,F
17558,21415,Lakshmi Gowda,17,F
17559,21417,Rekha Kulkarni,47,F
17560,21417,Nagaraj Hegde,27,F
17562,21419,Anitha Kumar,48,M
17564,21421,Chetan Nayak,46,F
17565,21421,Deepak Murthy,5,M
17567,21423,Imran Reddy,27,M
17568,21425,Ravi Kumar,72,F
17569,21425,Joseph Reddy,49,F
17574,21429,Chetan Iyengar,27,F
17575,21429,Joseph Reddy,64,F
17578,21433,Manjunath Rao,28,F
17581,21435,Fatima Patil,53,F
17582,21437,Kiran Reddy,41,F
17584,21441,Lakshmi Nayak,15,M
17587,21447,Shivakumar Reddy,12,F
17589,21449,Joseph Kumar,57,F
17591,21453,Joseph Rao,72,F
17594,21455,Kiran Hegde,48,M
17595,21455,Deepak Kulkarni,58,M
17597,21459,Yashwanth Murthy,48,M
17598,21459,Yashwanth Reddy,25,F
17601,21461,Suresh Prasad,7,M
17605,21467,Pooja Reddy,34,M
17606,21467,Joseph Reddy,14,F
17608,21471,Manjunath Hegde,71,F
17609,21473,Shivakumar Kumar,74,M
17611,21475,Fatima Kulkarni,63,F
17612,21475,Vinutha Rao,33,M
17615,21483,Ravi Bhat,23,M
17617,21485,Kiran Shetty,55,M
17620,21487,Girish Rao,11,M
17621,21489,Mary Shetty,40,F
17623,21491,Mary Nayak,29,M
17625,21493,Girish Rao,50,F
17626,21493,Imran Bhat,31,M
17627,21495,Fatima Bhat,35,M
17628,21495,Kiran Rao,36,F
17630,21497,Yashwanth Reddy,8,F
17634,21501,Suresh Shetty,26,F
17636,21503,Suresh Desai,29,F
17638,21505,Ashwini Prasad,15,F
17640,21507,Rekha Bhat,24,F
17642,21509,Basavaraj Gowda,26,M
17644,21513,Girish Rao,26,M
17645,21513,Ashwini Hegde,63,M
17647,21515,Manjunath Naik,53,F
17649,21517,Nagaraj Kumar,34,F
17652,21519,Nagaraj Hegde,18,F
17653,21521,Deepak Bhat,8,F
17655,21525,Rekha Kulkarni,46,M
17657,21527,Vinutha Kumar,42,F
17658,21527,Anitha Naik,20,M
17660,21529,Bhavana Rao,66,M
17662,21531,Imran Murthy,75,M
17665,21535,Deepak Prasad,30,F
17668,21537,Joseph Hegde,52,M
17672,21543,Chetan Bhat,59,F
17673,21543,Ravi Rao,40,M
17674,21545,Prakash Shetty,9,F
17675,21545,Manjunath Iyengar,7,M
17677,21547,Nagaraj Prasad,63,M
17680,21551,Basavaraj Kulkarni,73,F
17681,21553,Basavaraj Shetty,26,M
17684,21559,Bhavana Nayak,38,F
17685,21559,Anitha Iyengar,55,M
17687,21561,Girish Patil,68,M
17688,21563,Yashwanth Hegde,38,F
17689,21565,Vinutha Gowda,36,F
17690,21565,Kiran Shetty,65,M
17692,21567,Manjunath Desai,35,M
17696,21573,Fatima Patil,45,M
17699,21579,Suresh Murthy,50,M
17700,21579,Joseph Shetty,10,F
17701,21581,Bhavana Rao,65,M
17705,21585,Yashwanth Desai,53,F
17709,21589,Vinutha Naik,69,M
17711,21591,Vinutha Naik,29,M
17712,21593,Vinutha Murthy,62,F
17714,21595,Mary Bhat,43,F
17715,21597,Manjunath Murthy,38,F
17716,21599,Suresh Bhat,61,F
17717,21599,Kiran Desai,61,F
17719,21603,Vinutha Gowda,48,M
17721,21609,Pooja Naik,32,M
17722,21611,Nagaraj Kumar,73,F
17724,21613,Nagaraj Patil,61,M
17725,21615,Shivakumar Patil,71,F
17726,21617,Chetan Kumar,22,M
17728,21619,Vinutha Murthy,19,M
17729,21621,Ashwini Naik,19,M
17731,21623,Shivakumar Kulkarni,70,F
17733,21625,Joseph Nayak,43,M
17735,21627,Joseph Rao,71,M
17737,21629,Girish Reddy,35,M
17738,21629,Prakash Naik,63,M
17739,21631,Suresh Hegde,12,F
17740,21631,Anitha Rao,60,M
17742,21637,Lakshmi Shetty,11,F
17744,21639,Deepak Rao,71,M
17745,21639,Girish Gowda,31,F
17747,21641,Basavaraj Bhat,71,F
17749,21643,Fatima Desai,57,M
17750,21643,Deepak Reddy,8,F
17752,21645,Manjunath Desai,10,M
17756,21651,Mary Rao,27,M
17760,21655,Rekha Reddy,35,M
17761,21657,Rekha Desai,39,F
17763,21665,Rekha Reddy,73,M
17764,21669,Shivakumar Hegde,7,M
17766,21673,Ashwini Hegde,57,M
17767,21673,Shivakumar Rao,37,F
17769,21675,Manjunath Shetty,49,M
17772,21677,Kiran Iyengar,35,M
17773,21677,Imran Murthy,39,F
17774,21679,Bhavana Iyengar,53,F
17775,21679,Shivakumar Murthy,18,F
17778,21681,Anitha Iyengar,53,M
17779,21683,Suresh Reddy,48,M
17781,21685,Pooja Prasad,9,F
17782,21689,Fatima Gowda,12,M
17784,21691,Fatima Bhat,18,M
17785,21691,Deepak Patil,63,F
17787,21695,Ravi Hegde,62,F
17788,21695,Nagaraj Kulkarni,47,F
17790,21697,Basavaraj Bhat,32,F
17791,21697,Bhavana Desai,71,M
17794,21699,Girish Kulkarni,42,M
17795,21701,Ravi Shetty,12,M
17797,21703,Chetan Prasad,5,M
17798,21703,Prakash Desai,60,F
17801,21707,Ravi Prasad,69,F
17802,21707,Prakash Nayak,20,M
17805,21709,Chetan Nayak,73,M
17806,21709,Mary Rao,54,F
17808,21711,Basavaraj Reddy,17,M
17811,21713,Basavaraj Naik,26,F
17812,21715,Pooja Kulkarni,70,M
17813,21717,Deepak Shetty,41,M
17816,21719,Joseph Kulkarni,68,M
17818,21725,Nagaraj Hegde,74,F
17819,21725,Prakash Nayak,28,F
17821,21729,Manjunath Prasad,24,F
17823,21731,Ashwini Bhat,74,F
17825,21733,Rekha Naik,54,M
17827,21735,Ravi Desai,33,M
17831,21741,Imran Reddy,63,M
17834,21745,Kiran Iyengar,6,F
17836,21747,Anitha Hegde,48,F
17839,21751,Imran Hegde,18,F
17840,21751,Bhavana Nayak,58,F
17842,21753,Fatima Murthy,71,M
17844,21755,Deepak Murthy,40,M
17845,21755,Rekha Murthy,42,M
17848,21757,Bhavana Rao,70,M
17849,21757,Shivakumar Reddy,66,M
17852,21759,Manjunath Shetty,35,M
17854,21763,Ravi Naik,65,M
17855,21763,Ashwini Kulkarni,44,M
17857,21765,Manjunath Shetty,11,F
17858,21767,Imran Gowda,29,F
17859,21769,Anitha Patil,51,M
17863,21775,Basavaraj Naik,72,M
17864,21777,Kiran Patil,20,F
17865,21777,Kiran Desai,46,M
17867,21779,Rekha Rao,8,F
17868,21779,Ravi Prasad,43,F
17870,21785,Ashwini Prasad,7,F
17871,21787,Bhavana Gowda,75,M
17872,21789,Pooja Prasad,59,M
17873,21789,Joseph Prasad,40,F
17874,21791,Kiran Patil,55,F
17876,21793,Basavaraj Prasad,39,F
17877,21793,Suresh Bhat,20,M
17878,21795,Mary Nayak,47,M
17879,21797,Ravi Naik,39,M
17880,21797,Chetan Prasad,21,F
17882,21801,Shivakumar Prasad,43,M
17883,21803,Vinutha Kumar,67,F
17886,21805,Kiran Naik,16,F
17887,21807,Basavaraj Desai,19,F
17888,21807,Anitha Bhat,69,F
17889,21809,Deepak Desai,56,M
17891,21811,Basavaraj Prasad,55,M
17893,21813,Fatima Kumar,36,M
17894,21817,Prakash Murthy,64,M
17896,21819,Yashwanth Shetty,61,M
17897,21819,Ashwini Rao,12,M
17899,21823,Kiran Desai,21,M
17902,21827,Chetan Kulkarni,16,F
17903,21827,Imran Naik,60,M
17905,21829,Ravi Nayak,72,F
17906,21829,Yashwanth Desai,16,M
17907,21831,Anitha Reddy,30,M
17908,21831,Bhavana Murthy,41,M
17911,21833,Manjunath Nayak,21,M
17913,21837,Chetan Reddy,61,M
17915,21839,Prakash Kumar,73,M
17917,21843,Nagaraj Nayak,46,F
17918,21843,Shivakumar Murthy,7,M
17922,21849,Pooja Shetty,63,M
17923,21853,Fatima Shetty,24,M
17925,21855,Joseph Prasad,20,F
17927,21857,Vinutha Rao,27,F
17928,21857,Joseph Kulkarni,55,M
17930,21859,Joseph Shetty,11,F
17931,21859,Anitha Gowda,23,F
17932,21861,Prakash Patil,69,M
17933,21863,Basavaraj Prasad,33,M
17935,21867,Ravi Desai,20,M
17936,21867,Mary Bhat,28,M
17942,21875,Girish Iyengar,5,F
17943,21875,Kiran Bhat,68,F
17945,21877,Mary Shetty,68,F
17946,21877,Fatima Kumar,31,F
17950,21883,Mary Prasad,11,F
17951,21883,Ashwini Naik,21,M
17952,21885,Kiran Kumar,53,M
17954,21887,Girish Reddy,65,F
17956,21889,Girish Desai,63,F
17961,21893,Vinutha Rao,70,F
17967,21905,Kiran Iyengar,43,F
17970,21907,Vinutha Bhat,66,F
17972,21911,Deepak Patil,5,M
17973,21915,Lakshmi Naik,27,F
17974,21915,Imran Desai,13,M
17976,21917,Ashwini Gowda,6,F
17977,21917,Girish Nayak,43,F
17982,21925,Joseph Murthy,34,M
17988,21933,Rekha Rao,14,M
17992,21937,Shivakumar Rao,64,M
17994,21939,Manjunath Naik,42,F
17998,21943,Yashwanth Nayak,45,M
18000,21947,Rekha Prasad,41,F
18002,21949,Vinutha Murthy,38,F
18004,21951,Suresh Murthy,29,M
18007,21953,Rekha Patil,47,M
18009,21955,Basavaraj Shetty,19,F
18010,21955,Kiran Hegde,20,F
18013,21959,Manjunath Naik,12,F
18017,21967,Shivakumar Prasad,35,F
18019,21969,Nagaraj Gowda,69,F
18021,21971,Deepak Rao,32,F
18025,21975,Joseph Kulkarni,6,M
18027,21979,Girish Shetty,21,F
18029,21981,Kiran Rao,22,M
18030,21983,Yashwanth Gowda,16,M
18032,21985,Rekha Prasad,15,M
18038,21991,Mary Shetty,13,F
18041,21995,Lakshmi Desai,17,M
18042,21997,Suresh Shetty,58,M
18044,21999,Ravi Shetty,60,F
18047,22003,Mary Murthy,42,F
18049,22005,Basavaraj Kulkarni,7,F
18051,22007,Manjunath Iyengar,71,M
18053,22009,Joseph Rao,45,F
18058,22021,Lakshmi Bhat,20,F
18059,22021,Rekha Rao,39,F
18061,22023,Shivakumar Patil,67,M
18062,22025,Kiran Bhat,18,M
18063,22027,Rekha Gowda,11,M
18064,22027,Bhavana Kumar,51,F
18066,22029,Vinutha Naik,67,M
18069,22031,Basavaraj Nayak,71,F
18072,22039,Chetan Gowda,35,F
18074,22041,Yashwanth Reddy,70,F
18075,22043,Kiran Hegde,70,M
18080,22047,Lakshmi Kulkarni,21,F
18083,22049,Nagaraj Kulkarni,45,F
18085,22051,Chetan Bhat,45,F
18088,22055,Bhavana Nayak,63,M
18090,22059,Rekha Naik,71,M
18091,22059,Rekha Hegde,14,F
18092,22061,Suresh Shetty,49,F
18094,22063,Anitha Hegde,47,M
18095,22063,Deepak Shetty,35,M
18096,22065,Ashwini Rao,74,F
18098,22067,Girish Patil,10,M
18101,22069,Joseph Bhat,36,M
18103,22073,Shivakumar Shetty,56,F
18105,22075,Chetan Kumar,49,M
18106,22075,Vinutha Bhat,17,F
18108,22077,Deepak Bhat,67,F
18110,22079,Ashwini Gowda,69,F
18112,22081,Mary Shetty,29,M
18113,22083,Vinutha Bhat,70,M
18114,22083,Bhavana Reddy,59,F
18116,22085,Shivakumar Iyengar,67,M
18117,22087,Imran Shetty,46,M
18118,22087,Nagaraj Kulkarni,36,M
18119,22089,Chetan Desai,38,M
18121,22091,Deepak Bhat,75,F
18123,22093,Ravi Patil,65,F
18124,22093,Rekha Shetty,43,F
18125,22095,Chetan Desai,74,F
18127,22099,Bhavana Patil,43,F
18130,22103,Kiran Hegde,70,M
18131,22103,Yashwanth Bhat,45,F
18134,22107,Suresh Murthy,23,M
18136,22111,Fatima Murthy,66,F
18137,22111,Anitha Reddy,17,F
18142,22117,Ashwini Kumar,55,M
18143,22117,Imran Naik,39,F
18145,22119,Prakash Prasad,21,F
18149,22123,Lakshmi Hegde,46,F
18150,22125,Shivakumar Patil,53,F
18152,22127,Bhavana Bhat,44,F
18153,22129,Shivakumar Bhat,32,M
18154,22131,Shivakumar Rao,40,F
18155,22131,Imran Patil,57,F
18157,22133,Imran Hegde,20,M
18159,22135,Imran Kulkarni,71,F
18161,22137,Suresh Hegde,67,M
18162,22139,Ashwini Naik,38,M
18165,22143,Chetan Shetty,30,F
18167,22145,Rekha Shetty,43,F
18169,22147,Mary Gowda,47,F
18172,22149,Deepak Murthy,58,M
18176,22155,Vinutha Rao,22,M
18178,22161,Girish Desai,35,M
18180,22163,Joseph Gowda,32,F
18181,22163,Shivakumar Desai,48,M
18184,22165,Vinutha Kumar,13,M
18186,22167,Bhavana Nayak,62,M
18191,22171,Ashwini Naik,31,M
18192,22171,Prakash Desai,67,F
18195,22175,Lakshmi Reddy,60,M
18197,22177,Fatima Kumar,16,M
18198,22177,Girish Murthy,61,F
18200,22179,Mary Bhat,32,M
18201,22181,Ashwini Reddy,30,M
18203,22185,Chetan Shetty,25,M
18205,22187,Joseph Rao,60,M
18207,22189,Rekha Murthy,41,M
18211,22195,Chetan Patil,26,F
18213,22197,Nagaraj Iyengar,74,F
18214,22199,Vinutha Murthy,8,F
18218,22209,Chetan Shetty,26,F
18219,22209,Lakshmi Rao,50,M
18220,22211,Kiran Bhat,34,F
18221,22213,Suresh Nayak,15,M
18222,22213,Mary Prasad,49,M
18224,22215,Anitha Desai,16,F
18226,22217,Anitha Rao,47,F
18229,22221,Manjunath Iyengar,26,F
18232,22223,Chetan Reddy,6,M
18234,22227,Anitha Murthy,74,M
18236,22229,Rekha Rao,45,M
18238,22231,Ashwini Bhat,19,F
18240,22235,Lakshmi Iyengar,12,M
18241,22237,Girish Patil,67,F
18242,22237,Deepak Prasad,75,M
18244,22239,Prakash Naik,35,M
18246,22241,Ravi Hegde,16,M
18250,22249,Kiran Desai,55,F
18255,22257,Deepak Gowda,53,F
18257,22259,Joseph Naik,23,M
18258,22259,Yashwanth Gowda,63,F
18262,22263,Deepak Nayak,56,F
18264,22265,Joseph Desai,22,M
18265,22267,Mary Prasad,14,M
18266,22269,Manjunath Nayak,65,F
18269,22275,Girish Patil,63,F
18271,22277,Anitha Prasad,7,M
18275,22283,Yashwanth Naik,49,M
18276,22285,Yashwanth Prasad,70,M
18277,22289,Ashwini Nayak,10,F
18278,22291,Lakshmi Kumar,65,F
18280,22293,Lakshmi Iyengar,43,M
18283,22299,Anitha Murthy,68,F
18284,22299,Chetan Kulkarni,68,F
18286,22305,Deepak Desai,65,F
18288,22307,Mary Patil,33,F
18291,22311,Rekha Rao,28,F
18293,22313,Bhavana Murthy,70,M
18294,22313,Rekha Desai,12,M
18295,22315,Nagaraj Shetty,21,F
18296,22317,Mary Iyengar,62,F
18298,22319,Joseph Bhat,50,M
18300,22325,Suresh Naik,6,M
18302,22329,Ravi Desai,75,M
18303,22335,Lakshmi Gowda,48,F
18304,22335,Mary Murthy,59,M
18305,22337,Vinutha Reddy,39,M
18308,22341,Vinutha Bhat,26,F
18309,22343,Yashwanth Kulkarni,65,M
18310,22343,Ashwini Hegde,17,F
18315,22349,Anitha Reddy,42,F
18316,22351,Manjunath Murthy,8,M
18317,22351,Rekha Naik,23,F
18321,22355,Ashwini Patil,12,M
18322,22355,Shivakumar Naik,57,F
18325,22357,Basavaraj Iyengar,17,M
18326,22357,Prakash Reddy,11,M
18329,22361,Fatima Murthy,43,M
18331,22363,Pooja Reddy,6,F
18334,22367,Prakash Iyengar,22,F
18336,22369,Nagaraj Prasad,27,F
18338,22371,Prakash Bhat,62,F
18339,22371,Ashwini Rao,58,M
18343,22377,Lakshmi Bhat,25,F
18345,22379,Yashwanth Kulkarni,62,F
18349,22383,Pooja Rao,47,M
18353,22387,Vinutha Kulkarni,38,M
18356,22389,Nagaraj Desai,66,F
18357,22389,Suresh Shetty,20,M
18362,22397,Chetan Prasad,70,M
18363,22401,Manjunath Prasad,43,F
18364,22403,Kiran Shetty,57,M
18370,22413,Joseph Shetty,14,F
18371,22415,Vinutha Gowda,66,M
18372,22415,Anitha Kulkarni,29,M
18373,22417,Anitha Kumar,6,M
18375,22419,Lakshmi Kumar,64,F
18378,22423,Shivakumar Shetty,58,F
18379,22425,Mary Iyengar,57,F
18381,22427,Ravi Iyengar,69,M
18383,22431,Rekha Rao,50,M
18384,22431,Joseph Prasad,43,F
18387,22437,Ashwini Desai,29,F
18389,22443,Joseph Kulkarni,21,F
18390,22445,Anitha Iyengar,16,F
18391,22447,Shivakumar Patil,42,M
18393,22449,Rekha Rao,37,F
18394,22449,Shivakumar Shetty,35,M
18396,22451,Manjunath Naik,60,F
18397,22453,Deepak Naik,10,M
18399,22459,Fatima Hegde,54,F
18400,22461,Vinutha Murthy,54,M
18403,22465,Bhavana Rao,54,M
18405,22467,Basavaraj Desai,20,F
18407,22469,Ashwini Naik,37,F
18409,22471,Bhavana Naik,10,M
18411,22473,Chetan Kumar,60,M
18412,22475,Nagaraj Gowda,46,M
18413,22477,Pooja Naik,64,F
18414,22477,Shivakumar Bhat,55,M
18417,22479,Rekha Bhat,32,M
18418,22479,Prakash Murthy,29,M
18421,22483,Vinutha Rao,72,M
18427,22491,Fatima Kumar,49,F
18429,22493,Vinutha Shetty,63,F
18430,22495,Girish Iyengar,24,F
18432,22497,Anitha Patil,60,M
18433,22497,Imran Bhat,70,F
18434,22499,Chetan Reddy,36,F
18435,22499,Rekha Nayak,43,F
18438,22501,Pooja Naik,60,F
18441,22503,Yashwanth Hegde,34,M
18445,22507,Pooja Hegde,5,F
18447,22509,Vinutha Desai,27,F
18449,22511,Chetan Reddy,17,M
18450,22511,Anitha Bhat,55,F
18451,22513,Kiran Murthy,19,F
18454,22515,Basavaraj Bhat,59,M
18456,22517,Fatima Hegde,68,F
18458,22521,Basavaraj Reddy,71,F
18459,22523,Deepak Hegde,63,M
18462,22527,Prakash Desai,12,M
18463,22527,Deepak Kulkarni,29,F
18465,22529,Yashwanth Prasad,20,F
18466,22531,Fatima Hegde,47,M
18468,22533,Kiran Reddy,65,M
18469,22533,Girish Kumar,5,F
18470,22535,Nagaraj Hegde,51,F
18471,22537,Ashwini Murthy,5,F
18475,22545,Ravi Hegde,26,M
18476,22547,Joseph Nayak,5,F
18477,22547,Shivakumar Bhat,43,F
18479,22549,Imran Murthy,31,F
18480,22551,Ashwini Gowda,26,F
18481,22553,Basavaraj Kumar,69,F
18483,22555,Shivakumar Desai,65,F
18486,22557,Rekha Naik,75,M
18488,22559,Joseph Nayak,72,M
18489,22561,Ashwini Kumar,46,M
18490,22561,Fatima Kulkarni,60,M
18493,22563,Mary Rao,66,F
18495,22565,Kiran Murthy,51,F
18497,22569,Deepak Shetty,19,F
18499,22571,Ravi Iyengar,71,M
18500,22571,Prakash Shetty,8,F
18504,22575,Prakash Nayak,70,F
18505,22575,Girish Murthy,61,M
18507,22577,Manjunath Naik,34,M
18509,22581,Pooja Murthy,49,M
18510,22583,Deepak Bhat,28,M
18511,22583,Manjunath Prasad,18,M
18513,22585,Suresh Kumar,34,F
18515,22587,Rekha Shetty,55,M
18518,22593,Manjunath Iyengar,47,M
18519,22593,Pooja Patil,26,M
18522,22597,Nagaraj Patil,63,F
18524,22603,Vinutha Patil,33,M
18525,22605,Deepak Hegde,67,M
18529,22609,Fatima Desai,66,M
18531,22611,Kiran Nayak,51,F
18533,22613,Yashwanth Desai,5,F
18534,22613,Manjunath Hegde,11,M
18536,22615,Ashwini Bhat,52,F
18538,22617,Ashwini Iyengar,70,F
18539,22617,Ravi Reddy,61,F
18541,22619,Joseph Prasad,10,F
18543,22621,Prakash Gowda,45,M
18546,22625,Anitha Murthy,38,M
18549,22627,Lakshmi Patil,18,F
18550,22629,Fatima Nayak,18,F
18553,22635,Anitha Bhat,17,M
18555,22637,Nagaraj Reddy,56,F
18557,22639,Nagaraj Kumar,21,M
18558,22639,Bhavana Nayak,31,F
18560,22641,Chetan Hegde,15,M
18563,22643,Chetan Gowda,28,F
18564,22645,Joseph Iyengar,65,F
18565,22647,Kiran Gowda,68,M
18566,22647,Deepak Prasad,41,F
18570,22651,Deepak Murthy,17,F
18571,22653,Vinutha Reddy,22,F
18572,22655,Ravi Kumar,13,M
18573,22655,Ashwini Prasad,53,F
18575,22659,Imran Kulkarni,6,M
18577,22661,Nagaraj Desai,32,M
18580,22667,Deepak Iyengar,58,F
18582,22669,Manjunath Gowda,17,F
18583,22669,Fatima Nayak,59,M
18588,22675,Chetan Iyengar,61,F
18591,22683,Chetan Nayak,71,M
18593,22685,Basavaraj Nayak,53,M
18594,22687,Mary Desai,12,F
18599,22693,Joseph Rao,74,M
18601,22695,Anitha Nayak,37,F
18602,22695,Suresh Bhat,69,M
18605,22699,Imran Shetty,61,M
18606,22701,Chetan Prasad,18,M
18607,22701,Imran Rao,65,M
18608,22703,Deepak Bhat,18,M
18610,22705,Suresh Shetty,16,M
18611,22707,Pooja Reddy,61,F
18612,22707,Lakshmi Kulkarni,26,M
18616,22711,Suresh Naik,36,F
18618,22713,Yashwanth Desai,34,M
18619,22713,Joseph Hegde,46,M
18621,22715,Chetan Kumar,19,M
18623,22717,Prakash Reddy,69,F
18624,22719,Chetan Rao,74,M
18627,22721,Anitha Prasad,59,M
18628,22721,Imran Patil,19,F
18631,22723,Deepak Naik,11,F
18633,22725,Basavaraj Patil,54,F
18634,22725,Bhavana Kulkarni,31,F
18635,22727,Yashwanth Nayak,33,M
18637,22729,Kiran Reddy,5,M
18642,22733,Manjunath Kumar,74,F
18644,22737,Imran Reddy,11,M
18647,22739,Prakash Rao,22,M
18649,22741,Bhavana Rao,66,M
18651,22743,Ashwini Nayak,22,F
18652,22743,Ravi Reddy,74,F
18653,22745,Ashwini Rao,30,M
18654,22747,Fatima Bhat,67,M
18656,22749,Deepak Naik,35,F
18658,22751,Vinutha Kulkarni,10,F
18659,22755,Yashwanth Gowda,67,F
18660,22757,Nagaraj Nayak,46,F
18662,22759,Vinutha Desai,9,M
18663,22759,Mary Reddy,27,F
18666,22763,Suresh Naik,13,F
18668,22765,Mary Hegde,5,F
18669,22765,Nagaraj Rao,60,M
18673,22771,Imran Reddy,37,F
18675,22773,Fatima Nayak,75,F
18679,22777,Lakshmi Iyengar,15,M
18680,22777,Rekha Rao,9,M
18681,22779,Chetan Gowda,11,M
18683,22781,Ashwini Kulkarni,35,M
18684,22785,Lakshmi Rao,34,F
18685,22787,Mary Kumar,39,F
18687,22789,Vinutha Hegde,24,M
18690,22791,Girish Shetty,69,M
18692,22793,Ravi Kulkarni,13,F
18693,22797,Prakash Prasad,25,F
18695,22799,Imran Reddy,49,M
18698,22805,Pooja Kumar,39,M
18699,22807,Ravi Prasad,55,F
18700,22809,Yashwanth Hegde,70,F
18701,22809,Lakshmi Rao,68,M
18703,22811,Suresh Nayak,51,M
18704,22811,Shivakumar Kulkarni,34,M
18706,22813,Manjunath Kulkarni,15,F
18707,22813,Ravi Desai,64,M
18708,22815,Lakshmi Desai,56,M
18709,22817,Manjunath Rao,35,F
18711,22819,Deepak Murthy,14,M
18713,22823,Nagaraj Shetty,30,M
18714,22823,Basavaraj Gowda,30,M
18717,22825,Lakshmi Bhat,49,F
18720,22829,Suresh Gowda,58,F
18721,22829,Imran Iyengar,32,M
18723,22833,Suresh Reddy,51,F
18724,22833,Ravi Patil,46,M
18727,22835,Imran Shetty,25,F
18728,22837,Suresh Prasad,58,M
18729,22839,Girish Reddy,34,F
18730,22841,Deepak Reddy,55,M
18731,22843,Girish Kulkarni,25,M
18733,22845,Bhavana Patil,37,F
18736,22847,Mary Iyengar,12,M
18737,22847,Kiran Kumar,55,F
18740,22849,Girish Prasad,66,F
18741,22849,Pooja Naik,68,F
18742,22851,Manjunath Gowda,63,F
18743,22851,Rekha Naik,18,M
18744,22853,Girish Hegde,57,M
18747,22857,Ashwini Nayak,67,M
18748,22857,Nagaraj Prasad,75,M
18749,22859,Imran Murthy,40,M
18750,22859,Basavaraj Gowda,73,F
18752,22861,Mary Patil,41,M
18754,22863,Pooja Kulkarni,73,F
18757,22865,Ravi Rao,27,M
18760,22867,Deepak Shetty,14,F
18762,22869,Anitha Shetty,8,F
18763,22873,Rekha Shetty,41,M
18764,22875,Rekha Gowda,64,F
18766,22877,Vinutha Iyengar,64,F
18767,22879,Basavaraj Rao,20,F
18768,22879,Chetan Rao,51,F
18770,22881,Imran Patil,26,M
18771,22883,Joseph Kumar,8,M
18772,22883,Shivakumar Murthy,41,F
18774,22885,Ashwini Shetty,36,F
18776,22887,Fatima Bhat,51,F
18779,22893,Anitha Naik,50,M
18781,22895,Manjunath Hegde,40,F
18782,22895,Vinutha Kumar,44,F
18784,22897,Girish Reddy,42,M
18787,22901,Manjunath Desai,71,M
18791,22905,Ravi Kumar,17,F
18793,22907,Nagaraj Hegde,62,F
18795,22909,Suresh Murthy,71,F
18800,22915,Deepak Kumar,12,M
18802,22917,Yashwanth Naik,19,F
18805,22921,Bhavana Desai,47,M
18807,22923,Mary Desai,29,M
18809,22925,Manjunath Murthy,29,F
18810,22925,Imran Prasad,29,M
18813,22931,Manjunath Bhat,53,M
18815,22933,Fatima Kulkarni,46,F
18816,22935,Bhavana Desai,52,F
18817,22935,Suresh Hegde,22,M
18818,22937,Nagaraj Rao,12,M
18819,22937,Manjunath Naik,37,M
18822,22939,Ashwini Bhat,31,M
18825,22943,Shivakumar Desai,21,M
18826,22943,Rekha Hegde,11,F
18828,22947,Kiran Rao,68,F
18831,22949,Chetan Prasad,14,M
18833,22951,Joseph Gowda,29,M
18834,22951,Vinutha Reddy,64,M
18835,22953,Ravi Kulkarni,60,M
18837,22955,Basavaraj Kulkarni,13,M
18839,22957,Mary Kumar,39,F
18840,22959,Basavaraj Desai,54,M
18842,22963,Pooja Shetty,62,F
18844,22965,Shivakumar Bhat,24,F
18845,22965,Nagaraj Reddy,9,F
18847,22967,Nagaraj Shetty,41,F
18848,22969,Pooja Nayak,37,M
18849,22971,Anitha Desai,63,M
18850,22973,Pooja Patil,74,F
18853,22981,Suresh Gowda,75,M
18854,22983,Anitha Gowda,39,F
18856,22985,Lakshmi Gowda,59,M
18858,22989,Imran Shetty,20,F
18861,22991,Pooja Shetty,53,F
18865,22995,Anitha Shetty,41,M
18870,23001,Shivakumar Hegde,71,F
18872,23003,Anitha Nayak,62,F
18875,23007,Suresh Reddy,46,F
18876,23009,Girish Murthy,13,M
18882,23015,Fatima Hegde,72,M
18883,23015,Yashwanth Bhat,29,F
18884,23017,Chetan Patil,68,F
18885,23019,Chetan Desai,57,F
18886,23019,Fatima Murthy,9,M
18888,23021,Fatima Bhat,39,F
18889,23021,Shivakumar Murthy,10,F
18890,23023,Mary Reddy,5,M
18893,23027,Pooja Bhat,62,M
18895,23031,Joseph Patil,10,M
18896,23033,Pooja Rao,35,F
18899,23037,Kiran Desai,8,M
18900,23037,Deepak Bhat,8,M
18902,23041,Chetan Rao,63,M
18906,23045,Fatima Bhat,10,M
18908,23047,Bhavana Bhat,46,F
18909,23047,Joseph Murthy,17,F
18912,23051,Chetan Rao,74,M
18913,23051,Ravi Nayak,59,M
18915,23053,Suresh Gowda,11,F
18917,23055,Anitha Hegde,62,F
18919,23057,Pooja Murthy,49,M
18920,23059,Rekha Patil,59,F
18921,23059,Lakshmi Murthy,24,F
18924,23061,Vinutha Iyengar,29,M
18926,23063,Shivakumar Nayak,27,M
18932,23073,Basavaraj Bhat,39,F
18933,23075,Nagaraj Gowda,33,F
18935,23077,Suresh Murthy,73,M
18936,23079,Fatima Nayak,48,M
18937,23079,Yashwanth Prasad,63,F
18938,23083,Anitha Rao,75,M
18940,23087,Yashwanth Nayak,14,F
18943,23093,Vinutha Reddy,52,F
18944,23093,Ashwini Reddy,41,M
18947,23097,Anitha Nayak,7,F
18949,23099,Basavaraj Iyengar,42,M
18953,23107,Chetan Naik,57,F
18955,23109,Vinutha Shetty,60,M
18957,23111,Pooja Rao,66,M
18958,23111,Imran Patil,30,F
18960,23113,Bhavana Murthy,52,M
18962,23115,Manjunath Kumar,62,M
18964,23119,Nagaraj Bhat,32,M
18965,23119,Joseph Nayak,45,F
18967,23121,Anitha Nayak,62,M
18968,23121,Suresh Kumar,6,F
18971,23125,Rekha Hegde,5,M
18973,23127,Rekha Bhat,10,F
18975,23129,Joseph Hegde,22,M
18977,23131,Chetan Shetty,28,F
18978,23133,Manjunath Nayak,22,M
18979,23133,Bhavana Kulkarni,70,M
18981,23139,Kiran Naik,8,M
18982,23139,Suresh Rao,16,F
18984,23141,Fatima Shetty,59,F
18986,23145,Yashwanth Bhat,69,F
18989,23151,Ashwini Iyengar,41,M
18990,23151,Shivakumar Naik,45,M
18992,23153,Shivakumar Desai,75,F
18994,23155,Pooja Prasad,65,F
18996,23157,Joseph Iyengar,28,F
18997,23157,Joseph Reddy,36,M
18998,23159,Deepak Bhat,19,M
19000,23163,Lakshmi Gowda,21,F
19002,23165,Suresh Patil,27,M
19003,23167,Yashwanth Bhat,8,F
19004,23167,Lakshmi Iyengar,25,F
19007,23169,Kiran Patil,66,M
19008,23169,Lakshmi Murthy,26,F
19011,23171,Manjunath Kumar,13,F
19014,23177,Joseph Naik,66,M
19015,23177,Manjunath Kulkarni,20,M
19016,23179,Ravi Desai,22,M
19017,23179,Kiran Kulkarni,62,M
19019,23181,Lakshmi Kumar,64,F
19021,23183,Shivakumar Murthy,23,F
19022,23185,Ashwini Rao,69,F
19024,23187,Ravi Murthy,21,M
19026,23191,Yashwanth Kumar,36,F
19029,23199,Kiran Rao,51,F
19031,23201,Basavaraj Prasad,15,F
19033,23203,Yashwanth Shetty,33,M
19035,23205,Fatima Rao,17,M
19040,23211,Mary Prasad,69,M
19042,23213,Yashwanth Naik,47,F
19044,23215,Lakshmi Naik,53,M
19045,23215,Fatima Reddy,70,M
19046,23217,Imran Nayak,70,F
19048,23219,Shivakumar Prasad,61,M
19049,23219,Anitha Bhat,20,M
19051,23221,Anitha Rao,43,F
19054,23223,Chetan Rao,14,M
19055,23225,Lakshmi Iyengar,20,M
19058,23229,Rekha Murthy,53,M
19061,23231,Ravi Hegde,44,F
19062,23233,Kiran Murthy,37,M
19063,23235,Joseph Reddy,43,M
19066,23237,Mary Nayak,15,F
19068,23245,Chetan Murthy,44,M
19070,23247,Suresh Kulkarni,58,M
19072,23249,Fatima Reddy,59,F
19074,23251,Yashwanth Kumar,63,F
19075,23251,Mary Nayak,43,F
19077,23255,Basavaraj Naik,17,F
19079,23257,Pooja Bhat,42,F
19082,23263,Mary Shetty,38,M
19083,23263,Imran Iyengar,37,M
19085,23265,Basavaraj Reddy,56,F
19088,23269,Chetan Rao,5,M
19089,23273,Fatima Patil,64,M
19093,23277,Nagaraj Naik,37,M
19095,23279,Fatima Iyengar,49,M
19098,23281,Yashwanth Kumar,10,M
19100,23283,Imran Kumar,60,M
19101,23283,Ashwini Desai,15,F
19103,23287,Vinutha Iyengar,64,F
19104,23289,Lakshmi Iyengar,35,M
19105,23291,Mary Desai,34,F
19107,23293,Joseph Reddy,56,F
19111,23297,Bhavana Gowda,31,M
19112,23297,Nagaraj Prasad,29,M
19115,23299,Nagaraj Reddy,71,F
19119,23303,Anitha Shetty,68,M
19121,23309,Ravi Iyengar,44,M
19123,23313,Imran Kulkarni,33,M
19125,23315,Pooja Shetty,51,M
19128,23321,Nagaraj Murthy,43,F
19131,23323,Chetan Kumar,50,F
19134,23327,Anitha Shetty,54,M
19135,23329,Fatima Kulkarni,41,F
19140,23337,Pooja Kulkarni,51,F
19142,23339,Lakshmi Kulkarni,21,M
19143,23339,Anitha Patil,21,M
19145,23341,Ravi Kulkarni,74,M
19146,23341,Basavaraj Iyengar,34,M
19148,23343,Imran Prasad,42,M
19149,23343,Joseph Nayak,50,F
19152,23345,Ravi Reddy,37,F
19154,23347,Manjunath Kulkarni,38,F
19156,23349,Pooja Kumar,60,M
19159,23353,Girish Naik,66,F
19160,23353,Prakash Rao,51,F
19161,23357,Chetan Nayak,44,F
19162,23357,Basavaraj Iyengar,36,M
19165,23359,Ravi Reddy,34,M
19166,23359,Vinutha Iyengar,27,F
19167,23361,Yashwanth Naik,54,M
19170,23365,Basavaraj Hegde,62,M
19172,23369,Shivakumar Iyengar,10,M
19173,23369,Anitha Kumar,73,M
19174,23371,Anitha Naik,41,M
19177,23375,Rekha Reddy,16,M
19178,23375,Ravi Reddy,28,F
19179,23377,Chetan Desai,31,F
19180,23379,Ashwini Kumar,19,F
19181,23381,Rekha Patil,35,F
19183,23383,Manjunath Kulkarni,8,M
19184,23383,Basavaraj Rao,73,M
19186,23385,Rekha Reddy,22,F
19188,23387,Basavaraj Shetty,64,F
19189,23387,Anitha Kulkarni,48,F
19191,23389,Deepak Reddy,6,M
19192,23389,Nagaraj Desai,14,M
19194,23393,Deepak Murthy,42,F
19197,23401,Rekha Iyengar,69,M
19199,23403,Prakash Shetty,59,F
19202,23405,Lakshmi Kumar,29,M
19203,23405,Yashwanth Prasad,23,F
19205,23407,Shivakumar Bhat,32,F
19208,23415,Nagaraj Shetty,61,F
19211,23417,Ravi Patil,22,F
19215,23421,Manjunath Hegde,57,M
19217,23423,Fatima Prasad,66,M
19218,23425,Basavaraj Rao,23,M
19221,23427,Manjunath Desai,38,F
19223,23429,Chetan Murthy,28,F
19224,23431,Vinutha Kulkarni,59,F
19226,23433,Vinutha Kulkarni,52,M
19230,23437,Ravi Kumar,69,F
19231,23437,Lakshmi Naik,14,M
19234,23441,Bhavana Prasad,5,F
19235,23445,Shivakumar Kulkarni,6,M
19237,23449,Bhavana Prasad,18,M
19238,23453,Shivakumar Naik,63,M
19239,23455,Deepak Kulkarni,9,M
19242,23457,Nagaraj Naik,16,M
19244,23459,Prakash Murthy,73,F
19247,23463,Prakash Hegde,58,M
19248,23463,Prakash Patil,25,M
19250,23465,Ravi Gowda,29,F
19252,23467,Suresh Prasad,53,M
19253,23469,Chetan Patil,43,M
19254,23471,Deepak Kumar,71,M
19255,23471,Imran Desai,8,F
19258,23479,Yashwanth Rao,18,M
19261,23483,Fatima Kulkarni,65,M
19263,23485,Rekha Murthy,53,F
19264,23487,Kiran Nayak,30,F
19265,23487,Fatima Murthy,43,F
19268,23491,Ashwini Hegde,75,F
19269,23493,Prakash Rao,62,F
19270,23493,Joseph Bhat,71,M
19272,23495,Imran Desai,50,M
19275,23499,Girish Nayak,59,M
19278,23501,Chetan Gowda,71,F
19281,23505,Shivakumar Bhat,29,F
19283,23507,Ashwini Kulkarni,53,M
19284,23511,Suresh Nayak,33,F
19287,23517,Nagaraj Iyengar,62,F
19289,23519,Mary Patil,33,M
19290,23519,Kiran Reddy,55,M
19292,23523,Chetan Naik,5,F
19294,23525,Deepak Gowda,58,F
19295,23529,Anitha Kumar,19,M
19297,23531,Shivakumar Rao,72,M
19299,23533,Fatima Hegde,37,M
19300,23535,Ravi Prasad,73,M
19302,23537,Yashwanth Bhat,54,F
19303,23537,Shivakumar Kumar,60,F
19304,23539,Girish Gowda,73,F
19309,23547,Basavaraj Nayak,43,M
19311,23549,Manjunath Shetty,25,F
19312,23549,Deepak Desai,75,F
19314,23551,Ashwini Patil,63,F
19316,23555,Pooja Murthy,43,M
19318,23557,Ashwini Prasad,33,M
19320,23559,Manjunath Prasad,48,M
19321,23559,Yashwanth Iyengar,67,M
19324,23561,Shivakumar Shetty,55,F
19326,23563,Lakshmi Patil,41,F
19328,23565,Chetan Shetty,42,M
19329,23565,Yashwanth Reddy,62,F
19330,23567,Chetan Shetty,26,M
19332,23571,Girish Gowda,18,M
19335,23575,Vinutha Murthy,45,F
19337,23577,Rekha Hegde,54,M
19338,23577,Vinutha Shetty,42,M
19340,23579,Basavaraj Bhat,69,M
19341,23579,Nagaraj Iyengar,12,M
19343,23583,Rekha Kulkarni,60,M
19344,23585,Joseph Patil,58,F
19345,23587,Kiran Kulkarni,26,F
19347,23589,Manjunath Gowda,44,M
19350,23593,Bhavana Bhat,70,F
19354,23597,Chetan Naik,10,M
19355,23597,Rekha Kulkarni,68,F
19357,23601,Pooja Kulkarni,13,M
19358,23601,Deepak Kulkarni,46,F
19360,23603,Prakash Reddy,25,F
19362,23605,Mary Patil,52,M
19363,23615,Deepak Gowda,54,F
19364,23615,Shivakumar Hegde,10,M
19366,23617,Anitha Hegde,39,M
19367,23619,Deepak Patil,53,M
19369,23621,Ashwini Gowda,53,M
19371,23623,Mary Shetty,11,F
19376,23627,Suresh Naik,67,F
19382,23635,Girish Bhat,64,F
19383,23635,Shivakumar Desai,27,F
19384,23637,Girish Desai,73,F
19387,23641,Bhavana Iyengar,54,M
19388,23641,Ravi Gowda,65,F
19390,23645,Pooja Reddy,59,M
19391,23645,Manjunath Bhat,11,M
19393,23647,Anitha Hegde,55,M
19395,23649,Ashwini Naik,69,F
19398,23651,Chetan Kulkarni,74,F
19402,23657,Nagaraj Kumar,37,M
19405,23659,Girish Reddy,60,M
19407,23661,Lakshmi Rao,18,M
19408,23663,Yashwanth Bhat,41,F
19411,23665,Mary Kumar,13,M
19413,23669,Fatima Shetty,63,F
19414,23669,Ashwini Rao,18,F
19415,23671,Suresh Rao,41,M
19416,23673,Vinutha Murthy,28,M
19417,23673,Bhavana Kumar,13,M
19419,23675,Joseph Murthy,16,F
19420,23675,Pooja Reddy,41,M
19421,23677,Joseph Hegde,38,M
19422,23679,Mary Desai,23,F
19424,23681,Kiran Reddy,26,F
19425,23681,Joseph Rao,12,F
19426,23683,Prakash Prasad,57,M
19427,23683,Pooja Shetty,62,M
19428,23685,Bhavana Shetty,74,M
19430,23687,Suresh Naik,73,F
19431,23689,Chetan Prasad,12,F
19432,23689,Ashwini Shetty,21,F
19433,23691,Rekha Gowda,31,M
19434,23691,Chetan Shetty,13,M
19436,23693,Suresh Reddy,26,F
19438,23695,Vinutha Rao,15,F
19442,23701,Fatima Gowda,44,F
19443,23701,Mary Desai,71,M
19445,23703,Basavaraj Nayak,37,M
19447,23705,Fatima Murthy,27,M
19448,23707,Deepak Nayak,68,M
19449,23707,Fatima Patil,39,F
19451,23709,Deepak Iyengar,44,M
19452,23709,Prakash Prasad,63,M
19454,23711,Ravi Shetty,75,M
19456,23713,Girish Kumar,22,M
19457,23713,Ashwini Prasad,21,M
19460,23719,Prakash Reddy,50,F
19461,23721,Nagaraj Iyengar,25,M
19467,23729,Joseph Desai,18,M
19468,23731,Suresh Kulkarni,69,M
19470,23735,Nagaraj Gowda,65,F
19472,23737,Ravi Desai,41,M
19473,23739,Vinutha Kumar,63,F
19476,23745,Joseph Shetty,50,M
19477,23745,Bhavana Hegde,62,F
19478,23747,Imran Shetty,57,F
19479,23747,Mary Nayak,40,M
19480,23751,Yashwanth Naik,58,M
19481,23753,Deepak Prasad,65,F
19482,23757,Bhavana Murthy,69,M
19483,23759,Ravi Naik,8,M
19484,23761,Girish Patil,68,F
19487,23765,Girish Naik,42,F
19488,23765,Prakash Murthy,56,M
19491,23767,Manjunath Patil,49,M
19494,23769,Lakshmi Patil,15,M
19495,23769,Suresh Naik,61,M
19497,23771,Ashwini Kulkarni,72,M
19498,23773,Suresh Bhat,40,F
19499,23775,Girish Patil,71,F
19500,23775,Suresh Murthy,60,M
19501,23777,Deepak Rao,63,M
19502,23779,Lakshmi Prasad,38,M
19504,23781,Ashwini Gowda,53,F
19507,23783,Lakshmi Nayak,16,F
19508,23785,Pooja Reddy,34,F
19509,23785,Ravi Hegde,65,F
19512,23787,Vinutha Nayak,45,F
19514,23789,Fatima Shetty,17,F
19518,23793,Suresh Reddy,72,M
19519,23795,Anitha Patil,58,M
19521,23797,Ravi Nayak,28,F
19523,23799,Anitha Gowda,68,F
19524,23801,Fatima Nayak,59,M
19525,23801,Prakash Gowda,7,F
19527,23805,Yashwanth Prasad,55,M
19528,23805,Mary Hegde,40,F
19529,23807,Ashwini Iyengar,70,M
19530,23807,Deepak Shetty,17,M
19531,23809,Shivakumar Bhat,42,M
19532,23809,Basavaraj Kulkarni,60,M
19534,23813,Lakshmi Kumar,73,F
19536,23815,Rekha Kumar,9,M
19537,23815,Rekha Gowda,71,M
19538,23817,Imran Kumar,36,M
19539,23819,Vinutha Murthy,9,M
19540,23821,Ashwini Reddy,34,M
19543,23825,Ravi Naik,72,F
19544,23827,Lakshmi Desai,75,M
19548,23831,Pooja Shetty,33,F
19549,23831,Bhavana Prasad,18,M
19551,23833,Shivakumar Nayak,41,M
19553,23835,Yashwanth Bhat,69,M
19555,23837,Joseph Iyengar,21,M
19561,23845,Prakash Murthy,39,F
19568,23853,Basavaraj Patil,16,M
19569,23853,Shivakumar Reddy,7,M
19572,23859,Deepak Prasad,60,M
19574,23863,Prakash Rao,49,F
19576,23865,Suresh Desai,37,F
19578,23869,Pooja Reddy,46,M
19579,23869,Pooja Naik,8,M
19580,23871,Manjunath Naik,70,M
19584,23875,Pooja Iyengar,28,M
19588,23881,Manjunath Kulkarni,27,F
19589,23883,Kiran Kumar,57,F
19591,23885,Fatima Reddy,7,M
19595,23889,Deepak Iyengar,73,F
19597,23891,Basavaraj Desai,17,F
19599,23893,Vinutha Murthy,75,F
19600,23895,Prakash Kumar,16,F
19601,23897,Pooja Kulkarni,39,M
19603,23899,Fatima Bhat,33,M
19606,23903,Suresh Shetty,56,M
19607,23905,Pooja Hegde,20,M
19609,23907,Basavaraj Kumar,66,F
19611,23909,Prakash Murthy,42,M
19615,23913,Shivakumar Gowda,65,M
19618,23917,Nagaraj Hegde,58,F
19619,23917,Pooja Kulkarni,70,M
19622,23919,Ravi Gowda,47,F
19624,23921,Girish Shetty,19,F
19626,23923,Fatima Iyengar,70,M
19628,23925,Ravi Kumar,11,M
19631,23927,Bhavana Hegde,38,M
19632,23927,Bhavana Bhat,48,M
19635,23929,Kiran Patil,37,F
19639,23933,Mary Shetty,18,M
19640,23935,Imran Gowda,38,M
19642,23937,Ashwini Hegde,29,F
19644,23941,Prakash Hegde,25,M
19648,23945,Vinutha Naik,42,F
19649,23945,Rekha Prasad,8,M
19651,23947,Imran Patil,50,F
19653,23949,Basavaraj Shetty,46,F
19654,23949,Manjunath Naik,43,F
19656,23951,Bhavana Patil,74,F
19658,23953,Prakash Desai,38,F
19661,23961,Mary Bhat,42,F
19663,23965,Nagaraj Kumar,21,F
19666,23969,Ravi Rao,60,M
19667,23969,Prakash Prasad,46,F
19668,23971,Rekha Hegde,20,M
19670,23973,Prakash Nayak,25,M
19673,23975,Suresh Naik,36,M
19676,23977,Girish Gowda,56,F
19677,23979,Deepak Hegde,67,M
19681,23983,Joseph Desai,60,M
19682,23983,Imran Shetty,72,F
19684,23985,Kiran Rao,31,M
19686,23987,Imran Gowda,65,M
19689,23989,Prakash Hegde,67,F
19691,23991,Prakash Hegde,64,F
19693,23995,Nagaraj Rao,27,F
19696,23997,Manjunath Naik,41,F
19697,23997,Joseph Shetty,12,F
19699,23999,Deepak Gowda,73,F
19701,24001,Joseph Prasad,52,F
19704,24003,Lakshmi Gowda,7,M
19707,24005,Shivakumar Patil,74,F
19708,24007,Rekha Bhat,73,F
19710,24009,Shivakumar Shetty,49,M
19711,24011,Rekha Bhat,70,M
19712,24011,Chetan Naik,66,F
19713,24013,Joseph Rao,72,F
19716,24019,Joseph Patil,41,M
19718,24021,Imran Iyengar,59,M
19722,24027,Rekha Kulkarni,44,F
19725,24031,Prakash Hegde,44,F
19728,24033,Suresh Bhat,14,M
19729,24035,Prakash Kulkarni,46,F
19734,24039,Yashwanth Rao,57,M
19736,24045,Suresh Shetty,31,M
19737,24047,Basavaraj Nayak,56,F
19739,24053,Prakash Kumar,72,F
19740,24053,Nagaraj Prasad,54,M
19743,24055,Lakshmi Hegde,20,M
19744,24057,Manjunath Hegde,58,M
19747,24061,Deepak Nayak,37,M
19750,24065,Suresh Shetty,33,M
19752,24067,Girish Rao,28,M
19753,24067,Shivakumar Kumar,71,F
19756,24071,Pooja Iyengar,69,M
19757,24071,Ravi Hegde,39,F
19758,24073,Nagaraj Prasad,33,M
19759,24075,Chetan Rao,42,M
19762,24077,Deepak Gowda,58,M
19763,24079,Joseph Murthy,70,F
19766,24081,Shivakumar Iyengar,13,M
19768,24085,Vinutha Hegde,63,M
19772,24089,Imran Bhat,22,F
19773,24091,Manjunath Kumar,33,M
19775,24093,Vinutha Shetty,28,F
19776,24093,Ashwini Rao,54,F
19778,24095,Manjunath Kulkarni,31,F
19781,24097,Prakash Kumar,64,F
19783,24101,Lakshmi Shetty,35,M
19785,24103,Mary Shetty,8,F
19786,24103,Bhavana Bhat,42,M
19787,24105,Chetan Desai,74,M
19789,24107,Joseph Kumar,60,F
19790,24109,Mary Nayak,68,F
19791,24109,Lakshmi Patil,28,M
19792,24111,Lakshmi Bhat,33,F
19793,24113,Pooja Naik,9,F
19795,24119,Joseph Nayak,75,F
19796,24119,Joseph Gowda,24,M
19797,24121,Nagaraj Shetty,27,F
19798,24121,Basavaraj Gowda,48,F
19801,24127,Lakshmi Gowda,17,F
19802,24129,Suresh Murthy,41,M
19804,24131,Chetan Gowda,61,F
19805,24133,Vinutha Kulkarni,52,M
19811,24141,Shivakumar Hegde,5,M
19812,24141,Imran Kumar,28,F
19813,24143,Mary Desai,16,M
19815,24145,Shivakumar Hegde,60,M
19816,24145,Vinutha Prasad,6,F
19817,24147,Suresh Kumar,75,M
19818,24149,Suresh Nayak,37,F
19819,24149,Fatima Bhat,39,M
19821,24151,Manjunath Patil,18,M
19823,24153,Manjunath Iyengar,51,M
19826,24163,Shivakumar Bhat,16,F
19827,24165,Chetan Patil,51,F
19830,24167,Joseph Shetty,66,F
19833,24171,Lakshmi Kulkarni,73,M
19834,24171,Chetan Desai,47,F
19836,24175,Rekha Patil,37,M
19837,24177,Nagaraj Shetty,25,M
19838,24179,Joseph Prasad,18,M
19843,24189,Fatima Hegde,54,M
19844,24189,Fatima Hegde,56,F
19846,24191,Ravi Patil,69,F
19847,24191,Prakash Naik,47,F
19849,24195,Manjunath Prasad,68,M
19851,24199,Rekha Reddy,10,M
19852,24201,Ashwini Nayak,68,M
19857,24207,Imran Nayak,55,M
19860,24213,Basavaraj Gowda,29,M
19863,24217,Shivakumar Iyengar,68,M
19865,24221,Deepak Shetty,53,M
19869,24227,Shivakumar Hegde,58,F
19870,24227,Deepak Nayak,14,F
19871,24229,Shivakumar Iyengar,46,F
19875,24235,Pooja Gowda,61,M
19877,24237,Joseph Naik,33,M
19878,24237,Suresh Naik,46,F
19881,24243,Lakshmi Kulkarni,59,M
19888,24259,Prakash Bhat,20,F
19890,24265,Girish Gowda,55,M
19892,24269,Girish Desai,70,F
19894,24273,Vinutha Shetty,55,F
19896,24275,Bhavana Murthy,73,F
19898,24277,Imran Murthy,42,F
19899,24277,Ashwini Gowda,50,F
19900,24279,Deepak Gowda,5,F
19902,24281,Chetan Desai,57,M
19903,24281,Ashwini Murthy,13,F
19906,24283,Rekha Reddy,73,M
19908,24285,Basavaraj Gowda,37,M
19911,24289,Vinutha Naik,27,F
19913,24293,Ravi Kumar,31,F
19916,24295,Chetan Reddy,70,F
19917,24297,Basavaraj Hegde,22,M
19918,24297,Ashwini Desai,8,M
19920,24301,Shivakumar Hegde,50,F
19924,24305,Basavaraj Kumar,33,M
19926,24307,Bhavana Nayak,63,F
19927,24307,Rekha Nayak,23,M
19929,24309,Nagaraj Kumar,72,M
19932,24315,Chetan Reddy,13,F
19933,24317,Mary Reddy,11,F
19936,24319,Prakash Gowda,35,F
19938,24325,Deepak Nayak,38,F
19943,24329,Suresh Shetty,56,F
19946,24331,Imran Iyengar,9,F
19947,24333,Kiran Reddy,28,F
19948,24335,Basavaraj Murthy,61,M
19949,24337,Lakshmi Murthy,75,F
19950,24339,Yashwanth Rao,50,M
19952,24341,Mary Reddy,27,M
19953,24343,Basavaraj Prasad,53,F
19955,24345,Manjunath Kumar,51,F
19959,24349,Girish Desai,37,M
19964,24361,Mary Gowda,37,F
19966,24363,Basavaraj Kumar,72,F
19967,24363,Pooja Kumar,19,F
19968,24365,Kiran Patil,57,F
19970,24369,Joseph Rao,50,M
19972,24371,Ravi Patil,29,M
19973,24371,Yashwanth Iyengar,63,F
19976,24375,Girish Murthy,63,M
19978,24377,Chetan Kulkarni,28,M
19980,24379,Rekha Reddy,64,F
19983,24381,Chetan Bhat,7,F
19987,24387,Girish Iyengar,36,F
19990,24391,Deepak Iyengar,75,F
19991,24391,Suresh Gowda,25,M
19993,24393,Manjunath Iyengar,34,F
19997,24399,Pooja Prasad,36,M
19999,24401,Chetan Desai,27,M
20009,24415,Imran Patil,17,M
20011,24419,Fatima Iyengar,33,M
20015,24425,Mary Desai,41,M
20017,24427,Ashwini Shetty,63,M
20018,24429,Deepak Desai,48,M
20020,24431,Basavaraj Nayak,26,F
20022,24433,Nagaraj Hegde,12,M
20023,24435,Girish Kulkarni,65,M
20024,24435,Fatima Gowda,42,M
20026,24437,Bhavana Kumar,36,M
20028,24439,Fatima Gowda,67,F
20029,24441,Bhavana Rao,71,F
20031,24443,Girish Reddy,53,F
20035,24447,Imran Rao,17,F
20036,24449,Mary Kulkarni,62,M
20037,24449,Lakshmi Patil,71,F
20043,24459,Imran Desai,39,M
20045,24461,Yashwanth Kumar,37,M
20049,24465,Suresh Hegde,47,F
20050,24467,Chetan Rao,53,M
20051,24471,Joseph Desai,73,M
20053,24473,Imran Reddy,62,F
20055,24475,Yashwanth Murthy,42,M
20056,24477,Pooja Shetty,71,M
20058,24479,Shivakumar Kumar,46,M
20059,24479,Suresh Shetty,13,F
20060,24481,Lakshmi Murthy,14,F
20062,24483,Ashwini Naik,68,F
20063,24483,Pooja Prasad,53,M
20064,24485,Girish Rao,36,F
20065,24491,Prakash Nayak,74,M
20066,24493,Bhavana Hegde,22,M
20069,24497,Joseph Shetty,51,F
20072,24501,Shivakumar Naik,50,F
20075,24503,Ravi Hegde,16,F
20076,24503,Manjunath Rao,55,M
20077,24507,Joseph Prasad,24,M
20079,24509,Kiran Kumar,66,M
20082,24511,Ravi Kulkarni,9,M
20084,24515,Nagaraj Reddy,72,F
20085,24515,Vinutha Kulkarni,70,F
20087,24517,Deepak Patil,17,M
20088,24517,Kiran Desai,25,M
20090,24521,Chetan Naik,73,F
20092,24523,Nagaraj Reddy,51,F
20094,24527,Ravi Kulkarni,13,F
20095,24527,Deepak Patil,9,M
20097,24529,Lakshmi Rao,36,M
20098,24531,Lakshmi Hegde,34,F
20101,24533,Bhavana Kumar,75,M
20104,24537,Manjunath Iyengar,48,M
20105,24537,Kiran Bhat,61,M
20108,24545,Yashwanth Kulkarni,70,M
20109,24545,Mary Gowda,60,M
20113,24549,Basavaraj Reddy,37,M
20114,24551,Suresh Patil,42,M
20117,24557,Pooja Reddy,35,F
20118,24557,Bhavana Kumar,69,M
20123,24567,Kiran Shetty,56,F
20124,24569,Girish Hegde,45,M
20126,24571,Nagaraj Iyengar,21,M
20127,24573,Suresh Kulkarni,73,F
20130,24577,Prakash Nayak,53,F
20135,24585,Rekha Prasad,24,M
20137,24589,Prakash Iyengar,39,F
20140,24595,Lakshmi Naik,14,M
20142,24597,Ravi Prasad,61,M
20144,24599,Manjunath Bhat,6,M
20145,24599,Imran Desai,30,F
20148,24601,Basavaraj Hegde,65,M
20150,24603,Ashwini Shetty,20,M
20151,24605,Imran Rao,40,M
20154,24617,Deepak Naik,66,F
20157,24619,Manjunath Patil,42,M
20159,24623,Imran Patil,71,M
20160,24623,Basavaraj Nayak,54,F
20162,24625,Mary Murthy,41,M
20163,24627,Anitha Desai,61,F
20166,24631,Shivakumar Naik,11,M
20167,24631,Bhavana Prasad,51,M
20168,24633,Mary Shetty,64,M
20170,24635,Ashwini Murthy,63,F
20171,24639,Suresh Hegde,71,M
20173,24641,Shivakumar Bhat,49,F
20176,24649,Ashwini Naik,66,M
20178,24651,Pooja Iyengar,28,M
20179,24651,Anitha Rao,53,M
20181,24653,Joseph Prasad,8,F
20182,24655,Suresh Kulkarni,8,F
20183,24655,Yashwanth Kulkarni,20,M
20185,24657,Lakshmi Kulkarni,19,F
20186,24657,Prakash Murthy,20,F
20188,24659,Yashwanth Murthy,35,F
20191,24663,Suresh Gowda,71,F
20193,24665,Kiran Murthy,26,F
20194,24665,Rekha Hegde,34,M
20195,24667,Joseph Prasad,73,M
20198,24675,Girish Kumar,56,F
20202,24679,Rekha Rao,67,M
20203,24681,Prakash Rao,66,M
20204,24683,Imran Hegde,40,F
20206,24685,Nagaraj Kulkarni,46,M
20208,24687,Bhavana Nayak,50,M
20209,24689,Suresh Kumar,20,M
20210,24689,Fatima Naik,75,F
20212,24693,Fatima Hegde,22,M
20213,24693,Imran Bhat,13,M
20216,24695,Fatima Rao,46,M
20219,24705,Chetan Hegde,5,M
20222,24709,Joseph Murthy,9,F
20224,24711,Basavaraj Prasad,56,F
20225,24711,Basavaraj Prasad,36,M
20227,24713,Prakash Murthy,63,M
20228,24713,Imran Bhat,57,M
20229,24715,Rekha Desai,52,F
20230,24717,Ashwini Murthy,38,M
20233,24719,Vinutha Iyengar,53,M
20234,24719,Fatima Hegde,64,F
20235,24721,Rekha Patil,8,M
20237,24725,Basavaraj Kumar,73,M
20238,24727,Girish Desai,33,M
20239,24729,Basavaraj Gowda,31,M
20241,24733,Kiran Prasad,21,M
20243,24735,Fatima Patil,60,M
20244,24735,Chetan Bhat,32,M
20245,24737,Girish Kulkarni,57,F
20246,24739,Chetan Shetty,35,M
20248,24743,Lakshmi Gowda,54,M
20250,24747,Lakshmi Shetty,62,M
20252,24749,Prakash Shetty,71,F
20255,24761,Vinutha Kulkarni,37,M
20258,24763,Girish Kumar,32,F
20260,24765,Manjunath Gowda,67,F
20261,24765,Fatima Gowda,25,F
20265,24773,Chetan Naik,48,F
20266,24773,Shivakumar Desai,9,M
20267,24775,Manjunath Patil,20,M
20269,24777,Prakash Nayak,39,M
20270,24777,Lakshmi Rao,35,M
20271,24779,Fatima Prasad,22,F
20272,24781,Bhavana Desai,40,M
20273,24785,Girish Murthy,60,M
20276,24787,Kiran Prasad,18,F
20278,24789,Pooja Hegde,21,M
20280,24791,Imran Rao,59,F
20281,24791,Imran Naik,28,M
20283,24793,Vinutha Prasad,18,F
20284,24793,Girish Patil,72,M
20286,24795,Pooja Kulkarni,75,F
20288,24797,Bhavana Hegde,27,M
20289,24799,Prakash Naik,8,F
20290,24799,Manjunath Naik,33,M
20292,24801,Nagaraj Bhat,20,F
20294,24803,Kiran Shetty,28,F
20295,24803,Imran Gowda,18,F
20297,24811,Pooja Rao,21,M
20298,24811,Chetan Murthy,28,F
20303,24819,Suresh Iyengar,42,F
20305,24823,Deepak Gowda,12,M
20306,24825,Chetan Desai,49,M
20307,24825,Mary Naik,28,M
20310,24827,Anitha Kumar,8,F
20311,24829,Ashwini Desai,14,M
20313,24831,Nagaraj Iyengar,53,F
20314,24831,Fatima Bhat,19,F
20316,24833,Deepak Prasad,23,F
20317,24839,Basavaraj Hegde,73,M
20318,24839,Joseph Murthy,58,F
20320,24845,Pooja Murthy,35,F
20322,24849,Anitha Kulkarni,43,M
20324,24851,Deepak Hegde,71,F
20327,24855,Manjunath Desai,52,M
20328,24857,Mary Rao,55,F
20330,24859,Suresh Rao,25,F
20333,24863,Imran Kulkarni,51,F
20337,24871,Fatima Hegde,68,M
20338,24873,Deepak Iyengar,53,F
20339,24875,Bhavana Desai,68,F
20342,24881,Joseph Kumar,68,M
20343,24883,Lakshmi Reddy,53,M
20346,24885,Kiran Reddy,50,M
20348,24887,Joseph Naik,42,F
20351,24889,Pooja Rao,12,M
20354,24891,Suresh Nayak,30,M
20356,24893,Imran Hegde,19,F
20359,24895,Joseph Kulkarni,28,M
20361,24897,Imran Shetty,53,M
20362,24901,Prakash Kumar,63,F
20363,24901,Anitha Iyengar,64,M
20365,24905,Chetan Prasad,48,M
20369,24909,Suresh Patil,53,F
20372,24913,Nagaraj Naik,60,M
20373,24913,Manjunath Hegde,57,M
20376,24915,Pooja Reddy,65,F
20379,24917,Kiran Patil,68,M
20380,24917,Yashwanth Murthy,69,F
20383,24921,Bhavana Prasad,22,M
20384,24921,Kiran Murthy,20,F
20386,24923,Prakash Iyengar,23,F
20387,24923,Rekha Kulkarni,60,M
20390,24927,Suresh Kumar,49,F
20391,24927,Joseph Shetty,42,F
20394,24929,Girish Naik,8,M
20395,24931,Rekha Prasad,27,M
20396,24931,Bhavana Gowda,5,M
20397,24933,Lakshmi Reddy,24,M
20399,24935,Vinutha Iyengar,28,M
20401,24937,Ravi Nayak,19,F
20402,24937,Rekha Murthy,59,F
20404,24939,Pooja Kulkarni,18,M
20406,24943,Fatima Shetty,10,M
20409,24947,Nagaraj Rao,38,M
20411,24949,Vinutha Bhat,29,F
20412,24949,Vinutha Hegde,15,F
20415,24951,Basavaraj Iyengar,55,M
20416,24951,Kiran Kulkarni,75,F
20417,24953,Prakash Naik,5,F
20418,24953,Rekha Kulkarni,13,M
20420,24957,Manjunath Rao,50,F
20424,24961,Joseph Bhat,70,F
20426,24963,Shivakumar Desai,21,F
20427,24963,Shivakumar Prasad,29,M
20430,24965,Bhavana Prasad,57,M
20432,24967,Fatima Shetty,21,F
20433,24967,Fatima Iyengar,31,F
20435,24969,Ravi Kulkarni,66,F
20436,24971,Rekha Prasad,62,M
20438,24973,Yashwanth Kulkarni,74,M
20441,24975,Lakshmi Prasad,23,M
20443,24977,Chetan Patil,55,M
20444,24977,Girish Kulkarni,64,F
20450,24983,Imran Reddy,56,M
20453,24987,Chetan Prasad,28,F
20456,24989,Basavaraj Kulkarni,56,M
20458,24991,Prakash Prasad,7,M
20459,24991,Suresh Desai,51,M
20460,24993,Yashwanth Kulkarni,26,M
20462,24999,Joseph Iyengar,18,M
20463,24999,Basavaraj Murthy,42,F
20465,25001,Kiran Bhat,12,F
20466,25003,Suresh Rao,13,F
20468,25005,Prakash Rao,50,F
20469,25005,Pooja Kulkarni,25,F
20474,25013,Vinutha Gowda,51,F
20475,25015,Ashwini Gowda,42,F
20476,25015,Ravi Kulkarni,75,M
20478,25017,Vinutha Murthy,17,F
20479,25017,Kiran Patil,18,F
20480,25019,Shivakumar Patil,19,F
20482,25025,Prakash Bhat,38,M
20483,25025,Girish Bhat,11,F
20487,25031,Yashwanth Naik,21,F
20488,25031,Suresh Patil,69,F
20490,25035,Mary Kumar,72,F
20492,25037,Shivakumar Rao,42,M
20495,25039,Rekha Kulkarni,26,M
20499,25043,Bhavana Gowda,9,M
20500,25043,Deepak Hegde,54,F
20503,25045,Shivakumar Bhat,8,F
20504,25045,Manjunath Gowda,43,F
20506,25047,Joseph Desai,50,M
20508,25049,Nagaraj Kulkarni,35,M
20511,25051,Manjunath Murthy,48,M
20513,25053,Vinutha Gowda,58,F
20515,25055,Pooja Patil,69,F
20516,25057,Anitha Kumar,68,M
20518,25059,Prakash Nayak,16,F
20519,25061,Deepak Rao,64,M
20520,25063,Manjunath Bhat,5,F
20522,25065,Mary Hegde,23,F
20525,25067,Anitha Patil,53,F
20526,25067,Suresh Murthy,58,F
20528,25069,Suresh Shetty,35,F
20531,25073,Joseph Bhat,68,M
20532,25073,Chetan Gowda,28,F
20533,25075,Anitha Naik,25,F
20535,25077,Vinutha Bhat,42,F
20536,25077,Imran Prasad,68,M
20537,25079,Shivakumar Kulkarni,40,M
20538,25079,Nagaraj Gowda,36,M
20543,25085,Rekha Shetty,47,F
20545,25087,Imran Naik,47,M
20548,25089,Lakshmi Reddy,14,F
20550,25095,Ashwini Kulkarni,5,F
20552,25097,Rekha Kulkarni,24,F
20553,25099,Vinutha Naik,58,F
20556,25101,Rekha Bhat,51,M
20559,25105,Yashwanth Reddy,29,M
20561,25107,Joseph Shetty,37,F
20562,25109,Mary Prasad,68,F
20563,25111,Rekha Bhat,41,M
20564,25113,Yashwanth Reddy,45,F
20569,25119,Prakash Bhat,31,M
20570,25119,Rekha Gowda,7,F
20572,25121,Yashwanth Bhat,48,M
20573,25121,Prakash Prasad,19,F
20577,25127,Girish Gowda,10,F
20579,25131,Mary Prasad,38,M
20580,25133,Anitha Rao,41,M
20582,25135,Yashwanth Rao,56,F
20584,25137,Basavaraj Desai,42,M
20585,25137,Chetan Naik,70,M
20587,25141,Yashwanth Hegde,40,M
20588,25143,Basavaraj Prasad,38,F
20591,25145,Shivakumar Bhat,61,F
20593,25151,Chetan Naik,71,F
20594,25153,Imran Naik,12,M
20596,25155,Suresh Naik,22,M
20597,25157,Basavaraj Shetty,35,F
20600,25159,Prakash Naik,72,M
20602,25163,Girish Patil,6,F
20605,25167,Fatima Reddy,50,F
20606,25167,Vinutha Kumar,49,M
20609,25169,Mary Shetty,63,M
20611,25171,Prakash Kulkarni,32,M
20612,25173,Fatima Prasad,15,M
20613,25173,Ravi Desai,74,M
20614,25177,Rekha Reddy,72,F
20615,25179,Kiran Kulkarni,21,F
20616,25179,Imran Hegde,45,F
20618,25181,Joseph Reddy,13,F
20622,25185,Girish Patil,47,M
20623,25185,Girish Kumar,60,M
20625,25191,Ashwini Gowda,74,F
20626,25193,Mary Nayak,74,M
20628,25195,Girish Murthy,68,M
20630,25199,Fatima Kulkarni,38,M
20631,25199,Fatima Naik,30,F
20632,25201,Anitha Iyengar,25,M
20633,25201,Manjunath Reddy,33,F
20634,25203,Deepak Patil,6,F
20635,25205,Manjunath Murthy,58,M
20637,25207,Girish Desai,9,M
20638,25207,Chetan Patil,55,M
20641,25209,Basavaraj Murthy,20,F
20642,25209,Yashwanth Reddy,57,M
20643,25211,Rekha Nayak,38,F
20644,25215,Chetan Hegde,69,M
20646,25219,Girish Patil,61,F
20647,25221,Bhavana Patil,61,M
20648,25221,Pooja Patil,46,F
20650,25223,Yashwanth Iyengar,11,M
20651,25225,Shivakumar Gowda,23,F
20652,25225,Suresh Naik,70,M
20653,25227,Vinutha Bhat,24,F
20656,25231,Nagaraj Shetty,25,M
20657,25231,Ravi Iyengar,32,F
20662,25237,Anitha Patil,43,M
20664,25239,Shivakumar Kulkarni,14,M
20668,25243,Bhavana Nayak,21,F
20669,25245,Joseph Nayak,60,M
20671,25247,Vinutha Kumar,72,F
20673,25249,Bhavana Prasad,25,M
20675,25253,Vinutha Naik,67,F
20676,25253,Girish Rao,38,F
20677,25255,Shivakumar Iyengar,53,M
20679,25259,Mary Kulkarni,37,F
20681,25261,Bhavana Murthy,11,F
20683,25263,Yashwanth Shetty,38,M
20684,25263,Vinutha Desai,20,M
20687,25267,Suresh Reddy,47,F
20689,25269,Ravi Rao,41,M
20690,25273,Imran Rao,33,F
20692,25283,Suresh Rao,73,F
20695,25285,Prakash Reddy,52,F
20697,25287,Kiran Naik,49,M
20698,25289,Mary Kumar,54,F
20701,25293,Fatima Rao,55,F
20703,25301,Prakash Kulkarni,52,M
20706,25305,Kiran Shetty,57,F
20707,25307,Bhavana Patil,47,M
20708,25309,Girish Desai,35,F
20711,25317,Yashwanth Bhat,15,M
20712,25319,Anitha Bhat,5,F
20714,25321,Anitha Gowda,50,F
20718,25327,Ravi Kumar,57,M
20719,25329,Imran Shetty,8,F
20722,25333,Bhavana Prasad,37,M
20725,25335,Joseph Gowda,58,F
20729,25341,Imran Nayak,25,M
20730,25341,Nagaraj Bhat,34,M
20733,25345,Mary Reddy,51,F
20734,25347,Chetan Desai,54,M
20735,25349,Deepak Rao,38,F
20736,25349,Rekha Desai,28,F
20739,25355,Shivakumar Desai,23,F
20742,25357,Yashwanth Gowda,58,F
20743,25359,Suresh Naik,12,F
20745,25361,Bhavana Murthy,24,M
20746,25363,Basavaraj Naik,7,M
20748,25365,Bhavana Reddy,16,F
20749,25367,Basavaraj Hegde,11,F
20751,25369,Anitha Patil,5,M
20752,25369,Yashwanth Prasad,24,F
20753,25371,Rekha Desai,65,F
20754,25377,Pooja Prasad,59,F
20756,25381,Mary Shetty,72,F
20757,25381,Suresh Bhat,42,F
20758,25383,Shivakumar Kulkarni,15,M
20760,25385,Lakshmi Shetty,21,M
20762,25387,Mary Iyengar,73,M
20763,25387,Kiran Bhat,43,M
20765,25389,Rekha Prasad,74,F
20767,25391,Mary Kumar,40,F
20772,25397,Lakshmi Naik,12,F
20774,25401,Basavaraj Reddy,69,F
20776,25403,Anitha Nayak,25,M
20777,25403,Lakshmi Prasad,60,F
20779,25405,Lakshmi Shetty,59,M
20780,25405,Yashwanth Shetty,37,M
20782,25409,Joseph Naik,73,F
20783,25411,Fatima Gowda,65,M
20785,25413,Ashwini Gowda,20,M
20791,25421,Bhavana Rao,59,M
20792,25423,Yashwanth Hegde,56,F
20794,25425,Imran Kulkarni,30,F
20795,25425,Yashwanth Patil,17,F
20796,25427,Shivakumar Hegde,44,M
20799,25429,Mary Bhat,15,M
20801,25431,Fatima Murthy,64,F
20803,25437,Deepak Reddy,18,F
20805,25439,Vinutha Kulkarni,44,M
20807,25447,Fatima Shetty,57,F
20809,25451,Joseph Kumar,30,F
20811,25453,Yashwanth Iyengar,9,F
20814,25455,Yashwanth Naik,52,F
20815,25455,Mary Reddy,43,F
20816,25457,Ashwini Reddy,60,F
20817,25459,Chetan Prasad,71,F
20818,25459,Lakshmi Patil,10,M
20821,25463,Rekha Rao,48,M
20822,25467,Basavaraj Rao,21,M
20823,25469,Suresh Naik,65,F
20824,25469,Mary Bhat,41,F
20826,25471,Ashwini Iyengar,51,M
20827,25473,Shivakumar Iyengar,21,M
20829,25475,Deepak Murthy,29,M
20831,25477,Prakash Murthy,35,M
20833,25481,Kiran Patil,53,F
20836,25487,Girish Kumar,31,F
20837,25489,Suresh Hegde,52,M
20839,25491,Manjunath Shetty,30,F
20843,25495,Ravi Patil,46,M
20844,25495,Bhavana Kulkarni,31,M
20847,25501,Mary Nayak,22,M
20849,25503,Girish Kumar,15,M
20857,25517,Yashwanth Reddy,49,F
20858,25521,Anitha Iyengar,6,M
20859,25521,Pooja Kulkarni,42,M
20860,25523,Shivakumar Gowda,5,F
20861,25523,Bhavana Naik,42,M
20864,25527,Ravi Bhat,28,M
20865,25527,Rekha Gowda,52,F
20866,25529,Vinutha Naik,11,M
20867,25529,Joseph Rao,8,F
20870,25533,Kiran Prasad,23,M
20872,25535,Vinutha Desai,34,M
20876,25543,Suresh Rao,63,F
20877,25543,Ashwini Kumar,27,M
20880,25547,Pooja Kulkarni,37,F
20882,25549,Chetan Hegde,9,M
20883,25549,Rekha Kumar,47,F
20884,25551,Anitha Patil,39,F
20886,25553,Basavaraj Naik,16,M
20889,25555,Chetan Iyengar,55,F
20890,25559,Deepak Kulkarni,61,M
20892,25565,Vinutha Murthy,38,M
20893,25571,Deepak Prasad,34,F
20894,25571,Vinutha Shetty,36,F
20897,25573,Kiran Kumar,20,F
20898,25573,Chetan Shetty,47,F
20901,25577,Suresh Prasad,57,F
20902,25577,Suresh Rao,36,M
20904,25579,Nagaraj Bhat,33,M
20906,25581,Fatima Bhat,67,M
20908,25583,Prakash Bhat,54,F
20909,25583,Suresh Shetty,16,F
20911,25587,Mary Kulkarni,56,M
20913,25591,Deepak Murthy,57,F
20914,25593,Ashwini Rao,14,F
20915,25593,Ravi Gowda,51,M
20916,25595,Mary Shetty,14,M
20920,25601,Rekha Nayak,38,F
20921,25603,Girish Nayak,72,F
20924,25607,Mary Prasad,56,F
20926,25609,Pooja Kumar,30,M
20927,25611,Vinutha Iyengar,31,F
20929,25613,Girish Nayak,34,F
20931,25615,Imran Reddy,24,F
20932,25617,Deepak Rao,60,M
20934,25621,Anitha Shetty,26,M
20935,25623,Suresh Hegde,60,M
20936,25625,Pooja Patil,16,M
20937,25625,Ravi Prasad,29,M
20940,25627,Ashwini Desai,10,F
20941,25629,Pooja Prasad,21,F
20944,25633,Girish Prasad,23,M
20946,25635,Joseph Bhat,59,F
20948,25641,Joseph Nayak,6,F
20949,25643,Vinutha Desai,40,F
20953,25647,Suresh Murthy,23,F
20954,25649,Ashwini Kulkarni,14,M
20955,25649,Suresh Hegde,54,M
20957,25651,Shivakumar Rao,46,M
20958,25653,Suresh Patil,18,F
20959,25655,Kiran Hegde,50,F
20962,25659,Girish Shetty,39,F
20963,25659,Shivakumar Iyengar,74,M
20964,25661,Anitha Patil,11,F
20965,25663,Vinutha Rao,11,F
20966,25665,Joseph Nayak,16,M
20967,25667,Imran Prasad,13,M
20968,25669,Ravi Gowda,18,M
20970,25671,Vinutha Reddy,48,F
20972,25673,Lakshmi Patil,47,M
20973,25675,Nagaraj Desai,70,F
20975,25679,Fatima Gowda,52,F
20977,25681,Basavaraj Bhat,68,F
20981,25685,Bhavana Kulkarni,67,F
20983,25687,Nagaraj Gowda,65,F
20987,25691,Kiran Hegde,34,F
20988,25693,Vinutha Reddy,20,M
20992,25699,Kiran Kumar,14,M
20994,25701,Mary Nayak,45,F
20996,25703,Ravi Patil,7,M
20999,25711,Ashwini Bhat,48,F
21001,25713,Yashwanth Kulkarni,31,M
21002,25713,Anitha Reddy,39,M
21005,25715,Bhavana Gowda,10,F
21006,25717,Nagaraj Murthy,64,M
21009,25719,Suresh Desai,59,F
21010,25719,Imran Bhat,16,F
21012,25725,Kiran Iyengar,68,F
21013,25727,Shivakumar Naik,64,F
21014,25729,Deepak Reddy,54,M
21016,25731,Rekha Nayak,6,F
21018,25735,Pooja Bhat,56,M
21022,25739,Deepak Prasad,27,M
21023,25741,Pooja Naik,5,F
21025,25745,Yashwanth Bhat,38,M
21029,25751,Imran Desai,38,M
21031,25753,Yashwanth Desai,66,F
21034,25757,Fatima Patil,48,M
21038,25761,Nagaraj Rao,70,M
21042,25765,Basavaraj Rao,41,M
21043,25765,Yashwanth Patil,9,M
21045,25767,Joseph Naik,28,F
21048,25773,Mary Naik,32,F
21050,25775,Imran Nayak,42,M
21051,25775,Manjunath Prasad,43,M
21053,25777,Nagaraj Reddy,75,F
21054,25777,Nagaraj Kumar,74,F
21056,25779,Basavaraj Murthy,72,M
21057,25779,Manjunath Iyengar,47,F
21062,25783,Mary Patil,9,F
21063,25785,Pooja Murthy,72,M
21064,25787,Ashwini Gowda,34,M
21065,25787,Prakash Iyengar,11,M
21066,25789,Deepak Hegde,19,M
21067,25789,Bhavana Iyengar,43,F
21072,25799,Fatima Desai,43,M
21075,25801,Ravi Reddy,40,M
21076,25801,Shivakumar Naik,51,F
21080,25805,Shivakumar Murthy,30,M
21083,25807,Joseph Naik,32,F
21085,25809,Chetan Naik,19,M
21087,25811,Girish Kumar,47,F
21089,25813,Imran Reddy,59,M
21092,25815,Rekha Murthy,69,M
21094,25817,Basavaraj Nayak,7,F
21097,25821,Joseph Nayak,22,M
21102,25831,Deepak Naik,67,F
21108,25837,Joseph Patil,16,M
21110,25839,Girish Naik,31,M
21112,25841,Shivakumar Nayak,31,F
21113,25841,Suresh Patil,56,M
21114,25843,Basavaraj Nayak,56,M
21115,25843,Shivakumar Hegde,18,M
21117,25847,Anitha Gowda,34,M
21121,25851,Ravi Iyengar,72,F
21123,25853,Kiran Gowda,31,F
21124,25855,Prakash Desai,63,M
21125,25857,Shivakumar Kulkarni,36,F
21126,25857,Nagaraj Hegde,18,F
21130,25865,Shivakumar Naik,43,F
21131,25873,Pooja Hegde,21,M
21134,25875,Imran Iyengar,5,M
21135,25877,Ashwini Patil,7,M
21138,25881,Girish Bhat,29,M
21142,25887,Rekha Kulkarni,19,M
21147,25895,Bhavana Iyengar,34,M
21149,25897,Deepak Desai,20,M
21151,25903,Shivakumar Bhat,33,F
21153,25907,Bhavana Hegde,44,M
21155,25909,Ashwini Prasad,35,M
21156,25911,Pooja Naik,64,M
21157,25913,Chetan Reddy,9,M
21159,25915,Pooja Naik,12,F
21160,25917,Suresh Shetty,10,F
21161,25919,Chetan Desai,54,F
21164,25921,Suresh Naik,27,M
21167,25925,Vinutha Shetty,24,F
21170,25927,Shivakumar Bhat,22,M
21174,25933,Vinutha Kumar,49,M
21177,25937,Chetan Bhat,36,M
21180,25939,Imran Murthy,60,F
21181,25941,Vinutha Naik,58,F
21182,25945,Rekha Iyengar,47,F
21184,25951,Girish Shetty,50,M
21187,25953,Yashwanth Rao,71,M
21188,25953,Basavaraj Reddy,21,F
21190,25955,Girish Hegde,73,M
21191,25957,Girish Desai,31,F
21192,25957,Fatima Kulkarni,14,M
21193,25959,Ashwini Murthy,36,F
21195,25963,Chetan Patil,11,M
21198,25965,Pooja Desai,15,M
21199,25967,Girish Naik,9,M
21200,25967,Girish Naik,54,F
21201,25969,Ashwini Rao,44,F
21203,25971,Yashwanth Nayak,69,F
21206,25973,Lakshmi Desai,58,M
21207,25973,Deepak Desai,18,F
21211,25977,Ashwini Naik,61,F
21212,25977,Deepak Shetty,39,F
21214,25979,Ravi Shetty,7,M
21215,25981,Kiran Bhat,44,F
21220,25991,Prakash Gowda,38,F
21222,25995,Girish Gowda,75,F
21224,25997,Vinutha Iyengar,52,M
21227,26003,Ravi Kulkarni,7,M
21228,26003,Basavaraj Hegde,39,M
21229,26005,Prakash Hegde,71,M
21232,26007,Ashwini Nayak,61,M
21233,26009,Shivakumar Iyengar,46,M
21234,26009,Prakash Desai,74,M
21235,26011,Manjunath Gowda,29,F
21237,26013,Ravi Kumar,52,F
21239,26015,Anitha Prasad,60,F
21241,26021,Kiran Patil,73,M
21243,26023,Ravi Naik,15,F
21246,26027,Bhavana Prasad,50,F
21247,26031,Yashwanth Murthy,35,F
21248,26033,Imran Rao,20,M
21249,26033,Deepak Naik,71,F
21253,26039,Yashwanth Desai,5,M
21255,26041,Manjunath Rao,12,F
21258,26043,Yashwanth Reddy,38,M
21265,26049,Yashwanth Reddy,39,M
21268,26051,Deepak Naik,63,F
21270,26053,Suresh Gowda,40,M
21272,26057,Chetan Kulkarni,27,M
21277,26063,Prakash Gowda,17,M
21278,26063,Pooja Murthy,53,M
21280,26065,Girish Kumar,71,F
21282,26071,Lakshmi Hegde,38,M
21283,26071,Ashwini Kumar,36,F
21284,26073,Suresh Bhat,75,F
21285,26075,Girish Hegde,66,M
21288,26081,Yashwanth Murthy,21,M
21289,26081,Imran Kumar,22,M
21291,26085,Prakash Gowda,46,F
21293,26087,Ravi Reddy,48,M
21294,26089,Nagaraj Desai,40,M
21295,26091,Shivakumar Naik,12,M
21296,26091,Chetan Desai,20,M
21298,26093,Pooja Murthy,34,F
21300,26095,Joseph Kulkarni,36,M
21302,26097,Lakshmi Rao,49,F
21303,26097,Prakash Rao,61,M
21305,26099,Yashwanth Nayak,26,M
21306,26101,Girish Murthy,51,M
21307,26101,Kiran Reddy,33,M
21309,26103,Manjunath Murthy,10,F
21310,26103,Bhavana Naik,58,F
21312,26107,Joseph Patil,36,M
21314,26109,Deepak Reddy,44,M
21319,26115,Manjunath Prasad,34,M
21323,26121,Joseph Kulkarni,48,F
21326,26127,Pooja Kulkarni,40,M
21328,26129,Fatima Kulkarni,5,M
21329,26131,Kiran Kumar,43,F
21331,26133,Fatima Gowda,14,F
21333,26135,Chetan Kumar,42,M
21334,26135,Fatima Bhat,61,M
21336,26139,Shivakumar Patil,6,M
21337,26141,Yashwanth Iyengar,58,M
21341,26145,Imran Shetty,11,F
21343,26149,Bhavana Nayak,33,M
21344,26149,Joseph Gowda,13,M
21346,26151,Vinutha Hegde,53,F
21347,26155,Chetan Kulkarni,31,F
21350,26159,Chetan Nayak,37,M
21353,26167,Ashwini Rao,39,F
21358,26177,Lakshmi Desai,74,F
21359,26177,Yashwanth Bhat,13,M
21361,26181,Imran Bhat,72,M
21364,26183,Imran Desai,55,M
21365,26183,Prakash Desai,20,F
21367,26185,Ashwini Patil,40,F
21369,26187,Ravi Gowda,9,M
21370,26189,Nagaraj Murthy,19,F
21371,26189,Imran Desai,27,F
21374,26191,Imran Rao,43,M
21375,26193,Yashwanth Hegde,25,M
21377,26195,Ravi Reddy,41,M
21379,26197,Suresh Iyengar,35,F
21380,26197,Anitha Bhat,48,M
21385,26205,Manjunath Rao,52,F
21388,26207,Vinutha Gowda,36,M
21389,26207,Yashwanth Kulkarni,74,M
21391,26209,Bhavana Desai,47,F
21392,26211,Bhavana Shetty,68,F
21393,26213,Vinutha Reddy,60,F
21394,26215,Girish Shetty,30,F
21396,26217,Manjunath Desai,55,M
21397,26219,Suresh Reddy,7,F
21399,26223,Deepak Desai,28,M
21400,26225,Prakash Kulkarni,46,M
21403,26229,Girish Shetty,30,M
21405,26231,Bhavana Nayak,45,F
21407,26233,Ravi Naik,70,M
21408,26233,Mary Kulkarni,75,M
21409,26235,Lakshmi Murthy,18,F
21412,26239,Joseph Hegde,48,F
21413,26241,Joseph Iyengar,28,M
21415,26243,Pooja Patil,12,M
21418,26249,Bhavana Bhat,65,F
21419,26251,Fatima Desai,64,F
21420,26253,Manjunath Desai,5,F
21421,26253,Ashwini Naik,21,F
21424,26257,Shivakumar Iyengar,43,F
21426,26259,Ashwini Nayak,33,F
21429,26261,Manjunath Gowda,26,M
21431,26263,Nagaraj Kumar,41,F
21434,26265,Imran Kulkarni,49,M
21436,26267,Pooja Naik,54,F
21437,26267,Chetan Kulkarni,43,M
21440,26269,Deepak Naik,66,M
21444,26277,Yashwanth Hegde,62,F
21447,26281,Suresh Prasad,8,F
21448,26281,Imran Rao,28,F
21451,26285,Manjunath Desai,75,F
21453,26287,Imran Reddy,27,M
21456,26291,Yashwanth Murthy,55,M
21458,26297,Basavaraj Patil,75,F
21459,26297,Rekha Nayak,45,F
21462,26301,Deepak Shetty,27,F
21464,26303,Basavaraj Gowda,55,M
21466,26307,Ravi Desai,71,M
21468,26309,Vinutha Murthy,35,F
21469,26311,Lakshmi Desai,68,M
21472,26313,Girish Rao,73,F
21473,26313,Imran Kumar,26,F
21475,26315,Ravi Iyengar,70,F
21477,26317,Anitha Nayak,45,M
21480,26319,Shivakumar Naik,67,F
21481,26319,Ravi Prasad,42,M
21483,26321,Basavaraj Gowda,70,F
21486,26323,Manjunath Desai,61,M
21488,26325,Kiran Shetty,65,F
21489,26327,Shivakumar Naik,9,F
21490,26327,Girish Shetty,29,M
21492,26329,Girish Hegde,18,F
21494,26331,Imran Prasad,50,M
21496,26333,Lakshmi Prasad,31,F
21497,26335,Lakshmi Bhat,40,M
21501,26339,Imran Reddy,60,F
21504,26341,Chetan Murthy,11,F
21505,26341,Prakash Hegde,35,M
21507,26345,Lakshmi Prasad,54,F
21508,26347,Vinutha Rao,14,M
21511,26349,Lakshmi Bhat,23,F
21514,26351,Prakash Iyengar,60,F
21515,26353,Vinutha Desai,60,F
21517,26355,Girish Kulkarni,64,F
21520,26357,Basavaraj Kumar,16,F
21522,26359,Deepak Shetty,40,F
21523,26359,Fatima Desai,35,F
21524,26361,Ravi Prasad,37,F
21525,26361,Nagaraj Kulkarni,28,M
21527,26363,Nagaraj Shetty,34,F
21528,26369,Suresh Prasad,19,F
21530,26371,Deepak Reddy,36,M
21531,26373,Fatima Naik,70,M
21534,26375,Chetan Naik,12,F
21536,26379,Deepak Shetty,69,M
21537,26379,Suresh Rao,45,M
21539,26381,Basavaraj Hegde,28,M
21541,26383,Mary Naik,38,M
21544,26385,Bhavana Nayak,30,F
21546,26387,Nagaraj Rao,18,M
21548,26389,Kiran Shetty,58,F
21551,26395,Nagaraj Desai,49,M
21552,26395,Mary Patil,52,M
21553,26397,Ravi Murthy,75,F
21559,26407,Prakash Prasad,42,M
21562,26411,Prakash Kumar,31,M
21563,26411,Fatima Patil,25,F
21566,26413,Kiran Kulkarni,22,M
21567,26413,Chetan Naik,40,M
21570,26419,Pooja Bhat,33,F
21572,26421,Shivakumar Kumar,22,F
21573,26423,Ravi Shetty,43,F
21578,26429,Girish Patil,62,M
21580,26431,Chetan Hegde,21,F
21581,26433,Nagaraj Bhat,74,F
21583,26437,Basavaraj Patil,27,F
21585,26439,Imran Kulkarni,65,M
21586,26439,Kiran Nayak,15,M
21588,26441,Mary Desai,15,M
21590,26443,Lakshmi Reddy,67,M
21592,26447,Shivakumar Hegde,54,F
21596,26453,Chetan Gowda,36,M
21598,26455,Shivakumar Prasad,48,F
21599,26455,Lakshmi Iyengar,17,F
21602,26457,Deepak Bhat,56,M
21603,26461,Pooja Nayak,18,F
21604,26465,Mary Nayak,69,F
21605,26467,Yashwanth Reddy,14,F
21607,26469,Vinutha Patil,16,M
21609,26471,Rekha Iyengar,15,M
21611,26473,Rekha Desai,55,F
21614,26477,Basavaraj Kumar,48,F
21617,26481,Lakshmi Rao,40,M
21618,26481,Basavaraj Kumar,71,F
21619,26483,Mary Prasad,56,M
21620,26483,Bhavana Nayak,9,M
21621,26487,Nagaraj Naik,70,F
21622,26487,Suresh Rao,66,M
21625,26489,Pooja Murthy,16,F
21627,26493,Ashwini Naik,14,F
21629,26497,Anitha Murthy,71,F
21631,26503,Vinutha Bhat,13,F
21632,26503,Shivakumar Bhat,21,F
21633,26505,Ravi Iyengar,49,M
21635,26507,Kiran Hegde,69,M
21636,26509,Joseph Shetty,36,M
21637,26509,Joseph Rao,24,M
21640,26513,Girish Shetty,25,M
21642,26515,Lakshmi Gowda,64,M
21644,26521,Chetan Shetty,69,M
21646,26523,Deepak Kulkarni,30,F
21647,26523,Mary Gowda,65,M
21649,26527,Deepak Naik,44,F
21650,26529,Deepak Rao,16,F
21651,26529,Rekha Hegde,31,F
21653,26531,Manjunath Bhat,37,F
21655,26533,Yashwanth Nayak,44,M
21656,26535,Vinutha Kumar,34,M
21657,26537,Manjunath Prasad,69,M
21659,26539,Basavaraj Kulkarni,52,F
21660,26541,Basavaraj Gowda,12,F
21661,26541,Basavaraj Hegde,42,M
21663,26543,Lakshmi Naik,74,M
21665,26545,Nagaraj Iyengar,73,M
21667,26547,Prakash Murthy,69,M
21670,26551,Kiran Prasad,53,M
21672,26555,Joseph Shetty,17,F
21674,26557,Shivakumar Patil,10,M
21676,26559,Chetan Desai,44,F
21678,26561,Mary Kulkarni,56,M
21680,26563,Girish Rao,22,M
21681,26565,Imran Reddy,42,F
21682,26567,Vinutha Prasad,45,F
21683,26569,Deepak Patil,44,F
21686,26571,Nagaraj Nayak,66,F
21689,26573,Fatima Gowda,67,F
21690,26575,Joseph Hegde,27,M
21692,26577,Kiran Iyengar,7,M
21695,26583,Girish Kumar,12,M
21696,26583,Chetan Patil,63,F
21698,26585,Basavaraj Shetty,40,M
21699,26585,Manjunath Kulkarni,34,M
21702,26587,Anitha Naik,73,F
21703,26587,Lakshmi Desai,17,M
21705,26589,Pooja Rao,7,F
21709,26595,Chetan Bhat,17,M
21711,26597,Suresh Desai,24,F
21713,26599,Anitha Rao,60,M
21714,26603,Kiran Naik,71,M
21719,26609,Bhavana Bhat,22,M
21720,26609,Nagaraj Hegde,23,F
21722,26611,Yashwanth Naik,24,M
21724,26615,Deepak Murthy,72,M
21729,26623,Manjunath Bhat,41,M
21731,26625,Prakash Rao,61,F
21732,26625,Manjunath Gowda,30,F
21734,26629,Fatima Patil,6,F
21737,26633,Imran Reddy,25,M
21740,26635,Prakash Reddy,47,F
21742,26639,Manjunath Patil,21,M
21743,26639,Girish Prasad,14,F
21745,26641,Deepak Iyengar,28,F
21746,26641,Imran Shetty,73,M
21749,26643,Pooja Hegde,29,F
21750,26645,Prakash Murthy,39,F
21752,26647,Prakash Kumar,18,M
21753,26647,Prakash Nayak,33,F
21755,26649,Chetan Desai,13,F
21757,26651,Pooja Patil,35,M
21759,26653,Ravi Iyengar,61,M
21761,26655,Lakshmi Reddy,8,F
21763,26657,Ashwini Rao,27,F
21766,26661,Rekha Iyengar,26,M
21770,26665,Girish Shetty,53,M
21774,26671,Joseph Gowda,32,M
21775,26673,Vinutha Naik,21,M
21778,26675,Yashwanth Reddy,13,F
21779,26677,Bhavana Kumar,48,F
21782,26679,Joseph Gowda,23,M
21785,26683,Ravi Kulkarni,19,M
21789,26687,Ravi Desai,30,F
21791,26691,Pooja Nayak,53,F
21794,26693,Kiran Hegde,59,F
21795,26695,Lakshmi Gowda,11,M
21797,26697,Ravi Patil,47,M
21798,26699,Girish Nayak,74,F
21801,26701,Imran Bhat,71,F
21802,26701,Mary Kulkarni,47,M
21804,26703,Mary Kumar,32,F
21807,26707,Ashwini Hegde,9,M
21810,26709,Prakash Iyengar,70,F
21812,26711,Anitha Desai,73,M
21813,26711,Mary Kumar,40,M
21817,26715,Yashwanth Desai,42,M
21820,26717,Basavaraj Iyengar,44,F
21821,26719,Ashwini Iyengar,5,F
21823,26721,Basavaraj Iyengar,41,F
21824,26721,Yashwanth Iyengar,18,M
21826,26723,Yashwanth Murthy,61,M
21828,26727,Kiran Murthy,75,M
21831,26731,Pooja Patil,56,F
21833,26733,Manjunath Shetty,8,M
21834,26733,Anitha Desai,47,M
21836,26735,Girish Rao,37,F
21837,26735,Imran Naik,68,F
21839,26739,Shivakumar Prasad,55,F
21840,26741,Anitha Shetty,39,F
21843,26743,Shivakumar Kumar,10,M
21845,26745,Suresh Patil,55,M
21846,26747,Pooja Bhat,41,F
21847,26747,Basavaraj Iyengar,20,F
21849,26749,Girish Gowda,75,M
21852,26751,Deepak Patil,14,M
21854,26753,Rekha Kumar,36,M
21855,26755,Lakshmi Bhat,20,F
21856,26755,Anitha Kumar,39,M
21858,26757,Kiran Nayak,72,M
21859,26757,Suresh Desai,16,M
21861,26765,Bhavana Prasad,15,F
21864,26771,Mary Prasad,60,M
21865,26773,Pooja Prasad,72,F
21866,26773,Kiran Murthy,53,F
21869,26775,Girish Naik,6,M
21872,26777,Manjunath Hegde,37,F
21873,26779,Ashwini Naik,65,M
21875,26781,Fatima Iyengar,75,M
21878,26783,Suresh Kulkarni,18,M
21880,26785,Kiran Iyengar,25,F
21881,26785,Joseph Reddy,72,M
21883,26787,Vinutha Patil,41,F
21885,26789,Mary Naik,59,F
21886,26789,Rekha Desai,12,F
21888,26791,Rekha Prasad,62,F
21889,26793,Chetan Shetty,68,M
21890,26793,Ravi Prasad,13,F
21892,26795,Ravi Rao,62,M
21893,26797,Pooja Desai,75,F
21895,26799,Bhavana Shetty,64,F
21896,26799,Suresh Desai,32,M
21898,26801,Basavaraj Patil,36,M
21899,26803,Yashwanth Shetty,39,F
21900,26803,Kiran Iyengar,37,F
21904,26809,Suresh Gowda,74,M
21906,26811,Chetan Shetty,17,F
21907,26815,Ashwini Prasad,5,F
21909,26817,Mary Kulkarni,74,F
21911,26819,Anitha Reddy,8,F
21912,26819,Prakash Bhat,38,M
21913,26821,Suresh Shetty,68,M
21916,26829,Mary Kumar,12,M
21918,26833,Chetan Kulkarni,58,F
21920,26839,Girish Kumar,49,M
21921,26839,Vinutha Desai,45,F
21922,26841,Ashwini Iyengar,24,F
21923,26843,Pooja Kulkarni,14,F
21924,26843,Prakash Shetty,9,M
21927,26845,Pooja Naik,17,M
21929,26847,Vinutha Nayak,36,M
21930,26849,Vinutha Nayak,8,M
21933,26851,Ravi Naik,8,M
21935,26853,Fatima Hegde,55,F
21936,26853,Fatima Patil,68,F
21939,26857,Nagaraj Hegde,10,M
21940,26859,Lakshmi Rao,69,F
21945,26867,Basavaraj Desai,7,M
21948,26869,Deepak Bhat,36,M
21949,26869,Lakshmi Iyengar,48,M
21951,26871,Deepak Prasad,68,M
21953,26873,Deepak Rao,68,M
21954,26873,Bhavana Prasad,21,M
21957,26877,Pooja Bhat,19,F
21958,26879,Ashwini Naik,71,M
21959,26879,Mary Reddy,38,M
21961,26881,Anitha Kumar,49,F
21962,26881,Anitha Rao,59,F
21963,26883,Shivakumar Hegde,26,F
21964,26885,Lakshmi Naik,67,F
21967,26889,Chetan Murthy,63,M
21968,26891,Imran Naik,25,F
21971,26895,Lakshmi Kumar,28,M
21976,26907,Chetan Reddy,14,F
21977,26907,Suresh Naik,75,M
21979,26909,Imran Gowda,46,F
21980,26909,Ravi Murthy,24,M
21983,26913,Nagaraj Nayak,12,F
21987,26919,Pooja Rao,54,F
21988,26919,Prakash Shetty,10,M
21989,26921,Manjunath Iyengar,25,M
21991,26923,Rekha Murthy,23,M
21993,26925,Mary Nayak,5,M
21994,26927,Imran Kulkarni,30,M
21995,26927,Bhavana Naik,11,M
21997,26929,Suresh Bhat,65,F
22000,26937,Mary Reddy,7,F
22002,26939,Ashwini Nayak,22,M
22005,26945,Suresh Kulkarni,5,M
22007,26947,Shivakumar Kulkarni,24,M
22009,26949,Shivakumar Kumar,54,F
22010,26951,Basavaraj Shetty,27,M
22013,26953,Deepak Bhat,7,M
22015,26955,Lakshmi Kumar,39,M
22016,26955,Kiran Rao,43,F
22019,26961,Fatima Nayak,39,M
22020,26963,Basavaraj Naik,67,M
22022,26965,Mary Prasad,38,M
22023,26965,Anitha Murthy,16,F
22026,26969,Lakshmi Kumar,10,M
22027,26969,Pooja Kulkarni,13,F
22032,26973,Manjunath Hegde,23,M
22034,26975,Prakash Gowda,64,F
22037,26977,Girish Rao,25,M
22039,26979,Basavaraj Prasad,53,M
22041,26981,Vinutha Kumar,52,F
22043,26983,Chetan Kumar,13,M
22044,26985,Joseph Murthy,18,M
22047,26987,Deepak Naik,19,F
22049,26989,Chetan Naik,52,M
22053,26993,Shivakumar Kumar,18,F
22054,26995,Mary Murthy,12,F
22056,26997,Joseph Iyengar,36,M
22058,26999,Chetan Desai,22,F
22059,27001,Chetan Patil,17,M
22060,27001,Chetan Shetty,31,M
22062,27005,Suresh Rao,57,M
22065,27011,Joseph Reddy,67,M
22067,27013,Ashwini Nayak,17,M
22069,27015,Anitha Rao,31,F
22070,27015,Anitha Iyengar,65,F
22073,27017,Pooja Kulkarni,71,M
22074,27019,Ravi Reddy,20,F
22075,27019,Prakash Iyengar,32,F
22079,27027,Girish Kulkarni,74,F
22082,27031,Girish Iyengar,13,M
22083,27031,Chetan Naik,60,F
22087,27037,Anitha Kumar,38,F
22090,27043,Pooja Murthy,41,M
22092,27045,Bhavana Hegde,29,M
22093,27045,Bhavana Shetty,31,M
22095,27051,Suresh Gowda,39,M
22099,27059,Chetan Shetty,29,F
22101,27061,Bhavana Naik,48,F
22104,27065,Deepak Rao,49,F
22105,27069,Bhavana Bhat,8,F
22107,27071,Fatima Kulkarni,21,M
22109,27073,Kiran Shetty,52,M
22111,27075,Joseph Shetty,8,M
22114,27077,Yashwanth Gowda,44,F
22115,27077,Fatima Naik,64,M
22117,27079,Rekha Kulkarni,18,M
22118,27079,Fatima Bhat,8,F
22121,27083,Kiran Kulkarni,50,M
22123,27085,Manjunath Iyengar,21,M
22126,27087,Suresh Rao,33,M
22127,27087,Nagaraj Kulkarni,13,F
22131,27095,Lakshmi Prasad,24,F
22133,27097,Girish Reddy,20,F
22136,27099,Ravi Patil,32,M
22139,27101,Nagaraj Shetty,17,F
22140,27101,Ashwini Naik,43,F
22141,27105,Mary Prasad,46,M
22142,27105,Prakash Kumar,62,F
22144,27107,Pooja Prasad,38,F
22145,27107,Pooja Nayak,49,M
22146,27109,Bhavana Iyengar,61,M
22147,27111,Nagaraj Kulkarni,71,F
22150,27117,Anitha Kulkarni,73,M
22151,27121,Girish Kumar,15,M
22153,27123,Rekha Patil,8,M
22155,27127,Imran Reddy,74,F
22158,27129,Yashwanth Rao,20,M
22159,27133,Basavaraj Patil,31,M
22161,27139,Vinutha Shetty,48,F
22163,27141,Manjunath Nayak,19,M
22164,27143,Shivakumar Desai,32,F
22166,27145,Kiran Nayak,33,M
22168,27147,Kiran Reddy,35,M
22170,27149,Imran Murthy,41,F
22171,27151,Imran Naik,61,F
22172,27153,Girish Prasad,48,M
22176,27157,Manjunath Shetty,20,M
22178,27159,Suresh Naik,48,F
22179,27159,Deepak Hegde,50,M
22181,27161,Deepak Nayak,34,F
22183,27165,Vinutha Kulkarni,49,M
22184,27165,Imran Patil,6,M
22185,27167,Basavaraj Murthy,10,F
22186,27169,Pooja Shetty,62,M
22187,27169,Manjunath Rao,33,M
22189,27171,Basavaraj Hegde,72,M
22190,27171,Shivakumar Shetty,32,F
22193,27177,Manjunath Nayak,40,M
22195,27181,Rekha Iyengar,38,F
22196,27183,Vinutha Kulkarni,10,M
22197,27185,Girish Kumar,9,M
22198,27185,Ashwini Reddy,27,F
22200,27187,Girish Prasad,8,M
22201,27187,Suresh Shetty,63,F
22202,27193,Prakash Prasad,57,F
22203,27193,Pooja Kumar,28,F
22204,27195,Vinutha Kumar,75,F
22210,27203,Shivakumar Hegde,48,M
22212,27205,Ashwini Naik,44,M
22217,27213,Ashwini Rao,47,F
22218,27215,Girish Kulkarni,66,M
22220,27217,Chetan Rao,50,M
22221,27217,Shivakumar Prasad,62,M
22223,27219,Lakshmi Kumar,5,M
22227,27227,Pooja Reddy,69,M
22230,27231,Ravi Murthy,13,M
22233,27239,Shivakumar Naik,40,M
22237,27243,Chetan Hegde,16,F
22239,27249,Imran Shetty,12,F
22240,27251,Yashwanth Patil,48,M
22241,27253,Lakshmi Gowda,65,M
22242,27253,Girish Naik,45,F
22243,27255,Joseph Desai,36,M
22244,27255,Prakash Prasad,27,F
22246,27257,Suresh Shetty,45,F
22250,27261,Deepak Murthy,20,M
22253,27265,Prakash Shetty,20,M
22254,27267,Prakash Rao,67,F
22255,27269,Rekha Desai,43,M
22258,27271,Mary Gowda,5,M
22260,27273,Mary Reddy,26,M
22262,27277,Deepak Kulkarni,19,M
22263,27277,Nagaraj Rao,31,M
22265,27279,Prakash Murthy,50,M
22267,27281,Basavaraj Shetty,13,M
22268,27285,Vinutha Murthy,6,M
22271,27287,Manjunath Kulkarni,39,M
22274,27291,Girish Gowda,35,M
22277,27293,Chetan Reddy,41,M
22279,27295,Anitha Prasad,64,M
22281,27297,Fatima Reddy,54,M
22282,27297,Girish Bhat,60,M
22284,27299,Manjunath Gowda,9,F
22286,27301,Vinutha Prasad,70,F
22289,27303,Ravi Naik,25,M
22293,27307,Suresh Desai,64,M
22295,27309,Kiran Naik,62,M
22296,27311,Anitha Reddy,39,F
22297,27313,Basavaraj Hegde,40,F
22298,27315,Fatima Murthy,62,F
22299,27317,Suresh Kulkarni,17,F
22302,27319,Yashwanth Nayak,27,M
22304,27321,Pooja Kumar,27,M
22306,27323,Joseph Desai,54,M
22308,27325,Anitha Shetty,8,F
22314,27335,Chetan Gowda,52,F
22316,27337,Manjunath Naik,24,M
22319,27339,Joseph Gowda,13,F
22321,27341,Kiran Kulkarni,22,F
22322,27341,Manjunath Patil,64,F
22324,27345,Rekha Hegde,23,M
22326,27347,Manjunath Gowda,57,F
22327,27347,Anitha Naik,58,M
22330,27349,Ashwini Kulkarni,28,M
22332,27351,Bhavana Naik,57,F
22334,27355,Anitha Kulkarni,17,F
22335,27357,Deepak Kulkarni,44,F
22336,27361,Girish Gowda,47,M
22339,27363,Nagaraj Shetty,73,M
22340,27365,Kiran Iyengar,15,F
22342,27367,Pooja Kumar,9,F
22343,27371,Joseph Kumar,45,M
22344,27371,Nagaraj Nayak,61,M
22345,27373,Rekha Nayak,74,M
22349,27379,Joseph Rao,54,M
22350,27379,Deepak Nayak,22,M
22354,27383,Ashwini Nayak,62,F
22357,27385,Manjunath Desai,57,M
22359,27387,Nagaraj Bhat,10,F
22362,27389,Pooja Naik,29,F
22363,27391,Girish Prasad,50,F
22364,27393,Kiran Rao,42,M
22367,27395,Rekha Bhat,41,M
22369,27397,Girish Gowda,56,M
22371,27399,Manjunath Reddy,37,M
22373,27401,Ashwini Murthy,6,M
22374,27401,Imran Reddy,38,M
22377,27403,Lakshmi Prasad,19,M
22378,27405,Nagaraj Kumar,44,F
22380,27407,Pooja Hegde,52,F
22381,27409,Prakash Nayak,62,F
22383,27411,Fatima Prasad,74,M
22384,27413,Fatima Naik,43,F
22385,27413,Manjunath Reddy,6,M
22387,27415,Bhavana Kulkarni,49,M
22388,27415,Mary Nayak,60,F
22389,27417,Imran Iyengar,52,M
22394,27425,Chetan Patil,7,M
22395,27425,Ashwini Desai,23,F
22398,27427,Bhavana Rao,34,F
22401,27429,Joseph Desai,12,F
22403,27431,Chetan Naik,36,M
22404,27431,Girish Hegde,32,M
22405,27433,Ravi Rao,41,F
22409,27437,Pooja Kumar,74,F
22410,27441,Manjunath Naik,7,M
22412,27447,Ashwini Prasad,33,F
22413,27449,Shivakumar Patil,70,M
22415,27451,Anitha Gowda,51,M
22417,27453,Pooja Kulkarni,26,M
22419,27455,Ashwini Reddy,37,F
22420,27455,Pooja Reddy,43,M
22423,27459,Ashwini Gowda,39,F
22424,27461,Yashwanth Gowda,19,F
22426,27467,Anitha Hegde,49,M
22427,27469,Rekha Hegde,50,M
22428,27469,Shivakumar Kumar,8,M
22429,27471,Chetan Naik,19,M
22431,27473,Mary Gowda,31,F
22432,27475,Shivakumar Shetty,67,M
22433,27475,Bhavana Iyengar,63,M
22435,27479,Bhavana Bhat,36,F
22436,27479,Ashwini Kumar,48,M
22439,27487,Prakash Desai,47,M
22441,27491,Ravi Hegde,75,F
22443,27493,Joseph Iyengar,65,F
22444,27495,Fatima Iyengar,60,M
22445,27495,Chetan Nayak,75,F
22448,27497,Nagaraj Hegde,73,M
22449,27497,Ravi Reddy,48,M
22451,27499,Manjunath Hegde,49,M
22452,27501,Shivakumar Gowda,36,F
22453,27501,Pooja Shetty,40,M
22455,27505,Imran Iyengar,42,F
22456,27505,Pooja Shetty,57,M
22458,27507,Prakash Desai,58,M
22459,27507,Kiran Reddy,57,F
22461,27509,Basavaraj Reddy,28,F
22462,27509,Rekha Naik,32,M
22464,27511,Bhavana Gowda,31,M
22465,27515,Anitha Desai,73,M
22469,27519,Fatima Prasad,50,F
22470,27519,Suresh Kulkarni,36,M
22472,27521,Basavaraj Kulkarni,45,F
22474,27523,Basavaraj Murthy,6,F
22477,27525,Joseph Kumar,65,M
22478,27525,Joseph Kulkarni,62,M
22479,27529,Kiran Shetty,18,M
22480,27529,Kiran Nayak,45,F
22481,27531,Lakshmi Desai,35,F
22482,27531,Anitha Kulkarni,20,F
22483,27533,Suresh Murthy,66,F
22486,27535,Chetan Rao,9,F
22487,27535,Shivakumar Gowda,74,M
22489,27537,Manjunath Murthy,72,M
22491,27539,Ashwini Hegde,19,M
22495,27545,Shivakumar Prasad,21,M
22496,27545,Imran Naik,34,M
22498,27547,Mary Prasad,19,F
22499,27549,Anitha Iyengar,61,F
22500,27551,Imran Bhat,55,F
22502,27553,Shivakumar Desai,15,M
22505,27555,Fatima Reddy,54,F
22507,27557,Nagaraj Murthy,7,F
22510,27559,Joseph Nayak,44,M
22513,27561,Chetan Nayak,5,M
22514,27563,Basavaraj Hegde,14,F
22515,27565,Joseph Iyengar,45,F
22516,27565,Girish Gowda,11,M
22517,27567,Fatima Bhat,33,M
22518,27569,Yashwanth Bhat,51,F
22519,27569,Ashwini Desai,52,F
22521,27571,Basavaraj Nayak,58,M
22522,27573,Basavaraj Naik,21,F
22524,27575,Lakshmi Prasad,11,M
22525,27577,Yashwanth Bhat,9,M
22526,27577,Basavaraj Murthy,48,F
22527,27579,Vinutha Reddy,64,F
22528,27579,Fatima Nayak,47,M
22529,27581,Manjunath Reddy,74,F
22530,27583,Bhavana Nayak,20,F
22532,27585,Shivakumar Kulkarni,26,F
22533,27587,Anitha Bhat,47,F
22534,27587,Girish Gowda,35,F
22537,27589,Shivakumar Kumar,19,F
22541,27593,Ravi Shetty,46,F
22546,27599,Girish Kumar,13,M
22547,27601,Vinutha Patil,38,M
22554,27609,Ashwini Gowda,60,M
22556,27611,Prakash Desai,68,F
22557,27611,Nagaraj Prasad,10,M
22561,27615,Bhavana Shetty,59,F
22562,27615,Vinutha Shetty,71,F
22566,27619,Imran Kumar,26,F
22568,27623,Prakash Shetty,38,F
22571,27625,Anitha Murthy,51,M
22575,27631,Nagaraj Desai,64,F
22577,27635,Deepak Murthy,36,F
22578,27637,Suresh Nayak,39,M
22579,27639,Nagaraj Bhat,53,F
22581,27641,Nagaraj Gowda,8,F
22583,27643,Imran Prasad,14,M
22584,27643,Kiran Rao,19,M
22585,27645,Ashwini Hegde,21,F
22588,27647,Mary Patil,31,F
22589,27647,Suresh Gowda,47,M
22592,27649,Pooja Gowda,41,F
22593,27649,Shivakumar Nayak,75,F
22595,27653,Imran Hegde,6,F
22596,27655,Prakash Kumar,58,F
22597,27657,Ravi Patil,10,M
22599,27663,Girish Iyengar,59,F
22601,27665,Nagaraj Murthy,29,M
22602,27665,Lakshmi Rao,17,M
22604,27667,Suresh Kumar,70,M
22607,27669,Prakash Bhat,11,F
22608,27669,Prakash Patil,75,M
22610,27671,Suresh Bhat,13,F
22611,27673,Shivakumar Patil,44,F
22612,27673,Yashwanth Gowda,14,F
22618,27683,Nagaraj Iyengar,31,M
22622,27689,Basavaraj Kumar,40,M
22624,27691,Rekha Bhat,27,F
22626,27693,Bhavana Desai,12,F
22628,27695,Fatima Prasad,68,M
22629,27695,Imran Nayak,49,M
22631,27697,Nagaraj Naik,56,M
22632,27699,Basavaraj Kulkarni,47,M
22634,27701,Imran Kulkarni,18,F
22635,27703,Kiran Bhat,55,M
22637,27705,Vinutha Reddy,47,F
22638,27709,Rekha Hegde,34,F
22639,27711,Fatima Nayak,38,M
22642,27717,Imran Gowda,46,M
22645,27723,Imran Naik,33,M
22646,27725,Prakash Naik,34,M
22647,27725,Fatima Reddy,50,M
22649,27727,Basavaraj Bhat,8,M
22650,27729,Bhavana Rao,42,M
22653,27733,Yashwanth Hegde,16,F
22655,27735,Bhavana Rao,35,F
22656,27737,Mary Desai,46,M
22657,27737,Deepak Kumar,53,M
22658,27739,Suresh Patil,70,F
22660,27741,Mary Shetty,13,M
22663,27743,Imran Kumar,62,F
22665,27745,Anitha Iyengar,52,F
22666,27747,Vinutha Iyengar,31,F
22667,27749,Kiran Nayak,19,F
22668,27749,Fatima Naik,63,M
22671,27751,Prakash Desai,32,F
22675,27757,Imran Reddy,42,M
22676,27761,Mary Kumar,59,F
22680,27765,Joseph Bhat,64,F
22681,27769,Ashwini Bhat,50,M
22683,27771,Fatima Murthy,66,M
22684,27773,Rekha Shetty,15,M
22685,27773,Anitha Murthy,74,F
22687,27775,Pooja Nayak,27,M
22689,27777,Mary Gowda,53,M
22690,27777,Deepak Iyengar,41,F
22692,27785,Nagaraj Kulkarni,16,M
22693,27789,Rekha Desai,31,F
22694,27789,Nagaraj Hegde,44,M
22696,27791,Pooja Shetty,12,F
22697,27793,Pooja Kulkarni,40,M
22698,27795,Yashwanth Kulkarni,14,M
22700,27799,Manjunath Desai,14,F
22701,27799,Fatima Murthy,58,M
22704,27803,Fatima Bhat,9,F
22706,27805,Suresh Nayak,59,M
22710,27809,Bhavana Naik,70,F
22713,27811,Imran Desai,32,F
22716,27813,Joseph Kumar,43,F
22718,27815,Manjunath Nayak,33,M
22721,27817,Fatima Prasad,48,M
22723,27821,Imran Iyengar,16,F
22724,27821,Anitha Patil,24,F
22727,27823,Rekha Iyengar,42,M
22728,27825,Basavaraj Kulkarni,51,M
22729,27827,Vinutha Murthy,10,F
22731,27829,Rekha Bhat,37,M
22733,27833,Fatima Desai,26,F
22734,27833,Anitha Bhat,68,M
22735,27835,Ravi Prasad,12,F
22738,27839,Pooja Kulkarni,55,F
22739,27839,Manjunath Murthy,35,F
22740,27841,Nagaraj Gowda,19,F
22741,27843,Imran Kulkarni,22,M
22742,27845,Prakash Desai,46,M
22743,27847,Fatima Patil,10,F
22746,27851,Vinutha Murthy,73,M
22747,27851,Shivakumar Iyengar,68,M
22748,27853,Bhavana Rao,27,M
22749,27853,Mary Nayak,62,F
22752,27855,Fatima Hegde,43,M
22754,27857,Deepak Rao,21,F
22756,27861,Manjunath Hegde,6,M
22757,27863,Kiran Prasad,5,M
22759,27865,Bhavana Rao,19,M
22760,27869,Basavaraj Murthy,25,M
22761,27869,Lakshmi Iyengar,67,M
22763,27871,Vinutha Murthy,19,F
22767,27881,Deepak Reddy,65,M
22769,27887,Prakash Shetty,14,M
22772,27889,Basavaraj Bhat,48,M
22776,27901,Imran Hegde,20,M
22779,27903,Suresh Reddy,48,F
22781,27905,Vinutha Kulkarni,63,M
22782,27905,Yashwanth Reddy,17,F
22784,27907,Ashwini Kulkarni,68,F
22785,27907,Bhavana Desai,68,F
22786,27909,Chetan Nayak,61,F
22787,27909,Mary Kulkarni,73,M
22788,27911,Suresh Hegde,42,M
22789,27911,Ravi Patil,63,M
22790,27913,Joseph Hegde,48,F
22791,27913,Suresh Nayak,15,M
22793,27915,Prakash Hegde,40,M
22794,27917,Joseph Kulkarni,22,M
22796,27919,Yashwanth Shetty,31,M
22800,27923,Suresh Naik,60,M
22802,27927,Ravi Hegde,62,M
22804,27931,Joseph Reddy,53,M
22805,27931,Joseph Kumar,72,M
22806,27933,Suresh Murthy,56,F
22808,27935,Ravi Gowda,7,M
22810,27937,Manjunath Prasad,27,F
22812,27939,Kiran Murthy,39,M
22813,27939,Nagaraj Desai,24,M
22817,27945,Chetan Iyengar,22,F
22820,27947,Nagaraj Gowda,44,M
22821,27947,Yashwanth Kumar,43,F
22824,27951,Basavaraj Rao,22,M
22825,27951,Girish Bhat,57,M
22830,27955,Girish Hegde,31,M
22832,27957,Anitha Murthy,47,F
22834,27959,Imran Prasad,57,F
22836,27961,Rekha Bhat,63,F
22839,27965,Chetan Desai,17,M
22842,27969,Lakshmi Patil,68,M
22845,27971,Deepak Shetty,45,M
22849,27977,Deepak Desai,71,M
22850,27977,Prakash Iyengar,45,F
22852,27979,Basavaraj Kumar,33,F
22853,27983,Bhavana Desai,28,F
22854,27983,Mary Patil,39,M
22856,27987,Chetan Murthy,32,F
22858,27991,Chetan Hegde,54,M
22860,27993,Pooja Naik,51,F
22863,27997,Yashwanth Desai,19,M
22867,28003,Girish Kumar,49,F
22871,28007,Kiran Bhat,58,M
22872,28007,Yashwanth Nayak,35,F
22874,28009,Nagaraj Gowda,48,M
22875,28009,Lakshmi Bhat,55,F
22877,28011,Rekha Iyengar,44,M
22878,28013,Pooja Shetty,11,M
22879,28013,Basavaraj Patil,61,F
22883,28017,Ravi Naik,72,M
22887,28023,Imran Shetty,28,F
22889,28025,Suresh Reddy,59,M
22890,28025,Anitha Hegde,15,F
22893,28031,Manjunath Prasad,34,M
22897,28037,Suresh Gowda,22,F
22898,28037,Vinutha Murthy,49,F
22900,28039,Anitha Hegde,50,M
22901,28041,Prakash Kulkarni,75,M
22902,28043,Joseph Desai,11,F
22908,28053,Rekha Hegde,8,F
22909,28053,Prakash Reddy,8,M
22913,28059,Kiran Kumar,66,M
22915,28061,Ravi Reddy,51,M
22916,28061,Nagaraj Kumar,16,F
22917,28063,Vinutha Patil,50,M
22918,28063,Lakshmi Naik,8,F
22919,28065,Pooja Kumar,73,F
22921,28069,Basavaraj Shetty,29,M
22924,28073,Rekha Reddy,32,M
22927,28075,Lakshmi Gowda,67,M
22931,28081,Deepak Nayak,66,M
22934,28083,Ashwini Shetty,14,F
22937,28087,Ravi Patil,74,F
22939,28089,Yashwanth Kulkarni,53,M
22940,28091,Girish Reddy,55,F
22945,28099,Kiran Hegde,48,M
22948,28103,Lakshmi Prasad,8,M
22950,28105,Joseph Nayak,28,M
22952,28107,Yashwanth Iyengar,24,M
22953,28107,Joseph Hegde,60,F
22954,28109,Ravi Desai,11,F
22955,28109,Anitha Reddy,30,F
22957,28113,Chetan Gowda,20,F
22960,28115,Lakshmi Prasad,12,F
22961,28115,Ashwini Bhat,41,F
22963,28117,Kiran Shetty,15,F
22964,28119,Joseph Gowda,12,F
22966,28123,Rekha Prasad,31,F
22968,28125,Vinutha Kulkarni,26,F
22970,28127,Pooja Iyengar,58,M
22973,28129,Mary Shetty,44,M
22975,28131,Nagaraj Patil,50,F
22978,28135,Chetan Reddy,20,F
22980,28139,Ashwini Reddy,59,M
22981,28141,Lakshmi Naik,38,F
22982,28141,Vinutha Iyengar,8,M
22984,28143,Fatima Desai,36,F
22985,28143,Prakash Murthy,65,F
22986,28145,Joseph Kulkarni,59,M
22987,28147,Kiran Prasad,43,M
22988,28149,Lakshmi Naik,60,M
22989,28149,Yashwanth Nayak,67,M
22992,28151,Lakshmi Patil,69,M
22993,28153,Imran Reddy,75,F
22995,28155,Vinutha Kumar,41,F
22996,28155,Anitha Naik,24,F
22998,28157,Fatima Desai,63,F
22999,28159,Fatima Reddy,69,F
23004,28167,Mary Hegde,51,M
23005,28169,Deepak Kulkarni,37,M
23008,28173,Deepak Shetty,5,F
23010,28175,Chetan Hegde,9,M
23011,28175,Bhavana Prasad,6,F
23015,28181,Bhavana Nayak,39,F
23019,28187,Ashwini Kulkarni,34,F
23021,28189,Ravi Kumar,32,F
23022,28189,Manjunath Murthy,54,F
23024,28191,Nagaraj Naik,6,F
23026,28193,Shivakumar Naik,73,F
23027,28193,Ashwini Desai,11,F
23028,28195,Rekha Iyengar,44,M
23030,28197,Mary Patil,8,F
23031,28197,Manjunath Desai,7,F
23034,28199,Chetan Rao,56,M
23035,28199,Nagaraj Kulkarni,70,F
23037,28201,Mary Naik,21,F
23038,28201,Ashwini Rao,31,M
23040,28203,Shivakumar Prasad,74,F
23042,28207,Chetan Rao,42,F
23047,28213,Pooja Shetty,38,M
23050,28215,Deepak Murthy,38,F
23052,28217,Pooja Hegde,72,F
23055,28221,Chetan Rao,19,F
23056,28225,Girish Iyengar,47,M
23058,28227,Rekha Patil,26,M
23059,28227,Rekha Reddy,52,F
23061,28229,Chetan Bhat,43,F
23064,28231,Ashwini Murthy,60,M
23066,28233,Suresh Murthy,74,M
23067,28235,Bhavana Reddy,47,F
23071,28239,Joseph Kumar,49,F
23073,28241,Ashwini Kumar,34,F
23074,28243,Bhavana Hegde,23,F
23077,28247,Bhavana Shetty,42,F
23079,28251,Vinutha Patil,39,M
23080,28253,Suresh Reddy,65,M
23081,28253,Rekha Murthy,19,M
23082,28255,Shivakumar Prasad,71,F
23083,28257,Shivakumar Kumar,63,M
23085,28261,Lakshmi Kumar,71,M
23087,28267,Imran Shetty,61,F
23088,28269,Imran Nayak,44,F
23091,28273,Kiran Patil,46,M
23092,28273,Prakash Shetty,33,F
23094,28275,Anitha Murthy,45,F
23095,28275,Ravi Reddy,23,F
23099,28279,Yashwanth Shetty,23,F
23100,28279,Anitha Gowda,61,M
23101,28281,Bhavana Naik,6,F
23102,28283,Bhavana Desai,19,F
23104,28285,Bhavana Bhat,44,F
23105,28285,Basavaraj Bhat,75,M
23107,28287,Bhavana Murthy,58,F
23108,28291,Bhavana Hegde,44,F
23109,28291,Girish Murthy,9,M
23111,28293,Mary Prasad,17,M
23114,28297,Chetan Bhat,12,F
23116,28299,Suresh Murthy,61,M
23119,28301,Anitha Kulkarni,57,F
23120,28303,Girish Hegde,59,F
23121,28303,Vinutha Iyengar,61,M
23123,28305,Mary Naik,60,M
23124,28305,Shivakumar Iyengar,54,M
23126,28307,Vinutha Reddy,34,F
23128,28309,Vinutha Bhat,59,M
23129,28309,Mary Naik,23,M
23131,28315,Joseph Rao,5,M
23136,28319,Anitha Nayak,44,M
23137,28319,Bhavana Hegde,74,M
23139,28321,Anitha Hegde,62,M
23141,28323,Pooja Hegde,55,F
23144,28325,Anitha Kumar,66,M
23146,28327,Pooja Bhat,49,F
23147,28327,Basavaraj Shetty,25,M
23150,28329,Mary Bhat,40,M
23151,28329,Manjunath Murthy,39,F
23153,28331,Imran Reddy,10,F
23154,28331,Prakash Prasad,66,M
23156,28333,Mary Hegde,18,M
23157,28335,Anitha Desai,73,M
23159,28337,Joseph Rao,63,F
23161,28339,Suresh Rao,18,F
23162,28341,Fatima Murthy,54,M
23164,28343,Imran Reddy,21,F
23165,28343,Lakshmi Hegde,36,M
23166,28345,Imran Rao,40,F
23169,28347,Joseph Iyengar,71,M
23172,28353,Lakshmi Naik,38,F
23177,28359,Rekha Murthy,71,F
23178,28359,Pooja Gowda,53,F
23179,28361,Joseph Nayak,22,M
23180,28361,Deepak Gowda,73,F
23183,28365,Joseph Kulkarni,44,F
23184,28367,Anitha Desai,50,M
23186,28369,Basavaraj Naik,53,M
23189,28371,Rekha Kulkarni,27,M
23192,28373,Chetan Bhat,16,M
23193,28373,Basavaraj Prasad,6,M
23198,28379,Shivakumar Gowda,58,F
23199,28379,Nagaraj Rao,11,M
23203,28387,Ravi Patil,62,M
23206,28389,Mary Bhat,71,M
23207,28389,Chetan Prasad,10,M
23210,28393,Prakash Desai,21,M
23212,28395,Deepak Naik,62,M
23215,28399,Imran Kulkarni,7,M
23216,28401,Imran Kulkarni,72,F
23219,28407,Imran Murthy,57,M
23220,28407,Deepak Kumar,10,M
23222,28409,Ravi Patil,27,F
23223,28409,Girish Nayak,70,F
23231,28421,Shivakumar Iyengar,72,F
23233,28425,Rekha Murthy,42,M
23234,28427,Mary Reddy,26,F
23235,28429,Ravi Patil,60,F
23236,28429,Ravi Patil,32,F
23239,28431,Joseph Gowda,15,F
23241,28435,Nagaraj Reddy,37,M
23242,28435,Joseph Kumar,56,M
23246,28439,Ashwini Bhat,40,F
23247,28439,Lakshmi Reddy,69,M
23250,28441,Anitha Kulkarni,58,M
23251,28441,Basavaraj Reddy,69,F
23253,28443,Rekha Kumar,49,M
23255,28445,Girish Shetty,11,F
23259,28451,Lakshmi Murthy,45,M
23260,28451,Chetan Nayak,43,F
23265,28457,Kiran Desai,28,F
23266,28457,Anitha Reddy,25,M
23269,28459,Suresh Murthy,5,F
23270,28459,Mary Iyengar,67,M
23272,28461,Deepak Nayak,68,M
23273,28463,Mary Hegde,74,M
23275,28465,Pooja Patil,75,M
23278,28469,Ravi Desai,69,F
23279,28469,Imran Desai,41,F
23283,28473,Kiran Kumar,26,M
23284,28475,Fatima Rao,42,F
23286,28479,Basavaraj Desai,39,M
23288,28485,Joseph Murthy,10,M
23289,28485,Imran Hegde,46,F
23291,28487,Vinutha Prasad,52,F
23292,28489,Bhavana Shetty,27,F
23293,28491,Chetan Nayak,8,M
23294,28493,Lakshmi Gowda,21,M
23296,28495,Bhavana Gowda,73,M
23298,28497,Anitha Murthy,27,F
23300,28499,Joseph Gowda,7,F
23301,28499,Prakash Reddy,56,M
23302,28501,Chetan Patil,39,F
23304,28503,Lakshmi Reddy,15,F
23305,28505,Lakshmi Naik,36,M
23307,28507,Shivakumar Nayak,12,M
23309,28509,Bhavana Rao,54,F
23310,28509,Chetan Naik,23,M
23313,28513,Shivakumar Bhat,33,M
23314,28513,Kiran Patil,60,M
23317,28515,Imran Nayak,23,M
23320,28517,Mary Shetty,26,F
23321,28517,Rekha Shetty,69,M
23324,28521,Lakshmi Nayak,9,M
23326,28523,Suresh Bhat,49,M
23328,28525,Girish Shetty,56,M
23330,28527,Anitha Patil,49,F
23333,28529,Anitha Desai,71,F
23335,28531,Kiran Patil,73,F
23337,28533,Imran Gowda,60,M
23339,28535,Joseph Prasad,72,F
23341,28539,Pooja Murthy,15,M
23343,28541,Suresh Shetty,46,M
23346,28545,Suresh Kulkarni,52,M
23348,28549,Mary Murthy,24,M
23351,28553,Ashwini Patil,55,F
23352,28555,Fatima Rao,72,F
23354,28557,Yashwanth Desai,75,M
23355,28559,Nagaraj Desai,56,F
23358,28563,Lakshmi Kumar,21,F
23361,28567,Deepak Prasad,61,M
23366,28571,Kiran Reddy,25,M
23368,28573,Vinutha Hegde,45,F
23370,28575,Fatima Nayak,35,M
23371,28575,Imran Hegde,56,F
23374,28579,Kiran Patil,16,F
23375,28581,Nagaraj Murthy,73,M
23378,28583,Ravi Kumar,69,M
23380,28585,Shivakumar Iyengar,69,M
23382,28587,Chetan Hegde,25,M
23383,28587,Bhavana Rao,62,M
23385,28589,Ravi Murthy,23,F
23387,28591,Pooja Reddy,54,F
23390,28593,Mary Kulkarni,49,M
23391,28593,Girish Shetty,51,M
23392,28595,Prakash Shetty,68,M
23393,28595,Chetan Bhat,60,F
23395,28599,Chetan Hegde,9,F
23396,28601,Yashwanth Iyengar,70,F
23398,28603,Kiran Naik,46,M
23399,28605,Yashwanth Desai,71,F
23402,28609,Imran Prasad,64,F
23403,28609,Bhavana Prasad,42,M
23406,28611,Kiran Hegde,49,M
23408,28613,Mary Desai,57,M
23409,28613,Shivakumar Nayak,18,F
23411,28615,Kiran Prasad,49,F
23412,28617,Bhavana Kumar,61,F
23414,28619,Fatima Bhat,42,F
23416,28623,Manjunath Kulkarni,73,F
23417,28623,Nagaraj Murthy,63,F
23418,28625,Vinutha Hegde,26,M
23419,28627,Vinutha Bhat,46,F
23421,28629,Suresh Prasad,9,M
23423,28631,Fatima Patil,73,M
23427,28635,Deepak Naik,17,F
23428,28635,Deepak Hegde,67,M
23431,28641,Ravi Murthy,54,M
23432,28643,Anitha Hegde,41,M
23435,28645,Prakash Naik,69,M
23436,28645,Mary Shetty,33,F
23437,28647,Suresh Murthy,32,M
23439,28649,Ravi Patil,12,F
23440,28649,Deepak Kumar,55,M
23441,28651,Anitha Iyengar,65,F
23442,28651,Fatima Rao,45,F
23443,28655,Fatima Shetty,33,F
23444,28655,Shivakumar Reddy,55,M
23446,28657,Imran Kulkarni,37,F
23448,28661,Bhavana Gowda,49,F
23450,28663,Deepak Desai,71,M
23451,28663,Mary Hegde,7,F
23452,28665,Chetan Murthy,18,F
23454,28667,Pooja Murthy,26,F
23458,28677,Imran Gowda,6,M
23460,28679,Imran Rao,13,F
23461,28681,Imran Bhat,14,F
23462,28683,Manjunath Patil,14,F
23463,28683,Ashwini Hegde,48,M
23465,28687,Anitha Hegde,18,M
23467,28691,Fatima Nayak,73,F
23468,28693,Imran Reddy,10,F
23471,28695,Suresh Bhat,29,M
23474,28697,Yashwanth Desai,46,M
23475,28699,Anitha Rao,49,F
23476,28699,Girish Hegde,49,M
23478,28701,Mary Nayak,62,M
23479,28701,Imran Naik,13,F
23481,28703,Nagaraj Kumar,6,F
23483,28705,Imran Hegde,11,F
23486,28713,Girish Desai,38,F
23489,28715,Imran Gowda,39,F
23491,28717,Ravi Patil,43,M
23495,28721,Kiran Rao,62,F
23496,28721,Suresh Kumar,53,M
23498,28725,Deepak Hegde,56,M
23499,28727,Joseph Reddy,31,M
23502,28731,Kiran Bhat,57,M
23504,28733,Basavaraj Rao,57,M
23506,28735,Girish Naik,59,F
23508,28737,Bhavana Reddy,58,F
23512,28741,Basavaraj Gowda,63,M
23513,28741,Prakash Rao,33,F
23516,28743,Suresh Patil,12,F
23517,28743,Rekha Hegde,68,M
23519,28745,Mary Murthy,42,F
23520,28745,Pooja Murthy,6,M
23522,28747,Chetan Hegde,10,F
23524,28749,Bhavana Gowda,29,F
23526,28751,Suresh Bhat,19,M
23528,28753,Fatima Kulkarni,17,M
23529,28755,Basavaraj Hegde,9,F
23531,28757,Ravi Gowda,63,F
23533,28759,Kiran Prasad,34,M
23535,28761,Rekha Shetty,72,M
23536,28765,Prakash Patil,26,F
23538,28771,Kiran Iyengar,18,F
23540,28777,Rekha Murthy,51,M
23542,28779,Girish Murthy,16,F
23543,28779,Nagaraj Desai,71,F
23545,28781,Girish Rao,12,F
23547,28783,Pooja Desai,12,M
23548,28783,Anitha Reddy,15,F
23550,28785,Nagaraj Nayak,54,F
23552,28789,Ashwini Patil,20,M
23553,28791,Shivakumar Kulkarni,73,M
23555,28793,Lakshmi Bhat,46,M
23556,28795,Yashwanth Prasad,9,F
23558,28797,Bhavana Murthy,15,F
23559,28797,Prakash Prasad,27,F
23560,28799,Anitha Rao,28,M
23563,28805,Suresh Kulkarni,62,F
23564,28809,Bhavana Desai,70,M
23565,28809,Fatima Shetty,42,M
23567,28811,Ashwini Naik,47,M
23570,28813,Yashwanth Kumar,27,F
23574,28817,Ashwini Murthy,6,F
23576,28819,Lakshmi Reddy,44,M
23580,28825,Joseph Shetty,9,F
23582,28829,Fatima Bhat,58,M
23583,28831,Rekha Gowda,49,F
23584,28831,Yashwanth Bhat,6,M
23585,28833,Chetan Desai,73,F
23586,28833,Mary Hegde,29,F
23588,28835,Rekha Kulkarni,53,M
23590,28837,Bhavana Desai,60,F
23591,28839,Vinutha Bhat,47,M
23592,28839,Manjunath Bhat,12,M
23593,28841,Joseph Reddy,41,M
23595,28843,Rekha Bhat,63,M
23598,28847,Shivakumar Shetty,62,F
23601,28851,Joseph Rao,72,F
23603,28853,Lakshmi Kulkarni,63,F
23604,28855,Mary Reddy,66,M
23605,28855,Lakshmi Murthy,21,M
23606,28857,Yashwanth Desai,30,M
23609,28861,Manjunath Hegde,67,F
23610,28861,Fatima Patil,61,F
23612,28863,Chetan Shetty,6,F
23614,28865,Shivakumar Iyengar,50,M
23615,28865,Basavaraj Reddy,62,M
23617,28867,Kiran Hegde,68,M
23619,28869,Joseph Kulkarni,66,F
23621,28871,Ashwini Naik,65,F
23623,28873,Ravi Naik,9,M
23627,28881,Ravi Gowda,73,F
23628,28883,Joseph Hegde,56,M
23630,28885,Lakshmi Naik,18,M
23634,28889,Shivakumar Shetty,16,F
23635,28891,Anitha Gowda,71,M
23638,28893,Rekha Nayak,9,F
23639,28895,Kiran Prasad,6,F
23641,28897,Kiran Patil,10,M
23642,28899,Basavaraj Patil,58,F
23643,28899,Vinutha Patil,16,F
23645,28901,Ashwini Reddy,46,M
23647,28903,Suresh Shetty,12,M
23648,28903,Kiran Desai,9,F
23651,28905,Ashwini Kumar,37,M
23655,28909,Joseph Desai,33,F
23657,28911,Ashwini Shetty,64,F
23658,28911,Bhavana Desai,6,M
23661,28913,Shivakumar Gowda,58,F
23662,28915,Prakash Reddy,57,M
23664,28917,Kiran Bhat,58,F
23665,28917,Vinutha Desai,17,F
23666,28919,Bhavana Iyengar,66,M
23668,28921,Kiran Bhat,49,F
23669,28921,Chetan Prasad,52,F
23671,28923,Vinutha Rao,34,M
23674,28927,Joseph Nayak,42,M
23675,28929,Lakshmi Gowda,32,M
23676,28929,Bhavana Kulkarni,28,M
23677,28931,Suresh Rao,15,F
23679,28933,Bhavana Gowda,5,M
23680,28935,Nagaraj Hegde,38,M
23682,28937,Joseph Patil,11,M
23684,28939,Basavaraj Bhat,40,F
23685,28939,Bhavana Murthy,42,M
23687,28945,Basavaraj Bhat,20,F
23688,28945,Rekha Patil,24,M
23689,28947,Prakash Desai,51,F
23690,28947,Anitha Shetty,35,F
23691,28949,Shivakumar Desai,61,F
23692,28951,Chetan Bhat,64,F
23693,28953,Bhavana Bhat,41,F
23695,28955,Lakshmi Hegde,18,F
23696,28959,Anitha Kumar,65,F
23697,28959,Bhavana Iyengar,57,M
23701,28965,Girish Naik,24,F
23702,28965,Rekha Kulkarni,61,F
23704,28967,Lakshmi Naik,35,M
23706,28969,Manjunath Naik,64,M
23708,28973,Prakash Gowda,5,F
23711,28975,Basavaraj Patil,8,M
23712,28977,Mary Gowda,50,F
23713,28977,Mary Patil,11,F
23716,28983,Ashwini Hegde,52,F
23719,28985,Rekha Nayak,44,F
23720,28989,Ravi Murthy,35,F
23726,28995,Nagaraj Reddy,20,F
23727,28995,Deepak Iyengar,73,F
23729,28997,Nagaraj Desai,35,M
23731,29001,Nagaraj Patil,75,M
23733,29003,Mary Rao,60,F
23735,29005,Ravi Naik,73,M
23737,29007,Suresh Nayak,18,M
23740,29009,Ravi Shetty,38,M
23742,29011,Imran Rao,33,F
23744,29013,Anitha Gowda,48,F
23746,29015,Mary Nayak,27,F
23748,29017,Bhavana Patil,47,M
23751,29023,Kiran Murthy,28,M
23754,29025,Yashwanth Kulkarni,35,M
23756,29031,Rekha Rao,56,M
23757,29031,Fatima Hegde,15,M
23760,29035,Lakshmi Bhat,56,F
23761,29035,Pooja Naik,26,F
23762,29037,Vinutha Nayak,10,M
23763,29039,Bhavana Gowda,16,M
23765,29041,Anitha Nayak,52,F
23767,29043,Fatima Naik,54,F
23769,29045,Kiran Patil,72,F
23773,29049,Joseph Reddy,20,M
23775,29051,Bhavana Kulkarni,17,F
23786,29065,Fatima Kulkarni,28,F
23788,29067,Anitha Hegde,35,F
23790,29071,Deepak Reddy,18,F
23791,29073,Ashwini Hegde,15,M
23792,29075,Ravi Kumar,71,M
23793,29077,Kiran Reddy,56,M
23794,29079,Pooja Reddy,56,F
23798,29083,Suresh Kumar,9,F
23799,29085,Mary Gowda,31,F
23800,29085,Chetan Shetty,18,M
23802,29087,Anitha Murthy,64,F
23804,29089,Girish Rao,60,M
23806,29091,Ravi Reddy,25,F
23807,29093,Kiran Patil,58,M
23808,29093,Basavaraj Kulkarni,71,M
23813,29103,Yashwanth Patil,45,M
23814,29103,Manjunath Prasad,62,F
23816,29105,Prakash Shetty,61,M
23818,29107,Suresh Shetty,49,F
23820,29109,Lakshmi Desai,30,F
23824,29115,Basavaraj Kumar,31,F
23825,29117,Joseph Rao,20,F
23827,29121,Chetan Murthy,49,M
23834,29131,Anitha Iyengar,12,F
23836,29133,Bhavana Nayak,66,M
23838,29137,Joseph Bhat,6,F
23841,29139,Basavaraj Kulkarni,71,F
23842,29139,Fatima Naik,6,M
23843,29143,Imran Patil,7,M
23846,29145,Imran Hegde,54,F
23847,29145,Yashwanth Nayak,62,F
23849,29147,Vinutha Shetty,31,F
23851,29149,Lakshmi Gowda,36,M
23852,29151,Nagaraj Kulkarni,47,M
23854,29153,Manjunath Nayak,23,F
23856,29155,Basavaraj Patil,53,M
23859,29157,Mary Gowda,53,M
23861,29159,Kiran Bhat,73,F
23862,29161,Fatima Patil,43,M
23864,29163,Shivakumar Rao,34,M
23865,29165,Imran Hegde,37,M
23866,29165,Lakshmi Shetty,67,M
23869,29167,Shivakumar Rao,61,F
23871,29171,Deepak Reddy,30,M
23873,29173,Vinutha Desai,67,F
23874,29175,Fatima Naik,36,M
23875,29175,Imran Rao,54,M
23877,29177,Deepak Reddy,40,F
23879,29179,Yashwanth Desai,27,M
23881,29183,Yashwanth Patil,55,F
23883,29185,Girish Desai,9,M
23884,29185,Suresh Prasad,41,F
23890,29195,Bhavana Kumar,44,M
23891,29199,Deepak Kulkarni,34,M
23892,29201,Lakshmi Reddy,56,M
23894,29203,Shivakumar Shetty,15,F
23896,29205,Manjunath Reddy,44,M
23897,29207,Fatima Kumar,50,F
23900,29213,Pooja Prasad,69,M
23901,29213,Chetan Prasad,70,M
23904,29215,Vinutha Patil,73,M
23906,29217,Pooja Bhat,62,F
23908,29221,Imran Murthy,63,M
23910,29223,Ravi Naik,62,F
23912,29225,Bhavana Iyengar,18,F
23915,29233,Girish Patil,17,M
23916,29235,Mary Prasad,34,F
23919,29237,Anitha Naik,40,M
23921,29239,Kiran Bhat,17,F
23923,29245,Suresh Kulkarni,69,M
23925,29247,Lakshmi Kulkarni,6,F
23926,29247,Pooja Reddy,46,M
23931,29257,Manjunath Patil,48,M
23932,29257,Lakshmi Rao,55,F
23933,29259,Mary Patil,11,F
23935,29261,Shivakumar Naik,31,M
23938,29263,Yashwanth Murthy,74,F
23940,29265,Girish Rao,16,M
23942,29267,Deepak Patil,40,F
23945,29269,Ashwini Kumar,69,F
23948,29273,Pooja Patil,73,M
23950,29275,Pooja Nayak,28,F
23952,29277,Imran Kulkarni,36,M
23953,29279,Suresh Rao,30,F
23954,29281,Pooja Prasad,41,M
23955,29281,Joseph Desai,17,M
23958,29283,Deepak Bhat,56,F
23959,29283,Basavaraj Prasad,54,F
23961,29285,Suresh Prasad,63,M
23962,29285,Mary Naik,36,M
23964,29289,Ashwini Gowda,67,M
23966,29291,Ravi Desai,26,F
23969,29293,Chetan Nayak,11,M
23970,29295,Bhavana Nayak,20,M
23972,29299,Ashwini Hegde,35,F
23974,29303,Deepak Shetty,5,F
23977,29305,Bhavana Hegde,14,F
23978,29305,Deepak Gowda,44,M
23980,29313,Imran Gowda,54,F
23985,29319,Prakash Naik,9,F
23986,29321,Lakshmi Bhat,36,M
23987,29321,Yashwanth Desai,12,F
23989,29323,Ashwini Desai,43,F
23991,29331,Mary Bhat,9,M
23992,29331,Chetan Shetty,29,M
23993,29333,Pooja Iyengar,21,M
23996,29337,Ashwini Kumar,6,F
23997,29339,Basavaraj Iyengar,52,M
24000,29343,Kiran Rao,66,F
24003,29345,Fatima Gowda,33,F
24004,29347,Vinutha Prasad,71,F
24005,29349,Rekha Desai,20,F
24007,29351,Prakash Kumar,71,F
24009,29353,Prakash Bhat,48,M
24012,29355,Shivakumar Reddy,6,M
24014,29357,Rekha Prasad,33,F
24015,29357,Vinutha Kulkarni,20,F
24016,29359,Nagaraj Hegde,22,M
24018,29361,Ashwini Prasad,47,M
24021,29363,Joseph Prasad,21,F
24022,29365,Lakshmi Shetty,56,F
24023,29367,Fatima Shetty,32,M
24024,29369,Fatima Iyengar,21,F
24026,29371,Ashwini Prasad,74,M
24031,29377,Fatima Kulkarni,13,M
24034,29381,Imran Reddy,50,F
24036,29383,Ravi Gowda,41,F
24037,29383,Mary Bhat,22,F
24040,29387,Fatima Shetty,5,M
24043,29391,Imran Gowda,74,M
24044,29393,Kiran Desai,24,M
24048,29397,Manjunath Nayak,13,F
24049,29397,Lakshmi Desai,72,F
24051,29401,Girish Iyengar,68,M
24053,29403,Joseph Naik,23,M
24060,29411,Deepak Hegde,67,M
24063,29413,Girish Murthy,61,F
24064,29413,Pooja Hegde,37,M
24069,29419,Deepak Prasad,69,F
24070,29419,Imran Rao,62,M
24072,29421,Vinutha Reddy,8,M
24073,29423,Kiran Gowda,61,M
24075,29429,Nagaraj Prasad,53,F
24076,29431,Imran Bhat,51,M
24078,29433,Anitha Hegde,74,F
24080,29435,Bhavana Prasad,63,M
24081,29437,Kiran Murthy,22,F
24082,29437,Anitha Kulkarni,32,M
24085,29439,Suresh Hegde,17,F
24098,29461,Fatima Bhat,61,F
24099,29463,Ravi Patil,5,M
24101,29465,Ashwini Reddy,31,M
24105,29469,Ravi Desai,51,F
24106,29469,Joseph Reddy,28,M
24109,29475,Deepak Gowda,27,F
24110,29477,Nagaraj Murthy,20,F
24111,29477,Anitha Naik,73,M
24114,29481,Lakshmi Reddy,16,M
24116,29483,Basavaraj Patil,64,M
24117,29483,Pooja Rao,46,M
24118,29485,Rekha Gowda,37,M
24119,29485,Anitha Reddy,40,M
24120,29487,Chetan Gowda,12,M
24122,29489,Deepak Rao,71,M
24124,29491,Joseph Reddy,49,F
24125,29493,Bhavana Kumar,46,M
24126,29495,Imran Murthy,52,F
24128,29497,Anitha Iyengar,66,M
24130,29499,Ravi Hegde,61,F
24131,29501,Pooja Naik,41,M
24133,29503,Deepak Prasad,29,F
24134,29503,Kiran Kulkarni,66,F
24136,29505,Fatima Nayak,27,M
24138,29507,Ravi Murthy,59,M
24139,29507,Kiran Kulkarni,28,M
24141,29509,Suresh Gowda,55,F
24146,29517,Basavaraj Iyengar,73,F
24149,29519,Chetan Murthy,9,M
24154,29525,Joseph Naik,28,M
24156,29527,Ashwini Kulkarni,68,M
24159,29533,Chetan Naik,59,M
24164,29541,Ravi Gowda,13,F
24165,29543,Yashwanth Reddy,56,F
24166,29545,Kiran Nayak,15,M
24170,29551,Basavaraj Prasad,38,F
24173,29557,Yashwanth Rao,56,M
24176,29559,Suresh Hegde,21,F
24177,29559,Mary Reddy,43,M
24179,29561,Joseph Nayak,7,M
24181,29563,Suresh Shetty,32,F
24183,29565,Basavaraj Murthy,38,F
24185,29567,Imran Kulkarni,58,F
24186,29567,Manjunath Shetty,15,M
24187,29569,Manjunath Nayak,10,F
24189,29571,Vinutha Iyengar,15,F
24191,29573,Kiran Shetty,36,M
24192,29573,Anitha Kumar,73,F
24193,29575,Suresh Naik,63,F
24194,29575,Pooja Hegde,5,M
24196,29577,Ravi Nayak,41,F
24197,29577,Ashwini Prasad,5,F
24199,29581,Shivakumar Kulkarni,35,F
24201,29583,Imran Gowda,67,F
24202,29585,Ravi Shetty,10,F
24204,29589,Nagaraj Prasad,8,F
24205,29591,Suresh Shetty,33,M
24207,29593,Fatima Kumar,74,F
24211,29597,Deepak Prasad,5,F
24213,29599,Girish Prasad,36,F
24214,29599,Prakash Reddy,30,M
24217,29607,Fatima Naik,67,F
24219,29609,Yashwanth Naik,13,M
24224,29615,Ashwini Prasad,5,M
24225,29615,Yashwanth Desai,50,F
24228,29617,Deepak Hegde,34,M
24230,29619,Chetan Iyengar,25,M
24234,29623,Kiran Shetty,41,M
24236,29625,Joseph Iyengar,23,M
24237,29627,Manjunath Bhat,22,F
24238,29629,Deepak Gowda,32,F
24239,29631,Lakshmi Nayak,33,M
24240,29633,Vinutha Shetty,69,F
24241,29635,Suresh Murthy,53,M
24242,29637,Joseph Prasad,35,F
24243,29639,Mary Patil,58,F
24245,29641,Rekha Murthy,75,M
24247,29643,Ravi Iyengar,43,M
24248,29647,Prakash Desai,57,F
24249,29647,Deepak Shetty,21,M
24251,29651,Bhavana Naik,14,F
24252,29653,Fatima Kumar,30,M
24253,29653,Nagaraj Reddy,35,M
24254,29655,Rekha Shetty,25,F
24255,29655,Fatima Hegde,54,M
24256,29657,Shivakumar Prasad,24,M
24259,29665,Pooja Nayak,58,F
24260,29667,Manjunath Kulkarni,37,M
24261,29667,Yashwanth Shetty,41,F
24262,29671,Lakshmi Iyengar,58,F
24265,29673,Shivakumar Kumar,24,M
24267,29675,Chetan Hegde,20,M
24268,29677,Girish Murthy,27,F
24269,29677,Bhavana Nayak,46,F
24271,29681,Vinutha Shetty,44,M
24272,29681,Ashwini Rao,14,F
24275,29683,Vinutha Naik,55,F
24276,29683,Manjunath Prasad,26,M
24278,29689,Bhavana Reddy,45,F
24279,29689,Joseph Nayak,24,F
24282,29691,Joseph Kulkarni,47,F
24283,29693,Ravi Iyengar,29,F
24284,29693,Kiran Hegde,20,M
24286,29695,Manjunath Prasad,10,M
24288,29699,Rekha Bhat,21,F
24289,29699,Vinutha Naik,43,F
24290,29701,Prakash Murthy,49,M
24294,29705,Mary Gowda,41,M
24295,29705,Shivakumar Murthy,13,M
24297,29707,Nagaraj Kulkarni,48,M
24298,29709,Suresh Kumar,23,M
24302,29713,Suresh Reddy,59,F
24303,29713,Shivakumar Gowda,65,F
24309,29719,Lakshmi Kulkarni,70,M
24313,29725,Vinutha Hegde,56,F
24314,29725,Ravi Kulkarni,25,M
24315,29727,Anitha Kumar,15,F
24318,29729,Ashwini Naik,12,M
24319,29731,Fatima Patil,65,F
24320,29731,Mary Iyengar,64,F
24322,29733,Girish Rao,69,F
24323,29733,Nagaraj Gowda,59,M
24325,29735,Prakash Kumar,72,M
24330,29739,Prakash Prasad,10,M
24331,29739,Imran Kumar,17,F
24333,29741,Manjunath Gowda,29,F
24335,29745,Girish Desai,25,F
24336,29747,Pooja Murthy,59,F
24337,29747,Nagaraj Desai,10,F
24339,29749,Yashwanth Kulkarni,59,M
24340,29749,Mary Prasad,59,F
24342,29751,Imran Iyengar,68,M
24345,29757,Rekha Rao,12,F
24346,29757,Chetan Rao,62,F
24347,29759,Manjunath Naik,62,M
24349,29761,Fatima Reddy,11,M
24352,29763,Imran Murthy,68,F
24354,29765,Deepak Prasad,5,M
24355,29767,Bhavana Kumar,15,M
24357,29769,Imran Hegde,65,F
24358,29771,Lakshmi Murthy,24,M
24359,29771,Mary Desai,52,M
24360,29773,Joseph Iyengar,35,F
24361,29773,Mary Patil,27,M
24362,29775,Shivakumar Rao,20,M
24363,29777,Yashwanth Desai,22,F
24364,29777,Fatima Murthy,71,F
24365,29779,Lakshmi Bhat,41,F
24367,29785,Deepak Reddy,28,F
24370,29787,Kiran Bhat,67,M
24371,29789,Nagaraj Nayak,55,F
24373,29793,Ravi Kulkarni,43,M
24376,29795,Joseph Naik,45,F
24378,29797,Yashwanth Nayak,39,M
24379,29799,Girish Shetty,70,M
24380,29801,Lakshmi Naik,28,F
24382,29805,Imran Iyengar,49,M
24385,29809,Suresh Desai,24,M
24387,29813,Shivakumar Desai,20,M
24388,29813,Deepak Reddy,37,F
24390,29815,Girish Murthy,28,M
24391,29815,Mary Hegde,40,F
24394,29817,Rekha Gowda,32,M
24395,29821,Rekha Rao,25,M
24396,29823,Bhavana Prasad,27,F
24399,29827,Joseph Rao,38,M
24401,29829,Pooja Shetty,45,M
24402,29829,Chetan Iyengar,70,M
24404,29831,Rekha Rao,74,F
24405,29831,Nagaraj Reddy,30,M
24407,29833,Prakash Murthy,40,F
24408,29837,Yashwanth Murthy,18,M
24409,29839,Imran Kumar,75,M
24411,29841,Suresh Bhat,28,M
24415,29845,Vinutha Nayak,36,M
24417,29847,Pooja Desai,64,F
24420,29849,Imran Kulkarni,27,M
24421,29849,Pooja Patil,5,F
24425,29853,Rekha Iyengar,10,M
24426,29853,Ashwini Iyengar,6,F
24427,29857,Shivakumar Naik,61,M
24429,29859,Deepak Gowda,59,M
24430,29861,Girish Reddy,60,F
24435,29867,Chetan Shetty,42,F
24437,29869,Suresh Murthy,62,F
24439,29871,Imran Shetty,43,M
24442,29875,Anitha Kulkarni,23,M
24446,29879,Mary Shetty,14,F
24447,29879,Manjunath Reddy,15,F
24452,29885,Ravi Iyengar,69,F
24454,29887,Fatima Prasad,71,F
24455,29889,Kiran Kulkarni,36,F
24456,29889,Kiran Shetty,33,F
24460,29895,Vinutha Prasad,8,M
24461,29895,Ravi Rao,19,F
24463,29897,Yashwanth Patil,17,M
24466,29901,Suresh Patil,67,M
24469,29905,Shivakumar Kulkarni,44,F
24470,29907,Shivakumar Kulkarni,28,M
24471,29909,Suresh Reddy,68,M
24473,29915,Shivakumar Hegde,75,M
24475,29917,Vinutha Reddy,68,M
24476,29919,Ravi Hegde,37,F
24480,29923,Girish Patil,75,M
24481,29923,Fatima Rao,61,F
24483,29925,Imran Bhat,44,M
24485,29927,Deepak Murthy,21,M
24487,29929,Ashwini Rao,15,F
24488,29933,Basavaraj Desai,7,M
24489,29935,Girish Bhat,58,F
24491,29937,Manjunath Kumar,56,F
24492,29937,Basavaraj Hegde,61,F
24496,29941,Suresh Nayak,31,M
24497,29941,Mary Reddy,32,M
24500,29947,Chetan Hegde,53,F
24503,29951,Basavaraj Iyengar,43,F
24505,29953,Pooja Reddy,50,M
24507,29957,Ashwini Hegde,22,M
24509,29959,Kiran Nayak,31,F
24514,29965,Mary Murthy,14,F
24517,29967,Ashwini Iyengar,48,F
24518,29967,Manjunath Desai,20,F
24520,29971,Mary Rao,23,F
24523,29973,Kiran Kulkarni,43,M
24524,29975,Ashwini Shetty,39,M
24526,29979,Pooja Nayak,17,M
24528,29981,Basavaraj Iyengar,34,M
24532,29985,Ashwini Gowda,10,M
24533,29985,Anitha Hegde,24,M
24534,29987,Suresh Kulkarni,45,M
24535,29993,Suresh Bhat,52,F
24536,29995,Prakash Bhat,52,F
24539,29997,Shivakumar Desai,43,F
24542,29999,Ravi Shetty,38,M
24544,30003,Vinutha Kumar,29,F
24546,30005,Joseph Patil,48,M
24547,30005,Anitha Patil,70,F
24550,30011,Bhavana Iyengar,64,M
24552,30013,Bhavana Iyengar,44,F
24554,30015,Vinutha Bhat,57,M
24555,30017,Anitha Nayak,32,F
24558,30019,Shivakumar Naik,60,M
24561,30023,Kiran Naik,17,M
24566,30033,Ravi Shetty,46,F
24569,30039,Vinutha Shetty,46,F
24570,30039,Anitha Kulkarni,69,M
24572,30043,Basavaraj Murthy,46,M
24573,30043,Shivakumar Reddy,46,F
24577,30047,Prakash Reddy,61,F
24578,30047,Imran Murthy,26,M
24580,30049,Manjunath Rao,47,M
24584,30057,Anitha Bhat,27,F
24585,30059,Suresh Desai,23,F
24586,30059,Rekha Reddy,72,M
24588,30063,Imran Prasad,22,M
24589,30063,Basavaraj Gowda,19,M
24592,30069,Manjunath Nayak,43,F
24594,30071,Prakash Kumar,35,F
24595,30071,Mary Patil,9,F
24598,30075,Ashwini Kumar,15,F
24601,30077,Ravi Hegde,39,M
24603,30079,Fatima Patil,56,F
24605,30081,Yashwanth Hegde,40,F
24607,30083,Suresh Nayak,23,F
24610,30085,Kiran Kulkarni,55,M
24612,30087,Chetan Kumar,42,F
24615,30093,Bhavana Rao,44,F
24617,30097,Chetan Shetty,67,F
24619,30101,Bhavana Murthy,34,F
24621,30103,Manjunath Patil,48,M
24625,30109,Imran Iyengar,60,F
24627,30111,Girish Hegde,65,M
24628,30111,Fatima Reddy,23,F
24634,30125,Anitha Bhat,62,M
24635,30127,Anitha Iyengar,23,M
24636,30127,Chetan Patil,64,M
24639,30135,Chetan Shetty,29,F
24640,30135,Joseph Desai,9,F
24641,30137,Anitha Prasad,33,M
24642,30139,Anitha Nayak,61,M
24645,30143,Imran Prasad,54,F
24649,30149,Fatima Kumar,64,M
24650,30151,Pooja Patil,51,M
24653,30155,Manjunath Murthy,42,M
24654,30157,Vinutha Kumar,26,M
24656,30159,Pooja Hegde,27,F
24658,30163,Lakshmi Gowda,34,F
24659,30165,Pooja Hegde,54,F
24661,30167,Vinutha Kumar,13,F
24662,30167,Mary Kulkarni,33,F
24665,30171,Yashwanth Patil,5,F
24666,30171,Manjunath Naik,71,M
24667,30173,Prakash Hegde,20,F
24668,30175,Fatima Nayak,63,M
24669,30175,Ravi Bhat,72,M
24672,30179,Vinutha Shetty,45,F
24675,30183,Vinutha Naik,69,M
24679,30189,Ravi Patil,30,M
24680,30189,Bhavana Kulkarni,39,M
24682,30191,Nagaraj Shetty,71,F
24683,30193,Bhavana Gowda,32,F
24685,30197,Manjunath Naik,54,M
24688,30201,Vinutha Desai,11,F
24691,30203,Rekha Desai,57,F
24695,30209,Ravi Prasad,42,M
24696,30209,Kiran Iyengar,32,F
24698,30215,Pooja Naik,13,M
24700,30217,Kiran Iyengar,62,M
24701,30219,Deepak Reddy,47,F
24703,30221,Kiran Nayak,16,F
24704,30221,Ashwini Naik,44,M
24706,30225,Pooja Hegde,16,M
24708,30227,Girish Shetty,51,F
24711,30229,Girish Kumar,30,M
24713,30231,Shivakumar Prasad,15,F
24714,30231,Fatima Prasad,60,M
24716,30233,Deepak Patil,18,F
24717,30235,Fatima Kulkarni,54,M
24718,30235,Nagaraj Desai,75,F
24720,30237,Nagaraj Hegde,70,M
24721,30239,Lakshmi Patil,35,M
24723,30243,Mary Reddy,10,F
24724,30243,Chetan Reddy,31,F
24726,30245,Chetan Kumar,7,F
24727,30245,Mary Naik,57,F
24731,30249,Girish Shetty,16,M
24733,30251,Shivakumar Desai,57,M
24734,30253,Pooja Patil,68,F
24736,30255,Manjunath Desai,48,F
24740,30261,Lakshmi Rao,30,M
24741,30263,Nagaraj Gowda,32,F
24742,30265,Girish Kumar,45,M
24743,30265,Ravi Reddy,53,F
24744,30267,Mary Prasad,41,M
24745,30267,Yashwanth Gowda,61,M
24749,30273,Suresh Iyengar,54,F
24752,30277,Ashwini Kumar,50,M
24754,30279,Rekha Prasad,32,F
24755,30281,Lakshmi Hegde,21,F
24758,30285,Shivakumar Rao,57,M
24759,30287,Imran Naik,25,F
24760,30289,Imran Bhat,23,M
24763,30291,Bhavana Bhat,68,F
24766,30295,Ravi Prasad,23,M
24768,30297,Suresh Bhat,59,F
24770,30299,Girish Patil,44,F
24773,30303,Joseph Naik,20,F
24776,30305,Basavaraj Iyengar,68,F
24778,30307,Suresh Murthy,44,F
24779,30309,Deepak Naik,9,F
24780,30309,Yashwanth Prasad,63,M
24783,30313,Lakshmi Patil,6,F
24785,30315,Rekha Shetty,67,M
24787,30317,Ashwini Kumar,41,F
24790,30327,Pooja Nayak,22,F
24791,30329,Girish Iyengar,8,F
24792,30329,Chetan Reddy,40,M
24793,30331,Deepak Desai,37,F
24796,30335,Anitha Shetty,74,M
24798,30337,Mary Bhat,25,M
24799,30339,Ravi Bhat,59,M
24802,30343,Suresh Murthy,64,F
24803,30343,Imran Gowda,20,M
24805,30347,Yashwanth Rao,30,M
24806,30349,Nagaraj Shetty,26,M
24808,30351,Manjunath Murthy,74,F
24810,30353,Deepak Patil,32,F
24811,30353,Yashwanth Prasad,57,F
24813,30355,Deepak Bhat,59,F
24814,30357,Mary Hegde,62,F
24815,30357,Prakash Nayak,29,F
24817,30359,Vinutha Gowda,70,F
24820,30363,Chetan Naik,43,F
24821,30363,Kiran Hegde,56,F
24823,30365,Rekha Prasad,18,F
24824,30367,Girish Desai,36,M
24825,30369,Imran Bhat,44,F
24827,30373,Prakash Naik,7,F
24828,30373,Yashwanth Nayak,16,M
24830,30375,Prakash Rao,12,F
24832,30377,Kiran Shetty,37,F
24835,30381,Deepak Iyengar,8,F
24837,30383,Prakash Nayak,64,F
24839,30385,Mary Iyengar,22,F
24840,30387,Basavaraj Patil,30,M
24844,30393,Imran Desai,48,F
24845,30395,Shivakumar Nayak,54,F
24848,30397,Manjunath Desai,58,M
24850,30399,Manjunath Rao,10,M
24853,30403,Ravi Naik,75,M
24855,30407,Imran Iyengar,19,M
24856,30409,Deepak Nayak,65,F
24860,30413,Suresh Shetty,72,M
24861,30415,Kiran Desai,38,F
24865,30421,Basavaraj Kumar,75,F
24866,30421,Lakshmi Reddy,50,F
24867,30423,Lakshmi Prasad,37,M
24868,30423,Yashwanth Naik,11,M
24870,30425,Bhavana Gowda,45,M
24873,30427,Vinutha Desai,42,F
24874,30429,Rekha Bhat,60,F
24876,30433,Joseph Kumar,32,M
24878,30437,Lakshmi Desai,71,F
24881,30439,Kiran Gowda,44,M
24884,30445,Anitha Prasad,30,F
24888,30453,Anitha Iyengar,16,M
24890,30455,Joseph Murthy,37,M
24891,30455,Suresh Bhat,19,M
24892,30457,Girish Gowda,75,F
24894,30459,Yashwanth Kumar,51,M
24896,30463,Pooja Reddy,52,M
24898,30465,Ravi Desai,56,F
24904,30471,Rekha Prasad,31,F
24906,30473,Joseph Gowda,41,M
24908,30475,Anitha Kumar,72,M
24909,30477,Lakshmi Patil,69,M
24910,30477,Vinutha Naik,24,F
24912,30481,Kiran Bhat,13,F
24913,30483,Yashwanth Reddy,23,F
24914,30485,Prakash Patil,30,M
24915,30487,Yashwanth Kulkarni,61,M
24916,30489,Lakshmi Naik,46,M
24919,30491,Pooja Murthy,32,M
24922,30495,Pooja Rao,39,F
24925,30501,Ashwini Bhat,21,M
24927,30505,Yashwanth Naik,48,M
24929,30509,Ravi Reddy,64,F
24930,30509,Deepak Rao,26,M
24931,30511,Bhavana Prasad,13,M
24932,30511,Fatima Kumar,6,M
24933,30513,Anitha Prasad,75,F
24935,30515,Ashwini Kulkarni,72,F
24936,30515,Ravi Gowda,22,M
24940,30519,Vinutha Murthy,35,M
24941,30519,Girish Bhat,55,F
24944,30521,Ravi Bhat,37,F
24945,30521,Fatima Gowda,36,F
24948,30527,Basavaraj Desai,23,F
24951,30529,Anitha Rao,75,F
24952,30531,Ashwini Prasad,39,F
24953,30531,Vinutha Reddy,29,F
24956,30533,Anitha Gowda,7,M
24957,30535,Nagaraj Iyengar,64,M
24958,30537,Manjunath Bhat,70,M
24959,30539,Manjunath Bhat,43,M
24961,30541,Ashwini Naik,58,M
24963,30543,Chetan Gowda,7,M
24965,30547,Anitha Desai,7,M
24967,30549,Prakash Rao,53,M
24968,30551,Imran Gowda,27,F
24974,30561,Anitha Prasad,19,M
24975,30563,Imran Gowda,57,F
24980,30569,Lakshmi Desai,40,M
24981,30569,Ashwini Desai,60,M
24982,30571,Prakash Reddy,11,M
24984,30573,Ashwini Kumar,20,M
24985,30575,Vinutha Rao,51,M
24987,30577,Suresh Bhat,61,M
24990,30583,Ravi Kulkarni,30,M
24992,30585,Imran Nayak,59,M
24993,30585,Chetan Hegde,30,M
24995,30587,Girish Naik,45,F
24996,30587,Lakshmi Rao,37,M
25000,30591,Kiran Prasad,30,M
25002,30593,Mary Desai,23,M
25003,30593,Kiran Kumar,16,M
25005,30597,Shivakumar Reddy,71,M
25007,30599,Ravi Iyengar,9,F
25010,30603,Imran Murthy,48,F
25012,30605,Shivakumar Shetty,9,F
25013,30607,Chetan Hegde,69,F
25014,30609,Manjunath Naik,57,F
25016,30611,Shivakumar Naik,31,M
25017,30613,Ashwini Hegde,36,F
25021,30621,Imran Rao,52,F
25022,30623,Chetan Hegde,32,M
25025,30625,Shivakumar Patil,6,M
25028,30629,Nagaraj Murthy,9,F
25031,30631,Bhavana Prasad,44,F
25033,30633,Anitha Gowda,37,F
25035,30635,Shivakumar Nayak,42,M
25036,30639,Fatima Naik,38,M
25037,30641,Kiran Desai,30,M
25040,30645,Basavaraj Naik,7,M
25041,30645,Ashwini Murthy,30,M
25043,30647,Ashwini Prasad,16,F
25048,30653,Yashwanth Bhat,15,M
25050,30655,Suresh Bhat,55,F
25051,30655,Fatima Desai,73,M
25053,30657,Mary Rao,6,F
25056,30659,Lakshmi Patil,30,M
25058,30661,Suresh Kulkarni,10,F
25064,30667,Rekha Reddy,37,M
25065,30669,Shivakumar Gowda,34,M
25066,30671,Rekha Murthy,30,F
25069,30673,Imran Kulkarni,69,F
25070,30675,Imran Kumar,15,M
25071,30675,Rekha Patil,24,F
25072,30677,Imran Kulkarni,71,M
25074,30679,Girish Patil,16,M
25075,30683,Fatima Patil,51,M
25076,30683,Shivakumar Patil,39,F
25077,30685,Ravi Murthy,35,M
25081,30689,Girish Kulkarni,7,F
25084,30693,Kiran Desai,27,M
25085,30695,Ashwini Kulkarni,9,F
25086,30695,Bhavana Nayak,75,F
25092,30701,Girish Patil,16,M
25093,30701,Nagaraj Murthy,32,F
25095,30703,Fatima Reddy,35,F
25096,30705,Imran Bhat,55,M
25097,30705,Vinutha Gowda,18,M
25099,30707,Kiran Shetty,61,F
25101,30709,Fatima Iyengar,60,F
25102,30709,Ravi Kumar,41,F
25104,30717,Ashwini Desai,44,M
25106,30719,Chetan Kumar,33,M
25109,30725,Deepak Nayak,52,F
25112,30727,Nagaraj Rao,7,M
25114,30729,Kiran Patil,22,F
25115,30733,Mary Iyengar,38,M
25117,30737,Nagaraj Kulkarni,54,M
25119,30739,Girish Hegde,57,M
25122,30743,Ashwini Prasad,71,M
25123,30745,Lakshmi Kumar,26,F
25125,30747,Ashwini Hegde,50,M
25126,30751,Fatima Desai,24,M
25128,30753,Imran Naik,18,F
25129,30753,Fatima Rao,21,F
25132,30759,Yashwanth Bhat,26,M
25133,30763,Girish Rao,57,F
25135,30765,Vinutha Prasad,53,F
25136,30767,Suresh Hegde,16,F
25140,30775,Deepak Rao,65,F
25141,30777,Lakshmi Gowda,53,F
25144,30779,Suresh Kulkarni,55,F
25147,30787,Imran Murthy,14,F
25149,30789,Kiran Kumar,26,F
25150,30791,Nagaraj Desai,57,M
25151,30793,Manjunath Gowda,31,F
25152,30793,Pooja Iyengar,17,M
25154,30797,Imran Reddy,63,F
25155,30797,Joseph Rao,11,M
25157,30801,Bhavana Prasad,56,F
25158,30801,Ravi Iyengar,70,F
25159,30803,Suresh Naik,52,M
25161,30805,Joseph Kulkarni,73,M
25164,30809,Imran Rao,21,F
25165,30809,Manjunath Patil,47,M
25171,30817,Rekha Iyengar,48,F
25173,30819,Rekha Desai,16,F
25175,30821,Yashwanth Gowda,23,M
25177,30823,Kiran Shetty,31,M
25179,30825,Pooja Kulkarni,24,M
25180,30827,Joseph Rao,31,F
25181,30829,Nagaraj Hegde,12,F
25182,30829,Anitha Kumar,19,M
25185,30831,Deepak Prasad,43,F
25187,30833,Anitha Murthy,60,F
25190,30839,Bhavana Naik,51,M
25191,30839,Ravi Prasad,28,M
25194,30841,Shivakumar Desai,41,M
25196,30843,Bhavana Gowda,65,M
25200,30847,Mary Kumar,31,F
25203,30851,Pooja Reddy,29,M
25205,30853,Yashwanth Kumar,67,F
25206,30855,Kiran Iyengar,12,M
25208,30857,Anitha Prasad,52,F
25211,30859,Lakshmi Shetty,6,F
25212,30861,Basavaraj Murthy,22,F
25213,30861,Joseph Patil,68,M
25215,30863,Yashwanth Shetty,27,F
25218,30865,Chetan Naik,14,F
25221,30867,Yashwanth Shetty,39,M
25222,30869,Lakshmi Rao,32,M
25223,30873,Vinutha Iyengar,28,F
25224,30875,Prakash Prasad,54,F
25225,30879,Manjunath Kulkarni,23,M
25227,30881,Nagaraj Kulkarni,33,F
25229,30883,Girish Murthy,36,F
25232,30887,Manjunath Prasad,73,F
25234,30889,Mary Bhat,66,M
25235,30889,Suresh Patil,73,F
25238,30893,Pooja Rao,29,F
25241,30895,Ashwini Rao,42,M
25242,30897,Ravi Hegde,61,F
25244,30899,Imran Bhat,47,F
25249,30909,Lakshmi Patil,54,F
25250,30909,Deepak Gowda,33,F
25251,30911,Mary Gowda,31,F
25252,30913,Rekha Iyengar,39,F
25254,30915,Joseph Hegde,48,M
25255,30915,Manjunath Nayak,15,F
25257,30921,Manjunath Desai,7,M
25261,30927,Shivakumar Iyengar,39,F
25262,30929,Yashwanth Kumar,46,F
25266,30933,Bhavana Bhat,60,M
25267,30933,Nagaraj Gowda,61,M
25269,30935,Chetan Prasad,60,M
25270,30939,Lakshmi Murthy,34,M
25271,30941,Manjunath Hegde,5,F
25272,30943,Joseph Murthy,31,M
25274,30945,Ashwini Hegde,75,M
25276,30947,Ashwini Rao,33,F
25277,30949,Pooja Murthy,61,M
25280,30951,Basavaraj Prasad,33,F
25281,30951,Manjunath Kulkarni,67,F
25283,30953,Vinutha Prasad,63,F
25285,30955,Yashwanth Desai,16,F
25286,30959,Suresh Bhat,59,M
25288,30961,Girish Patil,21,F
25290,30965,Mary Desai,69,M
25292,30969,Deepak Nayak,22,F
25294,30973,Fatima Kumar,46,F
25295,30975,Anitha Patil,74,F
25298,30979,Shivakumar Patil,29,F
25300,30981,Ashwini Bhat,15,M
25303,30983,Joseph Kulkarni,9,M
25304,30983,Mary Hegde,9,M
25307,30989,Ashwini Prasad,28,M
25309,30997,Imran Nayak,58,F
25310,30999,Ashwini Prasad,11,M
25311,30999,Manjunath Desai,65,M
25312,31001,Manjunath Rao,6,F
25314,31003,Manjunath Naik,49,F
25315,31003,Basavaraj Reddy,72,F
25317,31005,Anitha Kulkarni,40,M
25320,31007,Lakshmi Shetty,70,F
25321,31007,Manjunath Gowda,46,M
25323,31009,Chetan Patil,37,M
25324,31011,Prakash Iyengar,46,M
25326,31013,Lakshmi Shetty,9,F
25328,31015,Rekha Gowda,6,F
25329,31017,Chetan Hegde,18,M
25331,31021,Chetan Kumar,34,F
25332,31021,Deepak Patil,57,F
25334,31023,Nagaraj Prasad,45,F
25337,31025,Suresh Desai,13,M
25342,31031,Girish Iyengar,34,M
25343,31033,Chetan Rao,14,M
25344,31033,Joseph Murthy,27,F
25346,31037,Ashwini Kumar,5,M
25347,31039,Imran Reddy,16,F
25348,31039,Joseph Iyengar,27,M
25350,31041,Girish Prasad,12,M
25352,31045,Girish Iyengar,48,F
25353,31045,Lakshmi Naik,15,F
25355,31047,Yashwanth Gowda,28,F
25356,31049,Girish Reddy,21,M
25359,31053,Bhavana Iyengar,61,M
25362,31055,Ashwini Naik,10,F
25365,31061,Rekha Reddy,15,F
25368,31065,Prakash Hegde,35,F
25369,31065,Vinutha Naik,35,F
25370,31067,Ravi Patil,13,F
25371,31071,Lakshmi Nayak,47,M
25373,31073,Lakshmi Gowda,57,F
25375,31075,Manjunath Prasad,74,M
25378,31077,Vinutha Patil,62,F
25379,31077,Chetan Gowda,33,F
25382,31079,Joseph Patil,8,F
25383,31079,Suresh Hegde,68,M
25386,31083,Bhavana Kulkarni,58,F
25387,31083,Bhavana Shetty,8,F
25388,31085,Pooja Kumar,17,M
25390,31087,Kiran Kumar,47,F
25391,31089,Ravi Gowda,20,F
25395,31097,Yashwanth Hegde,45,M
25396,31101,Rekha Kulkarni,58,F
25397,31103,Bhavana Rao,22,F
25398,31103,Deepak Desai,58,F
25400,31107,Yashwanth Iyengar,56,M
25403,31109,Fatima Nayak,58,M
25404,31109,Rekha Reddy,71,F
25406,31113,Fatima Gowda,57,M
25407,31113,Chetan Kumar,69,F
25408,31115,Ravi Rao,62,M
25409,31115,Imran Hegde,74,F
25411,31119,Girish Patil,57,M
25412,31119,Nagaraj Gowda,49,M
25414,31123,Girish Kumar,50,F
25416,31125,Prakash Rao,16,M
25418,31131,Lakshmi Kumar,13,M
25419,31131,Pooja Shetty,38,M
25421,31135,Bhavana Reddy,72,M
25422,31135,Chetan Gowda,56,M
25425,31145,Imran Kulkarni,16,M
25426,31145,Bhavana Murthy,71,M
25428,31147,Rekha Naik,6,M
25430,31149,Rekha Shetty,13,F
25433,31151,Imran Iyengar,14,F
25435,31153,Anitha Gowda,58,F
25436,31155,Yashwanth Iyengar,28,F
25437,31155,Basavaraj Reddy,44,F
25439,31157,Chetan Murthy,32,M
25441,31159,Girish Nayak,29,F
25445,31165,Chetan Patil,33,M
25447,31167,Basavaraj Gowda,62,F
25449,31169,Vinutha Naik,58,M
25452,31173,Ravi Hegde,9,F
25455,31177,Chetan Bhat,19,M
25456,31181,Ravi Naik,18,F
25457,31183,Joseph Nayak,6,M
25458,31185,Rekha Reddy,7,M
25460,31187,Shivakumar Gowda,9,M
25463,31189,Kiran Kumar,22,F
25465,31191,Ashwini Gowda,54,M
25466,31193,Anitha Desai,37,M
25470,31197,Manjunath Naik,42,M
25471,31197,Pooja Rao,43,M
25473,31199,Ashwini Kumar,30,F
25475,31201,Nagaraj Hegde,70,F
25481,31209,Chetan Hegde,61,M
25482,31211,Suresh Naik,33,M
25483,31211,Fatima Naik,61,F
25485,31213,Anitha Naik,52,M
25486,31213,Lakshmi Shetty,5,M
25487,31215,Yashwanth Iyengar,42,F
25489,31217,Imran Patil,59,F
25491,31219,Fatima Prasad,60,F
25492,31219,Imran Iyengar,40,M
25494,31221,Shivakumar Naik,19,F
25495,31221,Yashwanth Desai,50,M
25496,31223,Anitha Reddy,29,M
25499,31229,Ravi Hegde,73,M
25500,31233,Mary Rao,43,M
25501,31233,Yashwanth Gowda,51,M
25503,31235,Suresh Patil,60,M
25504,31237,Rekha Gowda,52,F
25505,31237,Fatima Desai,48,F
25507,31239,Joseph Patil,33,F
25508,31241,Imran Bhat,42,M
25509,31243,Anitha Patil,28,M
25512,31247,Girish Rao,38,M
25513,31249,Chetan Nayak,58,M
25514,31249,Anitha Kumar,8,M
25516,31251,Vinutha Iyengar,56,M
25517,31251,Suresh Patil,15,F
25520,31255,Mary Nayak,48,M
25522,31257,Vinutha Rao,10,F
25525,31263,Rekha Prasad,70,M
25528,31269,Anitha Rao,65,M
25532,31275,Pooja Kumar,34,F
25534,31279,Suresh Nayak,61,M
25536,31283,Lakshmi Kumar,69,M
25538,31287,Deepak Gowda,27,F
25539,31289,Chetan Kumar,7,F
25541,31291,Pooja Bhat,68,F
25542,31291,Girish Patil,61,F
25544,31293,Deepak Desai,68,F
25545,31295,Yashwanth Gowda,48,F
25547,31299,Fatima Nayak,75,M
25549,31305,Mary Patil,23,F
25550,31307,Ravi Desai,6,M
25552,31309,Basavaraj Rao,68,F
25553,31311,Manjunath Gowda,65,M
25555,31313,Rekha Kumar,70,M
25557,31315,Vinutha Hegde,22,F
25563,31323,Anitha Nayak,10,M
25566,31325,Manjunath Naik,24,M
25568,31327,Suresh Kumar,32,F
25570,31329,Girish Desai,53,M
25576,31339,Rekha Desai,16,F
25577,31339,Shivakumar Prasad,36,M
25578,31341,Ashwini Shetty,46,M
25579,31341,Girish Rao,58,M
25581,31343,Imran Murthy,72,M
25582,31345,Nagaraj Iyengar,61,F
25585,31347,Mary Kulkarni,20,F
25586,31347,Mary Desai,39,M
25590,31351,Yashwanth Nayak,20,M
25593,31355,Suresh Nayak,34,F
25596,31359,Mary Bhat,18,M
25598,31361,Ashwini Desai,40,M
25604,31371,Suresh Iyengar,17,F
25605,31371,Pooja Patil,30,F
25607,31373,Ashwini Murthy,27,F
25611,31379,Vinutha Reddy,58,M
25612,31379,Manjunath Iyengar,39,M
25615,31383,Deepak Iyengar,12,F
25618,31387,Ashwini Gowda,27,M
25621,31389,Yashwanth Reddy,30,M
25624,31395,Chetan Bhat,68,M
25626,31397,Rekha Desai,24,F
25627,31397,Chetan Gowda,7,M
25630,31399,Vinutha Naik,32,F
25631,31401,Ravi Reddy,16,F
25633,31403,Lakshmi Naik,31,F
25636,31407,Ashwini Prasad,68,F
25637,31411,Basavaraj Shetty,15,M
25642,31421,Lakshmi Kumar,48,F
25643,31423,Nagaraj Prasad,54,M
25645,31429,Manjunath Nayak,75,M
25647,31431,Basavaraj Kumar,26,F
25648,31433,Manjunath Hegde,66,M
25649,31433,Chetan Gowda,18,M
25651,31435,Anitha Iyengar,39,M
25653,31439,Manjunath Patil,48,M
25655,31441,Pooja Murthy,39,M
25656,31441,Ravi Gowda,57,F
25657,31443,Joseph Bhat,8,F
25659,31445,Basavaraj Hegde,53,M
25660,31445,Basavaraj Desai,46,M
25661,31447,Mary Patil,11,F
25662,31449,Basavaraj Reddy,48,F
25665,31455,Joseph Reddy,70,M
25666,31457,Suresh Naik,32,M
25668,31459,Ashwini Nayak,5,M
25671,31463,Imran Hegde,52,M
25675,31469,Nagaraj Gowda,75,M
25676,31469,Bhavana Patil,8,M
25678,31471,Anitha Iyengar,30,F
25681,31473,Yashwanth Shetty,25,M
25682,31473,Ashwini Kulkarni,35,F
25684,31475,Mary Prasad,12,F
25687,31479,Suresh Desai,29,M
25688,31479,Ashwini Prasad,6,F
25690,31481,Lakshmi Iyengar,29,F
25692,31485,Lakshmi Nayak,40,F
25694,31489,Vinutha Patil,20,F
25695,31489,Lakshmi Kumar,5,M
25697,31495,Vinutha Desai,37,M
25698,31495,Mary Shetty,10,M
25699,31499,Rekha Desai,58,M
25701,31501,Ravi Patil,74,F
25703,31507,Anitha Rao,52,F
25704,31507,Chetan Desai,21,M
25706,31511,Lakshmi Prasad,58,F
25708,31513,Girish Bhat,18,F
25709,31513,Basavaraj Patil,61,M
25713,31519,Anitha Gowda,53,F
25715,31521,Vinutha Kumar,61,F
25718,31523,Kiran Kulkarni,45,M
25720,31529,Shivakumar Naik,10,M
25722,31531,Deepak Bhat,66,M
25724,31533,Joseph Murthy,23,M
25729,31541,Vinutha Rao,27,F
25731,31543,Anitha Murthy,50,F
25733,31545,Anitha Kumar,17,M
25735,31547,Suresh Murthy,33,M
25736,31551,Chetan Rao,69,M
25737,31551,Vinutha Kulkarni,25,M
25739,31555,Deepak Naik,60,M
25740,31557,Anitha Patil,63,F
25741,31559,Anitha Bhat,6,F
25743,31561,Imran Nayak,38,F
25745,31563,Rekha Desai,12,F
25748,31567,Basavaraj Nayak,28,M
25752,31575,Manjunath Reddy,29,M
25753,31575,Yashwanth Prasad,45,M
25755,31577,Mary Patil,63,F
25756,31577,Chetan Naik,44,F
25759,31579,Manjunath Reddy,8,F
25764,31585,Vinutha Shetty,52,F
25766,31587,Vinutha Rao,21,F
25767,31589,Vinutha Reddy,30,M
25768,31591,Yashwanth Reddy,61,F
25770,31593,Mary Prasad,69,M
25771,31593,Anitha Shetty,30,M
25777,31599,Fatima Patil,73,F
25780,31603,Prakash Shetty,66,M
25782,31605,Lakshmi Hegde,33,M
25783,31607,Girish Murthy,15,M
25785,31611,Anitha Reddy,53,F
25787,31615,Chetan Nayak,20,M
25789,31621,Shivakumar Kumar,58,M
25795,31629,Imran Naik,16,M
25796,31629,Rekha Kumar,45,M
25798,31631,Suresh Desai,9,F
25800,31633,Shivakumar Desai,50,M
25801,31635,Basavaraj Hegde,37,F
25802,31635,Bhavana Patil,42,M
25804,31639,Rekha Naik,56,F
25807,31641,Imran Desai,20,M
25808,31643,Bhavana Murthy,44,M
25810,31645,Mary Gowda,7,F
25811,31645,Anitha Naik,27,F
25813,31649,Nagaraj Naik,26,F
25814,31649,Yashwanth Bhat,64,F
25817,31651,Manjunath Patil,50,F
25819,31655,Ravi Kumar,59,M
25821,31659,Suresh Hegde,51,F
25823,31661,Pooja Gowda,60,M
25826,31665,Basavaraj Kulkarni,49,F
25827,31665,Imran Rao,63,F
25828,31667,Joseph Shetty,54,F
25829,31669,Shivakumar Kulkarni,67,F
25831,31671,Yashwanth Hegde,74,M
25832,31673,Suresh Kumar,57,F
25835,31677,Vinutha Desai,62,M
25838,31679,Shivakumar Kulkarni,67,F
25840,31681,Girish Murthy,49,M
25842,31683,Prakash Bhat,11,F
25843,31683,Deepak Gowda,56,M
25845,31685,Anitha Rao,32,F
25848,31689,Ravi Bhat,26,F
25852,31705,Suresh Nayak,14,M
25856,31711,Bhavana Hegde,47,F
25857,31711,Basavaraj Reddy,59,M
25858,31713,Chetan Murthy,25,M
25860,31715,Pooja Reddy,51,F
25861,31715,Rekha Shetty,63,M
25866,31723,Imran Shetty,55,M
25868,31725,Manjunath Nayak,14,F
25869,31725,Lakshmi Bhat,48,F
25870,31727,Shivakumar Prasad,62,F
25871,31727,Fatima Reddy,57,M
25874,31731,Nagaraj Nayak,53,M
25876,31733,Shivakumar Kulkarni,39,M
25879,31735,Manjunath Naik,14,M
25880,31737,Yashwanth Desai,17,F
25882,31739,Pooja Murthy,43,F
25887,31749,Lakshmi Bhat,42,F
25888,31751,Kiran Desai,69,F
25891,31757,Nagaraj Kulkarni,17,F
25895,31761,Imran Kulkarni,73,M
25898,31763,Anitha Kulkarni,51,M
25899,31765,Pooja Desai,8,F
25903,31771,Yashwanth Prasad,74,F
25905,31773,Ashwini Desai,55,F
25906,31773,Joseph Patil,66,F
25909,31775,Yashwanth Gowda,12,M
25911,31777,Vinutha Kumar,67,M
25912,31779,Nagaraj Kumar,9,F
25914,31785,Pooja Kulkarni,7,M
25919,31791,Ashwini Naik,42,M
25921,31797,Ravi Shetty,36,M
25923,31799,Nagaraj Reddy,36,M
25926,31801,Basavaraj Reddy,71,F
25927,31803,Ravi Desai,14,M
25929,31805,Imran Hegde,26,M
25932,31811,Kiran Kumar,63,M
25933,31811,Prakash Murthy,39,M
25935,31815,Deepak Patil,72,F
25937,31819,Chetan Hegde,42,M
25939,31821,Lakshmi Kulkarni,47,F
25940,31821,Bhavana Prasad,57,F
25941,31823,Yashwanth Bhat,35,F
25945,31829,Mary Rao,46,F
25946,31829,Ravi Nayak,24,F
25948,31831,Anitha Patil,61,M
25951,31835,Yashwanth Patil,75,F
25953,31837,Ravi Shetty,58,M
25956,31839,Basavaraj Prasad,47,M
25959,31843,Vinutha Kulkarni,48,M
25961,31845,Rekha Gowda,66,M
25963,31847,Rekha Kulkarni,47,F
25967,31853,Joseph Desai,12,M
25968,31853,Pooja Bhat,57,M
25970,31855,Ravi Iyengar,39,F
25973,31857,Imran Hegde,9,F
25976,31861,Prakash Shetty,62,F
25977,31861,Suresh Kulkarni,48,M
25978,31863,Basavaraj Kulkarni,9,F
25979,31865,Basavaraj Nayak,55,M
25982,31867,Suresh Desai,62,M
25983,31867,Girish Nayak,35,F
25986,31873,Bhavana Shetty,22,M
25987,31875,Shivakumar Prasad,55,M
25990,31879,Rekha Rao,40,M
25991,31883,Ashwini Reddy,56,F
25997,31895,Suresh Iyengar,41,F
26001,31899,Suresh Murthy,25,F
26002,31901,Prakash Reddy,69,M
26003,31901,Bhavana Prasad,22,F
26006,31907,Shivakumar Iyengar,14,M
26008,31909,Suresh Rao,14,F
26010,31913,Prakash Prasad,6,M
26013,31917,Imran Hegde,10,F
26014,31919,Suresh Shetty,19,F
26016,31923,Mary Naik,54,M
26017,31925,Prakash Kulkarni,23,F
26021,31929,Shivakumar Nayak,19,F
26022,31929,Basavaraj Reddy,25,F
26024,31931,Fatima Murthy,55,F
26027,31935,Manjunath Rao,71,F
26031,31939,Anitha Desai,19,F
26033,31941,Suresh Shetty,69,F
26036,31947,Yashwanth Desai,5,F
26037,31947,Deepak Kulkarni,31,F
26041,31953,Manjunath Reddy,55,F
26044,31957,Bhavana Rao,8,M
26046,31959,Nagaraj Kulkarni,65,M
26048,31961,Nagaraj Iyengar,64,M
26051,31967,Deepak Prasad,6,M
26053,31971,Ashwini Desai,68,F
26054,31971,Basavaraj Reddy,29,M
26055,31973,Anitha Prasad,19,F
26057,31977,Yashwanth Reddy,50,M
26061,31981,Manjunath Iyengar,18,F
26062,31983,Suresh Rao,29,M
26064,31985,Shivakumar Kulkarni,64,M
26065,31985,Imran Kumar,20,M
26068,31987,Prakash Prasad,37,M
26069,31989,Lakshmi Iyengar,32,M
26071,31991,Yashwanth Kulkarni,26,F
26072,31991,Deepak Hegde,52,F
26074,31995,Imran Gowda,11,F
26077,31997,Bhavana Desai,34,F
26078,31997,Nagaraj Desai,27,F
26083,32003,Rekha Prasad,38,M
26086,32007,Basavaraj Hegde,61,M
26087,32007,Suresh Bhat,6,M
26090,32011,Fatima Bhat,41,M
26092,32015,Kiran Naik,48,F
26093,32017,Manjunath Rao,36,M
26095,32023,Bhavana Reddy,13,M
26098,32025,Anitha Naik,65,M
26100,32027,Kiran Reddy,62,F
26102,32029,Mary Shetty,69,M
26105,32031,Girish Murthy,67,M
26108,32037,Vinutha Kumar,45,M
26110,32041,Nagaraj Iyengar,41,F
26112,32043,Kiran Patil,29,M
26113,32043,Kiran Gowda,69,F
26115,32045,Joseph Nayak,9,F
26119,32053,Mary Iyengar,63,M
26120,32053,Pooja Nayak,63,M
26125,32061,Ashwini Iyengar,72,M
26127,32065,Ravi Prasad,16,M
26129,32069,Yashwanth Bhat,8,M
26133,32073,Kiran Bhat,8,F
26135,32075,Fatima Desai,50,M
26137,32079,Vinutha Rao,37,F
26139,32081,Kiran Shetty,71,F
26141,32083,Basavaraj Reddy,25,M
26142,32085,Ashwini Kumar,63,M
26146,32089,Pooja Shetty,68,F
26148,32091,Ashwini Desai,65,M
26151,32095,Bhavana Nayak,46,M
26155,32101,Anitha Rao,73,M
26158,32103,Kiran Naik,37,M
26160,32105,Joseph Hegde,47,M
26161,32107,Mary Kulkarni,58,F
26164,32113,Prakash Shetty,64,M
26165,32115,Lakshmi Kulkarni,25,M
26167,32121,Ravi Rao,55,F
26168,32121,Joseph Hegde,5,F
26170,32123,Suresh Bhat,68,F
26172,32127,Chetan Kumar,49,M
26174,32129,Bhavana Gowda,38,M
26177,32131,Prakash Kulkarni,64,F
26179,32133,Ravi Desai,19,F
26184,32137,Prakash Bhat,60,F
26185,32137,Rekha Desai,52,F
26186,32139,Suresh Rao,20,F
26188,32141,Yashwanth Kulkarni,74,M
26189,32143,Suresh Rao,15,F
26190,32143,Girish Prasad,43,F
26193,32145,Pooja Reddy,75,M
26198,32153,Vinutha Kumar,38,F
26201,32155,Pooja Naik,70,M
26202,32157,Ravi Iyengar,63,M
26204,32159,Bhavana Naik,13,M
26205,32161,Chetan Naik,15,M
26206,32161,Imran Rao,6,M
26207,32163,Ravi Hegde,25,F
26208,32165,Girish Nayak,34,M
26210,32167,Joseph Patil,31,F
26212,32169,Suresh Iyengar,65,M
26213,32171,Manjunath Shetty,33,F
26214,32173,Bhavana Gowda,31,M
26216,32175,Kiran Rao,41,F
26218,32177,Chetan Naik,52,F
26219,32181,Fatima Bhat,49,F
26220,32183,Basavaraj Naik,19,F
26221,32185,Deepak Hegde,5,M
26224,32187,Kiran Hegde,19,F
26225,32187,Kiran Gowda,74,F
26228,32189,Ashwini Murthy,11,M
26229,32189,Girish Iyengar,67,M
26230,32191,Chetan Murthy,34,F
26231,32191,Prakash Kulkarni,65,F
26233,32193,Suresh Desai,23,M
26234,32195,Kiran Hegde,36,M
26237,32197,Lakshmi Kumar,71,M
26239,32199,Imran Shetty,19,F
26241,32201,Imran Iyengar,25,F
26246,32209,Joseph Nayak,55,M
26247,32211,Girish Kulkarni,35,M
26248,32211,Mary Rao,50,M
26250,32213,Pooja Reddy,9,M
26254,32217,Imran Hegde,50,M
26256,32221,Manjunath Iyengar,37,M
26257,32223,Deepak Iyengar,42,M
26258,32225,Anitha Naik,19,F
26260,32227,Fatima Bhat,52,M
26263,32233,Basavaraj Desai,39,M
26264,32233,Girish Kulkarni,58,M
26265,32235,Lakshmi Rao,61,F
26266,32235,Basavaraj Rao,62,F
26269,32239,Anitha Patil,32,F
26270,32239,Vinutha Reddy,65,F
26274,32247,Deepak Shetty,19,F
26276,32251,Mary Desai,63,F
26279,32253,Pooja Desai,59,M
26280,32253,Basavaraj Patil,54,F
26283,32255,Anitha Desai,37,M
26285,32257,Pooja Kumar,36,M
26286,32257,Imran Naik,31,M
26289,32261,Nagaraj Kumar,13,M
26290,32261,Mary Murthy,23,M
26293,32269,Ashwini Kulkarni,8,M
26294,32269,Deepak Naik,12,F
26295,32271,Bhavana Hegde,62,M
26298,32275,Yashwanth Murthy,36,F
26299,32277,Rekha Naik,27,F
26302,32281,Ravi Patil,55,F
26304,32285,Suresh Patil,59,M
26307,32287,Mary Prasad,20,M
26309,32289,Manjunath Shetty,42,F
26310,32291,Mary Desai,23,M
26314,32295,Girish Desai,43,F
26318,32301,Yashwanth Gowda,69,M
26319,32301,Kiran Iyengar,12,M
26323,32309,Kiran Shetty,7,M
26324,32311,Suresh Gowda,15,F
26326,32313,Chetan Kulkarni,21,M
26328,32317,Chetan Rao,71,F
26331,32319,Shivakumar Naik,33,F
26332,32321,Vinutha Bhat,39,M
26333,32321,Kiran Nayak,67,F
26334,32323,Basavaraj Patil,74,F
26335,32323,Deepak Reddy,62,F
26336,32325,Deepak Hegde,46,M
26337,32327,Imran Reddy,10,F
26339,32329,Kiran Naik,25,M
26341,32331,Nagaraj Kulkarni,52,F
26342,32331,Nagaraj Bhat,55,F
26344,32333,Basavaraj Murthy,47,M
26348,32339,Manjunath Desai,63,F
26351,32343,Imran Murthy,51,M
26353,32347,Girish Gowda,25,M
26354,32349,Suresh Kulkarni,19,F
26355,32349,Ravi Desai,35,M
26358,32353,Yashwanth Shetty,42,M
26363,32357,Rekha Reddy,11,F
26365,32361,Yashwanth Nayak,27,M
26366,32363,Bhavana Rao,37,M
26367,32365,Deepak Reddy,60,F
26368,32365,Manjunath Hegde,22,F
26371,32369,Ravi Kumar,38,M
26373,32371,Kiran Gowda,46,M
26375,32377,Manjunath Patil,26,M
26376,32383,Chetan Hegde,72,F
26378,32385,Mary Desai,7,F
26381,32389,Mary Iyengar,35,M
26385,32395,Shivakumar Gowda,38,F
26389,32399,Manjunath Gowda,56,F
26390,32401,Imran Hegde,5,F
26393,32405,Joseph Bhat,36,F
26395,32407,Suresh Murthy,35,F
26397,32411,Ashwini Naik,59,F
26398,32411,Anitha Kumar,24,M
26399,32413,Pooja Hegde,70,F
26400,32413,Suresh Desai,47,M
26405,32417,Deepak Naik,50,F
26408,32419,Basavaraj Desai,74,F
26410,32423,Basavaraj Reddy,30,M
26413,32427,Manjunath Bhat,66,M
26416,32431,Yashwanth Prasad,17,F
26419,32433,Yashwanth Patil,13,F
26422,32435,Fatima Kumar,42,M
26424,32437,Rekha Gowda,42,M
26425,32437,Manjunath Desai,46,M
26426,32439,Shivakumar Prasad,20,M
26430,32443,Ravi Prasad,62,M
26431,32445,Prakash Prasad,27,F
26434,32449,Pooja Kulkarni,65,M
26435,32449,Manjunath Prasad,5,F
26438,32451,Yashwanth Murthy,21,M
26440,32455,Chetan Bhat,50,F
26441,32457,Rekha Kulkarni,57,F
26443,32463,Anitha Rao,10,F
26446,32465,Joseph Naik,65,M
26448,32467,Shivakumar Murthy,58,M
26450,32471,Pooja Naik,45,M
26451,32471,Ashwini Nayak,44,M
26455,32475,Girish Rao,11,M
26456,32477,Prakash Bhat,21,M
26457,32477,Yashwanth Naik,22,M
26461,32481,Fatima Nayak,72,M
26463,32483,Pooja Shetty,54,F
26465,32489,Joseph Reddy,37,F
26466,32489,Shivakumar Rao,8,F
26469,32491,Ashwini Kumar,67,M
26472,32495,Basavaraj Hegde,37,F
26474,32497,Chetan Shetty,52,M
26476,32499,Prakash Shetty,14,M
26477,32499,Basavaraj Hegde,50,F
26479,32501,Ravi Shetty,54,F
26482,32505,Shivakumar Hegde,11,M
26484,32507,Deepak Patil,50,F
26485,32509,Suresh Kumar,60,M
26486,32509,Ashwini Bhat,43,M
26487,32511,Lakshmi Nayak,36,M
26490,32513,Bhavana Shetty,61,M
26491,32515,Bhavana Kumar,57,M
26492,32517,Nagaraj Iyengar,38,M
26494,32519,Suresh Kumar,17,M
26498,32525,Pooja Rao,74,M
26502,32529,Yashwanth Kulkarni,27,F
26505,32533,Imran Patil,19,F
26506,32533,Mary Kumar,47,M
26508,32535,Nagaraj Rao,67,M
26512,32543,Rekha Desai,45,M
26514,32547,Suresh Shetty,67,F
26515,32549,Nagaraj Kumar,31,M
26516,32551,Joseph Reddy,33,F
26519,32553,Basavaraj Desai,25,F
26521,32557,Mary Reddy,56,F
26522,32559,Chetan Kulkarni,68,M
26524,32561,Suresh Desai,46,M
26525,32563,Girish Nayak,29,M
26526,32565,Prakash Kulkarni,62,F
26529,32571,Imran Murthy,55,F
26533,32577,Nagaraj Bhat,13,F
26536,32579,Nagaraj Naik,31,F
26537,32579,Chetan Murthy,18,M
26538,32581,Suresh Kumar,58,M
26541,32583,Anitha Desai,6,M
26543,32587,Anitha Naik,21,F
26545,32589,Yashwanth Prasad,56,F
26547,32593,Girish Prasad,65,M
26550,32595,Yashwanth Kumar,30,M
26551,32595,Deepak Hegde,61,F
26554,32601,Anitha Gowda,70,M
26556,32603,Lakshmi Hegde,62,M
26559,32605,Anitha Rao,53,M
26560,32605,Mary Shetty,19,M
26562,32607,Basavaraj Kulkarni,56,M
26564,32609,Chetan Reddy,54,F
26565,32609,Chetan Desai,61,F
26568,32613,Girish Murthy,59,M
26570,32615,Yashwanth Nayak,71,F
26571,32617,Mary Patil,17,M
26572,32617,Basavaraj Gowda,74,M
26574,32619,Deepak Patil,30,M
26577,32621,Pooja Shetty,40,F
26580,32627,Joseph Rao,26,F
26582,32631,Shivakumar Rao,75,M
26583,32631,Anitha Murthy,12,M
26584,32633,Deepak Gowda,17,F
26586,32635,Rekha Murthy,73,M
26588,32639,Lakshmi Prasad,14,M
26589,32639,Girish Murthy,7,F
26591,32641,Fatima Gowda,16,F
26592,32641,Mary Shetty,12,F
26597,32647,Mary Hegde,60,M
26598,32647,Anitha Iyengar,66,M
26601,32651,Basavaraj Naik,29,F
26602,32651,Yashwanth Murthy,72,M
26603,32653,Fatima Reddy,54,M
26605,32655,Kiran Naik,39,M
26608,32659,Mary Iyengar,33,F
26610,32661,Imran Patil,65,F
26611,32661,Girish Kumar,48,M
26614,32665,Manjunath Patil,39,F
26616,32667,Pooja Desai,14,M
26618,32669,Joseph Naik,19,M
26620,32671,Deepak Iyengar,54,M
26622,32673,Fatima Patil,64,F
26625,32677,Yashwanth Kumar,75,M
26626,32677,Bhavana Prasad,10,F
26628,32679,Basavaraj Murthy,29,F
26629,32683,Imran Bhat,54,F
26631,32685,Manjunath Patil,36,F
26634,32689,Pooja Iyengar,49,M
26636,32691,Fatima Bhat,33,F
26637,32693,Chetan Rao,40,F
26638,32693,Girish Naik,39,M
26639,32695,Vinutha Patil,13,M
26640,32695,Girish Shetty,68,M
26642,32697,Basavaraj Iyengar,70,M
26643,32699,Nagaraj Bhat,44,F
26644,32701,Imran Nayak,30,M
26646,32703,Shivakumar Gowda,64,F
26650,32707,Shivakumar Naik,14,F
26651,32707,Bhavana Rao,11,F
26653,32709,Rekha Nayak,75,M
26655,32711,Mary Gowda,61,M
26656,32711,Pooja Rao,34,M
26657,32713,Nagaraj Patil,19,F
26660,32715,Bhavana Bhat,61,M
26661,32717,Girish Reddy,37,M
26664,32719,Girish Naik,38,F
26665,32719,Ashwini Gowda,12,M
26670,32727,Kiran Hegde,18,M
26671,32727,Chetan Patil,14,F
26672,32729,Chetan Iyengar,42,F
26677,32739,Vinutha Iyengar,42,F
26680,32743,Yashwanth Bhat,72,F
26682,32745,Deepak Reddy,48,M
26684,32747,Chetan Prasad,58,F
26685,32747,Joseph Nayak,8,F
26687,32749,Ravi Rao,45,M
26691,32753,Lakshmi Bhat,46,F
26692,32753,Girish Patil,55,F
26695,32759,Mary Nayak,36,F
26696,32761,Prakash Iyengar,38,M
26700,32771,Suresh Gowda,53,F
26702,32773,Fatima Hegde,38,F
26704,32775,Imran Prasad,66,M
26705,32777,Vinutha Shetty,37,F
26709,32781,Ashwini Iyengar,19,F
26710,32781,Mary Shetty,6,F
26712,32783,Manjunath Naik,60,M
26713,32783,Chetan Naik,50,M
26715,32785,Prakash Naik,48,M
26716,32787,Ravi Kulkarni,21,F
26718,32789,Joseph Shetty,58,F
26721,32793,Shivakumar Nayak,33,M
26722,32795,Yashwanth Iyengar,48,F
26723,32795,Joseph Desai,69,M
26728,32801,Mary Gowda,11,F
26730,32803,Joseph Kumar,67,F
26733,32805,Manjunath Hegde,57,M
26734,32807,Chetan Kumar,55,F
26735,32807,Ravi Shetty,49,F
26736,32809,Bhavana Murthy,23,F
26737,32809,Manjunath Naik,54,F
26741,32813,Imran Iyengar,62,F
26744,32815,Mary Desai,61,F
26745,32815,Nagaraj Prasad,6,M
26747,32817,Kiran Reddy,20,F
26748,32817,Prakash Rao,27,F
26749,32819,Manjunath Gowda,12,M
26751,32821,Anitha Desai,32,M
26753,32825,Vinutha Nayak,34,M
26757,32831,Prakash Rao,58,M
26760,32837,Deepak Naik,21,M
26763,32839,Bhavana Shetty,46,F
26765,32841,Bhavana Kumar,59,F
26766,32841,Imran Patil,71,F
26769,32843,Imran Reddy,69,F
26772,32845,Ashwini Gowda,61,F
26774,32847,Fatima Shetty,12,M
26777,32851,Basavaraj Kulkarni,65,M
26782,32855,Vinutha Patil,20,M
26784,32857,Deepak Rao,64,F
26785,32857,Rekha Kumar,11,F
26788,32859,Bhavana Prasad,16,M
26790,32863,Mary Kulkarni,31,F
26792,32867,Rekha Shetty,25,F
26793,32869,Lakshmi Kumar,31,F
26794,32871,Anitha Nayak,44,M
26796,32873,Shivakumar Reddy,17,M
26801,32877,Yashwanth Shetty,41,M
26802,32877,Kiran Shetty,51,M
26804,32879,Prakash Reddy,19,F
26805,32881,Ravi Naik,50,F
26808,32889,Vinutha Kumar,41,F
26810,32891,Ravi Patil,21,F
26812,32895,Ravi Prasad,70,M
26813,32895,Deepak Iyengar,56,F
26818,32901,Ashwini Gowda,5,F
26820,32903,Vinutha Kumar,44,F
26822,32907,Lakshmi Desai,44,M
26825,32911,Imran Gowda,60,M
26827,32913,Vinutha Kulkarni,54,F
26829,32917,Ashwini Kumar,32,F
26831,32919,Imran Kulkarni,58,M
26832,32919,Girish Iyengar,62,F
26836,32927,Nagaraj Bhat,25,F
26839,32933,Manjunath Murthy,72,M
26840,32933,Imran Rao,74,M
26842,32935,Prakash Kulkarni,27,F
26843,32935,Deepak Shetty,53,M
26847,32939,Lakshmi Rao,63,F
26848,32943,Deepak Naik,12,F
26850,32945,Shivakumar Hegde,46,M
26853,32947,Manjunath Iyengar,65,M
26854,32947,Mary Shetty,37,F
26858,32951,Kiran Kulkarni,13,F
26860,32953,Girish Naik,66,F
26863,32955,Chetan Reddy,59,M
26864,32957,Imran Naik,60,F
26866,32959,Kiran Rao,30,M
26867,32963,Basavaraj Shetty,70,F
26868,32963,Joseph Gowda,6,F
26870,32965,Joseph Nayak,43,M
26874,32971,Anitha Bhat,14,M
26877,32975,Ashwini Prasad,23,M
26879,32977,Vinutha Hegde,35,M
26881,32981,Joseph Murthy,44,F
26885,32987,Deepak Kulkarni,45,F
26887,32991,Lakshmi Reddy,6,M
26889,32995,Vinutha Naik,9,M
26891,32997,Rekha Reddy,46,F
26892,32997,Yashwanth Murthy,6,F
26895,32999,Ashwini Murthy,7,M
26896,32999,Suresh Kumar,33,F
26900,33005,Pooja Murthy,20,F
26901,33007,Suresh Shetty,44,F
26902,33007,Girish Rao,6,M
26904,33009,Basavaraj Patil,54,M
26906,33011,Rekha Murthy,35,F
26909,33015,Girish Naik,21,M
26910,33015,Ashwini Iyengar,35,M
26912,33017,Shivakumar Naik,25,M
26913,33017,Anitha Naik,33,F
26917,33021,Rekha Bhat,31,F
26919,33025,Chetan Prasad,54,F
26921,33027,Suresh Patil,48,F
26923,33029,Girish Nayak,26,F
26924,33029,Anitha Hegde,72,M
26927,33037,Deepak Prasad,7,M
26928,33039,Shivakumar Prasad,63,F
26932,33043,Suresh Nayak,62,M
26934,33047,Fatima Nayak,21,M
26938,33051,Vinutha Shetty,65,M
26942,33055,Suresh Prasad,65,M
26943,33055,Fatima Patil,47,M
26945,33059,Deepak Shetty,51,F
26946,33063,Anitha Patil,50,M
26947,33063,Ashwini Patil,35,M
26950,33069,Nagaraj Hegde,66,F
26951,33069,Bhavana Hegde,64,F
26952,33071,Bhavana Rao,67,F
26954,33073,Rekha Rao,73,M
26957,33075,Mary Bhat,5,F
26958,33075,Ravi Gowda,71,F
26961,33077,Pooja Rao,37,F
26963,33079,Bhavana Naik,53,M
26964,33081,Chetan Rao,62,F
26967,33083,Ravi Kulkarni,53,F
26970,33085,Suresh Nayak,16,F
26971,33085,Ashwini Rao,45,F
26973,33087,Deepak Rao,29,M
26975,33089,Imran Prasad,35,M
26976,33089,Anitha Nayak,5,M
26978,33091,Ashwini Hegde,43,F
26979,33093,Manjunath Shetty,20,F
26980,33095,Anitha Kulkarni,64,F
26982,33099,Yashwanth Reddy,46,M
26983,33101,Lakshmi Desai,56,F
26986,33103,Chetan Naik,38,F
26988,33105,Imran Gowda,73,F
26989,33107,Shivakumar Naik,5,M
26992,33109,Ravi Gowda,23,M
26993,33109,Chetan Naik,52,M
26995,33113,Chetan Hegde,72,M
26997,33115,Vinutha Gowda,73,M
26998,33117,Shivakumar Reddy,52,M
26999,33119,Chetan Desai,46,M
27000,33119,Shivakumar Naik,7,F
27002,33121,Suresh Patil,66,M
27003,33121,Vinutha Iyengar,66,F
27005,33123,Yashwanth Prasad,30,M
27006,33125,Fatima Iyengar,33,F
27007,33127,Mary Reddy,42,M
27008,33127,Chetan Patil,10,F
27011,33129,Shivakumar Murthy,41,M
27013,33131,Deepak Naik,68,F
27014,33131,Nagaraj Kumar,28,M
27015,33133,Imran Rao,19,M
27016,33133,Kiran Hegde,12,F
27017,33135,Pooja Iyengar,28,M
27019,33139,Chetan Desai,29,F
27020,33141,Prakash Murthy,42,M
27021,33143,Prakash Nayak,17,F
27023,33147,Anitha Bhat,73,M
27025,33151,Lakshmi Kulkarni,38,F
27028,33153,Yashwanth Prasad,59,M
27029,33153,Joseph Shetty,72,M
27033,33161,Yashwanth Desai,47,F
27036,33165,Vinutha Nayak,75,F
27038,33167,Suresh Gowda,27,M
27041,33171,Imran Gowda,60,M
27044,33173,Manjunath Iyengar,15,F
27046,33175,Basavaraj Desai,75,M
27047,33177,Basavaraj Desai,65,F
27051,33181,Girish Hegde,64,M
27054,33185,Lakshmi Kulkarni,41,F
27056,33187,Girish Bhat,20,F
27057,33187,Vinutha Shetty,5,F
27059,33193,Rekha Murthy,23,M
27060,33193,Joseph Prasad,28,F
27064,33199,Ravi Naik,49,M
27066,33203,Lakshmi Gowda,20,F
27067,33205,Nagaraj Nayak,42,M
27068,33205,Ashwini Hegde,72,F
27069,33207,Deepak Reddy,52,F
27071,33209,Joseph Shetty,71,F
27074,33213,Fatima Patil,47,F
27077,33217,Joseph Shetty,32,M
27079,33219,Basavaraj Kulkarni,53,M
27080,33219,Fatima Kulkarni,72,F
27081,33221,Bhavana Bhat,11,M
27082,33221,Yashwanth Iyengar,16,M
27085,33223,Ashwini Shetty,62,M
27087,33225,Ashwini Hegde,68,M
27088,33225,Kiran Kumar,62,M
27091,33227,Nagaraj Patil,71,F
27093,33229,Pooja Gowda,38,M
27097,33233,Fatima Hegde,64,M
27099,33235,Kiran Kulkarni,75,M
27100,33235,Vinutha Murthy,40,M
27103,33239,Ashwini Shetty,26,F
27104,33239,Deepak Kulkarni,5,F
27106,33245,Joseph Kumar,55,F
27108,33247,Pooja Desai,15,M
27111,33253,Yashwanth Naik,12,F
27112,33255,Imran Naik,25,M
27114,33257,Basavaraj Iyengar,54,M
27116,33259,Nagaraj Nayak,34,F
27119,33261,Ashwini Murthy,40,M
27121,33265,Anitha Shetty,71,F
27122,33265,Chetan Nayak,52,M
27128,33275,Fatima Nayak,58,F
27129,33277,Girish Desai,62,M
27132,33283,Chetan Rao,13,F
27135,33289,Prakash Naik,70,F
27136,33289,Lakshmi Desai,55,F
27137,33291,Shivakumar Prasad,43,M
27139,33295,Nagaraj Patil,11,F
27141,33297,Joseph Gowda,11,F
27143,33299,Chetan Nayak,54,M
27145,33301,Mary Bhat,73,M
27146,33301,Pooja Bhat,53,M
27150,33305,Chetan Patil,58,M
27152,33307,Suresh Naik,40,F
27153,33309,Yashwanth Naik,45,F
27155,33311,Joseph Shetty,58,F
27157,33313,Manjunath Rao,14,M
27159,33315,Lakshmi Murthy,7,M
27160,33315,Girish Shetty,55,F
27161,33317,Mary Iyengar,57,M
27164,33319,Deepak Shetty,53,M
27166,33321,Kiran Hegde,38,F
27168,33323,Joseph Hegde,24,F
27171,33327,Ravi Kulkarni,69,M
27176,33335,Deepak Hegde,74,M
27178,33337,Shivakumar Nayak,72,M
27181,33339,Prakash Bhat,25,M
27184,33341,Yashwanth Naik,20,M
27188,33345,Girish Reddy,31,M
27192,33353,Rekha Naik,64,M
27194,33355,Shivakumar Nayak,10,M
27196,33357,Vinutha Kulkarni,54,M
27197,33359,Joseph Naik,16,M
27198,33359,Joseph Reddy,57,M
27200,33361,Joseph Desai,56,F
27203,33363,Manjunath Kumar,56,M
27204,33365,Prakash Shetty,34,F
27209,33371,Pooja Gowda,55,M
27210,33371,Basavaraj Prasad,34,M
27212,33373,Deepak Prasad,37,M
27213,33373,Chetan Patil,9,F
27215,33377,Shivakumar Hegde,62,F
27218,33381,Suresh Murthy,42,M
27219,33381,Rekha Bhat,51,F
27223,33389,Basavaraj Naik,8,F
27225,33391,Yashwanth Nayak,40,F
27226,33391,Kiran Shetty,15,F
27228,33393,Bhavana Murthy,36,F
27230,33395,Lakshmi Reddy,19,F
27231,33395,Yashwanth Prasad,49,F
27234,33397,Anitha Iyengar,10,M
27236,33405,Suresh Desai,13,F
27237,33405,Yashwanth Desai,48,F
27239,33415,Ashwini Gowda,36,M
27241,33419,Shivakumar Shetty,16,M
27245,33423,Suresh Naik,40,F
27248,33425,Basavaraj Desai,34,M
27251,33427,Nagaraj Kulkarni,36,F
27252,33427,Deepak Reddy,24,M
27255,33431,Pooja Nayak,72,M
27258,33433,Kiran Kulkarni,8,F
27260,33435,Imran Bhat,17,F
27261,33437,Yashwanth Reddy,54,M
27264,33447,Vinutha Gowda,37,F
27267,33451,Girish Naik,51,M
27269,33453,Ashwini Bhat,45,M
27270,33453,Ravi Naik,11,M
27272,33461,Vinutha Prasad,55,F
27273,33461,Manjunath Naik,67,M
27275,33463,Suresh Kulkarni,27,M
27276,33465,Chetan Desai,8,M
27277,33465,Bhavana Kumar,10,M
27281,33471,Prakash Murthy,74,M
27284,33475,Shivakumar Bhat,49,F
27286,33477,Pooja Reddy,55,M
27287,33477,Basavaraj Kumar,69,M
27294,33487,Chetan Bhat,41,F
27295,33489,Vinutha Shetty,41,M
27296,33489,Suresh Hegde,40,M
27298,33493,Rekha Patil,8,M
27299,33493,Prakash Desai,63,F
27301,33495,Manjunath Iyengar,40,M
27303,33497,Kiran Nayak,68,F
27308,33503,Ashwini Shetty,9,F
27310,33505,Shivakumar Patil,21,M
27312,33509,Deepak Rao,39,M
27313,33509,Fatima Shetty,61,F
27315,33511,Girish Desai,25,F
27316,33513,Ashwini Prasad,15,M
27319,33515,Prakash Reddy,68,M
27321,33517,Ashwini Rao,62,F
27322,33517,Girish Nayak,25,M
27325,33523,Mary Nayak,33,M
27326,33523,Pooja Nayak,18,M
27328,33525,Chetan Shetty,50,F
27329,33527,Joseph Gowda,19,F
27330,33527,Anitha Shetty,28,M
27332,33529,Deepak Murthy,22,F
27334,33531,Rekha Iyengar,9,F
27335,33533,Vinutha Hegde,63,M
27336,33533,Ashwini Kumar,57,M
27338,33537,Bhavana Naik,66,F
27340,33539,Yashwanth Bhat,6,F
27344,33545,Yashwanth Kumar,31,M
27345,33547,Kiran Kumar,12,F
27347,33549,Lakshmi Patil,54,F
27348,33551,Ravi Rao,60,F
27349,33553,Shivakumar Murthy,15,M
27350,33555,Rekha Shetty,17,F
27351,33555,Joseph Reddy,9,F
27353,33557,Ashwini Murthy,74,M
27355,33561,Mary Nayak,37,M
27356,33563,Kiran Iyengar,26,M
27358,33567,Ashwini Shetty,27,M
27361,33571,Ashwini Murthy,20,F
27363,33573,Kiran Murthy,24,F
27367,33577,Basavaraj Bhat,6,M
27368,33581,Yashwanth Bhat,38,F
27371,33585,Basavaraj Kumar,20,F
27373,33587,Rekha Naik,22,M
27375,33595,Ravi Hegde,28,F
27380,33603,Ashwini Gowda,72,F
27383,33607,Prakash Rao,13,F
27386,33609,Vinutha Naik,57,M
27388,33611,Yashwanth Patil,60,F
27389,33613,Pooja Bhat,39,F
27391,33615,Suresh Prasad,10,M
27393,33617,Mary Gowda,16,F
27394,33619,Mary Prasad,63,F
27396,33621,Pooja Iyengar,54,M
27398,33625,Nagaraj Prasad,63,F
27399,33627,Kiran Prasad,35,M
27401,33629,Basavaraj Murthy,37,F
27402,33629,Manjunath Murthy,70,F
27404,33631,Joseph Iyengar,56,M
27405,33633,Deepak Kulkarni,41,M
27406,33633,Shivakumar Reddy,71,M
27407,33635,Manjunath Murthy,34,F
27408,33637,Ashwini Reddy,56,M
27410,33639,Girish Naik,35,M
27411,33639,Fatima Shetty,48,M
27420,33649,Ravi Gowda,46,M
27422,33651,Suresh Kumar,50,M
27425,33653,Vinutha Gowda,63,M
27426,33653,Ashwini Murthy,48,F
27431,33659,Suresh Desai,6,F
27432,33661,Fatima Reddy,58,M
27434,33663,Deepak Patil,31,M
27435,33665,Yashwanth Desai,67,F
27439,33669,Suresh Prasad,44,M
27442,33673,Vinutha Kulkarni,47,F
27443,33675,Suresh Kumar,13,M
27444,33677,Joseph Prasad,52,M
27445,33679,Bhavana Desai,68,F
27446,33679,Prakash Nayak,34,M
27449,33681,Ravi Kulkarni,43,F
27451,33683,Fatima Rao,63,M
27453,33685,Fatima Bhat,29,M
27455,33687,Bhavana Iyengar,72,M
27457,33689,Ashwini Patil,35,M
27460,33693,Anitha Gowda,40,M
27461,33695,Yashwanth Prasad,35,M
27462,33699,Pooja Gowda,31,M
27464,33703,Suresh Nayak,40,F
27467,33705,Rekha Nayak,63,M
27470,33709,Vinutha Bhat,18,F
27473,33711,Anitha Kulkarni,44,F
27479,33719,Anitha Hegde,50,F
27480,33719,Ashwini Nayak,73,M
27483,33721,Nagaraj Kumar,26,F
27484,33723,Manjunath Rao,12,F
27486,33727,Pooja Naik,10,F
27488,33731,Ravi Shetty,19,M
27491,33733,Ravi Kumar,61,F
27492,33735,Chetan Kumar,15,M
27493,33735,Fatima Reddy,24,F
27495,33737,Ravi Kumar,72,M
27496,33739,Kiran Shetty,69,M
27497,33741,Ravi Murthy,66,M
27498,33741,Rekha Reddy,57,M
27500,33743,Imran Nayak,63,F
27502,33745,Bhavana Naik,57,F
27503,33745,Deepak Hegde,27,F
27504,33747,Vinutha Kumar,13,F
27505,33747,Vinutha Shetty,35,F
27507,33749,Manjunath Naik,28,F
27508,33749,Kiran Hegde,45,F
27509,33751,Ashwini Gowda,30,F
27510,33751,Rekha Desai,60,M
27515,33763,Nagaraj Kumar,12,M
27516,33763,Ravi Gowda,69,F
27517,33765,Rekha Prasad,42,F
27518,33769,Fatima Murthy,74,M
27521,33775,Mary Reddy,51,F
27525,33783,Girish Kumar,33,F
27527,33785,Lakshmi Gowda,11,F
27530,33787,Joseph Patil,17,M
27531,33787,Pooja Gowda,71,F
27533,33789,Ravi Kumar,50,M
27534,33795,Shivakumar Hegde,22,F
27535,33795,Fatima Kumar,15,F
27538,33801,Rekha Patil,14,F
27540,33805,Chetan Bhat,42,M
27542,33807,Lakshmi Kulkarni,63,F
27543,33811,Manjunath Reddy,73,F
27544,33811,Shivakumar Gowda,18,M
27548,33817,Mary Desai,55,F
27551,33819,Mary Reddy,21,M
27552,33819,Pooja Shetty,14,M
27553,33821,Yashwanth Iyengar,6,M
27554,33821,Suresh Shetty,42,F
27556,33825,Lakshmi Gowda,24,F
27557,33829,Suresh Kumar,66,F
27559,33831,Mary Prasad,5,M
27561,33833,Joseph Patil,62,F
27562,33833,Fatima Gowda,52,M
27563,33835,Lakshmi Patil,51,M
27566,33839,Shivakumar Kulkarni,35,F
27567,33843,Yashwanth Desai,37,M
27571,33849,Deepak Bhat,71,M
27572,33849,Bhavana Desai,9,F
27575,33853,Joseph Bhat,70,M
27577,33857,Yashwanth Patil,30,F
27578,33857,Girish Desai,48,M
27581,33863,Vinutha Murthy,17,F
27583,33865,Chetan Gowda,47,M
27584,33869,Kiran Prasad,12,M
27586,33871,Ashwini Murthy,66,M
27587,33873,Anitha Shetty,27,F
27589,33875,Rekha Shetty,61,F
27591,33877,Vinutha Murthy,49,F
27593,33879,Joseph Patil,49,F
27596,33883,Nagaraj Naik,23,F
27597,33885,Basavaraj Hegde,71,M
27599,33887,Fatima Naik,54,F
27601,33889,Ashwini Nayak,63,F
27604,33891,Girish Prasad,14,M
27607,33893,Imran Rao,37,M
27609,33895,Joseph Murthy,17,M
27612,33897,Chetan Gowda,56,F
27614,33899,Joseph Patil,63,F
27615,33899,Suresh Murthy,73,F
27616,33901,Bhavana Desai,30,M
27617,33901,Imran Naik,11,M
27619,33903,Lakshmi Gowda,49,F
27621,33907,Mary Murthy,43,F
27623,33909,Basavaraj Prasad,18,M
27626,33913,Ravi Nayak,25,F
27628,33915,Pooja Kulkarni,9,F
27631,33917,Ashwini Shetty,6,F
27633,33919,Lakshmi Naik,29,F
27635,33921,Vinutha Patil,21,M
27636,33925,Suresh Kulkarni,62,F
27638,33927,Basavaraj Patil,35,F
27640,33931,Fatima Prasad,29,F
27641,33931,Deepak Hegde,54,M
27644,33933,Yashwanth Naik,46,M
27645,33935,Bhavana Nayak,36,F
27648,33937,Deepak Murthy,27,F
27650,33939,Kiran Reddy,37,F
27651,33939,Shivakumar Iyengar,35,M
27652,33941,Imran Nayak,24,M
27654,33943,Deepak Kulkarni,26,M
27656,33945,Yashwanth Kulkarni,64,M
27658,33947,Ravi Reddy,6,F
27661,33951,Yashwanth Kulkarni,33,F
27664,33953,Shivakumar Kumar,14,M
27665,33953,Basavaraj Rao,70,M
27670,33961,Girish Patil,66,M
27672,33965,Basavaraj Reddy,28,F
27674,33967,Fatima Bhat,10,F
27676,33969,Chetan Kumar,48,F
27682,33985,Vinutha Bhat,34,F
27683,33985,Fatima Hegde,5,F
27685,33987,Basavaraj Shetty,45,M
27686,33989,Kiran Rao,67,M
27688,33993,Basavaraj Hegde,42,F
27690,33995,Bhavana Hegde,73,F
27691,33997,Chetan Bhat,40,F
27692,33997,Manjunath Hegde,70,M
27693,33999,Bhavana Desai,46,F
27695,34001,Deepak Desai,66,M
27697,34003,Yashwanth Shetty,27,M
27700,34005,Vinutha Kumar,64,F
27702,34007,Suresh Bhat,43,F
27705,34011,Manjunath Kumar,66,M
27708,34015,Kiran Reddy,60,M
27710,34019,Rekha Naik,23,M
27712,34021,Fatima Kumar,75,M
27713,34023,Shivakumar Patil,36,M
27714,34025,Ravi Reddy,57,M
27716,34027,Imran Rao,20,F
27718,34029,Bhavana Shetty,21,M
27719,34031,Joseph Desai,46,F
27721,34033,Ravi Patil,35,F
27722,34033,Bhavana Kulkarni,69,F
27724,34035,Manjunath Bhat,35,F
27726,34037,Manjunath Kulkarni,39,F
27727,34037,Fatima Hegde,9,M
27730,34041,Mary Naik,73,M
27732,34043,Anitha Bhat,64,F
27733,34045,Imran Naik,51,F
27734,34045,Basavaraj Prasad,47,F
27738,34049,Nagaraj Gowda,36,F
27742,34055,Joseph Kumar,66,M
27745,34061,Girish Patil,45,F
27746,34061,Nagaraj Iyengar,51,F
27747,34063,Rekha Shetty,7,F
27749,34067,Suresh Naik,7,F
27750,34069,Manjunath Kumar,27,F
27751,34071,Imran Hegde,12,F
27752,34071,Anitha Bhat,41,M
27755,34073,Chetan Nayak,38,F
27758,34075,Yashwanth Desai,62,M
27760,34077,Nagaraj Bhat,16,F
27762,34079,Kiran Hegde,21,F
27763,34079,Shivakumar Reddy,64,F
27765,34085,Pooja Hegde,64,F
27766,34087,Ravi Naik,11,M
27768,34091,Ashwini Shetty,73,F
27770,34093,Chetan Desai,21,M
27773,34095,Lakshmi Gowda,62,F
27777,34101,Pooja Bhat,9,M
27783,34109,Rekha Naik,60,M
27787,34119,Yashwanth Hegde,9,F
27789,34121,Fatima Nayak,26,F
27790,34123,Kiran Shetty,61,M
27793,34125,Girish Desai,49,M
27795,34131,Prakash Kumar,47,M
27798,34133,Joseph Naik,17,F
27800,34135,Fatima Murthy,57,M
27803,34139,Chetan Reddy,8,M
27804,34139,Shivakumar Murthy,21,M
27805,34145,Girish Shetty,16,M
27807,34149,Lakshmi Hegde,52,M
27808,34149,Manjunath Rao,66,F
27810,34155,Manjunath Iyengar,19,F
27811,34157,Ashwini Hegde,21,F
27813,34159,Fatima Hegde,55,M
27814,34159,Prakash Bhat,61,F
27815,34161,Pooja Prasad,15,M
27816,34161,Lakshmi Gowda,11,M
27819,34165,Chetan Kumar,43,F
27822,34169,Lakshmi Hegde,33,M
27825,34171,Lakshmi Iyengar,14,M
27827,34173,Basavaraj Desai,19,F
27828,34175,Anitha Murthy,21,M
27834,34185,Chetan Iyengar,66,F
27836,34187,Joseph Kumar,41,M
27839,34189,Manjunath Bhat,21,M
27844,34199,Nagaraj Desai,7,F
27846,34201,Fatima Murthy,72,M
27849,34205,Yashwanth Shetty,57,F
27850,34205,Lakshmi Shetty,53,M
27852,34207,Girish Reddy,12,F
27855,34211,Vinutha Prasad,72,F
27857,34215,Joseph Desai,40,F
27858,34215,Deepak Iyengar,40,F
27860,34217,Ravi Bhat,62,M
27862,34219,Shivakumar Murthy,61,M
27863,34221,Ravi Shetty,18,M
27864,34223,Bhavana Naik,22,F
27867,34229,Ashwini Patil,52,M
27868,34231,Chetan Patil,46,M
27873,34241,Shivakumar Murthy,6,M
27874,34241,Nagaraj Patil,10,M
27876,34245,Ashwini Bhat,73,F
27877,34247,Bhavana Prasad,64,M
27879,34249,Mary Kumar,70,M
27881,34251,Chetan Murthy,50,M
27883,34259,Rekha Patil,30,F
27884,34259,Manjunath Iyengar,62,F
27886,34261,Anitha Naik,42,F
27887,34261,Ashwini Shetty,29,M
27889,34263,Fatima Iyengar,56,F
27890,34263,Lakshmi Bhat,36,M
27892,34267,Suresh Bhat,19,F
27893,34269,Ashwini Naik,30,M
27895,34273,Ravi Gowda,64,M
27897,34275,Deepak Naik,22,M
27899,34279,Kiran Iyengar,10,M
27902,34283,Chetan Murthy,63,F
27905,34287,Girish Iyengar,5,M
27906,34293,Girish Rao,71,M
27909,34295,Nagaraj Patil,50,F
27910,34297,Anitha Naik,31,F
27911,34297,Kiran Prasad,67,F
27912,34299,Manjunath Rao,72,M
27913,34301,Joseph Kumar,25,M
27914,34303,Suresh Gowda,22,M
27918,34307,Lakshmi Reddy,27,M
27919,34309,Pooja Prasad,55,F
27921,34313,Rekha Kumar,51,M
27922,34315,Imran Murthy,39,F
27923,34315,Kiran Prasad,49,F
27924,34317,Imran Iyengar,58,M
27925,34323,Nagaraj Reddy,64,M
27926,34323,Lakshmi Bhat,19,F
27929,34325,Manjunath Shetty,35,M
27931,34327,Pooja Iyengar,48,M
27932,34329,Bhavana Hegde,21,F
27934,34331,Nagaraj Iyengar,19,M
27937,34333,Kiran Patil,50,M
27938,34333,Lakshmi Prasad,55,F
27947,34345,Suresh Desai,55,F
27948,34345,Nagaraj Shetty,66,F
27950,34347,Yashwanth Nayak,21,M
27951,34349,Yashwanth Murthy,5,M
27953,34351,Chetan Kumar,17,F
27955,34353,Shivakumar Kulkarni,55,F
27956,34355,Yashwanth Kumar,63,F
27957,34355,Ravi Nayak,12,M
27958,34357,Girish Shetty,54,M
27959,34359,Joseph Hegde,52,M
27961,34361,Joseph Rao,74,F
27962,34361,Joseph Desai,16,F
27964,34363,Bhavana Bhat,25,F
27965,34367,Yashwanth Gowda,54,F
27966,34369,Kiran Nayak,10,F
27971,34375,Lakshmi Rao,26,F
27972,34375,Kiran Murthy,48,M
27973,34377,Lakshmi Shetty,55,F
27975,34379,Ashwini Desai,18,F
27979,34385,Joseph Hegde,11,F
27981,34387,Shivakumar Nayak,68,F
27983,34389,Anitha Reddy,41,M
27985,34391,Ashwini Naik,40,M
27987,34393,Yashwanth Nayak,57,F
27989,34397,Prakash Reddy,23,M
27991,34401,Fatima Prasad,48,F
27992,34401,Yashwanth Bhat,21,F
27994,34403,Rekha Iyengar,43,M
27995,34403,Shivakumar Desai,56,F
27999,34407,Prakash Naik,38,F
28002,34409,Deepak Rao,18,M
28006,34415,Prakash Murthy,8,F
28008,34417,Nagaraj Iyengar,29,F
28010,34419,Fatima Kumar,29,F
28011,34419,Bhavana Rao,15,F
28013,34421,Deepak Prasad,32,F
28014,34421,Imran Rao,68,M
28020,34427,Pooja Hegde,74,F
28023,34429,Lakshmi Iyengar,9,F
28024,34429,Suresh Kumar,48,M
28027,34433,Mary Kumar,67,F
28028,34433,Kiran Patil,37,F
28029,34435,Joseph Iyengar,31,F
28031,34437,Fatima Naik,32,F
28035,34441,Girish Hegde,37,F
28037,34445,Chetan Reddy,71,F
28038,34445,Anitha Patil,58,M
28041,34449,Suresh Iyengar,42,M
28042,34449,Chetan Nayak,51,F
28043,34451,Imran Kumar,36,F
28044,34451,Lakshmi Kulkarni,62,M
28045,34453,Yashwanth Rao,19,M
28046,34455,Kiran Hegde,43,F
28049,34457,Anitha Patil,19,M
28053,34461,Kiran Naik,71,F
28055,34463,Chetan Reddy,50,F
28056,34465,Lakshmi Bhat,19,F
28057,34465,Vinutha Prasad,9,F
28059,34467,Fatima Desai,47,F
28060,34469,Joseph Prasad,36,M
28061,34471,Shivakumar Shetty,5,F
28062,34473,Suresh Kulkarni,31,M
28063,34473,Yashwanth Reddy,49,M
28065,34475,Bhavana Nayak,51,F
28068,34477,Pooja Iyengar,53,F
28069,34479,Basavaraj Desai,13,F
28070,34481,Shivakumar Murthy,48,F
28071,34481,Yashwanth Nayak,16,M
28073,34483,Anitha Nayak,60,F
28074,34485,Anitha Prasad,28,F
28077,34487,Mary Naik,54,F
28079,34489,Prakash Naik,61,F
28081,34491,Kiran Patil,58,M
28082,34493,Shivakumar Prasad,30,F
28083,34497,Imran Nayak,27,F
28084,34499,Shivakumar Hegde,17,F
28087,34501,Imran Murthy,11,F
28088,34505,Basavaraj Naik,52,M
28091,34511,Deepak Kumar,24,M
28092,34513,Pooja Nayak,41,F
28097,34517,Yashwanth Murthy,36,M
28098,34517,Kiran Iyengar,22,F
28100,34519,Vinutha Naik,41,F
28104,34525,Nagaraj Kulkarni,70,F
28107,34527,Kiran Kulkarni,12,F
28109,34529,Shivakumar Reddy,74,F
28113,34533,Imran Patil,19,M
28115,34535,Pooja Prasad,39,F
28117,34537,Ravi Murthy,7,F
28119,34539,Deepak Prasad,50,M
28121,34541,Ashwini Reddy,19,F
28123,34543,Manjunath Desai,17,F
28125,34545,Anitha Nayak,38,F
28126,34545,Vinutha Prasad,7,M
28129,34547,Manjunath Prasad,59,M
28130,34549,Lakshmi Rao,5,M
28133,34551,Nagaraj Patil,7,M
28134,34553,Bhavana Reddy,24,F
28139,34559,Kiran Kumar,44,F
28140,34561,Bhavana Iyengar,51,M
28141,34563,Chetan Kulkarni,5,M
28142,34563,Basavaraj Nayak,69,M
28143,34565,Mary Gowda,73,F
28145,34567,Prakash Iyengar,40,F
28146,34567,Ravi Kulkarni,47,M
28149,34573,Ashwini Shetty,17,F
28150,34575,Ashwini Nayak,30,F
28152,34577,Yashwanth Shetty,49,F
28154,34579,Lakshmi Desai,65,F
28155,34581,Suresh Prasad,27,F
28158,34585,Girish Prasad,9,M
28161,34591,Mary Rao,50,M
28162,34593,Joseph Murthy,31,F
28163,34593,Prakash Hegde,47,M
28164,34595,Nagaraj Rao,71,F
28165,34595,Girish Murthy,23,F
28170,34603,Ashwini Reddy,55,F
28173,34605,Ashwini Bhat,41,F
28174,34605,Suresh Reddy,73,F
28176,34607,Prakash Iyengar,5,M
28177,34609,Ravi Rao,18,F
28178,34611,Pooja Naik,75,M
28180,34615,Fatima Iyengar,21,M
28183,34617,Yashwanth Iyengar,61,M
28185,34619,Nagaraj Iyengar,74,M
28187,34621,Mary Iyengar,12,F
28189,34623,Mary Prasad,74,M
28192,34625,Kiran Patil,51,F
28193,34625,Yashwanth Desai,59,F
28195,34627,Basavaraj Prasad,59,M
28196,34627,Ashwini Bhat,61,F
28198,34629,Lakshmi Kulkarni,22,F
28200,34631,Deepak Kulkarni,8,M
28206,34637,Rekha Reddy,29,M
28209,34641,Anitha Kulkarni,9,M
28210,34641,Lakshmi Hegde,22,M
28211,34643,Mary Nayak,32,M
28213,34645,Mary Murthy,19,M
28216,34649,Girish Shetty,41,M
28218,34651,Lakshmi Gowda,35,M
28220,34653,Suresh Prasad,7,M
28223,34655,Pooja Gowda,32,F
28225,34659,Girish Bhat,47,F
28227,34661,Suresh Hegde,75,F
28228,34661,Prakash Bhat,21,F
28230,34663,Ravi Naik,10,F
28232,34667,Nagaraj Kulkarni,43,F
28234,34671,Anitha Kumar,29,M
28236,34673,Deepak Desai,43,F
28237,34673,Kiran Reddy,53,M
28239,34677,Ravi Kumar,30,M
28240,34679,Imran Hegde,39,M
28242,34683,Chetan Desai,14,M
28244,34685,Deepak Bhat,38,M
28247,34689,Ravi Hegde,51,F
28251,34695,Kiran Nayak,7,M
28254,34701,Suresh Reddy,34,F
28255,34701,Fatima Rao,64,F
28258,34705,Anitha Rao,32,F
28260,34707,Imran Rao,64,M
28261,34707,Manjunath Hegde,46,M
28262,34709,Yashwanth Nayak,72,M
28263,34709,Mary Hegde,31,F
28265,34711,Prakash Iyengar,19,M
28266,34713,Prakash Reddy,35,F
28267,34713,Imran Hegde,56,M
28270,34715,Joseph Iyengar,30,M
28273,34721,Shivakumar Iyengar,72,F
28277,34725,Lakshmi Kulkarni,31,F
28279,34727,Pooja Shetty,31,M
28280,34727,Kiran Patil,23,M
28282,34731,Fatima Bhat,43,M
28283,34731,Shivakumar Gowda,56,F
28285,34733,Chetan Desai,54,F
28289,34737,Deepak Reddy,69,M
28291,34739,Kiran Kumar,31,F
28292,34739,Yashwanth Hegde,11,M
28293,34743,Joseph Desai,54,M
28294,34743,Suresh Rao,53,F
28296,34747,Basavaraj Gowda,24,M
28297,34749,Chetan Patil,18,F
28299,34751,Fatima Iyengar,31,M
28302,34755,Yashwanth Naik,75,M
28303,34757,Anitha Iyengar,63,F
28305,34759,Girish Reddy,74,M
28309,34765,Chetan Kumar,25,F
28310,34767,Chetan Patil,28,F
28311,34767,Pooja Naik,19,M
28313,34769,Suresh Iyengar,40,M
28317,34775,Joseph Kumar,21,F
28321,34779,Ashwini Desai,32,F
28322,34779,Prakash Desai,64,M
28323,34781,Mary Prasad,39,F
28324,34781,Bhavana Kumar,53,M
28325,34785,Mary Desai,42,F
28327,34787,Rekha Reddy,73,F
28329,34789,Manjunath Reddy,30,F
28334,34797,Imran Rao,54,M
28335,34797,Deepak Iyengar,69,F
28337,34799,Pooja Gowda,51,M
28338,34799,Anitha Nayak,65,M
28340,34801,Bhavana Desai,49,M
28341,34801,Vinutha Naik,55,F
28343,34803,Anitha Patil,74,F
28344,34805,Girish Desai,53,F
28345,34805,Prakash Shetty,56,F
28346,34807,Yashwanth Kumar,61,F
28348,34809,Yashwanth Patil,39,M
28349,34809,Basavaraj Gowda,5,F
28353,34813,Chetan Rao,50,F
28354,34815,Vinutha Murthy,69,F
28356,34817,Rekha Kulkarni,29,M
28357,34817,Shivakumar Bhat,65,M
28359,34821,Lakshmi Naik,61,M
28362,34823,Prakash Nayak,12,M
28363,34823,Manjunath Iyengar,57,M
28365,34825,Suresh Kulkarni,14,M
28367,34827,Fatima Bhat,75,M
28369,34829,Anitha Murthy,34,M
28372,34831,Manjunath Nayak,43,F
28373,34833,Girish Prasad,8,F
28375,34835,Imran Patil,53,F
28377,34837,Mary Desai,51,M
28379,34839,Deepak Gowda,67,F
28380,34841,Lakshmi Murthy,24,F
28381,34843,Basavaraj Naik,47,M
28383,34847,Bhavana Nayak,53,F
28386,34851,Suresh Desai,10,F
28388,34853,Imran Iyengar,73,M
28390,34857,Chetan Murthy,21,M
28391,34859,Ravi Desai,40,F
28393,34861,Yashwanth Kulkarni,40,F
28394,34861,Vinutha Prasad,68,F
28396,34863,Basavaraj Bhat,29,F
28397,34867,Fatima Rao,9,M
28400,34869,Ashwini Bhat,72,F
28401,34869,Suresh Prasad,44,M
28402,34871,Rekha Shetty,35,M
28403,34873,Fatima Bhat,75,M
28406,34877,Nagaraj Murthy,46,M
28407,34877,Deepak Patil,74,F
28409,34879,Deepak Bhat,15,F
28412,34881,Girish Naik,33,F
28416,34887,Rekha Nayak,9,M
28417,34887,Ashwini Prasad,40,M
28419,34889,Fatima Kumar,42,F
28421,34891,Prakash Hegde,64,F
28423,34893,Lakshmi Kulkarni,71,M
28425,34895,Imran Nayak,32,F
28427,34897,Girish Reddy,14,M
28428,34899,Kiran Rao,60,M
28429,34899,Yashwanth Nayak,45,M
28430,34901,Prakash Reddy,33,M
28432,34903,Joseph Desai,50,M
28433,34903,Bhavana Hegde,19,M
28436,34905,Deepak Bhat,75,F
28438,34907,Prakash Iyengar,17,M
28440,34909,Shivakumar Desai,30,M
28441,34911,Bhavana Rao,13,F
28448,34919,Anitha Rao,53,M
28449,34921,Bhavana Gowda,40,M
28452,34925,Chetan Kulkarni,59,M
28453,34927,Prakash Desai,17,F
28455,34933,Shivakumar Iyengar,26,M
28457,34935,Yashwanth Gowda,7,M
28459,34937,Ashwini Prasad,20,F
28461,34939,Deepak Prasad,10,F
28465,34945,Fatima Reddy,6,F
28467,34947,Joseph Kulkarni,51,F
28470,34953,Anitha Kulkarni,53,M
28471,34953,Girish Nayak,18,F
28472,34955,Manjunath Rao,54,M
28473,34955,Anitha Desai,12,M
28475,34957,Chetan Reddy,10,F
28476,34957,Manjunath Reddy,21,M
28477,34959,Fatima Gowda,6,F
28478,34961,Ravi Shetty,21,M
28481,34965,Pooja Nayak,48,M
28482,34967,Girish Hegde,49,M
28483,34967,Girish Patil,47,M
28484,34971,Ashwini Prasad,53,F
28486,34973,Joseph Kumar,46,F
28488,34975,Suresh Gowda,47,F
28490,34977,Anitha Bhat,9,F
28493,34981,Fatima Shetty,56,M
28497,34985,Bhavana Reddy,63,F
28499,34987,Suresh Desai,21,F
28500,34989,Deepak Patil,30,M
28501,34989,Joseph Desai,48,M
28503,34993,Lakshmi Naik,5,M
28504,34995,Ravi Rao,67,F
28506,34997,Kiran Hegde,37,F
28509,35001,Girish Hegde,33,F
28512,35007,Shivakumar Patil,11,F
28513,35007,Vinutha Murthy,56,F
28516,35011,Shivakumar Bhat,59,F
28517,35013,Deepak Kulkarni,14,F
28518,35013,Vinutha Kumar,33,F
28520,35015,Ravi Desai,18,M
28522,35017,Shivakumar Kulkarni,5,M
28525,35021,Ashwini Naik,26,F
28528,35023,Deepak Murthy,49,M
28530,35025,Yashwanth Gowda,29,F
28533,35029,Nagaraj Desai,46,M
28534,35029,Suresh Kumar,57,M
28536,35031,Shivakumar Shetty,16,F
28539,35033,Kiran Prasad,9,M
28540,35037,Prakash Desai,69,F
28541,35037,Manjunath Shetty,66,M
28542,35041,Shivakumar Rao,54,F
28544,35043,Imran Patil,27,M
28545,35045,Fatima Nayak,58,M
28546,35045,Manjunath Iyengar,32,M
28547,35047,Yashwanth Kulkarni,23,M
28548,35047,Ashwini Prasad,29,F
28549,35049,Vinutha Gowda,33,F
28551,35051,Kiran Rao,10,M
28553,35055,Lakshmi Patil,25,M
28555,35057,Girish Reddy,49,F
28557,35059,Shivakumar Nayak,64,F
28558,35059,Rekha Desai,10,M
28560,35061,Anitha Hegde,63,F
28561,35061,Vinutha Naik,49,F
28563,35063,Yashwanth Shetty,12,F
28564,35063,Basavaraj Bhat,56,F
28567,35065,Fatima Nayak,46,F
28569,35067,Ravi Reddy,6,F
28571,35069,Imran Naik,63,F
28573,35073,Imran Naik,14,M
28578,35083,Nagaraj Murthy,42,M
28580,35087,Pooja Naik,32,M
28581,35087,Yashwanth Gowda,54,M
28584,35091,Vinutha Kumar,64,F
28586,35095,Mary Patil,14,M
28587,35097,Pooja Patil,18,F
28591,35101,Ashwini Murthy,69,F
28593,35103,Prakash Reddy,64,M
28594,35105,Joseph Naik,65,F
28596,35107,Suresh Kumar,60,M
28598,35109,Bhavana Shetty,69,M
28599,35111,Mary Reddy,54,F
28601,35113,Suresh Shetty,15,F
28603,35117,Nagaraj Murthy,34,M
28605,35119,Prakash Kulkarni,58,M
28606,35119,Pooja Prasad,66,F
28607,35121,Basavaraj Bhat,43,F
28609,35123,Vinutha Rao,5,F
28610,35127,Fatima Reddy,59,F
28612,35129,Nagaraj Bhat,20,M
28614,35131,Pooja Hegde,29,M
28615,35133,Kiran Desai,34,M
28617,35135,Fatima Gowda,47,F
28619,35137,Deepak Kulkarni,51,M
28622,35143,Basavaraj Reddy,14,M
28623,35145,Ravi Patil,9,M
28624,35147,Yashwanth Iyengar,22,F
28625,35149,Ashwini Naik,18,M
28626,35151,Anitha Kulkarni,26,F
28628,35153,Yashwanth Desai,5,F
28629,35153,Nagaraj Prasad,69,M
28630,35155,Prakash Kulkarni,74,F
28633,35159,Prakash Desai,54,M
28634,35159,Anitha Murthy,62,M
28635,35161,Vinutha Nayak,52,F
28636,35163,Basavaraj Iyengar,48,M
28637,35163,Kiran Reddy,71,M
28639,35165,Suresh Desai,37,M
28641,35167,Suresh Prasad,57,F
28644,35169,Girish Shetty,66,F
28645,35171,Chetan Reddy,66,F
28648,35173,Deepak Kumar,12,M
28650,35175,Vinutha Hegde,38,M
28651,35177,Shivakumar Rao,44,M
28652,35179,Vinutha Bhat,51,M
28653,35179,Vinutha Prasad,11,M
28655,35185,Fatima Kulkarni,64,M
28656,35185,Joseph Kulkarni,5,F
28659,35187,Imran Kulkarni,13,M
28661,35189,Shivakumar Murthy,31,F
28668,35201,Kiran Shetty,30,F
28671,35205,Shivakumar Prasad,60,F
28672,35205,Prakash Desai,33,M
28674,35207,Fatima Nayak,15,M
28675,35207,Vinutha Iyengar,60,M
28677,35209,Imran Hegde,21,F
28682,35215,Imran Patil,52,F
28683,35217,Prakash Nayak,37,M
28684,35217,Rekha Desai,33,M
28685,35219,Imran Rao,43,M
28686,35219,Anitha Reddy,24,M
28688,35221,Joseph Gowda,63,M
28691,35223,Fatima Bhat,14,F
28692,35225,Shivakumar Bhat,34,F
28694,35229,Prakash Bhat,25,F
28696,35231,Anitha Desai,42,M
28697,35233,Basavaraj Bhat,24,F
28699,35235,Fatima Patil,26,M
28700,35235,Lakshmi Gowda,17,F
28703,35239,Pooja Gowda,47,M
28708,35247,Basavaraj Kulkarni,75,F
28710,35249,Suresh Prasad,73,F
28711,35249,Imran Shetty,71,M
28713,35251,Nagaraj Rao,55,M
28715,35253,Basavaraj Nayak,19,F
28716,35253,Prakash Prasad,73,F
28718,35255,Shivakumar Kulkarni,11,F
28721,35259,Ashwini Kumar,54,F
28722,35259,Vinutha Hegde,9,F
28726,35263,Ravi Kulkarni,27,M
28728,35265,Ashwini Prasad,60,F
28730,35267,Anitha Gowda,67,F
28733,35271,Ravi Iyengar,73,F
28734,35271,Anitha Prasad,17,F
28736,35273,Ravi Iyengar,41,M
28739,35277,Shivakumar Kulkarni,14,F
28741,35279,Joseph Reddy,19,F
28744,35283,Yashwanth Patil,23,F
28746,35285,Anitha Bhat,69,M
28748,35291,Lakshmi Murthy,17,M
28749,35291,Nagaraj Iyengar,62,F
28751,35293,Anitha Kumar,46,M
28752,35293,Ravi Nayak,21,M
28753,35295,Vinutha Shetty,38,F
28754,35297,Fatima Gowda,57,F
28756,35299,Prakash Shetty,29,F
28757,35301,Girish Desai,17,M
28758,35303,Fatima Nayak,69,F
28759,35303,Basavaraj Naik,52,M
28763,35307,Anitha Murthy,74,M
28764,35307,Basavaraj Reddy,54,F
28765,35309,Vinutha Nayak,17,F
28770,35317,Basavaraj Gowda,33,M
28773,35319,Mary Naik,6,M
28774,35319,Prakash Shetty,27,M
28777,35325,Basavaraj Reddy,27,F
28778,35325,Shivakumar Reddy,27,M
28781,35327,Anitha Desai,67,F
28782,35327,Basavaraj Desai,50,F
28783,35329,Girish Desai,35,M
28785,35331,Vinutha Nayak,55,M
28786,35333,Nagaraj Reddy,51,F
28788,35335,Ashwini Kulkarni,74,F
28789,35335,Basavaraj Naik,26,F
28792,35337,Kiran Murthy,38,M
28794,35341,Anitha Naik,11,F
28797,35345,Girish Iyengar,59,M
28799,35347,Anitha Rao,6,F
28800,35349,Pooja Iyengar,14,F
28801,35351,Bhavana Rao,12,M
28802,35353,Lakshmi Hegde,33,F
28803,35353,Anitha Patil,66,F
28805,35355,Rekha Iyengar,50,M
28808,35357,Lakshmi Shetty,58,F
28811,35359,Kiran Murthy,21,F
28812,35359,Bhavana Kumar,39,M
28813,35361,Kiran Nayak,47,F
28815,35363,Ashwini Bhat,24,F
28816,35365,Joseph Shetty,36,F
28817,35367,Anitha Bhat,41,F
28819,35369,Girish Hegde,30,F
28822,35371,Lakshmi Desai,11,M
28827,35377,Joseph Patil,63,M
28828,35381,Yashwanth Gowda,40,F
28831,35383,Imran Kumar,65,M
28832,35385,Suresh Nayak,26,F
28837,35391,Mary Gowda,45,M
28838,35397,Anitha Patil,52,M
28840,35401,Chetan Nayak,59,F
28842,35403,Vinutha Gowda,25,F
28846,35415,Ashwini Desai,39,F
28847,35417,Suresh Kulkarni,37,F
28848,35417,Rekha Murthy,20,M
28851,35421,Girish Iyengar,68,F
28852,35421,Mary Kumar,36,M
28854,35423,Nagaraj Desai,23,M
28855,35425,Basavaraj Rao,37,F
28856,35425,Ravi Reddy,20,M
28858,35427,Shivakumar Naik,43,F
28859,35429,Yashwanth Shetty,68,F
28861,35431,Imran Shetty,9,F
28863,35435,Joseph Desai,52,F
28866,35437,Mary Bhat,71,F
28867,35439,Fatima Bhat,67,F
28869,35441,Kiran Patil,13,M
28870,35441,Deepak Hegde,51,M
28871,35443,Girish Hegde,37,F
28872,35443,Kiran Gowda,67,M
28873,35445,Nagaraj Shetty,51,M
28875,35447,Kiran Shetty,23,F
28877,35451,Lakshmi Patil,68,M
28879,35455,Vinutha Reddy,28,M
28882,35457,Anitha Kulkarni,25,M
28883,35463,Fatima Kulkarni,51,M
28885,35465,Girish Shetty,44,F
28886,35467,Girish Bhat,6,F
28890,35471,Bhavana Prasad,29,M
28893,35475,Mary Gowda,6,M
28894,35475,Anitha Nayak,74,F
28896,35477,Bhavana Rao,54,F
28900,35483,Nagaraj Naik,74,F
28901,35485,Ravi Desai,18,F
28902,35489,Rekha Iyengar,66,F
28903,35489,Vinutha Bhat,51,F
28907,35493,Yashwanth Murthy,74,F
28909,35497,Joseph Bhat,33,M
28911,35499,Lakshmi Bhat,69,F
28912,35499,Ashwini Reddy,47,M
28914,35501,Suresh Hegde,60,F
28916,35503,Prakash Desai,10,F
28917,35505,Ravi Shetty,19,F
28924,35513,Suresh Iyengar,69,M
28925,35515,Deepak Shetty,24,F
28929,35519,Chetan Nayak,11,F
28931,35521,Nagaraj Kulkarni,15,M
28934,35527,Prakash Gowda,63,F
28936,35529,Fatima Hegde,31,F
28937,35529,Vinutha Iyengar,12,M
28939,35533,Prakash Kumar,22,M
28942,35537,Bhavana Patil,58,M
28943,35539,Vinutha Kulkarni,64,F
28944,35541,Joseph Desai,56,M
28945,35541,Basavaraj Bhat,18,M
28947,35543,Mary Nayak,5,M
28950,35547,Mary Rao,67,M
28953,35551,Fatima Hegde,34,M
28954,35553,Kiran Reddy,31,F
28955,35553,Pooja Nayak,42,F
28957,35555,Mary Rao,34,M
28958,35555,Ravi Rao,33,F
28961,35557,Nagaraj Hegde,13,F
28962,35559,Fatima Desai,22,F
28963,35559,Suresh Iyengar,62,F
28965,35561,Anitha Desai,47,F
28967,35563,Vinutha Desai,29,F
28970,35565,Suresh Bhat,50,M
28971,35565,Lakshmi Desai,6,M
28974,35567,Vinutha Shetty,75,M
28976,35569,Pooja Desai,61,M
28978,35571,Suresh Bhat,57,M
28979,35573,Bhavana Reddy,32,F
28981,35575,Mary Kumar,8,F
28989,35587,Basavaraj Prasad,59,F
28991,35589,Deepak Prasad,9,F
28993,35591,Mary Naik,24,F
28995,35593,Nagaraj Patil,45,M
28996,35593,Shivakumar Naik,23,F
28998,35595,Basavaraj Iyengar,63,M
28999,35597,Lakshmi Nayak,36,M
29000,35597,Yashwanth Iyengar,55,F
29003,35599,Suresh Prasad,48,M
29006,35601,Kiran Iyengar,49,F
29007,35603,Yashwanth Shetty,13,M
29011,35609,Chetan Desai,10,F
29014,35613,Manjunath Bhat,20,M
29015,35615,Yashwanth Iyengar,60,F
29016,35617,Manjunath Shetty,51,M
29018,35619,Joseph Shetty,29,F
29019,35619,Fatima Gowda,5,M
29021,35621,Anitha Patil,51,F
29024,35623,Shivakumar Bhat,10,F
29027,35625,Fatima Patil,6,M
29030,35631,Ravi Nayak,25,F
29032,35633,Kiran Bhat,36,F
29034,35635,Nagaraj Bhat,27,F
29038,35647,Yashwanth Patil,62,M
29040,35649,Joseph Reddy,29,F
29042,35651,Chetan Naik,50,F
29043,35651,Ashwini Reddy,22,F
29045,35653,Deepak Gowda,37,F
29046,35655,Prakash Nayak,35,F
29049,35659,Manjunath Hegde,37,M
29051,35661,Lakshmi Reddy,13,M
29053,35663,Fatima Reddy,60,M
29054,35663,Chetan Shetty,34,M
29057,35665,Imran Patil,52,M
29061,35671,Kiran Shetty,52,M
29063,35673,Rekha Hegde,11,F
29064,35675,Prakash Nayak,5,F
29065,35675,Lakshmi Gowda,8,M
29066,35677,Prakash Reddy,8,M
29068,35681,Mary Bhat,63,M
29069,35683,Girish Reddy,54,M
29071,35687,Chetan Bhat,43,M
29072,35687,Mary Nayak,32,F
29073,35689,Imran Reddy,10,M
29076,35691,Kiran Desai,69,M
29077,35691,Bhavana Murthy,7,M
29079,35695,Yashwanth Hegde,20,F
29081,35697,Rekha Shetty,49,F
29082,35699,Girish Patil,29,M
29084,35705,Anitha Murthy,37,F
29087,35709,Prakash Gowda,36,F
29089,35711,Ashwini Desai,16,M
29090,35711,Nagaraj Naik,29,M
29091,35713,Imran Hegde,21,M
29092,35715,Basavaraj Kumar,42,F
29093,35715,Pooja Bhat,40,M
29094,35717,Kiran Prasad,13,M
29097,35721,Anitha Shetty,10,M
29100,35723,Chetan Nayak,25,M
29102,35725,Yashwanth Iyengar,40,M
29103,35725,Basavaraj Kumar,74,F
29105,35727,Vinutha Patil,60,F
29106,35727,Suresh Rao,33,M
29108,35731,Joseph Kulkarni,62,F
29110,35733,Vinutha Patil,38,M
29113,35737,Deepak Prasad,61,M
29114,35737,Suresh Kumar,22,M
29115,35739,Imran Kulkarni,38,M
29116,35741,Bhavana Gowda,66,M
29118,35743,Ashwini Prasad,58,F
29120,35745,Ravi Naik,9,M
29121,35745,Prakash Iyengar,28,F
29124,35747,Shivakumar Bhat,59,F
29125,35747,Rekha Gowda,47,M
29127,35749,Ashwini Hegde,46,M
29128,35751,Girish Gowda,43,F
29133,35757,Ravi Gowda,70,F
29136,35759,Rekha Rao,19,M
29137,35761,Joseph Bhat,69,M
29138,35761,Manjunath Reddy,22,F
29141,35767,Bhavana Kumar,31,M
29143,35769,Fatima Naik,64,F
29145,35771,Basavaraj Prasad,16,F
29146,35773,Suresh Murthy,29,M
29148,35775,Shivakumar Prasad,67,F
29149,35775,Mary Murthy,26,M
29150,35777,Basavaraj Prasad,20,M
29154,35781,Lakshmi Naik,33,M
29156,35783,Girish Iyengar,63,F
29157,35785,Mary Hegde,62,F
29159,35789,Imran Prasad,55,F
29164,35795,Suresh Bhat,56,F
29165,35795,Joseph Kulkarni,52,F
29167,35801,Kiran Shetty,54,M
29170,35807,Manjunath Desai,41,F
29173,35811,Pooja Rao,52,F
29174,35811,Suresh Naik,42,M
29178,35815,Deepak Desai,57,M
29180,35817,Ashwini Bhat,32,F
29181,35817,Vinutha Murthy,11,M
29184,35821,Yashwanth Rao,24,F
29187,35823,Basavaraj Kulkarni,16,F
29192,35829,Anitha Gowda,66,M
29193,35829,Rekha Shetty,25,F
29194,35831,Nagaraj Prasad,19,M
29196,35835,Girish Shetty,14,F
29197,35837,Girish Naik,52,M
29199,35839,Anitha Kumar,75,F
29201,35841,Rekha Kumar,61,F
29204,35843,Girish Murthy,37,M
29206,35845,Yashwanth Rao,46,M
29207,35845,Bhavana Kulkarni,31,F
29208,35847,Yashwanth Gowda,15,M
29210,35849,Deepak Reddy,73,F
29211,35849,Suresh Rao,20,M
29213,35851,Joseph Murthy,26,F
29219,35861,Anitha Hegde,29,M
29220,35861,Bhavana Naik,9,M
29223,35867,Ashwini Iyengar,58,M
29224,35867,Kiran Bhat,71,M
29226,35869,Deepak Gowda,67,M
29230,35875,Kiran Nayak,66,M
29233,35877,Girish Murthy,50,M
29235,35881,Nagaraj Desai,30,F
29237,35883,Kiran Bhat,13,M
29239,35885,Suresh Hegde,27,M
29240,35885,Bhavana Shetty,39,F
29242,35889,Vinutha Nayak,70,F
29244,35893,Deepak Naik,14,M
29246,35895,Lakshmi Bhat,69,F
29248,35897,Imran Patil,42,F
29249,35899,Joseph Shetty,72,M
29251,35903,Basavaraj Patil,26,M
29254,35905,Chetan Desai,48,M
29256,35907,Mary Hegde,6,F
29260,35911,Girish Kulkarni,44,F
29263,35921,Girish Patil,22,F
29265,35923,Fatima Shetty,37,F
29267,35925,Chetan Iyengar,36,M
29268,35927,Anitha Reddy,54,F
29272,35931,Shivakumar Desai,8,F
29273,35933,Bhavana Iyengar,62,M
29274,35933,Nagaraj Rao,63,M
29277,35939,Anitha Kulkarni,68,M
29280,35943,Shivakumar Gowda,22,F
29281,35943,Bhavana Prasad,70,M
29283,35945,Girish Gowda,39,M
29284,35947,Girish Iyengar,38,F
29285,35947,Rekha Nayak,26,M
29287,35949,Basavaraj Reddy,49,F
29289,35951,Suresh Bhat,22,M
29291,35953,Basavaraj Patil,61,M
29293,35961,Imran Nayak,72,M
29294,35961,Suresh Rao,7,F
29296,35963,Rekha Bhat,18,F
29297,35965,Basavaraj Shetty,52,F
29300,35967,Vinutha Kulkarni,20,M
29301,35971,Prakash Gowda,11,M
29305,35975,Manjunath Bhat,55,M
29307,35977,Kiran Kulkarni,28,M
29309,35979,Fatima Desai,59,M
29310,35979,Fatima Iyengar,46,F
29313,35983,Prakash Naik,9,F
29315,35985,Mary Patil,57,M
29316,35985,Prakash Shetty,64,M
29318,35987,Mary Murthy,73,F
29319,35987,Mary Kumar,19,M
29321,35989,Nagaraj Bhat,63,F
29322,35991,Fatima Nayak,15,F
29324,35995,Basavaraj Prasad,23,M
29326,35999,Lakshmi Naik,16,M
29328,36005,Rekha Desai,67,M
29329,36007,Shivakumar Prasad,7,F
29330,36007,Joseph Hegde,29,M
29332,36009,Manjunath Nayak,65,F
29333,36011,Kiran Gowda,46,M
29336,36015,Basavaraj Patil,35,M
29340,36023,Fatima Iyengar,12,F
29342,36027,Bhavana Bhat,69,M
29344,36029,Anitha Rao,12,M
29345,36029,Chetan Reddy,44,F
29349,36035,Rekha Bhat,36,F
29350,36037,Joseph Rao,57,F
29351,36039,Suresh Naik,61,M
29352,36039,Lakshmi Iyengar,74,M
29354,36041,Deepak Desai,59,F
29357,36043,Imran Naik,13,F
29360,36049,Ravi Kumar,45,M
29361,36051,Pooja Prasad,70,F
29363,36055,Deepak Iyengar,60,F
29365,36059,Manjunath Iyengar,72,M
29367,36065,Chetan Nayak,58,F
29369,36067,Suresh Murthy,20,M
29373,36073,Basavaraj Iyengar,62,M
29375,36075,Kiran Hegde,51,M
29377,36077,Fatima Nayak,38,M
29379,36079,Shivakumar Hegde,46,M
29380,36079,Mary Shetty,17,F
29382,36081,Imran Rao,60,M
29385,36085,Girish Naik,46,F
29386,36085,Manjunath Bhat,31,M
29388,36087,Mary Murthy,20,M
29389,36089,Nagaraj Bhat,70,M
29391,36091,Basavaraj Prasad,63,M
29392,36091,Chetan Hegde,65,M
29394,36093,Fatima Hegde,22,M
29397,36095,Imran Patil,70,F
29398,36095,Manjunath Bhat,40,M
29399,36101,Prakash Naik,15,M
29400,36101,Ashwini Bhat,18,F
29402,36103,Yashwanth Naik,32,F
29404,36105,Prakash Patil,38,M
29406,36107,Fatima Nayak,24,M
29408,36109,Shivakumar Murthy,11,M
29411,36111,Ashwini Gowda,69,M
29413,36113,Kiran Iyengar,10,M
29415,36115,Prakash Naik,16,F
29416,36117,Anitha Murthy,35,M
29421,36123,Bhavana Hegde,20,M
29423,36125,Suresh Desai,21,F
29424,36125,Kiran Kulkarni,36,F
29427,36127,Rekha Nayak,20,M
29430,36129,Imran Rao,29,F
29433,36131,Vinutha Iyengar,60,F
29434,36133,Basavaraj Desai,10,F
29435,36135,Yashwanth Patil,56,M
29437,36139,Shivakumar Prasad,56,F
29439,36141,Pooja Prasad,15,F
29443,36145,Yashwanth Kulkarni,51,M
29445,36151,Kiran Prasad,8,M
29446,36153,Imran Gowda,39,F
29447,36153,Mary Patil,10,F
29449,36155,Yashwanth Rao,55,F
29451,36157,Mary Prasad,20,M
29452,36157,Basavaraj Hegde,53,M
29453,36161,Pooja Shetty,50,F
29455,36163,Imran Naik,50,M
29456,36163,Shivakumar Prasad,62,M
29458,36167,Anitha Hegde,56,F
29459,36171,Yashwanth Gowda,13,M
29460,36171,Kiran Patil,72,F
29463,36179,Shivakumar Rao,35,F
29464,36181,Kiran Shetty,50,M
29465,36183,Basavaraj Iyengar,38,M
29467,36185,Girish Kumar,71,F
29469,36187,Yashwanth Murthy,49,F
29474,36193,Ravi Iyengar,67,M
29477,36197,Vinutha Nayak,39,M
29478,36199,Fatima Patil,47,F
29480,36203,Girish Kulkarni,54,F
29482,36205,Pooja Desai,49,M
29483,36209,Ravi Prasad,66,F
29484,36211,Imran Naik,39,F
29486,36213,Pooja Naik,55,F
29487,36213,Chetan Kulkarni,53,F
29489,36215,Pooja Kumar,36,F
29492,36219,Shivakumar Desai,29,M
29494,36223,Rekha Rao,48,F
29495,36223,Imran Gowda,22,F
29497,36225,Lakshmi Bhat,52,F
29499,36227,Imran Shetty,65,M
29500,36227,Mary Shetty,5,F
29503,36231,Joseph Desai,42,F
29504,36231,Deepak Kumar,33,F
29506,36235,Girish Kulkarni,13,F
29507,36235,Joseph Patil,58,F
29509,36237,Bhavana Hegde,48,F
29510,36239,Lakshmi Kulkarni,28,M
29512,36241,Joseph Hegde,49,M
29516,36249,Bhavana Bhat,29,M
29518,36255,Manjunath Patil,26,F
29523,36267,Ashwini Kulkarni,42,F
29524,36267,Yashwanth Kulkarni,7,F
29528,36271,Suresh Rao,31,F
29531,36275,Suresh Iyengar,57,F
29532,36277,Shivakumar Bhat,70,M
29534,36279,Joseph Iyengar,67,M
29535,36281,Pooja Gowda,34,M
29537,36283,Shivakumar Bhat,33,F
29538,36283,Prakash Nayak,68,M
29540,36285,Imran Rao,62,F
29543,36287,Lakshmi Kulkarni,74,F
29546,36289,Deepak Naik,34,F
29550,36293,Rekha Rao,42,F
29551,36295,Ashwini Prasad,74,F
29553,36297,Shivakumar Naik,44,M
29555,36299,Fatima Desai,39,M
29556,36303,Fatima Patil,25,F
29558,36305,Lakshmi Desai,20,F
29563,36309,Chetan Reddy,5,M
29564,36311,Fatima Nayak,75,M
29566,36313,Deepak Hegde,60,F
29567,36313,Joseph Iyengar,35,F
29569,36317,Ravi Prasad,18,F
29570,36317,Ravi Iyengar,20,F
29573,36323,Lakshmi Gowda,30,M
29576,36329,Chetan Kumar,20,M
29577,36331,Nagaraj Kulkarni,30,M
29578,36331,Shivakumar Reddy,31,F
29579,36333,Bhavana Naik,51,F
29580,36333,Girish Desai,11,F
29581,36335,Kiran Bhat,25,M
29582,36337,Vinutha Prasad,45,F
29584,36339,Rekha Kumar,68,M
29588,36347,Girish Bhat,21,M
29593,36353,Prakash Rao,11,F
29595,36355,Prakash Reddy,49,M
29596,36357,Deepak Nayak,40,M
29597,36357,Pooja Desai,55,F
29598,36359,Basavaraj Desai,73,M
29599,36359,Deepak Kulkarni,68,M
29601,36361,Nagaraj Hegde,18,M
29603,36363,Rekha Patil,58,M
29604,36363,Manjunath Reddy,49,F
29605,36365,Anitha Naik,58,M
29607,36369,Vinutha Reddy,11,M
29609,36371,Girish Murthy,44,M
29610,36371,Ravi Desai,58,M
29612,36375,Vinutha Desai,32,F
29613,36377,Kiran Prasad,49,F
29614,36379,Girish Murthy,55,F
29616,36381,Joseph Shetty,50,F
29620,36387,Anitha Reddy,17,M
29623,36395,Deepak Prasad,27,M
29624,36395,Anitha Patil,10,M
29626,36397,Chetan Prasad,38,F
29628,36399,Basavaraj Kumar,24,F
29633,36405,Girish Reddy,56,F
29635,36407,Prakash Nayak,68,F
29636,36407,Nagaraj Nayak,14,F
29638,36409,Anitha Hegde,17,F
29641,36411,Shivakumar Kulkarni,44,F
29644,36413,Lakshmi Hegde,52,M
29647,36415,Manjunath Prasad,39,M
29649,36417,Ravi Reddy,24,M
29650,36419,Ravi Kumar,66,F
29651,36419,Nagaraj Nayak,8,M
29652,36421,Lakshmi Shetty,53,F
29653,36423,Fatima Murthy,17,F
29654,36425,Prakash Patil,5,M
29655,36427,Vinutha Iyengar,36,F
29656,36429,Joseph Naik,64,M
29657,36429,Vinutha Hegde,24,F
29659,36431,Kiran Nayak,43,M
29662,36433,Vinutha Naik,52,F
29663,36435,Joseph Kulkarni,66,M
29666,36439,Nagaraj Kulkarni,47,F
29668,36441,Fatima Kumar,35,M
29671,36443,Vinutha Iyengar,7,M
29673,36445,Joseph Gowda,72,M
29676,36447,Shivakumar Iyengar,69,M
29677,36449,Mary Kulkarni,29,F
29678,36449,Kiran Desai,48,M
29681,36455,Vinutha Hegde,26,F
29683,36457,Kiran Shetty,43,M
29685,36459,Prakash Hegde,21,F
29689,36463,Imran Kulkarni,47,F
29691,36465,Deepak Patil,22,M
29693,36469,Manjunath Gowda,50,M
29694,36469,Lakshmi Prasad,36,F
29696,36471,Imran Prasad,47,F
29699,36477,Imran Patil,32,M
29701,36481,Vinutha Naik,12,F
29702,36483,Kiran Gowda,62,F
29704,36485,Pooja Kumar,58,M
29706,36487,Rekha Prasad,52,F
29707,36487,Rekha Naik,11,M
29710,36489,Ravi Bhat,49,M
29711,36489,Prakash Hegde,52,F
29713,36491,Girish Rao,41,F
29714,36493,Prakash Gowda,62,F
29715,36495,Joseph Hegde,40,M
29717,36497,Basavaraj Nayak,32,M
29720,36503,Prakash Rao,48,M
29723,36505,Yashwanth Iyengar,35,M
29724,36507,Ashwini Kulkarni,47,M
29726,36509,Fatima Naik,17,F
29731,36513,Ashwini Shetty,45,F
29735,36521,Imran Naik,40,F
29739,36529,Chetan Kumar,32,M
29743,36537,Kiran Desai,59,F
29744,36541,Girish Naik,19,F
29748,36545,Rekha Gowda,68,M
29749,36545,Ravi Murthy,21,M
29750,36547,Girish Iyengar,36,F
29752,36549,Vinutha Rao,32,M
29755,36553,Fatima Nayak,61,F
29756,36555,Yashwanth Iyengar,66,F
29757,36557,Ashwini Kumar,32,M
29759,36559,Chetan Shetty,54,M
29761,36561,Fatima Shetty,15,F
29762,36563,Mary Prasad,55,M
29763,36565,Yashwanth Iyengar,33,M
29764,36567,Manjunath Kumar,14,F
29765,36569,Prakash Desai,8,M
29767,36571,Joseph Shetty,61,F
29768,36571,Suresh Hegde,64,F
29770,36575,Vinutha Naik,46,M
29773,36581,Chetan Murthy,44,M
29774,36583,Manjunath Kulkarni,23,F
29777,36589,Mary Patil,72,F
29778,36589,Bhavana Naik,23,F
29780,36591,Ashwini Hegde,31,M
29782,36593,Ashwini Desai,66,M
29784,36595,Rekha Gowda,54,F
29785,36595,Lakshmi Iyengar,30,M
29786,36597,Suresh Kumar,6,F
29788,36599,Shivakumar Iyengar,52,M
29790,36601,Shivakumar Patil,30,M
29791,36603,Ashwini Kumar,40,M
29793,36605,Mary Kumar,46,M
29794,36605,Rekha Nayak,16,M
29799,36609,Basavaraj Shetty,34,M
29801,36611,Deepak Shetty,24,F
29802,36611,Imran Shetty,29,M
29804,36613,Pooja Patil,70,F
29805,36615,Vinutha Reddy,70,M
29806,36617,Basavaraj Bhat,63,M
29808,36619,Suresh Bhat,23,M
29810,36621,Ravi Gowda,47,M
29811,36623,Lakshmi Shetty,64,M
29812,36625,Vinutha Iyengar,65,M
29814,36627,Prakash Prasad,39,M
29815,36627,Girish Shetty,71,M
29819,36631,Shivakumar Prasad,53,F
29820,36633,Suresh Reddy,9,F
29821,36633,Yashwanth Desai,6,M
29823,36639,Bhavana Shetty,26,F
29824,36639,Ravi Kumar,15,F
29826,36641,Nagaraj Prasad,47,M
29829,36643,Anitha Iyengar,27,F
29830,36643,Ashwini Murthy,65,M
29831,36645,Fatima Rao,51,F
29834,36651,Deepak Naik,25,M
29835,36653,Basavaraj Desai,54,M
29836,36653,Ravi Hegde,58,M
29838,36655,Yashwanth Shetty,36,M
29839,36655,Chetan Desai,57,F
29841,36661,Imran Shetty,26,F
29842,36663,Vinutha Naik,71,F
29843,36667,Lakshmi Gowda,67,M
29844,36669,Pooja Iyengar,10,M
29845,36671,Fatima Reddy,35,F
29846,36673,Yashwanth Shetty,63,M
29848,36675,Yashwanth Nayak,62,F
29850,36677,Lakshmi Kulkarni,69,F
29851,36679,Nagaraj Bhat,40,F
29854,36681,Imran Rao,46,M
29855,36683,Rekha Naik,17,F
29857,36687,Imran Kumar,61,M
29858,36687,Chetan Shetty,30,F
29859,36691,Ashwini Rao,39,M
29861,36693,Imran Reddy,5,F
29862,36693,Anitha Gowda,22,F
29864,36695,Prakash Naik,14,F
29867,36697,Suresh Shetty,25,F
29868,36697,Imran Rao,35,M
29870,36699,Girish Patil,40,M
29871,36699,Ashwini Gowda,51,M
29872,36701,Fatima Kumar,10,F
29875,36703,Fatima Patil,26,F
29877,36705,Joseph Nayak,54,M
29879,36707,Yashwanth Rao,30,F
29881,36713,Fatima Rao,71,F
29882,36717,Prakash Iyengar,64,F
29883,36719,Nagaraj Murthy,31,F
29889,36727,Kiran Hegde,10,M
29890,36729,Rekha Kumar,6,F
29895,36737,Ravi Murthy,63,F
29897,36739,Basavaraj Hegde,53,M
29899,36741,Anitha Kumar,55,M
29903,36747,Ravi Reddy,30,F
29904,36747,Suresh Nayak,55,M
29910,36753,Imran Shetty,67,F
29912,36755,Rekha Naik,39,M
29914,36757,Suresh Kulkarni,61,M
29917,36759,Manjunath Kulkarni,16,F
29918,36761,Shivakumar Reddy,11,F
29919,36761,Nagaraj Shetty,36,M
29921,36763,Manjunath Shetty,30,M
29923,36765,Manjunath Shetty,37,F
29926,36769,Manjunath Patil,26,M
29927,36769,Deepak Rao,50,F
29928,36771,Kiran Rao,45,M
29929,36773,Nagaraj Reddy,17,F
29930,36775,Nagaraj Kumar,9,M
29932,36779,Pooja Shetty,65,F
29934,36781,Nagaraj Shetty,59,F
29938,36789,Lakshmi Nayak,37,F
29939,36791,Imran Kulkarni,61,F
29942,36797,Joseph Desai,48,F
29943,36797,Ashwini Patil,48,F
29944,36799,Prakash Rao,74,M
29946,36805,Mary Shetty,72,F
29948,36807,Vinutha Bhat,24,F
29949,36809,Mary Nayak,55,F
29950,36809,Pooja Murthy,12,M
29952,36813,Kiran Prasad,43,M
29953,36815,Basavaraj Kulkarni,50,F
29954,36815,Deepak Nayak,63,M
29955,36817,Pooja Desai,17,F
29957,36821,Shivakumar Nayak,33,F
29958,36823,Ravi Murthy,60,M
29959,36823,Manjunath Shetty,52,F
29962,36825,Chetan Hegde,24,F
29963,36827,Ravi Shetty,25,F
29964,36829,Mary Reddy,45,M
29965,36831,Girish Hegde,25,M
29968,36835,Kiran Rao,25,M
29969,36837,Ashwini Hegde,32,M
29970,36839,Manjunath Shetty,23,M
29971,36843,Prakash Prasad,5,F
29972,36845,Mary Kumar,46,F
29973,36847,Pooja Hegde,42,F
29974,36849,Girish Bhat,50,F
29975,36849,Ravi Nayak,43,F
29976,36851,Vinutha Iyengar,28,F
29978,36853,Mary Iyengar,29,F
29979,36855,Deepak Kulkarni,56,M
29980,36855,Imran Naik,18,M
29982,36857,Imran Kulkarni,5,F
29983,36859,Deepak Reddy,23,F
29986,36861,Manjunath Desai,66,F
29988,36863,Basavaraj Murthy,65,F
29989,36865,Manjunath Naik,12,M
29992,36871,Imran Kumar,49,F
29995,36877,Basavaraj Bhat,63,F
29998,36879,Rekha Murthy,9,M
30001,36881,Anitha Bhat,47,M
30002,36883,Shivakumar Kumar,35,F
30003,36883,Lakshmi Prasad,24,F
30005,36885,Ravi Nayak,57,M
30008,36893,Basavaraj Prasad,36,F
30009,36897,Suresh Prasad,42,F
30011,36901,Girish Naik,44,F
30014,36903,Joseph Shetty,55,F
30015,36905,Deepak Rao,5,M
30017,36907,Nagaraj Shetty,5,M
30018,36911,Mary Hegde,58,F
30021,36917,Suresh Bhat,63,F
30022,36917,Anitha Iyengar,33,M
30023,36919,Ashwini Rao,37,F
30025,36921,Manjunath Kumar,67,M
30026,36923,Yashwanth Bhat,44,F
30028,36925,Yashwanth Prasad,37,F
30030,36927,Fatima Kumar,48,F
30035,36935,Manjunath Shetty,49,F
30036,36937,Ravi Rao,75,M
30037,36937,Manjunath Patil,54,M
30040,36939,Ashwini Iyengar,47,F
30042,36941,Chetan Naik,29,F
30043,36941,Basavaraj Naik,49,F
30046,36943,Prakash Bhat,70,M
30047,36945,Girish Desai,20,M
30049,36949,Suresh Rao,14,M
30051,36953,Deepak Rao,39,F
30052,36955,Imran Reddy,52,M
30055,36963,Mary Desai,23,F
30058,36965,Kiran Kumar,49,M
30059,36965,Deepak Murthy,24,F
30060,36967,Pooja Reddy,6,M
30061,36973,Yashwanth Reddy,69,M
30062,36973,Yashwanth Murthy,66,F
30063,36975,Yashwanth Prasad,31,F
30066,36979,Imran Rao,27,F
30067,36979,Mary Murthy,12,M
30068,36981,Deepak Reddy,21,M
30070,36983,Yashwanth Gowda,30,F
30071,36985,Yashwanth Naik,45,F
30073,36989,Kiran Iyengar,21,F
30074,36989,Imran Iyengar,29,F
30075,36991,Chetan Prasad,47,M
30076,36991,Vinutha Hegde,10,F
30078,36993,Fatima Reddy,21,F
30080,36995,Nagaraj Kumar,75,M
30081,36995,Shivakumar Naik,34,M
30083,36997,Lakshmi Kulkarni,13,M
30085,36999,Chetan Hegde,60,F
30086,37001,Pooja Reddy,35,F
30089,37003,Nagaraj Reddy,57,F
30090,37003,Ashwini Hegde,51,M
30091,37007,Pooja Naik,17,F
30092,37007,Pooja Iyengar,11,F
30094,37009,Mary Iyengar,25,M
30096,37011,Nagaraj Iyengar,50,F
30098,37013,Yashwanth Naik,19,F
30100,37015,Vinutha Nayak,54,F
30101,37021,Rekha Naik,34,F
30104,37023,Ashwini Hegde,59,M
30105,37025,Vinutha Prasad,38,M
30106,37025,Rekha Bhat,22,M
30107,37027,Nagaraj Naik,70,M
30109,37029,Bhavana Bhat,51,M
30115,37037,Kiran Naik,28,M
30117,37041,Deepak Kulkarni,37,M
30118,37041,Nagaraj Nayak,41,F
30121,37045,Vinutha Desai,38,M
30123,37047,Joseph Nayak,48,M
30124,37047,Suresh Gowda,61,F
30125,37049,Kiran Hegde,50,M
30126,37049,Kiran Nayak,58,M
30127,37051,Fatima Reddy,12,F
30129,37053,Prakash Gowda,39,M
30132,37055,Shivakumar Hegde,53,M
30133,37057,Ravi Rao,40,M
30135,37059,Girish Hegde,13,M
30137,37061,Rekha Naik,34,F
30140,37063,Shivakumar Patil,66,F
30143,37065,Chetan Bhat,30,M
30144,37065,Lakshmi Bhat,13,M
30146,37067,Joseph Gowda,64,F
30148,37071,Deepak Gowda,49,M
30149,37071,Pooja Desai,25,F
30151,37073,Ashwini Naik,54,F
30152,37075,Ravi Hegde,44,F
30154,37077,Manjunath Hegde,45,M
30156,37079,Ravi Iyengar,56,M
30157,37079,Ravi Kumar,6,F
30159,37081,Shivakumar Desai,5,F
30160,37081,Joseph Patil,23,M
30162,37085,Mary Naik,18,F
30163,37085,Nagaraj Gowda,48,F
30166,37087,Ravi Bhat,23,M
30169,37089,Joseph Bhat,18,M
30172,37095,Prakash Murthy,23,M
30173,37095,Shivakumar Desai,69,M
30176,37097,Suresh Naik,7,F
30178,37099,Rekha Naik,42,F
30179,37099,Imran Naik,26,F
30181,37101,Vinutha Iyengar,75,M
30182,37101,Joseph Rao,11,M
30185,37103,Prakash Murthy,74,F
30189,37107,Manjunath Hegde,65,F
30190,37107,Kiran Nayak,70,F
30192,37109,Yashwanth Nayak,64,F
30193,37109,Kiran Gowda,75,F
30194,37111,Ravi Shetty,42,F
30196,37113,Prakash Prasad,72,M
30198,37115,Vinutha Reddy,35,F
30201,37119,Basavaraj Nayak,48,F
30202,37123,Nagaraj Naik,65,F
30204,37125,Pooja Kulkarni,65,M
30205,37125,Suresh Kumar,56,F
30206,37127,Ravi Reddy,22,M
30209,37129,Nagaraj Desai,67,M
30214,37135,Ashwini Prasad,49,F
30215,37135,Basavaraj Desai,70,F
30218,37139,Joseph Bhat,69,F
30219,37139,Vinutha Gowda,7,M
30220,37141,Pooja Nayak,58,M
30221,37141,Deepak Kulkarni,16,F
30223,37143,Girish Nayak,19,F
30224,37143,Prakash Gowda,67,M
30227,37145,Kiran Reddy,32,F
30229,37147,Ravi Desai,12,F
30231,37151,Ashwini Prasad,22,M
30233,37153,Bhavana Patil,61,M
30235,37155,Bhavana Naik,30,F
30236,37155,Mary Iyengar,17,M
30239,37161,Ravi Naik,46,F
30240,37165,Yashwanth Rao,59,F
30241,37167,Pooja Prasad,54,F
30243,37169,Suresh Bhat,6,M
30244,37169,Prakash Hegde,61,F
30245,37171,Imran Murthy,56,F
30246,37171,Deepak Shetty,35,M
30248,37177,Lakshmi Prasad,6,F
30250,37179,Prakash Kulkarni,52,F
30252,37181,Imran Naik,53,F
30254,37183,Prakash Naik,53,F
30257,37185,Deepak Kulkarni,75,F
30262,37189,Rekha Patil,66,F
30267,37199,Girish Kumar,9,F
30270,37203,Nagaraj Patil,38,F
30272,37207,Pooja Bhat,40,M
30273,37207,Deepak Reddy,51,M
30275,37209,Prakash Patil,42,M
30276,37211,Manjunath Nayak,61,M
30277,37213,Ashwini Reddy,75,F
30278,37213,Suresh Bhat,61,M
30281,37215,Prakash Nayak,23,M
30282,37215,Girish Shetty,58,M
30283,37217,Pooja Desai,17,M
30286,37219,Vinutha Nayak,60,F
30287,37219,Yashwanth Kumar,72,F
30289,37221,Anitha Hegde,20,F
30291,37223,Deepak Shetty,5,F
30293,37225,Basavaraj Gowda,42,M
30294,37227,Nagaraj Kulkarni,36,F
30296,37229,Ashwini Prasad,17,M
30297,37229,Ravi Hegde,44,M
30298,37231,Kiran Kumar,24,M
30300,37233,Vinutha Murthy,5,M
30302,37235,Ashwini Bhat,43,M
30304,37237,Prakash Desai,9,M
30306,37241,Nagaraj Patil,5,M
30308,37243,Deepak Hegde,56,F
30309,37243,Lakshmi Patil,73,F
30310,37245,Lakshmi Iyengar,61,F
30313,37249,Shivakumar Shetty,38,F
30316,37253,Lakshmi Desai,19,M
30317,37255,Rekha Prasad,53,M
30320,37259,Deepak Bhat,45,M
30321,37261,Imran Reddy,10,M
30324,37263,Yashwanth Patil,71,M
30325,37263,Imran Rao,14,M
30327,37265,Bhavana Reddy,56,M
30328,37267,Lakshmi Murthy,18,M
30329,37269,Prakash Gowda,15,M
30330,37273,Suresh Naik,75,F
30331,37273,Fatima Nayak,45,M
30334,37275,Pooja Kulkarni,46,M
30335,37277,Yashwanth Patil,28,F
30338,37281,Ashwini Reddy,43,F
30343,37287,Manjunath Iyengar,20,M
30347,37293,Chetan Nayak,71,F
30349,37295,Mary Patil,21,M
30351,37299,Ravi Murthy,67,F
30353,37301,Fatima Hegde,59,F
30356,37303,Prakash Hegde,18,M
30359,37305,Suresh Murthy,34,M
30360,37305,Imran Reddy,22,M
30362,37307,Joseph Patil,23,F
30363,37307,Prakash Kulkarni,29,F
30365,37309,Prakash Iyengar,31,M
30366,37309,Basavaraj Shetty,15,F
30367,37311,Girish Shetty,28,M
30369,37313,Suresh Naik,14,F
30370,37313,Mary Rao,12,F
30373,37315,Deepak Murthy,58,M
30374,37315,Lakshmi Murthy,68,F
30377,37317,Manjunath Reddy,27,M
30380,37319,Kiran Patil,55,M
30382,37321,Girish Hegde,50,M
30384,37323,Lakshmi Rao,17,M
30385,37323,Ashwini Kulkarni,69,F
30386,37325,Joseph Shetty,70,M
30389,37327,Pooja Iyengar,39,F
30391,37329,Anitha Gowda,7,F
30392,37329,Fatima Shetty,45,F
30396,37339,Pooja Desai,14,F
30397,37341,Anitha Prasad,59,M
30398,37341,Chetan Kulkarni,14,F
30399,37345,Prakash Murthy,46,F
30400,37345,Pooja Murthy,58,F
30403,37351,Chetan Murthy,57,F
30406,37353,Manjunath Nayak,46,M
30407,37353,Lakshmi Patil,50,M
30409,37355,Ravi Kumar,56,M
30412,37357,Nagaraj Kumar,15,M
30414,37359,Ashwini Iyengar,43,F
30419,37367,Deepak Bhat,67,F
30421,37369,Nagaraj Naik,68,M
30422,37369,Bhavana Naik,42,M
30423,37371,Anitha Murthy,62,F
30425,37377,Lakshmi Bhat,30,M
30427,37379,Mary Naik,66,F
30430,37383,Fatima Iyengar,64,F
30434,37387,Deepak Gowda,43,M
30435,37387,Manjunath Desai,43,M
30437,37389,Shivakumar Desai,57,M
30440,37391,Fatima Kumar,52,M
30443,37393,Prakash Gowda,59,M
30444,37395,Mary Nayak,64,M
30445,37395,Kiran Gowda,9,M
30447,37399,Vinutha Kumar,34,F
30448,37399,Bhavana Naik,46,F
30451,37403,Pooja Bhat,75,F
30452,37403,Lakshmi Patil,42,M
30455,37407,Anitha Nayak,16,M
30456,37409,Vinutha Shetty,56,F
30458,37413,Rekha Rao,28,M
30462,37417,Vinutha Desai,6,F
30465,37419,Girish Murthy,50,F
30466,37421,Kiran Kumar,24,F
30467,37423,Rekha Bhat,5,F
30470,37425,Rekha Murthy,10,F
30472,37427,Lakshmi Gowda,14,M
30473,37429,Pooja Patil,45,F
30475,37433,Vinutha Bhat,58,M
30479,37441,Nagaraj Patil,16,F
30480,37441,Nagaraj Naik,37,F
30483,37445,Anitha Shetty,65,F
30484,37447,Deepak Shetty,18,M
30486,37449,Deepak Kulkarni,15,F
30487,37451,Girish Naik,54,F
30489,37453,Vinutha Bhat,40,M
30490,37453,Kiran Hegde,14,F
30491,37455,Rekha Nayak,22,M
30493,37457,Nagaraj Reddy,62,M
30496,37459,Suresh Hegde,74,M
30498,37461,Nagaraj Patil,35,F
30500,37463,Lakshmi Iyengar,35,M
30502,37465,Prakash Naik,71,M
30505,37467,Basavaraj Hegde,45,F
30506,37467,Nagaraj Shetty,51,F
30508,37471,Rekha Prasad,38,F
30511,37475,Rekha Prasad,68,F
30513,37479,Rekha Kumar,53,F
30514,37481,Vinutha Nayak,52,F
30516,37489,Lakshmi Reddy,20,M
30517,37489,Kiran Bhat,7,M
30519,37491,Chetan Naik,43,M
30520,37491,Kiran Desai,9,F
30521,37493,Vinutha Patil,7,F
30524,37497,Ashwini Desai,33,F
30525,37497,Fatima Bhat,41,M
30529,37501,Ashwini Patil,6,M
30530,37501,Joseph Kulkarni,37,F
30533,37503,Rekha Prasad,73,F
30535,37505,Girish Hegde,28,M
30536,37509,Deepak Kulkarni,24,F
30538,37515,Lakshmi Iyengar,30,M
30539,37519,Nagaraj Kumar,56,F
30541,37521,Yashwanth Kulkarni,8,F
30544,37525,Pooja Iyengar,59,M
30545,37525,Rekha Reddy,75,F
30546,37527,Prakash Shetty,13,M
30547,37527,Chetan Kulkarni,47,M
30548,37529,Shivakumar Nayak,13,M
30551,37533,Mary Murthy,46,M
30553,37535,Pooja Hegde,32,M
30555,37537,Ravi Kumar,16,F
30556,37537,Anitha Kumar,29,M
30557,37539,Pooja Desai,33,M
30558,37539,Ravi Rao,20,M
30560,37541,Pooja Kulkarni,67,F
30563,37543,Chetan Rao,44,M
30567,37549,Ashwini Desai,49,F
30568,37549,Kiran Desai,35,M
30570,37551,Suresh Shetty,31,F
30571,37551,Bhavana Bhat,47,F
30573,37553,Deepak Naik,27,M
30577,37561,Nagaraj Reddy,71,M
30578,37561,Vinutha Gowda,35,M
30581,37563,Yashwanth Hegde,39,F
30586,37573,Chetan Kumar,21,M
30587,37573,Deepak Desai,72,M
30588,37575,Mary Shetty,52,M
30590,37577,Ravi Prasad,21,M
30591,37579,Joseph Kumar,58,M
30592,37579,Girish Shetty,70,F
30595,37581,Imran Iyengar,59,M
30596,37581,Shivakumar Desai,12,M
30598,37583,Rekha Gowda,53,M
30599,37585,Manjunath Nayak,42,M
30600,37585,Yashwanth Prasad,51,F
30602,37587,Lakshmi Kulkarni,52,M
30604,37589,Vinutha Kumar,18,F
30607,37593,Rekha Reddy,58,M
30608,37595,Deepak Bhat,12,M
30610,37599,Prakash Gowda,13,F
30619,37609,Anitha Murthy,8,F
30622,37613,Deepak Shetty,14,F
30627,37619,Kiran Gowda,35,F
30630,37621,Vinutha Rao,16,F
30632,37623,Ravi Prasad,69,F
30633,37623,Imran Bhat,54,M
30635,37625,Lakshmi Kulkarni,51,F
30639,37631,Yashwanth Naik,41,F
30640,37631,Bhavana Bhat,9,M
30642,37633,Basavaraj Prasad,60,M
30644,37635,Pooja Gowda,24,M
30645,37637,Joseph Nayak,66,F
30647,37639,Anitha Prasad,57,M
30648,37639,Mary Shetty,58,M
30651,37641,Shivakumar Reddy,59,F
30653,37643,Yashwanth Nayak,57,F
30654,37643,Mary Gowda,42,M
30656,37645,Basavaraj Kulkarni,49,F
30657,37647,Kiran Shetty,40,M
30658,37649,Pooja Hegde,15,M
30659,37649,Girish Bhat,60,M
30660,37651,Yashwanth Desai,19,M
30662,37653,Prakash Shetty,44,F
30663,37653,Chetan Prasad,6,F
30666,37657,Deepak Patil,37,F
30668,37659,Chetan Iyengar,67,F
30669,37659,Ashwini Gowda,6,F
30671,37661,Girish Iyengar,8,F
30673,37663,Kiran Iyengar,27,F
30674,37665,Chetan Naik,39,F
30675,37667,Imran Murthy,49,F
30677,37671,Imran Kumar,31,F
30679,37673,Chetan Kumar,25,M
30682,37675,Manjunath Gowda,53,M
30684,37677,Chetan Kumar,15,F
30685,37679,Anitha Reddy,31,M
30687,37683,Joseph Bhat,43,F
30689,37685,Basavaraj Prasad,57,F
30690,37685,Rekha Bhat,59,M
30691,37687,Fatima Iyengar,69,F
30693,37689,Manjunath Shetty,64,M
30694,37691,Kiran Gowda,49,M
30695,37691,Deepak Prasad,23,M
30696,37693,Yashwanth Bhat,16,F
30698,37695,Suresh Desai,67,M
30699,37695,Anitha Kulkarni,37,F
30700,37697,Manjunath Prasad,36,M
30705,37703,Deepak Bhat,15,F
30706,37703,Prakash Kumar,35,F
30707,37707,Deepak Nayak,61,M
30709,37709,Bhavana Naik,35,F
30710,37709,Kiran Reddy,33,F
30712,37713,Deepak Kulkarni,20,F
30713,37715,Joseph Patil,25,M
30715,37717,Girish Shetty,74,M
30718,37719,Anitha Prasad,47,M
30719,37721,Suresh Hegde,40,M
30720,37723,Shivakumar Rao,34,M
30721,37723,Fatima Iyengar,18,M
30727,37729,Vinutha Shetty,26,F
30729,37731,Shivakumar Shetty,6,F
30730,37733,Lakshmi Reddy,22,M
30739,37745,Nagaraj Reddy,34,F
30741,37751,Kiran Rao,8,F
30743,37755,Joseph Naik,75,M
30746,37757,Ravi Shetty,47,F
30749,37763,Bhavana Patil,66,M
30751,37765,Manjunath Murthy,46,F
30752,37767,Fatima Reddy,37,M
30754,37769,Chetan Murthy,6,F
30757,37771,Yashwanth Kumar,36,M
30759,37773,Kiran Rao,22,M
30761,37777,Chetan Bhat,15,F
30762,37781,Imran Kumar,35,M
30766,37789,Bhavana Nayak,8,M
30768,37791,Imran Desai,50,M
30769,37791,Yashwanth Gowda,48,M
30772,37795,Ashwini Hegde,34,F
30774,37797,Bhavana Hegde,18,F
30777,37803,Prakash Desai,68,F
30778,37803,Girish Reddy,26,M
30780,37807,Nagaraj Desai,22,F
30781,37807,Rekha Nayak,29,M
30783,37809,Vinutha Rao,38,F
30784,37809,Mary Reddy,72,M
30785,37811,Lakshmi Desai,11,F
30788,37819,Manjunath Gowda,43,M
30789,37823,Nagaraj Bhat,42,M
30791,37825,Lakshmi Desai,57,M
30792,37827,Yashwanth Patil,27,M
30795,37829,Prakash Prasad,23,F
30796,37831,Prakash Kulkarni,50,F
30799,37839,Yashwanth Naik,56,M
30802,37843,Imran Naik,23,M
30803,37843,Imran Desai,47,F
30809,37855,Joseph Nayak,40,M
30811,37857,Mary Kulkarni,7,M
30814,37861,Deepak Rao,47,F
30815,37863,Bhavana Naik,66,M
30817,37865,Ravi Bhat,15,M
30819,37867,Pooja Prasad,69,M
30821,37871,Pooja Kulkarni,60,F
30823,37873,Basavaraj Murthy,67,F
30824,37873,Yashwanth Kulkarni,47,M
30830,37879,Vinutha Kulkarni,18,M
30831,37881,Shivakumar Desai,64,F
30833,37885,Anitha Patil,52,M
30834,37885,Lakshmi Nayak,23,F
30837,37889,Imran Murthy,47,M
30840,37895,Nagaraj Murthy,66,M
30841,37899,Vinutha Desai,14,M
30843,37901,Deepak Murthy,49,F
30845,37903,Suresh Shetty,37,M
30846,37905,Ashwini Bhat,8,F
30848,37907,Imran Patil,73,F
30850,37909,Yashwanth Nayak,23,F
30853,37913,Nagaraj Shetty,66,M
30855,37915,Vinutha Kulkarni,29,F
30856,37917,Anitha Desai,64,F
30857,37917,Pooja Iyengar,7,M
30859,37919,Girish Kumar,69,M
30861,37923,Ashwini Reddy,71,M
30863,37925,Rekha Bhat,65,F
30864,37925,Girish Nayak,10,F
30867,37927,Prakash Gowda,39,F
30869,37929,Yashwanth Murthy,32,F
30871,37931,Fatima Kumar,50,F
30872,37933,Pooja Reddy,67,M
30873,37933,Anitha Shetty,10,F
30874,37937,Prakash Prasad,51,M
30876,37939,Ravi Patil,43,F
30877,37939,Nagaraj Rao,8,F
30879,37941,Kiran Bhat,40,F
30880,37943,Anitha Kulkarni,28,F
30883,37947,Kiran Nayak,22,M
30885,37949,Joseph Kulkarni,63,F
30886,37949,Bhavana Iyengar,14,F
30889,37951,Kiran Kumar,61,F
30891,37953,Ravi Murthy,13,F
30893,37955,Pooja Rao,6,F
30896,37959,Girish Gowda,7,F
30901,37965,Girish Murthy,31,F
30904,37969,Rekha Kulkarni,56,F
30906,37973,Shivakumar Patil,58,M
30908,37975,Basavaraj Nayak,5,F
30910,37977,Basavaraj Hegde,24,M
30912,37979,Chetan Reddy,58,M
30913,37979,Vinutha Reddy,5,F
30915,37981,Rekha Kulkarni,75,M
30917,37983,Ashwini Bhat,23,M
30919,37985,Nagaraj Naik,14,M
30920,37985,Deepak Hegde,74,M
30924,37989,Suresh Desai,16,F
30926,37991,Mary Iyengar,59,F
30930,37995,Basavaraj Reddy,25,F
30932,37997,Mary Iyengar,55,M
30934,37999,Manjunath Rao,36,F
30935,38001,Bhavana Prasad,23,M
30937,38003,Vinutha Iyengar,28,F
30939,38005,Girish Gowda,50,M
30941,38007,Prakash Desai,13,M
30944,38011,Ashwini Kulkarni,39,F
30948,38015,Ravi Murthy,48,M
30950,38017,Deepak Rao,33,F
30951,38017,Rekha Naik,28,F
30953,38023,Rekha Murthy,43,M
30954,38025,Yashwanth Naik,53,F
30955,38027,Rekha Reddy,75,F
30956,38029,Pooja Hegde,16,F
30958,38031,Shivakumar Reddy,75,F
30962,38037,Ashwini Gowda,65,M
30964,38039,Yashwanth Patil,44,F
30965,38039,Fatima Nayak,14,F
30967,38043,Shivakumar Hegde,34,F
30968,38043,Basavaraj Nayak,21,F
30969,38045,Imran Desai,6,M
30970,38045,Pooja Gowda,23,M
30973,38051,Rekha Shetty,59,F
30975,38053,Bhavana Prasad,39,M
30977,38057,Shivakumar Prasad,75,F
30979,38059,Shivakumar Nayak,36,M
30980,38059,Imran Patil,9,M
30983,38063,Shivakumar Reddy,47,M
30985,38065,Anitha Hegde,38,M
30987,38067,Suresh Kumar,69,M
30993,38075,Deepak Patil,68,M
30994,38077,Vinutha Naik,52,M
30996,38079,Kiran Nayak,50,F
30997,38079,Kiran Kumar,20,M
31000,38083,Chetan Desai,15,M
31001,38083,Manjunath Hegde,40,F
31003,38085,Ravi Prasad,68,F
31005,38089,Basavaraj Patil,58,M
31007,38091,Nagaraj Kumar,67,M
31008,38093,Chetan Desai,49,F
31010,38095,Chetan Bhat,10,F
31013,38103,Chetan Naik,47,F
31016,38109,Shivakumar Patil,11,M
31017,38109,Girish Kumar,35,F
31020,38111,Deepak Desai,56,F
31021,38113,Vinutha Nayak,59,F
31022,38113,Fatima Iyengar,17,M
31027,38119,Fatima Bhat,36,M
31033,38127,Suresh Nayak,69,F
31035,38133,Girish Bhat,66,M
31036,38135,Basavaraj Desai,63,F
31037,38137,Kiran Hegde,5,M
31039,38139,Pooja Hegde,49,F
31041,38143,Joseph Kumar,65,F
31042,38143,Basavaraj Hegde,63,M
31044,38147,Basavaraj Murthy,21,M
31046,38149,Girish Kulkarni,18,F
31048,38151,Bhavana Gowda,53,M
31051,38155,Vinutha Prasad,14,F
31053,38157,Girish Nayak,70,M
31055,38159,Ashwini Kumar,62,F
31057,38161,Fatima Naik,75,F
31058,38163,Imran Bhat,39,F
31059,38165,Basavaraj Iyengar,75,F
31061,38167,Bhavana Nayak,27,M
31062,38169,Basavaraj Kulkarni,11,M
31064,38171,Yashwanth Nayak,7,F
31065,38171,Mary Reddy,47,M
31067,38173,Joseph Murthy,28,M
31068,38177,Ashwini Shetty,42,M
31070,38179,Shivakumar Iyengar,41,M
31073,38183,Imran Gowda,28,M
31075,38185,Joseph Bhat,42,F
31077,38187,Nagaraj Rao,52,F
31078,38187,Imran Bhat,9,M
31079,38189,Joseph Hegde,66,F
31081,38193,Fatima Nayak,61,F
31083,38195,Kiran Murthy,63,M
31086,38197,Yashwanth Bhat,10,M
31088,38201,Fatima Prasad,23,F
31090,38205,Bhavana Desai,12,M
31094,38209,Imran Prasad,65,F
31096,38211,Suresh Kumar,46,F
31098,38213,Deepak Kumar,38,F
31099,38213,Yashwanth Patil,30,F
31101,38215,Bhavana Desai,27,F
31103,38221,Fatima Bhat,20,F
31104,38223,Bhavana Gowda,19,F
31106,38227,Joseph Bhat,44,F
31107,38227,Shivakumar Murthy,62,F
31110,38229,Bhavana Desai,56,F
31112,38231,Suresh Kumar,55,M
31115,38239,Joseph Rao,35,F
31116,38241,Vinutha Murthy,31,M
31117,38243,Vinutha Nayak,28,F
31120,38245,Rekha Hegde,35,M
31121,38245,Chetan Murthy,54,F
31123,38247,Fatima Naik,43,M
31124,38251,Deepak Desai,11,M
31126,38253,Suresh Naik,54,F
31127,38255,Fatima Nayak,57,M
31130,38259,Lakshmi Shetty,41,M
31133,38265,Deepak Patil,13,M
31134,38265,Suresh Rao,43,M
31136,38267,Bhavana Murthy,33,F
31137,38267,Vinutha Desai,43,M
31139,38269,Kiran Hegde,72,F
31140,38269,Girish Murthy,53,M
31141,38273,Chetan Naik,73,F
31143,38277,Yashwanth Rao,44,F
31144,38277,Kiran Rao,31,F
31145,38279,Shivakumar Kulkarni,74,F
31148,38283,Vinutha Patil,12,M
31150,38285,Girish Murthy,12,M
31154,38289,Lakshmi Gowda,71,F
31157,38291,Imran Nayak,66,F
31160,38295,Suresh Hegde,49,F
31161,38297,Manjunath Kumar,29,F
31162,38299,Nagaraj Kulkarni,50,F
31164,38301,Deepak Prasad,56,F
31165,38303,Ashwini Hegde,45,M
31168,38305,Kiran Nayak,24,F
31170,38309,Ravi Iyengar,13,F
31171,38311,Imran Reddy,72,F
31175,38317,Bhavana Bhat,66,F
31178,38319,Mary Desai,48,F
31180,38321,Fatima Shetty,23,M
31182,38325,Deepak Rao,26,F
31183,38327,Basavaraj Patil,54,M
31187,38335,Ravi Desai,40,M
31189,38339,Yashwanth Kulkarni,71,F
31191,38341,Ashwini Bhat,51,M
31193,38343,Joseph Gowda,22,F
31195,38347,Suresh Patil,61,F
31196,38347,Shivakumar Patil,9,M
31200,38351,Lakshmi Kumar,20,M
31201,38351,Prakash Kulkarni,52,M
31203,38353,Ashwini Iyengar,40,F
31204,38355,Basavaraj Kulkarni,69,M
31206,38357,Manjunath Nayak,20,F
31208,38359,Shivakumar Rao,31,F
31209,38359,Lakshmi Kumar,74,M
31211,38361,Joseph Gowda,19,M
31212,38363,Joseph Nayak,11,F
31213,38365,Chetan Murthy,61,F
31216,38369,Imran Nayak,14,F
31217,38369,Yashwanth Patil,69,F
31220,38373,Yashwanth Shetty,23,M
31221,38375,Kiran Iyengar,36,F
31223,38377,Vinutha Desai,32,M
31224,38377,Deepak Desai,44,F
31226,38381,Pooja Shetty,27,M
31229,38383,Vinutha Patil,62,M
31231,38385,Imran Reddy,32,M
31232,38387,Bhavana Reddy,22,F
31233,38387,Anitha Shetty,8,F
31234,38389,Ashwini Bhat,29,F
31235,38389,Ravi Nayak,42,M
31237,38391,Yashwanth Rao,53,M
31241,38403,Imran Nayak,8,M
31243,38407,Shivakumar Rao,36,F
31245,38409,Prakash Patil,46,M
31247,38413,Joseph Nayak,7,F
31250,38419,Anitha Gowda,56,F
31251,38419,Ashwini Prasad,48,F
31252,38421,Nagaraj Iyengar,55,M
31253,38423,Pooja Murthy,44,M
31254,38425,Kiran Naik,64,M
31256,38427,Mary Shetty,25,F
31257,38427,Ashwini Murthy,55,M
31259,38429,Chetan Shetty,66,F
31260,38431,Lakshmi Prasad,17,M
31261,38431,Nagaraj Naik,46,F
31262,38433,Ravi Naik,36,M
31263,38433,Basavaraj Bhat,43,F
31267,38437,Nagaraj Rao,17,M
31269,38439,Imran Naik,50,F
31272,38443,Lakshmi Reddy,9,M
31273,38443,Pooja Nayak,68,M
31275,38445,Joseph Bhat,44,M
31277,38447,Joseph Bhat,38,F
31279,38449,Girish Shetty,11,F
31280,38449,Basavaraj Rao,55,F
31283,38451,Ravi Shetty,25,M
31284,38453,Pooja Kumar,25,F
31287,38457,Ashwini Shetty,69,F
31289,38459,Prakash Kumar,29,F
31290,38461,Deepak Reddy,72,M
31292,38465,Manjunath Iyengar,40,M
31293,38467,Basavaraj Kumar,60,F
31294,38467,Kiran Kulkarni,38,M
31296,38469,Prakash Iyengar,43,F
31297,38471,Fatima Prasad,43,F
31300,38475,Manjunath Shetty,17,F
31301,38477,Imran Gowda,34,F
31302,38477,Imran Hegde,17,F
31303,38479,Yashwanth Murthy,48,F
31304,38481,Shivakumar Iyengar,46,M
31306,38485,Mary Naik,48,F
31308,38487,Imran Reddy,56,F
31310,38489,Prakash Nayak,63,F
31315,38493,Manjunath Hegde,5,F
31317,38495,Rekha Iyengar,68,F
31318,38499,Pooja Rao,43,F
31321,38503,Bhavana Bhat,33,F
31322,38505,Nagaraj Iyengar,45,M
31323,38505,Pooja Shetty,56,F
31328,38517,Deepak Naik,37,F
31330,38519,Chetan Nayak,17,F
31332,38525,Pooja Hegde,47,F
31334,38527,Pooja Desai,8,F
31335,38527,Anitha Kumar,56,M
31338,38531,Fatima Kulkarni,68,M
31340,38533,Shivakumar Desai,51,M
31341,38533,Joseph Gowda,73,M
31344,38537,Prakash Desai,8,F
31345,38539,Ashwini Patil,48,F
31349,38543,Girish Hegde,14,F
31350,38543,Suresh Shetty,29,F
31351,38545,Deepak Kumar,8,M
31352,38547,Pooja Iyengar,73,M
31354,38549,Manjunath Kumar,53,F
31356,38553,Shivakumar Shetty,55,M
31358,38555,Anitha Desai,58,F
31360,38559,Joseph Murthy,41,F
31361,38561,Prakash Bhat,75,M
31362,38561,Suresh Hegde,39,F
31364,38563,Deepak Desai,6,F
31366,38565,Ashwini Kulkarni,67,M
31367,38567,Vinutha Gowda,9,M
31368,38567,Girish Desai,44,F
31371,38569,Shivakumar Gowda,73,M
31372,38571,Girish Nayak,46,F
31373,38573,Anitha Kumar,42,M
31375,38577,Anitha Rao,55,M
31377,38581,Mary Iyengar,45,F
31380,38585,Manjunath Shetty,48,F
31382,38587,Shivakumar Reddy,57,M
31385,38591,Yashwanth Shetty,30,M
31387,38593,Nagaraj Kumar,16,F
31389,38595,Yashwanth Kulkarni,64,M
31391,38597,Ashwini Reddy,27,F
31392,38597,Anitha Shetty,35,F
31393,38599,Rekha Bhat,60,M
31395,38601,Basavaraj Prasad,52,M
31398,38603,Fatima Kulkarni,11,M
31400,38605,Lakshmi Hegde,9,M
31402,38607,Manjunath Patil,47,M
31403,38611,Anitha Naik,43,F
31404,38611,Yashwanth Kumar,58,M
31405,38613,Kiran Patil,40,M
31406,38613,Mary Patil,32,M
31409,38615,Anitha Desai,61,M
31415,38621,Rekha Iyengar,68,F
31416,38621,Anitha Kumar,32,F
31418,38623,Chetan Hegde,45,F
31420,38625,Manjunath Kulkarni,18,M
31421,38625,Nagaraj Shetty,12,M
31423,38627,Suresh Gowda,11,M
31425,38629,Mary Murthy,20,F
31427,38631,Joseph Murthy,16,M
31428,38633,Pooja Hegde,53,M
31430,38635,Lakshmi Desai,55,M
31433,38639,Vinutha Hegde,60,M
31434,38641,Mary Desai,69,F
31436,38643,Prakash Prasad,5,F
31439,38645,Fatima Murthy,35,M
31440,38647,Deepak Rao,45,M
31444,38651,Suresh Kumar,19,F
31447,38653,Ashwini Gowda,45,F
31448,38655,Chetan Patil,9,F
31449,38657,Anitha Reddy,10,M
31450,38659,Shivakumar Murthy,71,F
31451,38659,Lakshmi Bhat,70,M
31452,38661,Prakash Naik,23,M
31455,38663,Imran Prasad,72,M
31456,38663,Girish Hegde,75,F
31458,38665,Bhavana Shetty,28,F
31460,38667,Kiran Hegde,29,F
31462,38669,Bhavana Bhat,52,M
31465,38671,Bhavana Reddy,26,F
31466,38671,Anitha Reddy,13,F
31468,38673,Imran Rao,22,F
31470,38675,Bhavana Nayak,37,M
31471,38675,Mary Bhat,7,F
31473,38677,Lakshmi Iyengar,65,F
31474,38677,Deepak Kumar,25,F
31478,38683,Kiran Patil,52,F
31481,38685,Rekha Reddy,10,M
31483,38687,Vinutha Bhat,60,F
31487,38695,Ravi Iyengar,5,F
31489,38699,Anitha Desai,6,M
31490,38699,Nagaraj Kumar,70,M
31491,38701,Joseph Gowda,37,F
31492,38701,Bhavana Desai,56,F
31495,38703,Prakash Naik,21,F
31496,38703,Mary Iyengar,61,F
31498,38705,Pooja Gowda,42,M
31499,38707,Vinutha Patil,17,F
31501,38709,Fatima Murthy,7,F
31506,38713,Lakshmi Prasad,60,M
31508,38717,Mary Hegde,38,F
31509,38717,Anitha Kulkarni,64,F
31511,38719,Suresh Hegde,46,F
31513,38721,Rekha Murthy,68,F
31514,38723,Joseph Prasad,33,F
31515,38725,Bhavana Iyengar,21,F
31516,38725,Prakash Prasad,31,F
31517,38727,Joseph Murthy,25,F
31518,38729,Ravi Shetty,35,F
31519,38731,Imran Iyengar,29,M
31520,38731,Rekha Bhat,57,M
31522,38733,Bhavana Murthy,6,F
31524,38735,Joseph Murthy,23,M
31525,38735,Basavaraj Murthy,29,F
31526,38737,Chetan Bhat,21,F
31527,38739,Fatima Bhat,52,M
31529,38741,Anitha Naik,13,M
31531,38743,Rekha Shetty,72,F
31533,38745,Basavaraj Gowda,12,M
31534,38745,Ashwini Prasad,47,F
31535,38747,Mary Desai,42,F
31536,38749,Prakash Kumar,30,F
31539,38753,Kiran Iyengar,70,F
31540,38753,Ashwini Prasad,25,M
31544,38759,Pooja Iyengar,62,M
31546,38761,Prakash Rao,12,M
31550,38767,Yashwanth Prasad,53,M
31551,38769,Imran Rao,48,F
31552,38769,Ashwini Hegde,62,F
31554,38775,Ravi Hegde,55,M
31557,38781,Imran Desai,30,M
31560,38783,Mary Naik,32,F
31561,38785,Chetan Murthy,56,M
31564,38787,Ashwini Desai,50,M
31565,38789,Ravi Shetty,47,F
31568,38795,Vinutha Reddy,50,M
31569,38795,Girish Nayak,74,F
31574,38801,Basavaraj Hegde,24,M
31575,38803,Fatima Prasad,67,F
31577,38807,Basavaraj Naik,68,M
31578,38809,Lakshmi Nayak,24,M
31579,38811,Nagaraj Kulkarni,62,F
31580,38811,Mary Kulkarni,36,F
31581,38813,Vinutha Kumar,74,F
31582,38817,Rekha Naik,38,F
31585,38819,Lakshmi Shetty,36,F
31588,38823,Basavaraj Naik,32,M
31589,38823,Nagaraj Reddy,22,F
31590,38825,Girish Shetty,49,F
31591,38827,Joseph Kulkarni,42,M
31593,38829,Imran Gowda,28,F
31594,38829,Fatima Hegde,74,F
31597,38833,Bhavana Prasad,71,M
31599,38837,Ashwini Desai,23,M
31600,38837,Prakash Naik,26,M
31603,38841,Vinutha Kulkarni,55,M
31606,38843,Vinutha Naik,6,M
31608,38847,Basavaraj Gowda,18,F
31611,38849,Suresh Iyengar,17,F
31612,38849,Basavaraj Naik,68,F
31614,38851,Joseph Kumar,16,F
31615,38851,Manjunath Shetty,54,F
31617,38853,Girish Hegde,28,F
31620,38857,Joseph Rao,72,M
31622,38859,Vinutha Gowda,18,M
31623,38859,Deepak Hegde,71,F
31625,38863,Joseph Patil,18,M
31627,38865,Shivakumar Desai,64,M
31628,38865,Kiran Reddy,6,F
31632,38869,Kiran Murthy,9,F
31634,38871,Vinutha Hegde,13,M
31635,38871,Suresh Nayak,19,M
31636,38873,Manjunath Gowda,30,M
31637,38875,Yashwanth Patil,34,F
31638,38875,Deepak Desai,31,M
31641,38877,Anitha Shetty,24,M
31643,38879,Shivakumar Naik,11,M
31646,38883,Deepak Hegde,61,F
31648,38885,Rekha Shetty,74,F
31652,38889,Anitha Gowda,38,M
31653,38889,Ravi Kumar,7,M
31655,38891,Mary Reddy,61,F
31656,38891,Shivakumar Patil,56,F
31659,38895,Imran Iyengar,36,F
31660,38895,Nagaraj Prasad,21,F
31667,38907,Basavaraj Desai,67,F
31669,38909,Vinutha Rao,13,F
31670,38909,Vinutha Rao,60,M
31673,38913,Basavaraj Gowda,5,M
31674,38913,Joseph Gowda,8,F
31677,38915,Girish Kulkarni,23,M
31679,38917,Lakshmi Reddy,42,M
31680,38919,Girish Iyengar,50,M
31682,38921,Yashwanth Naik,24,M
31685,38925,Manjunath Naik,63,M
31686,38927,Suresh Kumar,25,M
31687,38929,Joseph Naik,41,M
31688,38931,Vinutha Desai,66,F
31690,38933,Imran Reddy,8,M
31691,38933,Nagaraj Kumar,56,M
31694,38937,Prakash Rao,63,F
31695,38937,Chetan Murthy,48,M
31698,38941,Pooja Iyengar,16,M
31699,38941,Basavaraj Patil,52,M
31700,38945,Fatima Kulkarni,25,M
31703,38947,Shivakumar Kulkarni,56,F
31704,38949,Lakshmi Naik,12,M
31706,38951,Imran Iyengar,59,M
31707,38951,Yashwanth Gowda,18,F
31708,38953,Nagaraj Kumar,8,M
31710,38955,Rekha Patil,57,M
31712,38957,Chetan Shetty,23,M
31714,38959,Shivakumar Patil,59,F
31715,38963,Yashwanth Shetty,45,M
31718,38967,Chetan Bhat,17,F
31720,38969,Nagaraj Patil,28,F
31721,38971,Ashwini Naik,21,F
31722,38971,Manjunath Kumar,54,M
31724,38979,Vinutha Desai,39,F
31725,38979,Suresh Murthy,21,F
31727,38983,Manjunath Reddy,39,M
31729,38987,Anitha Murthy,40,F
31732,38989,Imran Desai,67,F
31733,38989,Deepak Shetty,7,F
31735,38991,Girish Naik,68,M
31736,38991,Pooja Prasad,29,M
31737,38995,Girish Kulkarni,14,F
31738,38997,Ashwini Patil,25,M
31740,38999,Chetan Desai,54,F
31742,39003,Kiran Hegde,73,M
31745,39005,Rekha Bhat,61,M
31746,39007,Nagaraj Kulkarni,65,F
31749,39009,Chetan Desai,43,M
31751,39011,Basavaraj Reddy,11,F
31752,39013,Anitha Kulkarni,50,M
31755,39019,Basavaraj Murthy,26,F
31756,39021,Pooja Rao,73,F
31759,39025,Pooja Nayak,74,F
31761,39027,Vinutha Naik,26,F
31763,39029,Pooja Rao,31,M
31765,39031,Basavaraj Rao,57,M
31766,39031,Pooja Iyengar,68,F
31767,39033,Prakash Naik,41,F
31769,39037,Nagaraj Gowda,9,M
31770,39039,Lakshmi Murthy,66,M
31771,39041,Pooja Kumar,57,F
31772,39043,Vinutha Kulkarni,61,M
31774,39045,Deepak Reddy,30,M
31777,39047,Vinutha Kulkarni,18,F
31781,39051,Yashwanth Reddy,56,F
31782,39053,Prakash Reddy,60,M
31784,39055,Yashwanth Bhat,47,F
31785,39057,Ashwini Murthy,13,M
31787,39059,Girish Kumar,10,F
31788,39061,Manjunath Murthy,60,F
31789,39063,Chetan Patil,53,M
31790,39063,Lakshmi Naik,29,F
31791,39065,Basavaraj Iyengar,22,F
31795,39071,Pooja Desai,53,M
31796,39073,Anitha Prasad,65,M
31797,39073,Bhavana Bhat,24,F
31800,39077,Bhavana Reddy,23,F
31802,39079,Basavaraj Murthy,14,F
31804,39081,Ravi Kulkarni,18,F
31806,39083,Anitha Patil,54,F
31808,39085,Anitha Naik,75,M
31811,39089,Joseph Prasad,53,M
31813,39091,Nagaraj Murthy,55,M
31814,39093,Yashwanth Hegde,72,F
31816,39095,Vinutha Desai,75,F
31817,39095,Joseph Iyengar,49,F
31819,39099,Fatima Kumar,66,F
31820,39101,Chetan Hegde,62,F
31822,39105,Suresh Naik,69,M
31824,39107,Deepak Reddy,12,F
31826,39109,Yashwanth Prasad,9,F
31827,39111,Manjunath Shetty,61,M
31831,39115,Anitha Bhat,56,F
31833,39117,Mary Rao,43,F
31836,39121,Basavaraj Iyengar,12,F
31841,39129,Mary Rao,45,F
31842,39133,Basavaraj Prasad,67,M
31843,39133,Rekha Hegde,65,F
31846,39137,Bhavana Patil,30,F
31849,39139,Fatima Desai,13,F
31852,39141,Lakshmi Reddy,38,M
31853,39141,Mary Patil,8,M
31855,39143,Nagaraj Patil,36,M
31857,39145,Lakshmi Naik,10,M
31859,39147,Fatima Rao,75,M
31860,39147,Shivakumar Rao,29,F
31863,39149,Deepak Patil,8,F
31864,39149,Basavaraj Kulkarni,46,F
31865,39151,Nagaraj Kulkarni,56,F
31867,39153,Shivakumar Kulkarni,22,M
31869,39159,Kiran Patil,31,F
31871,39161,Fatima Prasad,57,F
31872,39161,Deepak Kulkarni,15,M
31874,39163,Imran Nayak,32,M
31875,39163,Prakash Rao,14,F
31878,39167,Ashwini Murthy,29,M
31880,39169,Vinutha Reddy,59,F
31881,39169,Shivakumar Nayak,34,M
31882,39171,Suresh Shetty,38,M
31886,39175,Mary Hegde,68,M
31888,39177,Girish Gowda,27,M
31893,39187,Anitha Kulkarni,74,F
31895,39189,Pooja Hegde,56,M
31897,39191,Shivakumar Rao,16,M
31901,39195,Anitha Patil,51,M
31902,39197,Kiran Murthy,44,F
31903,39199,Anitha Kumar,50,F
31905,39201,Yashwanth Rao,19,F
31906,39201,Joseph Shetty,8,M
31908,39203,Bhavana Hegde,5,M
31909,39205,Ashwini Naik,52,M
31913,39209,Girish Hegde,9,F
31916,39211,Deepak Kumar,51,F
31917,39215,Deepak Shetty,74,F
31918,39215,Girish Shetty,12,F
31919,39217,Manjunath Reddy,60,M
31920,39217,Shivakumar Murthy,16,M
31922,39219,Yashwanth Hegde,59,F
31924,39221,Ashwini Shetty,25,M
31925,39221,Manjunath Iyengar,28,F
31928,39223,Basavaraj Patil,58,M
31929,39223,Anitha Bhat,52,F
31930,39225,Mary Reddy,66,M
31933,39227,Fatima Hegde,66,F
31934,39229,Nagaraj Hegde,31,M
31936,39233,Basavaraj Bhat,41,M
31939,39235,Ravi Bhat,68,M
31940,39235,Ravi Murthy,70,F
31942,39237,Ravi Reddy,58,M
31943,39237,Ravi Nayak,50,M
31947,39241,Manjunath Rao,33,M
31948,39241,Kiran Hegde,75,M
31951,39245,Vinutha Bhat,61,M
31953,39247,Ravi Nayak,68,F
31954,39247,Lakshmi Rao,44,F
31956,39249,Manjunath Naik,69,M
31957,39249,Imran Shetty,18,M
31959,39251,Vinutha Reddy,49,M
31961,39253,Kiran Naik,71,F
31962,39253,Joseph Murthy,64,M
31963,39255,Ashwini Kumar,50,M
31965,39257,Bhavana Kumar,6,M
31966,39259,Imran Shetty,43,F
31969,39261,Mary Prasad,34,F
31970,39261,Ravi Shetty,45,M
31971,39263,Imran Nayak,11,M
31972,39263,Anitha Kulkarni,18,F
31976,39267,Fatima Murthy,70,M
31977,39267,Pooja Patil,20,F
31980,39273,Suresh Nayak,21,M
31982,39275,Joseph Desai,49,F
31984,39277,Deepak Desai,33,F
31987,39281,Imran Shetty,63,M
31991,39285,Pooja Desai,26,M
31993,39287,Shivakumar Prasad,34,F
31995,39291,Shivakumar Kumar,43,F
31998,39293,Anitha Iyengar,20,M
32000,39295,Basavaraj Hegde,58,M
32004,39299,Joseph Hegde,62,F
32006,39303,Vinutha Prasad,14,M
32008,39305,Manjunath Murthy,14,F
32010,39307,Yashwanth Kumar,6,F
32013,39311,Manjunath Naik,75,F
32014,39313,Shivakumar Kumar,70,F
32016,39315,Fatima Nayak,63,F
32019,39319,Rekha Patil,44,F
32020,39319,Fatima Kulkarni,36,M
32021,39321,Chetan Shetty,16,F
32022,39321,Fatima Nayak,11,F
32023,39325,Shivakumar Rao,6,M
32025,39327,Rekha Kumar,12,F
32026,39329,Rekha Prasad,54,F
32027,39329,Ashwini Desai,13,F
32029,39331,Shivakumar Prasad,49,M
32030,39331,Ashwini Patil,75,F
32032,39333,Rekha Prasad,42,F
32033,39333,Yashwanth Prasad,40,F
32035,39335,Deepak Naik,31,F
32036,39335,Pooja Patil,41,F
32038,39339,Pooja Shetty,20,F
32039,39341,Lakshmi Iyengar,65,M
32040,39341,Yashwanth Bhat,68,F
32043,39345,Ravi Kulkarni,34,F
32045,39347,Pooja Desai,52,M
32046,39347,Chetan Kumar,42,M
32048,39349,Kiran Iyengar,69,F
32049,39349,Bhavana Kumar,21,F
32052,39353,Bhavana Murthy,25,M
32053,39353,Chetan Patil,67,M
32056,39355,Imran Naik,8,M
32057,39357,Pooja Desai,43,F
32058,39359,Ashwini Gowda,41,M
32060,39361,Kiran Prasad,49,F
32061,39363,Imran Prasad,52,M
32062,39363,Basavaraj Kumar,17,F
32064,39365,Ravi Hegde,65,M
32065,39365,Lakshmi Gowda,75,F
32067,39367,Fatima Gowda,18,F
32068,39367,Ashwini Kumar,12,M
32070,39369,Basavaraj Kumar,52,M
32073,39373,Suresh Kulkarni,53,F
32077,39377,Vinutha Naik,13,M
32079,39381,Lakshmi Shetty,59,M
32080,39383,Nagaraj Iyengar,27,F
32082,39385,Bhavana Kulkarni,46,F
32084,39389,Girish Patil,24,M
32086,39395,Kiran Murthy,30,M
32088,39399,Mary Prasad,10,F
32091,39401,Shivakumar Naik,9,F
32093,39403,Yashwanth Kulkarni,29,F
32094,39403,Ashwini Iyengar,10,M
32096,39407,Ravi Rao,64,F
32098,39411,Fatima Hegde,36,F
32099,39411,Ashwini Reddy,38,M
32100,39413,Lakshmi Iyengar,6,F
32101,39413,Suresh Desai,18,M
32103,39417,Nagaraj Desai,44,F
32106,39421,Vinutha Nayak,6,M
32108,39425,Fatima Hegde,63,M
32110,39429,Ravi Bhat,41,M
32111,39429,Imran Murthy,17,F
32113,39431,Anitha Reddy,74,F
32114,39431,Rekha Kulkarni,20,F
32116,39433,Vinutha Kulkarni,46,F
32118,39435,Fatima Gowda,12,F
32119,39435,Vinutha Reddy,70,F
32123,39439,Chetan Murthy,28,M
32126,39443,Pooja Hegde,32,F
32127,39443,Lakshmi Naik,68,F
32129,39449,Mary Gowda,11,M
32131,39453,Bhavana Prasad,49,F
32132,39453,Nagaraj Reddy,60,F
32134,39455,Nagaraj Gowda,75,F
32138,39459,Girish Bhat,7,F
32139,39461,Shivakumar Rao,6,F
32145,39471,Prakash Shetty,70,M
32146,39471,Chetan Nayak,70,M
32148,39475,Vinutha Desai,56,F
32150,39477,Lakshmi Kumar,67,F
32152,39479,Rekha Bhat,62,M
32154,39481,Imran Kumar,72,M
32155,39481,Anitha Murthy,10,M
32157,39483,Mary Rao,68,F
32158,39487,Yashwanth Desai,31,M
32159,39489,Yashwanth Naik,36,F
32160,39489,Basavaraj Kulkarni,5,F
32161,39491,Suresh Kumar,29,F
32163,39493,Suresh Kumar,19,F
32166,39499,Nagaraj Nayak,33,M
32168,39501,Fatima Reddy,46,F
32169,39501,Vinutha Bhat,45,F
32170,39503,Imran Kumar,68,F
32171,39505,Nagaraj Rao,73,M
32174,39509,Suresh Rao,12,F
32175,39511,Vinutha Reddy,27,M
32178,39517,Joseph Prasad,43,M
32183,39521,Ashwini Kulkarni,34,F
32185,39525,Joseph Prasad,48,F
32188,39529,Deepak Rao,33,F
32189,39529,Deepak Hegde,51,M
32191,39531,Girish Nayak,43,F
32192,39533,Bhavana Bhat,75,M
32194,39535,Mary Naik,28,F
32195,39535,Ravi Iyengar,61,F
32197,39537,Ashwini Nayak,32,F
32199,39539,Basavaraj Kumar,42,M
32200,39539,Yashwanth Iyengar,71,M
32202,39541,Nagaraj Patil,41,M
32204,39543,Suresh Hegde,57,M
32207,39545,Anitha Hegde,70,M
32208,39545,Imran Reddy,32,M
32215,39553,Lakshmi Desai,43,M
32217,39555,Suresh Hegde,26,F
32218,39555,Joseph Rao,33,M
32220,39557,Mary Hegde,36,M
32221,39559,Bhavana Rao,23,M
32222,39561,Deepak Kulkarni,27,M
32223,39561,Bhavana Shetty,65,M
32225,39563,Prakash Murthy,34,M
32228,39567,Ravi Nayak,28,M
32231,39569,Prakash Patil,9,F
32232,39569,Vinutha Prasad,25,M
32236,39573,Prakash Rao,9,M
32237,39573,Ravi Desai,23,M
32239,39575,Imran Murthy,11,F
32241,39577,Prakash Bhat,36,M